GEOID,tract_name,county,population,median_household_income,poverty_rate,renter_rate,no_vehicle_rate,multifamily_share,rent_burdened_share,svi_rpl_themes,svi_rpl_theme1,svi_rpl_theme2,svi_rpl_theme3,svi_rpl_theme4,doe_lead_energy_burden,doe_lead_electricity_energy_burden,doe_lead_gas_energy_burden,doe_lead_other_energy_burden,doe_lead_avg_annual_energy_cost,doe_lead_electricity_annual_energy_cost,doe_lead_gas_annual_energy_cost,doe_lead_other_annual_energy_cost,doe_lead_total_households,doe_lead_household_income,public_ev_station_count,public_dc_fast_station_count,public_dc_fast_port_count,nearest_public_ev_station_miles,solar_proxy_municipality,municipal_solar_project_count,municipal_residential_solar_project_count,municipal_solar_capacity_dc_mw,doe_lead_join_status
25009250100,Census Tract 2501,Essex,5295.0,44310.0,0.2375764525993883,1.0,0.268112798264642,1.0,0.544468546637744,0.9812,0.9291,0.99,0.9475,0.8958,3,3,0,0,1528,1379,148,1,1871,44372,2,0,0,0.225,LAWRENCE,1455,1384,18.827804,joined
25009250500,Census Tract 2505,Essex,4464.0,61339.0,0.1981941309255079,0.8116731517509728,0.1984435797665369,0.8430769230769231,0.5369127516778524,0.9341,0.9906,0.9127,0.9831,0.5593,6,3,3,0,3738,1785,1912,41,1279,62269,0,0,0,0.433,LAWRENCE,1455,1384,18.827804,joined
25009250900,Census Tract 2509,Essex,2384.0,42250.0,0.2983870967741935,0.8556085918854416,0.3329355608591885,0.789289871944121,0.602510460251046,0.9774,0.9944,0.9881,0.9981,0.6955,8,4,4,0,3342,1778,1553,11,828,44280,0,0,0,0.289,LAWRENCE,1455,1384,18.827804,joined
25009266200,Census Tract 2662,Essex,5305.0,97759.0,0.0582804385458742,0.3285340314136126,0.119109947643979,0.4418604651162791,0.7569721115537849,0.5926,0.494,0.5989,0.1799,0.7363,3,2,1,0,3764,1947,1379,438,2375,128672,3,0,0,0.89,AMESBURY,452,424,15.530798,joined
25009266300,Census Tract 2663,Essex,3953.0,129044.0,0.0697554697554697,0.3164908384230983,0.0449750138811771,0.4742489270386266,0.519298245614035,0.6277,0.4865,0.5568,0.3042,0.8267,3,1,1,0,3267,1659,1194,414,1785,127057,8,1,10,0.768,AMESBURY,452,424,15.530798,joined
25009260100,Census Tract 2601,Essex,5551.0,44384.0,0.3661103047895501,0.8866103739445115,0.2565339766787294,0.929228591648974,0.6875283446712018,0.9849,0.9812,0.9586,0.862,0.9303,5,3,2,0,2479,1640,829,10,2413,49729,4,0,0,0.306,HAVERHILL,1112,1071,29.966203999999998,joined
25009268100,Census Tract 2681,Essex,2671.0,250001.0,0.0569075252714339,0.0136986301369863,0.0379346680716543,0.0031612223393045,1.0,0.037,0.0389,0.2611,0.2804,0.0596,2,1,1,0,4627,2284,1754,589,915,243697,0,0,0,1.458,NEWBURYPORT,397,373,5.166621,joined
25025010405,Census Tract 104.05,Suffolk,6924.0,28125.0,0.4302809573361082,0.8820960698689956,0.6670305676855895,0.9911417322834646,0.5160891089108911,0.8468,0.8606,0.2724,0.8382,0.9711,3,2,1,0,1134,925,200,9,833,39986,2,0,0,0.212,BOSTON,4471,4197,71.531141,joined
25025110403,Census Tract 1104.03,Suffolk,4969.0,132069.0,0.0476286988244831,0.2788353863381859,0.1002239641657334,0.397288842544317,0.2891566265060241,0.5148,0.4024,0.5217,0.7683,0.4721,2,1,1,0,3603,1748,1598,257,1816,163944,0,0,0,0.68,BOSTON,4471,4197,71.531141,joined
25025120600,Census Tract 1206,Suffolk,2402.0,152727.0,0.0328892589508742,0.5476603119584056,0.2487001733102253,0.8195918367346938,0.3401898734177215,0.0414,0.0232,0.0546,0.6109,0.2756,2,1,1,0,3029,1356,1293,380,1206,176729,2,0,0,0.186,BOSTON,4471,4197,71.531141,joined
25025040401,Census Tract 404.01,Suffolk,2882.0,168883.0,0.0428370786516853,0.507587253414264,0.1934749620637329,0.7573099415204678,0.3497757847533632,0.639,0.2712,0.8562,0.5034,0.7878,1,1,0,0,2472,1584,799,89,1241,219827,0,0,0,0.221,BOSTON,4471,4197,71.531141,joined
25025061000,Census Tract 610,Suffolk,2348.0,131923.0,0.1818568994889267,0.5276785714285714,0.3553571428571428,0.7885532591414944,0.5093062605752962,0.5505,0.3679,0.5807,0.7358,0.58,2,1,1,0,2783,1494,1274,15,1267,156211,0,0,0,0.397,BOSTON,4471,4197,71.531141,joined
25025080500,Census Tract 805,Suffolk,3336.0,49375.0,0.302158273381295,0.9706513958482462,0.5189692197566214,0.9262798634812288,0.4402654867256637,0.9492,0.9448,0.9121,0.9669,0.7954,4,2,1,0,2110,1274,824,12,1547,57138,0,0,0,0.259,BOSTON,4471,4197,71.531141,joined
25025082000,Census Tract 820,Suffolk,3331.0,58365.0,0.3447653429602888,0.6579710144927536,0.2913043478260869,0.8997214484679665,0.6894273127753304,0.7219,0.7589,0.8449,0.985,0.2272,4,2,2,1,4115,1764,1832,519,1371,103833,0,0,0,0.307,BOSTON,4471,4197,71.531141,joined
25025091900,Census Tract 919,Suffolk,4857.0,81932.0,0.1204417586997291,0.6485049833887043,0.1880398671096345,0.8011117974058061,0.5204918032786885,0.9171,0.9278,0.8983,0.9894,0.6893,4,2,2,0,3746,1909,1657,180,1483,102424,0,0,0,0.523,BOSTON,4471,4197,71.531141,joined
25025000401,Census Tract 4.01,Suffolk,4716.0,77716.0,0.2131043256997455,0.8653104173974044,0.4233602244826376,0.9336016096579476,0.4450749898662343,0.6478,0.5417,0.5229,0.619,0.7508,1,1,0,0,1315,931,335,49,2883,88339,0,0,0,0.228,BOSTON,4471,4197,71.531141,joined
25023508102,Census Tract 5081.02,Plymouth,4691.0,104826.0,0.0309102536772543,0.1005885500267522,0.0117710005350454,0.0670700958144226,0.4787234042553192,0.0257,0.1412,0.2988,0.0762,0.0056,3,1,1,1,4621,2196,1092,1333,1845,157577,0,0,0,1.544,PEMBROKE,322,300,12.786413,joined
25023521101,Census Tract 5211.01,Plymouth,4582.0,112083.0,0.0639458751636839,0.2260115606936416,0.0236994219653179,0.2041712403951701,0.7135549872122762,0.4093,0.4589,0.7445,0.2536,0.145,3,2,1,1,4271,2204,1036,1031,1700,131918,0,0,0,2.699,WHITMAN,308,301,2.613728,joined
25023521201,Census Tract 5212.01,Plymouth,3261.0,99405.0,0.1088623121741797,0.5040849673202614,0.0522875816993464,0.5204402515723271,0.4521880064829822,0.4959,0.5229,0.2291,0.2455,0.7043,3,1,1,1,3892,1903,982,1007,1200,128041,0,0,0,2.449,WHITMAN,308,301,2.613728,joined
25023510800,Census Tract 5108,Plymouth,7904.0,75099.0,0.1539938556067588,0.7649301143583227,0.216857263871241,0.83,0.5426356589147286,0.9014,0.9259,0.7659,0.9875,0.774,4,2,2,0,3481,1599,1698,184,2256,85791,0,0,0,0.55,BROCKTON,2369,2299,29.462186000000003,joined
25017350400,Census Tract 3504,Middlesex,6102.0,166831.0,0.0673489600528227,0.4870509607351712,0.1349206349206349,0.8944863149543831,0.3250428816466552,0.0301,0.0929,0.0126,0.4997,0.3139,1,1,1,0,2826,1395,1252,179,2364,201191,1,0,0,0.302,SOMERVILLE,752,707,10.104102999999999,joined
25017350900,Census Tract 3509,Middlesex,3700.0,171433.0,0.0913513513513513,0.6016796640671865,0.2639472105578884,0.827433628318584,0.2871385842472582,0.0716,0.0822,0.0201,0.5028,0.5775,1,1,1,0,2682,1368,1183,131,1669,188007,1,0,0,0.118,SOMERVILLE,752,707,10.104102999999999,joined
25017368600,Census Tract 3686,Middlesex,5688.0,125625.0,0.0443037974683544,0.6308186195826645,0.0373194221508828,0.7928318235525798,0.321882951653944,0.4325,0.5901,0.096,0.6839,0.4313,2,1,1,0,2980,1516,1125,339,2641,150097,2,2,2,0.15,WALTHAM,989,922,18.634272,joined
25017352200,Census Tract 3522,Middlesex,1894.0,90556.0,0.278247096092925,0.8044315992292871,0.4518304431599229,0.927807486631016,0.4802395209580838,0.7144,0.747,0.3001,0.7645,0.7608,1,1,0,0,1572,1034,487,51,968,106631,1,1,6,0.067,CAMBRIDGE,881,803,10.190912,joined
25017354700,Census Tract 3547,Middlesex,2841.0,161699.0,0.066571224051539,0.5311740890688259,0.1489878542510121,0.810966810966811,0.3399390243902439,0.1513,0.0465,0.0603,0.6765,0.6208,1,1,0,0,2624,1451,1126,47,1242,235610,1,0,0,0.245,CAMBRIDGE,881,803,10.190912,joined
25017339200,Census Tract 3392,Middlesex,5614.0,197500.0,0.0397675685491193,0.2453959484346224,0.0382136279926335,0.2936133733390484,0.2945590994371482,0.1695,0.3101,0.1255,0.3517,0.2134,2,1,1,1,4180,1853,1367,960,2304,189987,0,0,0,0.474,MEDFORD,902,867,8.082967,joined
25017374200,Census Tract 3742,Middlesex,3958.0,249891.0,0.0096008084891359,0.2406801831262263,0.0333551340745585,0.3047390521895621,0.3342391304347826,0.1638,0.2254,0.4382,0.4472,0.0747,2,1,1,0,4904,2392,1788,724,1552,308550,0,0,0,0.482,NEWTON,1445,1369,21.226114000000003,joined
25017333501,Census Tract 3335.01,Middlesex,5131.0,107234.0,0.0354207436399217,0.2977498691784406,0.0235478806907378,0.3160648874934589,0.5869947275922671,0.5556,0.5304,0.4275,0.5428,0.5694,3,1,1,1,4213,1984,895,1334,1970,147923,1,0,0,0.45,WOBURN,1280,1197,29.075126,joined
25017364101,Census Tract 3641.01,Middlesex,6054.0,126786.0,0.1034027089527585,0.2167563412759416,0.038816295157571,0.212913143735588,0.3599290780141844,0.3616,0.3497,0.7169,0.3136,0.1651,2,1,1,0,4152,1876,1549,727,2479,179738,9,1,1,0.178,MAYNARD,395,381,4.6461630000000005,joined
25017368901,Census Tract 3689.01,Middlesex,6054.0,129236.0,0.0722222222222222,0.3369989357928343,0.0297978006385243,0.4872318692543411,0.3747368421052631,0.6478,0.3766,0.4162,0.5578,0.9542,2,1,0,1,3173,1713,659,801,2946,151462,0,0,0,1.261,WALTHAM,989,922,18.634272,joined
25017370202,Census Tract 3702.02,Middlesex,3608.0,144653.0,0.0202608936996947,0.255457227138643,0.0294985250737463,0.6097972972972973,0.371824480369515,0.1299,0.2743,0.1645,0.4622,0.1048,2,1,1,0,3525,1447,1337,741,1673,177637,5,0,0,0.098,WATERTOWN,418,385,11.216307,joined
25017315402,Census Tract 3154.02,Middlesex,3248.0,140221.0,0.0283251231527093,0.0788667687595712,0.0,0.0673652694610778,0.2233009708737864,0.0634,0.2373,0.1739,0.1399,0.0609,2,1,1,0,3693,1961,1226,506,1334,165894,1,1,6,1.08,TEWKSBURY,500,483,9.341704999999997,joined
25017311300,Census Tract 3113,Middlesex,4875.0,71450.0,0.3166941370379091,0.7056712132089017,0.1256281407035175,0.720979020979021,0.590030518819939,0.936,0.9303,0.8977,0.9213,0.8092,4,2,2,0,3478,2017,1304,157,1451,83172,0,0,0,0.289,LOWELL,1560,1490,17.496131000000002,joined
25017312502,Census Tract 3125.02,Middlesex,4135.0,119919.0,0.1065633325260353,0.3241626794258373,0.0364832535885167,0.3582535885167464,0.3948339483394834,0.3365,0.3559,0.4212,0.5166,0.2191,3,1,1,0,3265,1910,1257,98,1621,130533,0,0,0,1.117,LOWELL,1560,1490,17.496131000000002,joined
25021417702,Census Tract 4177.02,Norfolk,2696.0,133304.0,0.1068249258160237,0.3525456292026897,0.0951008645533141,0.3371104815864023,0.3869209809264305,0.6692,0.607,0.5028,0.4047,0.8305,2,1,1,0,3786,1745,1536,505,1057,169113,5,2,3,0.319,QUINCY,928,875,10.740924000000001,joined
25021404100,Census Tract 4041,Norfolk,4546.0,207976.0,0.0341823056300268,0.2524937655860349,0.0162094763092269,0.2424058323207776,0.5135802469135803,0.2272,0.0257,0.5261,0.569,0.3779,1,1,1,0,4401,1740,1781,880,1376,332217,2,0,0,0.601,WELLESLEY,103,96,0.9873540000000001,joined
25021441202,Census Tract 4412.02,Norfolk,3100.0,192941.0,0.0239792611795204,0.0377551020408163,0.0071428571428571,0.0316326530612244,0.0,0.0088,0.0132,0.0753,0.1162,0.0954,3,1,0,1,6020,2630,440,2950,978,226610,2,2,14,1.169,WRENTHAM,331,311,12.31175,joined
25021400700,Census Tract 4007,Norfolk,4121.0,175000.0,0.1074981800533851,0.4650887573964497,0.2692307692307692,0.7473498233215548,0.4427480916030534,0.4388,0.3227,0.1883,0.3598,0.7903,1,1,1,0,2882,1520,1139,223,1558,200724,4,0,0,0.243,BROOKLINE,294,277,3.542596,joined
25021401000,Census Tract 4010,Norfolk,3580.0,138182.0,0.1055007052186177,0.4769959404600812,0.1630581867388362,0.7564698075646981,0.375886524822695,0.4614,0.4601,0.6717,0.6334,0.199,2,1,1,0,3239,1655,1314,270,1399,207026,0,0,0,0.466,BROOKLINE,294,277,3.542596,joined
25021457200,Census Tract 4572,Norfolk,6144.0,201167.0,0.00732421875,0.1414092664092664,0.083011583011583,0.1683394160583941,0.3754266211604095,0.1984,0.0866,0.4601,0.5078,0.2517,2,1,0,0,5420,2611,1397,1412,2120,296861,4,0,0,0.256,NEEDHAM,819,786,14.545003000000001,joined
25017980000,Census Tract 9800,Middlesex,0.0,,,,,,,-999.0,-999.0,-999.0,-999.0,-999.0,,,,,,,,,,,0,0,0,1.716,STOW,97,92,5.272621999999999,joined
25017352800,Census Tract 3528,Middlesex,1991.0,126652.0,0.0863887493721747,0.6815286624203821,0.3464968152866242,0.8179581795817958,0.3663551401869159,0.1977,0.2103,0.0804,0.7883,0.3327,1,1,1,0,2544,1366,1108,70,787,200270,6,0,0,0.053,CAMBRIDGE,881,803,10.190912,joined
25025981600,Census Tract 9816,Suffolk,0.0,,,,,,,-999.0,-999.0,-999.0,-999.0,-999.0,,,,,,,,,,,0,0,0,0.79,BOSTON,4471,4197,71.531141,joined
25025080801,Census Tract 808.01,Suffolk,4411.0,34773.0,0.3766666666666666,1.0,0.5585412667946257,0.8146473779385172,0.4961612284069098,0.9761,0.9692,0.7696,0.9313,0.9874,3,2,0,0,1088,920,168,0,1172,40408,3,0,0,0.093,BOSTON,4471,4197,71.531141,joined
25009210401,Census Tract 2104.01,Essex,3265.0,83479.0,0.1169984686064318,0.6168498168498169,0.0219780219780219,0.6934097421203438,0.4216152019002375,0.6905,0.6234,0.8657,0.7533,0.3804,2,1,1,1,2670,957,814,899,1470,108621,0,0,0,0.748,PEABODY,31,26,1.313219,joined
25009202103,Census Tract 2021.03,Essex,1547.0,77708.0,0.2217194570135746,0.196078431372549,0.0766488413547237,0.2601503759398496,0.5909090909090909,0.2254,0.6798,0.1802,0.0987,0.0389,3,1,1,1,4285,1966,1312,1007,602,140657,3,0,0,0.204,SWAMPSCOTT,292,283,2.444699,joined
25021442204,Census Tract 4422.04,Norfolk,4610.0,121522.0,0.0744257950530035,0.3586206896551724,0.0580459770114942,0.4693049213597158,0.3782051282051282,0.5022,0.6127,0.5662,0.2773,0.3283,3,1,1,1,3987,2003,1124,860,1836,159448,0,0,0,0.405,FRANKLIN,627,585,25.62493899999999,joined
25021415201,Census Tract 4152.01,Norfolk,3956.0,139353.0,0.0720697614773018,0.4846813725490196,0.196078431372549,0.3878676470588235,0.4766118836915297,0.6497,0.5932,0.7006,0.7608,0.4777,2,1,1,0,3866,1982,1385,499,1499,193054,0,0,0,1.724,CANTON,481,430,27.71898699999999,joined
25021400401,Census Tract 4004.01,Norfolk,3939.0,84928.0,0.1127189642041127,0.7858812529219261,0.474520804114072,0.9404499338332598,0.4455681142177275,0.6026,0.5223,0.4457,0.6515,0.6761,1,1,0,0,1682,1087,433,162,2199,152112,1,0,0,0.262,BROOKLINE,294,277,3.542596,joined
25023980300,Census Tract 9803,Plymouth,2616.0,,0.0,1.0,0.0,0.625,1.0,0.1557,0.6246,0.0082,0.4585,0.2473,7,2,0,4,3244,865,225,2154,32,48780,12,0,0,0.206,BRIDGEWATER,581,548,16.123117,joined
25017339101,Census Tract 3391.01,Middlesex,3191.0,77386.0,0.1651433974156949,0.4352741661955907,0.2442057659694742,0.7778958554729012,0.3259740259740259,0.7451,0.5869,0.7489,0.7002,0.8016,2,1,1,0,2194,1303,733,158,1881,111276,2,0,0,0.142,MEDFORD,902,867,8.082967,joined
25017341302,Census Tract 3413.02,Middlesex,2598.0,121813.0,0.0950731331793687,0.8213984835720304,0.1634372367312552,0.8135179153094463,0.3056410256410256,0.4457,0.4262,0.0703,0.7308,0.7483,2,1,1,0,2804,1472,1102,230,1179,129802,0,0,0,0.342,MALDEN,871,849,7.8276319999999995,joined
25017370402,Census Tract 3704.02,Middlesex,1409.0,147500.0,0.0832106038291605,0.5375375375375375,0.06006006006006,0.6147308781869688,0.3100558659217877,0.3829,0.2197,0.1023,0.7789,0.7301,1,1,1,0,3114,1467,1323,324,715,223485,1,0,0,0.235,WATERTOWN,418,385,11.216307,joined
25017350201,Census Tract 3502.01,Middlesex,2860.0,140972.0,0.0851365732529265,0.6098130841121495,0.0919003115264797,0.8374905517762661,0.3639846743295019,0.4783,0.4532,0.2266,0.7252,0.5455,2,1,1,0,3109,1531,1194,384,1311,153046,0,0,0,0.303,SOMERVILLE,752,707,10.104102999999999,joined
25017363105,Census Tract 3631.05,Middlesex,4210.0,125833.0,0.043743890518084,0.4388535031847134,0.0261146496815286,0.4474002418379685,0.6458635703918723,0.7715,0.8117,0.732,0.8139,0.5041,2,1,1,0,4156,2595,1072,489,1523,186821,2,2,2,0.499,ACTON,720,669,17.895219,joined
25025070103,Census Tract 701.03,Suffolk,656.0,83750.0,0.0939907550077041,0.8279569892473119,0.4946236559139785,0.9147540983606556,0.5064935064935064,0.7721,0.7062,0.5022,0.9157,0.8286,1,1,0,0,1468,1186,272,10,294,100352,0,0,0,0.131,BOSTON,4471,4197,71.531141,joined
25025170101,Census Tract 1701.01,Suffolk,3702.0,97596.0,0.1049162318044493,0.4888705688375927,0.1986809563066776,0.5690343176376695,0.5733558178752108,0.882,0.8035,0.8719,0.797,0.8625,3,1,1,1,3640,1810,1171,659,1169,125176,0,0,0,0.487,REVERE,1329,1289,11.942450999999998,joined
25025070501,Census Tract 705.01,Suffolk,2095.0,225000.0,0.0291169451073985,0.4309338521400778,0.1429961089494163,0.9108061749571184,0.2866817155756208,0.2034,0.1638,0.0559,0.4553,0.6767,1,1,0,0,2452,1488,750,214,1007,247626,0,0,0,0.315,BOSTON,4471,4197,71.531141,joined
25017359301,Census Tract 3593.01,Middlesex,0.0,,,,,,,-999.0,-999.0,-999.0,-999.0,-999.0,,,,,,,,,,,1,0,0,0.33,CONCORD,344,322,11.286854,joined
25025070104,Census Tract 701.04,Suffolk,2491.0,235950.0,0.2123645122440786,0.4254352763058289,0.4587433762301287,0.9502237136465324,0.5249110320284698,0.42,0.2279,0.0477,0.6483,0.9567,1,1,0,0,2109,1587,511,11,1324,262134,51,0,0,0.017,BOSTON,4471,4197,71.531141,joined
25025070901,Census Tract 709.01,Suffolk,1173.0,39583.0,0.2435233160621761,0.9028475711892796,0.6800670016750419,0.8830963665086888,0.536178107606679,0.8136,0.8161,0.7834,0.9413,0.6146,2,1,1,0,1748,1193,541,14,654,87059,0,0,0,0.349,BOSTON,4471,4197,71.531141,joined
25021404201,Census Tract 4042.01,Norfolk,3886.0,250001.0,0.0164792048129741,0.0822027134876296,0.0351157222665602,0.0664629488158899,0.4174757281553398,0.1996,0.0119,0.4557,0.3442,0.4915,1,1,1,0,4844,2057,2348,439,1280,378555,1,1,2,0.388,WELLESLEY,103,96,0.9873540000000001,joined
25021422301,Census Tract 4223.01,Norfolk,3528.0,161972.0,0.0681237581606585,0.078902229845626,0.0283018867924528,0.0373608903020667,0.6195652173913043,0.1858,0.2756,0.221,0.2386,0.2291,2,1,1,1,4609,2047,1180,1382,1193,191621,0,0,0,0.779,WEYMOUTH,903,873,10.085437,joined
25021404302,Census Tract 4043.02,Norfolk,3669.0,171786.0,0.0380526021264689,0.1690042075736325,0.0231416549789621,0.1590277777777777,0.4024896265560166,0.4407,0.2662,0.7728,0.6065,0.2888,1,1,1,0,4020,1483,1524,1013,1420,274583,3,0,0,0.259,WELLESLEY,103,96,0.9873540000000001,joined
25021402300,Census Tract 4023,Norfolk,4530.0,156354.0,0.0314978472694312,0.0033204205866076,0.06087437742114,0.0301204819277108,0.0,0.5487,0.4595,0.5775,0.321,0.6315,2,1,1,0,4312,2060,1759,493,1775,188999,1,0,0,0.875,DEDHAM,478,454,9.047156999999999,joined
25021410400,Census Tract 4104,Norfolk,6958.0,109327.0,0.0855130784708249,0.3538804307463795,0.0441886372075751,0.3785740137531668,0.440713536201469,0.1707,0.3666,0.1984,0.3585,0.1067,2,1,1,1,3792,1909,1102,781,2659,154663,0,0,0,0.837,FOXBOROUGH,245,223,8.405213,joined
25021403100,Census Tract 4031,Norfolk,7496.0,228359.0,0.0330833110099115,0.0916666666666666,0.0472222222222222,0.1242063492063492,0.4978354978354978,0.0785,0.0352,0.3471,0.1636,0.1996,2,1,0,1,5949,2716,1344,1889,2481,303715,2,0,0,0.87,NEEDHAM,819,786,14.545003000000001,joined
25023509102,Census Tract 5091.02,Plymouth,6574.0,114844.0,0.0414634146341463,0.1870007262164124,0.1158315177923021,0.231413612565445,0.3980582524271844,0.354,0.0986,0.607,0.0406,0.6729,3,2,1,1,4943,2384,1339,1220,2738,156037,2,0,0,0.249,KINGSTON,479,433,17.648714,joined
25023504101,Census Tract 5041.01,Plymouth,5377.0,180369.0,0.0266181539639984,0.0746518105849582,0.0133704735376044,0.0873315363881401,0.3805970149253731,0.2348,0.0326,0.3967,0.1312,0.6654,3,1,1,1,5028,2336,1073,1619,1798,191066,4,1,4,1.33,NORWELL,138,116,3.826214,joined
25023524102,Census Tract 5241.02,Plymouth,4173.0,119375.0,0.070622147489791,0.252,0.0382857142857142,0.2898468519568916,0.4285714285714285,0.3139,0.5078,0.2957,0.2249,0.1977,3,2,1,1,4539,2181,1072,1286,1702,132206,0,0,0,1.32,WEST BRIDGEWATER,178,165,20.022899000000002,joined
25023510600,Census Tract 5106,Plymouth,3472.0,162083.0,0.0990187332738626,0.0676758682101513,0.0293855743544078,0.0204081632653061,0.4605263157894737,0.4357,0.4319,0.2586,0.7389,0.4105,3,1,1,1,4938,2264,1348,1326,1088,156953,0,0,0,1.19,BROCKTON,2369,2299,29.462186000000003,joined
25023523201,Census Tract 5232.01,Plymouth,3136.0,115938.0,0.0826500491964578,0.2677322677322677,0.1258741258741259,0.1998050682261208,0.4626865671641791,0.2228,0.1795,0.4231,0.1774,0.3189,3,2,1,1,4708,2374,916,1418,967,156001,0,0,0,1.747,EAST BRIDGEWATER,440,422,11.866665,joined
25017350300,Census Tract 3503,Middlesex,2848.0,143889.0,0.1306179775280899,0.631159420289855,0.2840579710144927,0.6725067385444744,0.409873708381171,0.3729,0.4444,0.0308,0.6134,0.7627,2,1,1,0,2998,1545,1179,274,1325,155242,1,0,0,0.218,SOMERVILLE,752,707,10.104102999999999,joined
25017350500,Census Tract 3505,Middlesex,1597.0,166293.0,0.0419536631183469,0.6986666666666667,0.2426666666666666,0.8681710213776722,0.2309160305343511,0.1193,0.2938,0.0339,0.2167,0.4401,2,1,1,0,2655,1372,1232,51,798,172446,0,0,0,0.302,SOMERVILLE,752,707,10.104102999999999,joined
25017355000,Census Tract 3550,Middlesex,3479.0,158542.0,0.0488646162690428,0.5190839694656488,0.2456627342123525,0.7636252296387018,0.3114973262032086,0.4262,0.258,0.0835,0.6596,0.8657,1,1,0,0,2494,1460,963,71,1487,197618,0,0,0,0.39,CAMBRIDGE,881,803,10.190912,joined
25017335100,Census Tract 3351,Middlesex,6215.0,120725.0,0.0471591823595686,0.351040118870728,0.0326894502228826,0.5121616992120589,0.5185185185185185,0.3754,0.5876,0.3101,0.0506,0.2837,3,1,1,1,4097,2086,1000,1011,2667,143410,8,5,7,0.462,WAKEFIELD,29,27,1.624038,joined
25017368500,Census Tract 3685,Middlesex,3355.0,93182.0,0.103725782414307,0.839231547017189,0.1769464105156724,0.8143939393939394,0.4650602409638554,0.7759,0.7351,0.2618,0.8126,0.9422,2,1,1,0,2134,1306,716,112,1838,113714,0,0,0,0.561,WALTHAM,989,922,18.634272,joined
25017356602,Census Tract 3566.02,Middlesex,4530.0,181117.0,0.0474469046543154,0.2335106382978723,0.077127659574468,0.4102030192608016,0.1389521640091116,0.2178,0.1048,0.2913,0.3554,0.4482,2,1,1,0,3726,1614,1393,719,1867,231676,1,0,0,0.347,ARLINGTON,1251,1205,9.807252,joined
25017332300,Census Tract 3323,Middlesex,7031.0,154750.0,0.0644381223328591,0.0988791032826261,0.010008006405124,0.1495041952707856,0.6072874493927125,0.3509,0.2706,0.5392,0.4878,0.2894,2,1,1,1,4548,2170,1361,1017,2585,199514,2,0,0,0.62,BURLINGTON,730,703,9.770748,joined
25009251000,Census Tract 2510,Essex,1931.0,42250.0,0.2338877338877339,0.934747145187602,0.4094616639477977,0.8623417721518988,0.5357766143106457,0.9987,0.9981,0.9711,0.9819,0.9969,6,3,3,0,3458,1950,1501,7,589,56615,0,0,0,0.314,LAWRENCE,1455,1384,18.827804,joined
25009251100,Census Tract 2511,Essex,3020.0,20545.0,0.3041345480028031,0.9283559577677224,0.6455505279034691,0.8982300884955752,0.5735174654752234,0.9975,0.9479,0.9994,0.935,0.9605,6,4,2,0,2365,1447,914,4,1397,37278,0,0,0,0.485,LAWRENCE,1455,1384,18.827804,joined
25009205100,Census Tract 2051,Essex,6301.0,95988.0,0.0549273021001615,0.1763593380614657,0.0122931442080378,0.1340545625587958,0.6997319034852547,0.6309,0.6535,0.7841,0.7564,0.253,4,2,1,1,4520,2018,1416,1086,2121,114052,0,0,0,0.807,LYNN,2005,1957,16.419473999999997,joined
25009205900,Census Tract 2059,Essex,4754.0,82105.0,0.1959401709401709,0.4811443433029909,0.1222366710013004,0.6196054254007398,0.5932432432432433,0.7621,0.7514,0.6981,0.8813,0.592,4,2,1,1,4150,1945,1336,869,1474,93948,0,0,0,1.004,LYNN,2005,1957,16.419473999999997,joined
25009206400,Census Tract 2064,Essex,6798.0,96447.0,0.0397370779802808,0.5119274809160306,0.1216603053435114,0.5615786970993818,0.5386766076421249,0.7834,0.7621,0.6962,0.9032,0.6516,4,2,1,1,4285,2102,1391,792,2046,112780,0,0,0,0.706,LYNN,2005,1957,16.419473999999997,joined
25009206600,Census Tract 2066,Essex,5721.0,89551.0,0.1164132144729942,0.5677357587362374,0.1713738630923887,0.6829602558245774,0.4274873524451939,0.9153,0.9247,0.9391,0.8763,0.6372,4,2,1,1,3763,1843,1242,678,2064,102256,0,0,0,0.538,LYNN,2005,1957,16.419473999999997,joined
25009217500,Census Tract 2175,Essex,6754.0,110429.0,0.0829213841492585,0.3267605633802817,0.155281690140845,0.4216467463479416,0.6056034482758621,0.4815,0.4702,0.2241,0.2536,0.7395,3,1,1,0,3533,1592,1288,653,2797,139848,1,0,0,0.402,BEVERLY,1056,998,26.101654999999997,joined
25009264100,Census Tract 2641,Essex,6777.0,141487.0,0.0320047414431767,0.0966275104206138,0.0075786282682834,0.1712104689203925,0.4588235294117647,0.0709,0.1563,0.3434,0.0506,0.0791,3,1,1,1,4378,2054,1451,873,2613,172105,5,0,0,0.873,GROVELAND,15,13,3.768552,joined
25009210900,Census Tract 2109,Essex,4115.0,82299.0,0.090818858560794,0.4865900383141762,0.1466885604816639,0.4705882352941176,0.3374578177727784,0.7282,0.7363,0.9052,0.2648,0.4576,3,1,1,1,3421,1153,1328,940,1807,126213,0,0,0,0.59,PEABODY,31,26,1.313219,joined
25009208101,Census Tract 2081.01,Essex,6027.0,103654.0,0.0746846089150546,0.2610483042137718,0.02672147995889,0.2741477272727273,0.5964566929133859,0.4658,0.7156,0.5122,0.4978,0.0835,3,1,1,1,4057,1789,1305,963,1967,121019,0,0,0,1.307,SAUGUS,931,906,9.766101,joined
25009252101,Census Tract 2521.01,Essex,3570.0,81894.0,0.097609561752988,0.3521428571428571,0.1042857142857142,0.4085714285714286,0.5273833671399595,0.6943,0.779,0.7464,0.7177,0.2869,4,2,2,1,3788,1745,1567,476,1459,94261,0,0,0,0.754,METHUEN,1661,1635,22.574887,joined
25017352700,Census Tract 3527,Middlesex,2044.0,109402.0,0.1986301369863013,0.8146341463414634,0.4380487804878049,0.9534246575342464,0.3844311377245509,0.6918,0.7257,0.3729,0.8026,0.629,2,1,1,0,2057,1128,919,10,947,100595,1,0,0,0.151,CAMBRIDGE,881,803,10.190912,joined
25017353800,Census Tract 3538,Middlesex,4490.0,137833.0,0.0923740354062641,0.6171403962101637,0.4547803617571059,0.9254317111459968,0.2721563154221912,0.3089,0.15,0.0345,0.7464,0.8788,1,1,0,0,1626,1058,559,9,2315,153436,0,0,0,0.183,CAMBRIDGE,881,803,10.190912,joined
25017354400,Census Tract 3544,Middlesex,1924.0,176705.0,0.0693069306930693,0.3550724637681159,0.0543478260869565,0.7851239669421488,0.3537414965986394,0.0471,0.1513,0.0728,0.4553,0.0942,1,1,1,0,2914,1486,1193,235,757,234346,0,0,0,0.262,CAMBRIDGE,881,803,10.190912,joined
25017342202,Census Tract 3422.02,Middlesex,4258.0,80641.0,0.0648191639267261,0.3624511082138201,0.1825293350717079,0.4791277258566978,0.6061151079136691,0.8098,0.8343,0.801,0.9076,0.5474,3,2,1,0,3748,1812,1580,356,1513,107337,0,0,0,0.536,EVERETT,716,695,16.963893,joined
25017341400,Census Tract 3414,Middlesex,6908.0,99402.0,0.0902266705916985,0.4716599190283401,0.1141700404858299,0.5953886203049461,0.592274678111588,0.7652,0.7395,0.4306,0.8645,0.8255,3,2,1,0,3139,1671,1247,221,2448,109160,0,0,0,0.33,MALDEN,871,849,7.8276319999999995,joined
25017341800,Census Tract 3418,Middlesex,6256.0,67964.0,0.1237212276214833,0.7559692432213678,0.2011331444759206,0.7332851463679074,0.5813704496788008,0.9699,0.9699,0.8751,0.9063,0.9253,4,2,2,0,3231,1717,1214,300,2755,76506,4,1,6,0.141,MALDEN,871,849,7.8276319999999995,joined
25017339600,Census Tract 3396,Middlesex,5431.0,150074.0,0.0762290554225741,0.6430185268865793,0.1604157252598282,0.7670700086430423,0.2839072382290935,0.398,0.6033,0.0552,0.6708,0.4834,2,1,1,0,3372,1408,1476,488,2400,169211,2,0,0,0.141,MEDFORD,902,867,8.082967,joined
25017336402,Census Tract 3364.02,Middlesex,5070.0,104327.0,0.0311182493475205,0.432378079436903,0.2026143790849673,0.6361468764902242,0.6267441860465116,0.7589,0.5374,0.7583,0.6052,0.9121,2,1,1,0,3184,1634,1136,414,2120,136562,5,0,0,0.201,MELROSE,523,500,4.32162,joined
25017373800,Census Tract 3738,Middlesex,6367.0,163940.0,0.0778357854769814,0.2729850141757797,0.0931551235317942,0.478968253968254,0.5623145400593472,0.3327,0.005,0.5574,0.5403,0.693,2,1,1,0,4201,2082,1716,403,2418,258466,0,0,0,0.562,NEWTON,1445,1369,21.226114000000003,joined
25017338300,Census Tract 3383,Middlesex,3459.0,205040.0,0.0382705229330996,0.2873239436619718,0.152112676056338,0.3602991162474507,0.5416666666666666,0.538,0.4099,0.6849,0.2867,0.5907,1,1,1,0,3951,1947,1436,568,1315,280002,2,2,4,0.606,WINCHESTER,441,427,4.1942330000000005,joined
25017383800,Census Tract 3838,Middlesex,5960.0,144427.0,0.0643842616249361,0.1887360275150472,0.0081685296646603,0.1783614268914151,0.4601366742596811,0.1664,0.1864,0.1839,0.544,0.2109,2,1,1,1,4399,2131,1014,1254,2597,177494,0,0,0,0.577,FRAMINGHAM,1991,1886,38.134805,joined
25017383102,Census Tract 3831.02,Middlesex,5300.0,56638.0,0.2809433962264151,0.8625146886016452,0.2044653349001175,0.6890625,0.5422343324250681,0.9862,0.99,0.9328,0.9538,0.9291,4,3,1,0,2535,1729,652,154,1786,66068,3,0,0,0.124,FRAMINGHAM,1991,1886,38.134805,joined
25009252400,Census Tract 2524,Essex,4752.0,83646.0,0.155513468013468,0.570670205706702,0.1307232913072329,0.6576121288692356,0.5941860465116279,0.8701,0.9504,0.8004,0.8882,0.5618,4,2,2,0,3842,1873,1716,253,1536,87179,5,1,6,0.229,METHUEN,1661,1635,22.574887,joined
25009253202,Census Tract 2532.02,Essex,7616.0,80880.0,0.2389470622454915,0.436412833397758,0.0297642056436026,0.5938517179023508,0.5518157661647476,0.779,0.6937,0.6397,0.6152,0.8757,2,1,1,0,3060,1961,950,149,2691,133649,0,0,0,0.872,NORTH ANDOVER,495,457,12.527313,joined
25009210600,Census Tract 2106,Essex,5039.0,96908.0,0.077594760865251,0.3458110516934046,0.0445632798573975,0.3486394557823129,0.520618556701031,0.6955,0.715,0.8512,0.4354,0.3898,3,1,1,1,3563,1148,1066,1349,1775,125566,0,0,0,1.163,PEABODY,31,26,1.313219,joined
25017331200,Census Tract 3312,Middlesex,5637.0,160119.0,0.0228408279800142,0.0825545171339563,0.0394600207684319,0.0712830957230142,0.5849056603773585,0.0402,0.0898,0.2009,0.1337,0.0797,2,1,0,1,4695,1981,717,1997,1936,201435,0,0,0,1.874,WILMINGTON,54,44,7.6118999999999994,joined
25017318200,Census Tract 3182,Middlesex,4980.0,162321.0,0.0449799196787148,0.1712364200724263,0.0046559751681324,0.159838138593829,0.6616314199395771,0.103,0.0427,0.2599,0.6334,0.1532,2,1,1,0,4248,2185,1434,629,1858,179798,0,0,0,1.293,WESTFORD,598,572,11.626042,joined
25017316202,Census Tract 3162.02,Middlesex,3699.0,109868.0,0.041632873749662,0.0370650529500756,0.059001512859304,0.0060514372163388,0.3265306122448979,0.231,0.4357,0.3999,0.5434,0.0414,3,1,1,1,4355,2173,1296,886,1327,166916,0,0,0,1.54,BILLERICA,1051,1015,28.144817,joined
25017362100,Census Tract 3621,Middlesex,5239.0,250001.0,0.015270089711777,0.0636261261261261,0.0084459459459459,0.0609418282548476,0.7699115044247787,0.0358,0.0226,0.4809,0.3354,0.0207,2,1,0,1,5645,2711,1102,1832,1795,270801,3,0,0,0.537,CARLISLE,234,229,3.036791,joined
25017324102,Census Tract 3241.02,Middlesex,4603.0,167422.0,0.0764705882352941,0.1859756097560975,0.0402439024390243,0.1549463647199046,0.3508196721311475,0.381,0.2724,0.3578,0.2386,0.5951,2,1,0,1,4766,1504,1075,2187,1523,236672,2,2,14,0.58,LITTLETON,45,38,6.951957,joined
25017311200,Census Tract 3112,Middlesex,3198.0,46250.0,0.2521246458923513,0.7737752161383286,0.2874639769452449,0.7594339622641509,0.5484171322160148,0.877,0.9165,0.791,0.9407,0.6704,4,2,2,0,2251,1261,973,17,1431,63472,0,0,0,0.414,LOWELL,1560,1490,17.496131000000002,joined
25017312200,Census Tract 3122,Middlesex,5073.0,84853.0,0.1390873015873016,0.3730425055928412,0.0413870246085011,0.4152139461172742,0.5262368815592204,0.7119,0.5537,0.8707,0.7645,0.5568,4,2,1,0,3507,1973,1385,149,1843,92680,1,1,4,0.455,LOWELL,1560,1490,17.496131000000002,joined
25017311700,Census Tract 3117,Middlesex,5051.0,96250.0,0.1708350141185962,0.4664615384615385,0.123076923076923,0.5577380952380953,0.5290237467018469,0.7997,0.8481,0.6673,0.9244,0.5669,4,2,1,0,3706,2176,1394,136,1602,102095,0,0,0,0.84,LOWELL,1560,1490,17.496131000000002,joined
25025010204,Census Tract 102.04,Suffolk,3173.0,41745.0,0.3995771670190274,0.9272349272349272,0.4979209979209979,0.9968228752978554,0.5751121076233184,0.7527,0.8537,0.0395,0.7133,0.9856,1,1,0,0,1103,834,264,5,1048,77932,0,0,0,0.186,BOSTON,4471,4197,71.531141,joined
25025010600,Census Tract 106,Suffolk,3294.0,118710.0,0.1023041474654377,0.7790811339198436,0.4560117302052786,0.9864815491413956,0.4912170639899623,0.4193,0.3503,0.0929,0.6402,0.7357,1,1,0,0,1475,1234,233,8,2081,163839,13,1,8,0.091,BOSTON,4471,4197,71.531141,joined
25025040200,Census Tract 402,Suffolk,1670.0,85438.0,0.3017964071856287,0.5057096247960848,0.3148450244698205,0.8511560693641619,0.4935483870967742,0.752,0.7131,0.7803,0.7995,0.5449,1,1,0,0,2622,1674,840,108,644,209607,0,0,0,0.247,BOSTON,4471,4197,71.531141,joined
25025110401,Census Tract 1104.01,Suffolk,3600.0,110904.0,0.1014170602945262,0.3913669064748201,0.1532374100719424,0.6428571428571429,0.4558823529411764,0.7665,0.7866,0.865,0.8782,0.354,2,1,1,0,3103,1527,1335,241,1418,139106,0,0,0,0.263,BOSTON,4471,4197,71.531141,joined
25025120700,Census Tract 1207,Suffolk,2050.0,161818.0,0.053170731707317,0.4845132743362831,0.204646017699115,0.96,0.3127853881278539,0.6158,0.2599,0.6773,0.7146,0.8299,2,1,1,0,2489,1312,791,386,943,150066,0,0,0,0.18,BOSTON,4471,4197,71.531141,joined
25025140400,Census Tract 1404,Suffolk,8378.0,110794.0,0.1050370016710432,0.28125,0.1800130208333333,0.4494773519163763,0.5046296296296297,0.8305,0.8148,0.8123,0.9756,0.6529,3,1,1,0,3258,1621,1290,347,3177,127523,0,0,0,0.36,BOSTON,4471,4197,71.531141,joined
25025160601,Census Tract 1606.01,Suffolk,4901.0,100917.0,0.0531825795644891,0.7616316124920331,0.1548757170172084,0.924422236102436,0.5464435146443515,0.9027,0.8562,0.5913,0.9275,0.9642,2,1,1,0,2517,1512,926,79,1600,101413,0,0,0,0.627,CHELSEA,256,237,8.125049999999991,joined
25025050500,Census Tract 505,Suffolk,1893.0,103571.0,0.1584786053882725,0.6584158415841584,0.2465346534653465,0.9820923656927428,0.5067669172932331,0.6899,0.8726,0.0615,0.8795,0.7188,1,1,0,0,1808,1242,563,3,994,147996,1,1,6,0.178,BOSTON,4471,4197,71.531141,joined
25025050700,Census Tract 507,Suffolk,4180.0,83803.0,0.2270334928229665,0.8171355498721228,0.4360613810741688,0.9436374201045904,0.6017214397496088,0.8613,0.9736,0.5901,0.9275,0.624,2,1,1,0,2949,1426,1323,200,1667,123977,2,0,0,0.196,BOSTON,4471,4197,71.531141,joined
25025081200,Census Tract 812,Suffolk,3481.0,48490.0,0.3329503016374605,0.8763866877971473,0.4183835182250396,0.9111940298507464,0.4873417721518987,0.9422,0.8845,0.8952,0.96,0.8832,3,2,1,0,2191,1288,891,12,1324,75113,1,0,0,0.12,BOSTON,4471,4197,71.531141,joined
25025090300,Census Tract 903,Suffolk,3763.0,55098.0,0.1626361945256444,0.6839546191247974,0.2536466774716369,0.6903888481291269,0.5260663507109005,0.9636,0.9849,0.9648,0.97,0.6999,5,2,2,0,3574,1608,1818,148,1172,76410,0,0,0,0.427,BOSTON,4471,4197,71.531141,joined
25025091200,Census Tract 912,Suffolk,2945.0,72270.0,0.3191489361702128,0.6274664561957379,0.3314917127071823,0.9030075187969924,0.4226415094339623,0.8682,0.7684,0.8399,0.8901,0.8688,3,1,1,0,2955,1532,1350,73,1249,116119,0,0,0,0.211,BOSTON,4471,4197,71.531141,joined
25025092300,Census Tract 923,Suffolk,3816.0,58321.0,0.149895178197065,0.7158469945355191,0.375487900078064,0.8233024691358025,0.495092693565976,0.8826,0.8475,0.9297,0.9888,0.5932,4,2,2,0,4016,1751,2012,253,1217,98017,0,0,0,0.687,BOSTON,4471,4197,71.531141,joined
25025100400,Census Tract 1004,Suffolk,4896.0,122347.0,0.1409270421949698,0.5552659019812305,0.3237747653806048,0.6623436776285317,0.3953051643192488,0.9215,0.8977,0.892,0.9463,0.7966,2,1,1,0,3436,1691,1287,458,1947,158605,0,0,0,0.752,BOSTON,4471,4197,71.531141,joined
25025000704,Census Tract 7.04,Suffolk,4314.0,74948.0,0.1972519795062878,0.9371824480369516,0.4725173210161663,0.9586267605633804,0.5924100542138985,0.6642,0.7564,0.0433,0.7614,0.9416,1,1,0,0,1302,955,343,4,2122,89510,0,0,0,0.353,BOSTON,4471,4197,71.531141,joined
25025000301,Census Tract 3.01,Suffolk,2711.0,132900.0,0.1139481707317073,0.5688,0.1464,0.6740121580547113,0.2362869198312236,0.4426,0.2894,0.1532,0.6152,0.779,2,1,1,0,2649,1406,1139,104,1195,141403,0,0,0,0.515,BOSTON,4471,4197,71.531141,joined
25021417400,Census Tract 4174,Norfolk,2855.0,139886.0,0.0434325744308231,0.2074074074074074,0.0842592592592592,0.2009009009009009,0.1607142857142857,0.1099,0.1199,0.1406,0.4022,0.2367,2,1,1,0,4102,1813,1571,718,1162,165042,0,0,0,1.134,QUINCY,928,875,10.740924000000001,joined
25021418102,Census Tract 4181.02,Norfolk,3868.0,116250.0,0.0515143670722236,0.6921858500527983,0.0850052798310454,0.675730110775428,0.4172387490465293,0.7357,0.8211,0.2486,0.807,0.7288,2,1,1,0,2676,1421,878,377,1791,137186,2,1,6,0.019,QUINCY,928,875,10.740924000000001,joined
25009203301,Census Tract 2033.01,Essex,4311.0,137166.0,0.0401299002551612,0.2436245252306022,0.0412371134020618,0.334687658710005,0.33184855233853,0.0521,0.1011,0.2812,0.0369,0.0929,2,1,1,0,3867,1855,1424,588,1792,177048,2,0,0,0.247,MARBLEHEAD,46,43,0.38908800000000004,joined
25009250300,Census Tract 2503,Essex,2662.0,62917.0,0.2524417731029301,0.8602029312288614,0.1555806087936866,0.7365145228215768,0.6671035386631717,0.8851,0.9353,0.8117,0.9925,0.6196,5,3,2,0,3421,1907,1490,24,852,68488,0,0,0,0.315,LAWRENCE,1455,1384,18.827804,joined
25017368700,Census Tract 3687,Middlesex,2427.0,84890.0,0.1800576843840131,0.5832575068243858,0.1665150136487716,0.7888249794576828,0.4804992199687987,0.5562,0.5499,0.3572,0.8813,0.4551,2,1,1,0,2846,1412,1079,355,1152,135645,0,0,0,0.609,WALTHAM,989,922,18.634272,joined
25017324101,Census Tract 3241.01,Middlesex,5677.0,135147.0,0.0385307886208138,0.1464879852125693,0.0346580406654343,0.1149325206791467,0.5362776025236593,0.2448,0.4382,0.2668,0.2886,0.1419,2,1,1,1,4183,1430,1279,1474,2047,209140,9,2,2,1.081,LITTLETON,45,38,6.951957,joined
25017353102,Census Tract 3531.02,Middlesex,5848.0,71302.0,0.2636761487964989,1.0,0.6463654223968566,0.9858156028368794,0.5697445972495089,0.4972,0.5035,0.0213,0.852,0.9441,1,1,0,0,1199,1002,196,1,413,110926,84,0,0,0.226,CAMBRIDGE,881,803,10.190912,joined
25025170502,Census Tract 1705.02,Suffolk,4314.0,74967.0,0.1454290390460603,0.4186046511627907,0.1741349971639251,0.6469973890339425,0.6856368563685636,0.823,0.9253,0.8437,0.6465,0.4677,3,1,1,0,2629,1362,1030,237,1641,90837,0,0,0,1.122,,0,0,0,joined
25025981700,Census Tract 9817,Suffolk,0.0,,,,,,,-999.0,-999.0,-999.0,-999.0,-999.0,,,,,,,,,,,8,0,0,0.007,BOSTON,4471,4197,71.531141,joined
25023511000,Census Tract 5110,Plymouth,2974.0,72846.0,0.2434431741761936,0.5799614643545279,0.2263969171483622,0.7033158813263525,0.3289036544850498,0.9065,0.9266,0.9209,0.9463,0.5876,5,2,2,0,3103,1414,1385,304,1145,68609,2,0,0,0.224,BROCKTON,2369,2299,29.462186000000003,joined
25009210402,Census Tract 2104.02,Essex,4256.0,103075.0,0.0708382526564344,0.235509456985967,0.0335570469798657,0.2680652680652681,0.4844559585492228,0.2605,0.4225,0.6654,0.3011,0.0352,3,1,1,2,4134,1227,695,2212,1615,130376,0,0,0,1.507,PEABODY,31,26,1.313219,joined
25017350600,Census Tract 3506,Middlesex,5144.0,153305.0,0.2378138847858198,0.7220216606498195,0.1660649819494584,0.8581497797356828,0.3475,0.1111,0.4137,0.0056,0.589,0.3315,2,1,1,0,2933,1421,1305,207,1115,160557,1,0,0,0.25,SOMERVILLE,752,707,10.104102999999999,joined
25017352600,Census Tract 3526,Middlesex,2830.0,123050.0,0.2109540636042403,0.7126715092816788,0.3204196933010492,0.8434782608695652,0.4405436013590034,0.5794,0.5116,0.3766,0.6983,0.6422,2,1,1,0,2448,1314,1121,13,1292,160589,16,0,0,0.143,CAMBRIDGE,881,803,10.190912,joined
25017342201,Census Tract 3422.01,Middlesex,5653.0,96303.0,0.1434142882467647,0.6770526315789474,0.3461052631578947,0.7538583300356153,0.5329601990049752,0.8475,0.924,0.7458,0.8813,0.5851,3,1,1,0,3259,1528,1412,319,2318,102000,0,0,0,0.655,EVERETT,716,695,16.963893,joined
25017334100,Census Tract 3341,Middlesex,7037.0,184205.0,0.0122211169532471,0.1867794004611837,0.0134511913912375,0.2972283005105762,0.1707818930041152,0.108,0.1117,0.3716,0.2711,0.1199,2,1,1,1,3714,1384,1019,1311,2551,192199,0,0,0,0.621,READING,32,32,0.226448,joined
25017383101,Census Tract 3831.01,Middlesex,4044.0,71771.0,0.1997071742313323,0.7776777677767777,0.2295229522952295,0.8220551378446115,0.5208333333333334,0.9127,0.8694,0.6441,0.8951,0.968,3,2,1,0,2593,1835,686,72,1199,76439,1,0,0,0.109,FRAMINGHAM,1991,1886,38.134805,joined
25017331102,Census Tract 3311.02,Middlesex,7252.0,184625.0,0.03033323839362,0.0843776106934001,0.0284043441938178,0.1217038539553752,0.3811881188118812,0.0552,0.0245,0.2235,0.08,0.248,2,1,0,1,4824,1886,761,2177,2387,209005,17,0,0,0.952,WILMINGTON,54,44,7.6118999999999994,joined
25017310601,Census Tract 3106.01,Middlesex,6322.0,78667.0,0.0764937623112278,0.3295019157088122,0.1336206896551724,0.4513151822796493,0.3691860465116279,0.7728,0.3867,0.963,0.639,0.838,3,2,1,0,2884,1653,1104,127,2009,87725,4,1,6,0.591,LOWELL,1560,1490,17.496131000000002,joined
25017312400,Census Tract 3124,Middlesex,2176.0,40077.0,0.1838235294117647,0.9009803921568628,0.2137254901960784,0.8709377901578459,0.515778019586507,0.9956,0.9843,0.995,0.6746,0.9831,4,2,1,0,2524,1545,934,45,967,64596,2,0,0,0.235,LOWELL,1560,1490,17.496131000000002,joined
25021417501,Census Tract 4175.01,Norfolk,5563.0,90491.0,0.117023188926838,0.4229443623830625,0.1102904972919743,0.5312084993359893,0.610011641443539,0.7043,0.72,0.6296,0.8014,0.4815,3,1,1,0,3623,1729,1394,500,2110,130227,0,0,0,0.478,QUINCY,928,875,10.740924000000001,joined
25021456200,Census Tract 4562,Norfolk,4116.0,116239.0,0.0800593031875463,0.2959251837007348,0.0521042084168336,0.325,0.5395033860045146,0.4752,0.3741,0.1632,0.7645,0.6955,3,2,1,1,4409,2094,903,1412,1498,139210,10,4,20,0.586,STOUGHTON,780,744,18.19641,joined
25021419300,Census Tract 4193,Norfolk,3955.0,105991.0,0.0543699186991869,0.315958815958816,0.092020592020592,0.438125,0.4562118126272912,0.6271,0.5756,0.7665,0.6221,0.403,2,1,1,1,3240,1193,910,1137,1532,156172,0,0,0,0.595,BRAINTREE,30,20,6.382543,joined
25021400900,Census Tract 4009,Norfolk,4115.0,82109.0,0.152892561983471,0.6195385370643103,0.3431516936671576,0.8754562043795621,0.6045958795562599,0.6328,0.4074,0.5411,0.7039,0.8129,1,1,0,0,2020,1256,657,107,1936,142411,0,0,0,0.182,BROOKLINE,294,277,3.542596,joined
25025061204,Census Tract 612.04,Suffolk,864.0,171365.0,0.0648148148148148,0.6821192052980133,0.466887417218543,1.0,0.3276699029126214,0.0433,0.0107,0.0163,0.1555,0.7414,1,1,0,0,2372,1422,950,0,612,241135,12,0,0,0.166,BOSTON,4471,4197,71.531141,joined
25025070802,Census Tract 708.02,Suffolk,2235.0,98250.0,0.0993288590604026,0.7205987170349252,0.4490377761938702,0.9183400267737616,0.5321463897131553,0.7395,0.6083,0.6585,0.6802,0.8406,1,1,0,0,1758,1297,376,85,1487,144014,0,0,0,0.258,BOSTON,4471,4197,71.531141,joined
25009260301,Census Tract 2603.01,Essex,4600.0,90417.0,0.1048812664907651,0.271062271062271,0.0491889063317634,0.3242966751918159,0.5501930501930502,0.4206,0.3396,0.4821,0.4079,0.4595,3,2,1,0,3858,1899,1511,448,1824,118382,0,0,0,1.345,HAVERHILL,1112,1071,29.966203999999998,joined
25009250700,Census Tract 2507,Essex,5425.0,58433.0,0.1491244239631336,0.79491833030853,0.205686630369026,0.8220238095238095,0.7488584474885844,0.8876,0.9561,0.8475,0.9775,0.5254,5,2,3,0,3798,1724,1992,82,1662,74073,1,0,0,0.498,LAWRENCE,1455,1384,18.827804,joined
25009251200,Census Tract 2512,Essex,1614.0,31094.0,0.2779171894604768,0.9615384615384616,0.4177718832891247,1.0,0.6,0.9718,0.9749,0.9303,0.995,0.8468,7,4,3,0,2212,1245,961,6,725,34003,0,0,0,0.26,LAWRENCE,1455,1384,18.827804,joined
25009206900,Census Tract 2069,Essex,5102.0,26519.0,0.2784181240063593,0.8778939507094847,0.3689320388349514,0.987235594456601,0.5720969800085071,0.9881,0.946,0.9944,0.8757,0.9328,4,3,1,0,1527,1111,383,33,2567,41200,2,0,0,0.106,LYNN,2005,1957,16.419473999999997,joined
25009204102,Census Tract 2041.02,Essex,5206.0,88102.0,0.1328855840729191,0.3080637373249638,0.061323032351521,0.5039224734656207,0.512539184952978,0.5964,0.3641,0.678,0.5503,0.7194,3,2,0,0,3399,2173,612,614,1989,131767,3,0,0,0.61,SALEM,864,811,9.384780999999998,joined
25009268400,Census Tract 2684,Essex,4593.0,128224.0,0.0268367795864496,0.2221691352126134,0.073100812231247,0.2543933054393305,0.243010752688172,0.2141,0.2932,0.3697,0.148,0.2078,2,1,1,0,3944,1838,1646,460,1969,182519,1,0,0,0.74,,0,0,0,joined
25025010103,Census Tract 101.03,Suffolk,3880.0,,0.2722419928825623,0.7916666666666666,0.5565476190476191,0.9210526315789472,0.7481203007518797,0.6397,0.7665,0.01,0.7745,0.9755,1,1,0,0,1141,937,199,5,374,105384,0,0,0,0.2,BOSTON,4471,4197,71.531141,joined
25025110301,Census Tract 1103.01,Suffolk,2654.0,116858.0,0.0575019040365575,0.2702980472764645,0.1223021582733813,0.5025176233635448,0.376425855513308,0.6811,0.5066,0.8198,0.8395,0.5468,2,1,1,0,3495,1610,1381,504,980,145759,0,0,0,0.547,BOSTON,4471,4197,71.531141,joined
25025040801,Census Tract 408.01,Suffolk,3872.0,105580.0,0.1303784344219803,0.5729827742520399,0.1477787851314596,0.9118143459915612,0.3995253164556962,0.7941,0.6478,0.7972,0.7414,0.8475,1,1,0,0,1714,1467,229,18,2115,154515,3,0,0,0.102,BOSTON,4471,4197,71.531141,joined
25025061101,Census Tract 611.01,Suffolk,2585.0,27474.0,0.4718665114474195,1.0,0.5626598465473146,0.8091543832428238,0.4867860187553282,0.9353,0.9542,0.936,0.8838,0.6723,5,3,1,0,2050,1428,592,30,1171,40920,0,0,0,0.136,BOSTON,4471,4197,71.531141,joined
25025092400,Census Tract 924,Suffolk,5981.0,50758.0,0.2624979100484869,0.7858455882352942,0.4232536764705882,0.8721704394141145,0.571345029239766,0.9058,0.9755,0.924,1.0,0.4112,3,2,1,0,3081,1691,1282,108,2188,89259,0,0,0,0.613,BOSTON,4471,4197,71.531141,joined
25023505102,Census Tract 5051.02,Plymouth,5568.0,192863.0,0.0229448961156278,0.0694371383482377,0.0042083114150447,0.0432766615146831,0.6515151515151515,0.0691,0.0734,0.3672,0.1193,0.1243,3,1,1,1,5297,2401,1253,1643,1901,205806,6,0,0,0.276,SCITUATE,310,299,5.647893,joined
25023511302,Census Tract 5113.02,Plymouth,3795.0,103021.0,0.087598944591029,0.2344028520499108,0.1319073083778966,0.2313104661389621,0.2091254752851711,0.8456,0.8456,0.8701,0.9026,0.5782,4,2,1,1,3860,1910,1393,557,1126,101530,0,0,0,1.041,BROCKTON,2369,2299,29.462186000000003,joined
25025070201,Census Tract 702.01,Suffolk,3871.0,39178.0,0.3844476744186046,0.9506172839506172,0.7067901234567902,0.9848101265822784,0.4534632034632034,0.7445,0.5549,0.4043,0.7701,0.9636,1,1,0,0,1221,1038,172,11,966,128413,3,0,0,0.073,BOSTON,4471,4197,71.531141,joined
25025020304,Census Tract 203.04,Suffolk,1441.0,153547.0,0.10617626648161,0.9178082191780822,0.5579078455790785,0.9743589743589745,0.5020352781546812,0.2279,0.2624,0.0207,0.5322,0.7935,1,1,0,0,1493,1339,154,0,729,230910,5,0,0,0.141,BOSTON,4471,4197,71.531141,joined
25025010206,Census Tract 102.06,Suffolk,2121.0,81875.0,0.2947567312234294,0.973920130399348,0.5965770171149144,1.0,0.5933054393305439,0.4915,0.5669,0.0232,0.812,0.8814,1,1,0,0,1087,916,169,2,1248,100005,12,0,0,0.237,BOSTON,4471,4197,71.531141,joined
25025170102,Census Tract 1701.02,Suffolk,5262.0,118077.0,0.0302912621359223,0.2918287937743191,0.0901426718547341,0.4711717296962182,0.6222222222222222,0.6598,0.7834,0.5355,0.8688,0.3057,3,1,1,1,4235,1788,1733,714,1702,126587,2,0,0,0.583,REVERE,1329,1289,11.942450999999998,joined
25025981900,Census Tract 9819,Suffolk,0.0,,,,,,,-999.0,-999.0,-999.0,-999.0,-999.0,,,,,,,,,,,0,0,0,0.657,BOSTON,4471,4197,71.531141,joined
25025000805,Census Tract 8.05,Suffolk,2943.0,70020.0,0.3098265895953757,0.976869699306091,0.5736314572089437,0.9195664575014262,0.6132596685082873,0.629,0.6955,0.0295,0.8214,0.946,1,1,0,0,1346,992,347,7,1397,91809,4,0,0,0.223,BOSTON,4471,4197,71.531141,joined
25025980900,Census Tract 9809,Suffolk,51.0,,0.0980392156862745,1.0,0.5882352941176471,1.0,0.1176470588235294,0.0628,0.2153,0.0157,0.569,0.3264,2,1,1,0,1972,961,989,22,26,112687,0,0,0,0.909,BOSTON,4471,4197,71.531141,joined
25021422401,Census Tract 4224.01,Norfolk,3476.0,68871.0,0.1357479387514723,0.7121573301549463,0.1168057210965435,0.6642538975501113,0.6543933054393305,0.9498,0.9077,0.8142,0.4997,0.9931,3,1,1,1,2743,1412,739,592,1610,105245,0,0,0,0.711,WEYMOUTH,903,873,10.085437,joined
25021422201,Census Tract 4222.01,Norfolk,2487.0,113056.0,0.0443727309398951,0.6648177496038035,0.0,0.7873563218390804,0.5411203814064363,0.5229,0.5053,0.6158,0.4379,0.4149,2,1,1,0,2397,1357,968,72,990,154335,0,0,0,1.251,WEYMOUTH,903,873,10.085437,joined
25021408103,Census Tract 4081.03,Norfolk,3594.0,204015.0,0.0322760155815247,0.0077854671280276,0.0458477508650519,0.0077854671280276,1.0,0.0056,0.1293,0.0508,0.2305,0.0188,2,1,0,1,6229,2922,1152,2155,1104,264547,0,0,0,1.493,MEDWAY,494,469,6.999026,joined
25021420101,Census Tract 4201.01,Norfolk,5375.0,113878.0,0.0775700934579439,0.25517627308338,0.1186345831001678,0.1828814460393407,0.3486842105263157,0.737,0.6139,0.7282,0.8551,0.7075,3,2,1,1,4782,2262,843,1677,1914,140260,0,0,0,1.081,RANDOLPH,1202,1182,14.941883,joined
25023510504,Census Tract 5105.04,Plymouth,2334.0,35500.0,0.2682090831191088,0.5608974358974359,0.3974358974358974,0.549949545913219,0.5695238095238095,0.9335,0.818,0.7997,0.93,0.9862,5,3,1,1,3312,1585,896,831,929,60332,0,0,0,0.845,BROCKTON,2369,2299,29.462186000000003,joined
25023980200,Census Tract 9802,Plymouth,1481.0,82841.0,0.1166666666666666,0.8947368421052632,0.1842105263157894,0.8947368421052632,0.1470588235294117,0.2869,0.6183,0.0301,0.6933,0.2994,3,3,0,0,3815,3172,273,370,81,115162,0,0,0,2.232,BRIDGEWATER,581,548,16.123117,joined
25017350106,Census Tract 3501.06,Middlesex,2073.0,133125.0,0.0916546068499758,0.9169381107491856,0.3371335504885993,1.0,0.4449378330373001,0.3377,0.3597,0.032,0.7202,0.732,1,1,0,0,1495,1159,321,15,1032,145736,18,1,3,0.026,SOMERVILLE,752,707,10.104102999999999,joined
25017373902,Census Tract 3739.02,Middlesex,3670.0,167250.0,0.0407152682255845,0.2248322147651006,0.0295302013422818,0.5564803804994055,0.573134328358209,0.2706,0.1626,0.2819,0.4747,0.435,1,1,1,0,4161,2170,1560,431,1426,301828,2,0,0,0.237,NEWTON,1445,1369,21.226114000000003,joined
25017350105,Census Tract 3501.05,Middlesex,1211.0,130909.0,0.0363336085879438,0.5055762081784386,0.1970260223048327,0.7959927140255009,0.3198529411764705,0.3321,0.4796,0.2398,0.4316,0.2291,2,1,1,0,3125,1482,1164,479,526,165451,0,0,0,0.371,SOMERVILLE,752,707,10.104102999999999,joined
25017342302,Census Tract 3423.02,Middlesex,3972.0,123214.0,0.0939073514602215,0.5644409937888198,0.0993788819875776,0.8414804469273743,0.3741403026134801,0.6541,0.7018,0.6252,0.8201,0.3591,3,1,1,0,3338,1558,1458,322,1260,107776,0,0,0,0.498,EVERETT,716,695,16.963893,joined
25017351002,Census Tract 3510.02,Middlesex,2787.0,142589.0,0.0753498385360602,0.7072181670721817,0.1768045417680454,0.8356060606060606,0.3405963302752293,0.2837,0.1281,0.0691,0.6209,0.7784,2,1,1,0,2768,1515,1173,80,1233,157991,0,0,0,0.218,SOMERVILLE,752,707,10.104102999999999,joined
25017350202,Census Tract 3502.02,Middlesex,4201.0,132159.0,0.0542727921923351,0.459605026929982,0.0945541591861161,0.7842135150482681,0.3111979166666667,0.467,0.307,0.4193,0.6015,0.6077,2,1,1,0,3034,1526,1206,302,1670,168004,1,0,0,0.025,SOMERVILLE,752,707,10.104102999999999,joined
25017354901,Census Tract 3549.01,Middlesex,3235.0,159786.0,0.0908809891808346,1.0,0.3768278965129358,1.0,0.3183352080989876,0.2122,0.1061,0.0276,0.8576,0.7734,1,1,0,0,1514,1166,348,0,1554,186632,16,0,0,0.163,CAMBRIDGE,881,803,10.190912,joined
25017351101,Census Tract 3511.01,Middlesex,3230.0,129594.0,0.0497011638880151,0.6737260092653872,0.2342819324950364,0.8641439205955335,0.3428290766208251,0.5399,0.5367,0.0829,0.3898,0.9033,2,1,1,0,2435,1396,997,42,1602,143891,0,0,0,0.383,SOMERVILLE,752,707,10.104102999999999,joined
25017342301,Census Tract 3423.01,Middlesex,3652.0,82255.0,0.0873704844581349,0.4775700934579439,0.1785046728971962,0.7231897341888176,0.5362035225048923,0.8399,0.9102,0.8738,0.9088,0.4018,3,1,1,0,4125,2002,1637,486,1163,144371,0,0,0,0.453,EVERETT,716,695,16.963893,joined
25017383402,Census Tract 3834.02,Middlesex,3935.0,67288.0,0.1422336328626444,0.541019955654102,0.0480413895048041,0.4542177361211247,0.6229508196721312,0.575,0.6171,0.5964,0.8364,0.2743,4,2,1,1,3378,1675,959,744,1423,90911,0,0,0,0.366,FRAMINGHAM,1991,1886,38.134805,joined
25021418003,Census Tract 4180.03,Norfolk,2759.0,112889.0,0.1148967017035157,0.7710926694329184,0.1210235131396957,0.8644179894179894,0.5417040358744395,0.5417,0.4325,0.0659,0.7839,0.9272,2,1,1,0,1926,1201,666,59,1477,115324,1,1,6,0.339,QUINCY,928,875,10.740924000000001,joined
25017341901,Census Tract 3419.01,Middlesex,1188.0,92109.0,0.0319865319865319,0.3373493975903614,0.0939759036144578,0.5824847250509165,0.6071428571428571,0.3622,0.4639,0.4175,0.6983,0.1262,3,1,1,0,4024,1981,1358,685,440,144195,0,0,0,0.64,MALDEN,871,849,7.8276319999999995,joined
25025010408,Census Tract 104.08,Suffolk,1330.0,83417.0,0.2909774436090225,0.8771331058020477,0.5995449374288965,1.0,0.6212710765239948,0.4306,0.6698,0.027,0.6765,0.6183,1,1,0,0,933,768,160,5,881,81020,0,0,0,0.098,BOSTON,4471,4197,71.531141,joined
25025010702,Census Tract 107.02,Suffolk,2261.0,191406.0,0.0588507877664504,0.4632516703786191,0.4268745360059391,0.9500850822461712,0.3141025641025641,0.2323,0.0295,0.0791,0.4678,0.8569,1,1,0,0,1916,1405,408,103,1220,233004,20,0,0,0.142,BOSTON,4471,4197,71.531141,joined
25025180101,Census Tract 1801.01,Suffolk,5398.0,107629.0,0.0665061133753242,0.5039078568490333,0.1814068284656519,0.7595887702649269,0.4187755102040816,0.7483,0.6271,0.7778,0.7164,0.742,2,1,1,0,2855,1576,974,305,2481,115873,0,0,0,1.379,WINTHROP,236,230,2.451046,joined
25017318400,Census Tract 3184,Middlesex,4536.0,155909.0,0.0618255395683453,0.2776442307692308,0.0174278846153846,0.2981755986316989,0.487012987012987,0.4036,0.1218,0.5681,0.5915,0.5706,2,1,1,0,4004,2147,1075,782,1628,181383,9,0,0,0.571,WESTFORD,598,572,11.626042,joined
25025170504,Census Tract 1705.04,Suffolk,3213.0,119559.0,0.0398381574852163,0.7750325097529259,0.2776332899869961,0.93125,0.3959731543624161,0.5581,0.6177,0.086,0.8151,0.725,2,1,1,0,2220,1375,805,40,1274,132059,2,0,0,0.154,REVERE,1329,1289,11.942450999999998,joined
25025000804,Census Tract 8.04,Suffolk,3383.0,98239.0,0.1235589713272243,0.6861826697892272,0.4113973458235753,0.859927797833935,0.2935153583617747,0.5976,0.4677,0.2341,0.7633,0.8343,2,1,1,0,2601,1121,1400,80,1246,133955,0,0,0,0.312,BOSTON,4471,4197,71.531141,joined
25023502200,Census Tract 5022,Plymouth,6098.0,88472.0,0.0954224166947155,0.1517892253244199,0.066063704286276,0.2935496330629586,0.6994818652849741,0.6133,0.4871,0.6598,0.2448,0.7546,4,2,1,1,4481,2174,1282,1025,2615,120657,0,0,0,1.4,ROCKLAND,351,338,6.195281,joined
25023524101,Census Tract 5241.01,Plymouth,3535.0,132171.0,0.0244549204478491,0.0718462823725981,0.0175438596491228,0.0987654320987654,0.7325581395348837,0.2442,0.2241,0.1601,0.0406,0.597,3,2,1,1,5237,2373,1156,1708,1100,151177,1,1,4,0.596,WEST BRIDGEWATER,178,165,20.022899000000002,joined
25009211201,Census Tract 2112.01,Essex,2887.0,141193.0,0.0169726359542777,0.3859649122807017,0.016569200779727,0.3815899581589958,0.1212121212121212,0.005,0.0772,0.0596,0.0337,0.0439,2,1,1,1,3293,1309,976,1008,1122,163940,4,2,4,0.332,DANVERS,56,42,4.930632,joined
25021408104,Census Tract 4081.04,Norfolk,4789.0,168365.0,0.0195869704066425,0.12782874617737,0.037920489296636,0.1186544342507645,0.3349282296650718,0.1469,0.177,0.3873,0.2954,0.1375,2,1,0,1,5802,2659,934,2209,1605,238220,5,0,0,0.777,MEDWAY,494,469,6.999026,joined
25021422402,Census Tract 4224.02,Norfolk,4067.0,120799.0,0.0417391304347826,0.3208955223880597,0.0575692963752665,0.395169578622816,0.367109634551495,0.4049,0.322,0.0665,0.2455,0.9159,3,1,1,1,3614,1698,931,985,1839,138941,0,0,0,1.127,WEYMOUTH,903,873,10.085437,joined
25017337202,Census Tract 3372.02,Middlesex,4935.0,125766.0,0.0420988407565588,0.2922289436947417,0.0604932526756631,0.367601246105919,0.4697452229299363,0.5756,0.3923,0.8726,0.3011,0.4953,3,1,0,1,3994,1919,654,1421,2195,151133,5,2,7,0.446,STONEHAM,559,543,6.321113,joined
25017368400,Census Tract 3684,Middlesex,9513.0,131250.0,0.0774237752655018,0.4932885906040268,0.0453020134228187,0.4916018025399426,0.3171768707482993,0.2894,0.3578,0.0314,0.6396,0.6591,2,1,1,1,3709,1771,1017,921,2464,168878,3,0,0,0.185,WALTHAM,989,922,18.634272,joined
25009254100,Census Tract 2541,Essex,6077.0,140334.0,0.0314817867150156,0.1423543214704732,0.0285490809542432,0.3540305010893246,0.2719780219780219,0.258,0.0716,0.5035,0.3473,0.4488,2,1,1,0,4048,1937,1596,515,2651,176969,0,0,0,0.872,ANDOVER,687,648,14.50191,joined
25009217202,Census Tract 2172.02,Essex,3550.0,147344.0,0.0250704225352112,0.1059413027916964,0.0694345025053686,0.1608487337440109,0.1824324324324324,0.0923,0.1544,0.3032,0.1674,0.1111,3,1,1,1,4512,1942,1285,1285,1427,176770,1,0,0,0.341,BEVERLY,1056,998,26.101654999999997,joined
25009221400,Census Tract 2214,Essex,3921.0,69830.0,0.1392501912777352,0.5233463035019456,0.0719844357976653,0.7352201257861635,0.4783147459727385,0.811,0.7878,0.7213,0.4422,0.8763,4,2,1,1,3517,1618,1139,760,1474,99588,1,1,8,0.346,GLOUCESTER,861,817,7.946339,joined
25017373400,Census Tract 3734,Middlesex,3496.0,142500.0,0.0394736842105263,0.4532640949554896,0.0949554896142433,0.5434329395413482,0.4222585924713584,0.0935,0.0967,0.1419,0.3948,0.2254,2,1,1,0,3910,1881,1428,601,1328,224802,4,0,0,0.241,NEWTON,1445,1369,21.226114000000003,joined
25017338100,Census Tract 3381,Middlesex,3471.0,227083.0,0.0351483722270239,0.148881239242685,0.0111876075731497,0.1540425531914893,0.3179190751445087,0.0232,0.0282,0.3453,0.5415,0.005,2,1,1,0,4922,2047,1596,1279,1123,269029,0,0,0,0.712,WINCHESTER,441,427,4.1942330000000005,joined
25017383502,Census Tract 3835.02,Middlesex,3920.0,97943.0,0.0332431387707769,0.5071360608943863,0.0342530922930542,0.3996229971724788,0.5328330206378987,0.6234,0.656,0.4225,0.7395,0.5072,3,1,1,1,3916,2004,1079,833,1121,147120,9,0,0,0.211,FRAMINGHAM,1991,1886,38.134805,joined
25017300100,Census Tract 3001,Middlesex,3211.0,115598.0,0.0263157894736842,0.0452022204599524,0.0079302141157811,0.0174110522331567,0.2807017543859649,0.064,0.4218,0.0709,0.0381,0.0665,3,1,0,2,4673,1882,573,2218,1245,136448,0,0,0,6.07,ASHBY,201,193,4.481135999999999,joined
25025010802,Census Tract 108.02,Suffolk,2868.0,153618.0,0.080130529369108,0.592463768115942,0.4318840579710145,0.986854917234664,0.388454011741683,0.2241,0.1908,0.0264,0.3254,0.8701,1,1,0,0,1806,1306,400,100,1905,212032,0,0,0,0.283,BOSTON,4471,4197,71.531141,joined
25025110601,Census Tract 1106.01,Suffolk,2937.0,159397.0,0.0075187969924812,0.3504144687264506,0.1906556141672946,0.4247851002865329,0.4924731182795699,0.4965,0.1965,0.6127,0.3442,0.7866,2,1,1,0,3429,1534,1441,454,1361,183183,0,0,0,0.71,BOSTON,4471,4197,71.531141,joined
25025090901,Census Tract 909.01,Suffolk,3062.0,58716.0,0.34944480731548,0.9986541049798116,0.3432032301480484,0.8229548229548229,0.612533692722372,0.8029,0.7759,0.462,0.9207,0.8795,2,2,0,0,1379,1054,316,9,1395,68111,23,0,0,0.133,BOSTON,4471,4197,71.531141,joined
25025000402,Census Tract 4.02,Suffolk,3669.0,108235.0,0.1532725766362883,0.7538677918424754,0.1919831223628691,0.834625322997416,0.4934701492537313,0.5807,0.5738,0.0678,0.6402,0.9127,2,1,1,0,2589,1255,1207,127,1410,122233,2,0,0,0.247,BOSTON,4471,4197,71.531141,joined
25025060603,Census Tract 606.03,Suffolk,2082.0,176198.0,0.0509125840537944,0.8055754110078628,0.4403145103645461,0.9772866789441376,0.3904170363797693,0.0138,0.0113,0.0025,0.3379,0.5794,1,0,0,0,1328,1044,226,58,814,236337,96,10,10,0.036,BOSTON,4471,4197,71.531141,joined
25021413500,Census Tract 4135,Norfolk,4559.0,71465.0,0.1642021628779519,0.672264631043257,0.0503816793893129,0.6608478802992519,0.7047691143073429,0.7502,0.7188,0.8569,0.7577,0.4608,3,1,1,0,2820,1108,1195,517,2003,110717,11,0,0,0.321,NORWOOD,6,4,0.89539,joined
25017330202,Census Tract 3302.02,Middlesex,3847.0,93385.0,0.0454899922017156,0.3571000599161174,0.0671060515278609,0.4139875916525662,0.6711409395973155,0.5719,0.5122,0.7062,0.3417,0.4934,2,1,1,1,3355,1320,1157,878,1619,135997,4,0,0,0.628,NORTH READING,34,26,1.7918340000000001,joined
25017384004,Census Tract 3840.04,Middlesex,1442.0,132163.0,0.0201583873290136,0.2451838879159369,0.0070052539404553,0.3327495621716287,0.3285714285714285,0.5292,0.4231,0.5135,0.6952,0.521,2,1,1,0,3825,2161,941,723,594,165289,0,0,0,0.844,FRAMINGHAM,1991,1886,38.134805,joined
25017333601,Census Tract 3336.01,Middlesex,2251.0,125278.0,0.097734340293203,0.8772727272727273,0.0227272727272727,0.8663239074550129,0.5295336787564767,0.3019,0.634,0.0979,0.6508,0.113,2,1,1,0,2334,1344,856,134,839,127173,19,1,12,0.342,WOBURN,1280,1197,29.075126,joined
25021442105,Census Tract 4421.05,Norfolk,2235.0,139091.0,0.0577181208053691,0.3111111111111111,0.02,0.3653061224489796,0.5107142857142857,0.3258,0.3176,0.2059,0.4385,0.4444,2,1,1,0,3318,1829,1309,180,896,169612,0,0,0,1.258,FRANKLIN,627,585,25.62493899999999,joined
25017330101,Census Tract 3301.01,Middlesex,3546.0,207750.0,0.0174844895657078,0.0196581196581196,0.0076923076923076,0.0196581196581196,1.0,0.0063,0.0019,0.2373,0.1455,0.0314,1,1,0,0,4031,1685,1193,1153,1220,269222,0,0,0,2.463,NORTH READING,34,26,1.7918340000000001,joined
25009261102,Census Tract 2611.02,Essex,4542.0,111890.0,0.0777190664905328,0.2473060344827586,0.0053879310344827,0.4625816172777499,0.4531590413943355,0.29,0.3892,0.5116,0.6209,0.0672,3,1,1,0,3426,1842,1440,144,1953,128113,0,0,0,0.549,HAVERHILL,1112,1071,29.966203999999998,joined
25009252102,Census Tract 2521.02,Essex,4631.0,134776.0,0.0136039732239257,0.1158576051779935,0.0362459546925566,0.0297734627831715,0.5195530726256983,0.0973,0.1858,0.2856,0.5634,0.037,3,1,1,0,4078,2173,1413,492,1613,153365,0,0,0,1.222,METHUEN,1661,1635,22.574887,joined
25025100800,Census Tract 1008,Suffolk,5738.0,78533.0,0.1205995120250958,0.5565402339595888,0.2073732718894009,0.7528360261258165,0.5273885350318471,0.666,0.6045,0.8186,0.7689,0.4055,2,1,1,0,2793,1399,1154,240,2799,127592,1,0,0,0.545,BOSTON,4471,4197,71.531141,joined
25025050400,Census Tract 504,Suffolk,2174.0,74023.0,0.1609935602575897,0.7098591549295775,0.4253521126760563,0.936411149825784,0.4457671957671957,0.8531,0.8362,0.5292,0.817,0.9297,2,1,1,0,2168,1302,833,33,1027,127720,1,0,0,0.059,BOSTON,4471,4197,71.531141,joined
25025092200,Census Tract 922,Suffolk,4006.0,116818.0,0.1038442336495257,0.4091627172195892,0.1951026856240126,0.6003098373353989,0.415057915057915,0.7087,0.553,0.7859,0.8988,0.5982,3,1,1,0,3754,1776,1608,370,1151,147781,0,0,0,0.42,BOSTON,4471,4197,71.531141,joined
25023530300,Census Tract 5303,Plymouth,4063.0,77163.0,0.0681762244646812,0.6118421052631579,0.075438596491228,0.6541232986389112,0.4444444444444444,0.5618,0.7583,0.3057,0.268,0.4275,3,1,1,0,3085,1758,1005,322,2113,117354,5,0,0,0.462,PLYMOUTH,1588,1483,53.683165,joined
25017368300,Census Tract 3683,Middlesex,5742.0,91955.0,0.1913558731265249,0.5056618508395159,0.1085513471300273,0.579746835443038,0.5413127413127413,0.5512,0.6077,0.1105,0.7995,0.6792,3,1,1,0,3469,1733,1264,472,2701,128424,0,0,0,0.567,WALTHAM,989,922,18.634272,joined
25017363201,Census Tract 3632.01,Middlesex,3448.0,232000.0,0.0258120649651972,0.1617647058823529,0.023219814241486,0.1114551083591331,0.3732057416267942,0.0308,0.0038,0.2655,0.5971,0.0515,2,1,1,0,4471,1971,1605,895,1241,263171,1,0,0,0.782,ACTON,720,669,17.895219,joined
25017301102,Census Tract 3011.02,Middlesex,5085.0,126549.0,0.0697628458498023,0.0945494994438264,0.0,0.0502732240437158,0.5647058823529412,0.0703,0.4338,0.1318,0.0931,0.027,3,1,1,1,4697,2177,1459,1061,1931,145563,0,0,0,0.856,TOWNSEND,392,378,4.41111,joined
25021417901,Census Tract 4179.01,Norfolk,7161.0,58392.0,0.1518456375838926,0.7373380447585395,0.1943462897526501,0.8163310466917459,0.5971246006389777,0.8776,0.8901,0.6761,0.7264,0.8751,3,2,1,0,2130,1351,445,334,4121,79303,0,0,0,0.658,QUINCY,928,875,10.740924000000001,joined
25021400300,Census Tract 4003,Norfolk,4628.0,190667.0,0.0847383402671337,0.3672566371681416,0.2378318584070796,0.8458289334741288,0.4036144578313253,0.3773,0.2687,0.231,0.6096,0.5317,2,1,1,0,3096,1501,1195,400,1761,206059,0,0,0,0.344,BROOKLINE,294,277,3.542596,joined
25009210301,Census Tract 2103.01,Essex,5095.0,62627.0,0.0953150242326332,0.4917449012625445,0.2748462285529297,0.8803016022620169,0.8387096774193549,0.7677,0.6748,0.5424,0.0637,0.9868,1,1,0,0,1283,708,256,319,3100,93803,2,0,0,0.466,PEABODY,31,26,1.313219,joined
25023511702,Census Tract 5117.02,Plymouth,2806.0,120660.0,0.0295902883156297,0.2948979591836734,0.0193877551020408,0.2682926829268293,0.3217993079584775,0.5763,0.4809,0.521,0.7908,0.5317,3,1,1,1,3871,1870,1030,971,1006,126856,1,0,0,0.543,BROCKTON,2369,2299,29.462186000000003,joined
25025110106,Census Tract 1101.06,Suffolk,1590.0,92083.0,0.080503144654088,0.5194805194805194,0.1753246753246753,0.7717528373266078,0.71,0.7006,0.619,0.5731,0.5465,0.8023,2,1,1,0,2606,1228,1091,287,795,143370,0,0,0,0.262,BOSTON,4471,4197,71.531141,joined
25023542302,Census Tract 5423.02,Plymouth,4104.0,78301.0,0.1326829268292683,0.5588069780528981,0.0433314575126617,0.5591280653950954,0.5558912386706949,0.6849,0.5148,0.7106,0.0931,0.9002,2,1,1,1,2675,1246,794,635,1629,113953,5,2,2,0.387,MIDDLEBOROUGH,45,31,8.938308999999999,joined
25025070102,Census Tract 701.02,Suffolk,3346.0,123454.0,0.3401301518438178,0.6888361045130641,0.6009501187648456,1.0,0.4022988505747126,0.8412,0.7809,0.6868,0.7883,0.9115,1,1,0,0,1392,1127,263,2,1078,159512,2,0,0,0.15,BOSTON,4471,4197,71.531141,joined
25025060601,Census Tract 606.01,Suffolk,1846.0,190833.0,0.0146262188515709,0.6203866432337434,0.4261862917398945,0.9611158072696534,0.1770538243626062,0.2699,0.1255,0.0364,0.7021,0.8537,1,1,0,0,2175,1420,746,9,1059,220768,1,0,0,0.148,BOSTON,4471,4197,71.531141,joined
25025080300,Census Tract 803,Suffolk,2210.0,45962.0,0.2394366197183098,0.7554824561403509,0.4703947368421052,0.8378947368421052,0.737300435413643,0.9404,0.9586,0.7031,0.9594,0.909,4,2,1,0,2336,1406,839,91,943,59139,0,0,0,0.209,BOSTON,4471,4197,71.531141,joined
25017368101,Census Tract 3681.01,Middlesex,5536.0,140536.0,0.0732647814910025,0.5743697478991596,0.1126050420168067,0.4365546218487395,0.4579370885149963,0.4652,0.2517,0.6485,0.6327,0.4896,2,1,1,1,3809,1928,921,960,2450,170035,0,0,0,0.48,WALTHAM,989,922,18.634272,joined
25009207100,Census Tract 2071,Essex,4153.0,118929.0,0.0974668275030156,0.5769230769230769,0.073076923076923,0.7400508044030483,0.375,0.818,0.7702,0.9027,0.9438,0.5355,3,2,1,0,3927,2099,1473,355,1143,113959,0,0,0,0.474,LYNN,2005,1957,16.419473999999997,joined
25009221800,Census Tract 2218,Essex,1808.0,106705.0,0.059182428309945,0.1203566121842496,0.0104011887072808,0.1519337016574585,0.3703703703703703,0.1262,0.4438,0.1281,0.0606,0.0979,3,1,1,1,4459,1959,1204,1296,689,158053,1,0,0,0.214,GLOUCESTER,861,817,7.946339,joined
25017340100,Census Tract 3401,Middlesex,6584.0,165893.0,0.0361128332300062,0.214258039519566,0.0945370011623401,0.1558291650634859,0.7811934900542495,0.4237,0.4727,0.2128,0.6302,0.4193,2,1,1,0,3995,1918,1468,609,2691,163632,1,0,0,0.246,MEDFORD,902,867,8.082967,joined
25017310200,Census Tract 3102,Middlesex,7273.0,91192.0,0.1902617506332676,0.495311167945439,0.1739130434782608,0.5937629937629938,0.5688468158347676,0.8192,0.7376,0.897,0.8595,0.6466,4,2,1,0,3330,1866,1302,162,2287,89607,0,0,0,0.656,LOWELL,1560,1490,17.496131000000002,joined
25025100500,Census Tract 1005,Suffolk,8246.0,68858.0,0.2138433515482695,0.613160518444666,0.2731804586241276,0.8331181407359587,0.4509485094850948,0.8989,0.8801,0.8085,0.95,0.8173,3,1,1,0,3305,1651,1557,97,2771,122687,0,0,0,0.461,BOSTON,4471,4197,71.531141,joined
25025050300,Census Tract 503,Suffolk,3691.0,67129.0,0.1615176151761517,0.8834645669291339,0.484514435695538,0.9266012155212716,0.4913844325609031,0.8814,0.8663,0.5819,0.8557,0.9284,2,1,0,0,1573,1156,377,40,1700,102485,0,0,0,0.275,BOSTON,4471,4197,71.531141,joined
25025000201,Census Tract 2.01,Suffolk,4407.0,123525.0,0.1706873008648156,0.6933835395373857,0.1452393760086067,0.5928833071690215,0.4297905352986811,0.597,0.7916,0.0785,0.6665,0.6221,2,1,1,0,2984,1259,1227,498,1903,123040,0,0,0,0.514,BOSTON,4471,4197,71.531141,joined
25021404400,Census Tract 4044,Norfolk,6552.0,250001.0,0.1118295019157088,0.2771972956361401,0.0958819913952059,0.3271137026239067,0.3658536585365853,0.2668,0.2028,0.1525,0.5353,0.4809,1,1,1,0,4118,1703,1707,708,1781,317045,5,0,0,0.438,WELLESLEY,103,96,0.9873540000000001,joined
25021402102,Census Tract 4021.02,Norfolk,4677.0,83766.0,0.1338839382742882,0.3336870026525199,0.0811671087533156,0.3737636647579386,0.6947535771065183,0.6805,0.5612,0.8537,0.5928,0.516,3,1,1,0,3663,1765,1677,221,1769,135695,0,0,0,0.93,DEDHAM,478,454,9.047156999999999,joined
25023540101,Census Tract 5401.01,Plymouth,4543.0,107500.0,0.0617338979273456,0.283704572098476,0.0175849941383352,0.2855524079320113,0.7045454545454546,0.4827,0.4739,0.4947,0.1555,0.5631,3,1,0,1,3483,1491,421,1571,1696,128192,3,0,0,1.235,LAKEVILLE,68,64,3.9499299999999997,joined
25023510900,Census Tract 5109,Plymouth,2094.0,26109.0,0.4319923371647509,0.9148737137511692,0.5425631431244153,0.9752270850536746,0.6584867075664622,1.0,0.9994,0.9906,0.9288,0.9981,6,4,2,0,2359,1396,807,156,1046,36644,2,0,0,0.144,BROCKTON,2369,2299,29.462186000000003,joined
25023520202,Census Tract 5202.02,Plymouth,6217.0,130539.0,0.0682000965095705,0.3440308087291399,0.0282413350449293,0.3175010697475395,0.404228855721393,0.1645,0.4105,0.2122,0.2092,0.0948,3,1,1,1,4287,2336,890,1061,2303,158876,1,0,0,0.822,ABINGTON,335,321,5.424993000000001,joined
25017350702,Census Tract 3507.02,Middlesex,3238.0,43451.0,0.1834465719579987,0.803331197950032,0.3625880845611787,0.9439950217797136,0.4696969696969697,0.8311,0.6635,0.951,0.7689,0.7589,3,1,1,0,2090,1132,895,63,1631,81044,0,0,0,0.581,SOMERVILLE,752,707,10.104102999999999,joined
25025170302,Census Tract 1703.02,Suffolk,3540.0,110671.0,0.215680473372781,0.8541790160047421,0.1215174866627148,0.90411672746222,0.494795281054823,0.7401,0.6252,0.3829,0.7739,0.9278,2,1,0,0,2039,1369,472,198,1737,112061,0,0,0,0.403,REVERE,1329,1289,11.942450999999998,joined
25025170503,Census Tract 1705.03,Suffolk,1361.0,62188.0,0.1923360353721444,0.4032042723631509,0.1628838451268358,0.8331108144192256,0.5298013245033113,0.6924,0.6227,0.6114,0.7333,0.6623,3,2,1,0,2961,1727,889,345,702,106766,0,0,0,0.233,REVERE,1329,1289,11.942450999999998,joined
25025020200,Census Tract 202,Suffolk,3258.0,113618.0,0.1025168815224063,0.7960618846694796,0.6488513830285982,0.9014962593516208,0.5129564193168433,0.0546,0.167,0.0257,0.3417,0.3572,1,1,0,0,1781,1246,480,55,2052,165171,0,0,0,0.158,BOSTON,4471,4197,71.531141,joined
25025101101,Census Tract 1011.01,Suffolk,4407.0,93750.0,0.1721703484399908,0.4887482419127988,0.1947960618846694,0.7079705291359678,0.4,0.8757,0.8707,0.9372,0.9894,0.4947,4,2,2,0,4197,1855,1839,503,1351,105980,0,0,0,0.602,BOSTON,4471,4197,71.531141,joined
25025120201,Census Tract 1202.01,Suffolk,4256.0,105701.0,0.1473214285714285,0.7231386535889434,0.2371823450735622,0.9319219593192196,0.4839704069050555,0.4451,0.4193,0.0716,0.807,0.7181,2,1,1,0,2303,1239,916,148,2113,137944,0,0,0,0.547,BOSTON,4471,4197,71.531141,joined
25025050101,Census Tract 501.01,Suffolk,4891.0,50625.0,0.1824832775919732,0.644854253420583,0.3664485425342058,0.9021092482422932,0.5387453874538746,0.9228,0.887,0.8431,0.9063,0.8889,2,1,1,0,2550,1376,962,212,1853,115649,0,0,0,0.463,BOSTON,4471,4197,71.531141,joined
25025091700,Census Tract 917,Suffolk,3477.0,74892.0,0.2786885245901639,0.6180620884289746,0.2699905926622766,0.9153122326775022,0.619482496194825,0.9692,0.9052,0.9517,0.9938,0.9027,4,2,2,0,3750,1778,1778,194,1011,95005,0,0,0,0.164,BOSTON,4471,4197,71.531141,joined
25021413401,Census Tract 4134.01,Norfolk,3345.0,98508.0,0.0352048558421851,0.4433055733504164,0.1037796284433055,0.5465253239104829,0.4869942196531792,0.4884,0.3704,0.1456,0.3698,0.8807,2,1,1,0,2664,1017,1160,487,1554,126321,4,0,0,0.251,NORWOOD,6,4,0.89539,joined
25021414200,Census Tract 4142,Norfolk,7600.0,240388.0,0.0455327597617471,0.0379021595416483,0.0193918025561921,0.0360243055555555,0.5232558139534884,0.1293,0.049,0.4526,0.6171,0.1243,2,1,1,0,4651,2463,1541,647,2282,229806,1,0,0,0.518,SHARON,585,560,8.283498999999999,joined
25021410100,Census Tract 4101,Norfolk,6746.0,115880.0,0.0390787518573551,0.1738478831022855,0.0314724615961034,0.3549337260677467,0.5948275862068966,0.6171,0.3264,0.8588,0.4622,0.6836,2,1,0,0,3665,2258,626,781,2698,156293,9,2,10,0.844,FOXBOROUGH,245,223,8.405213,joined
25023502101,Census Tract 5021.01,Plymouth,6842.0,125997.0,0.0191464484068985,0.345476872697503,0.0253786328284895,0.4286862193652069,0.3009478672985782,0.1783,0.4488,0.0942,0.3629,0.1444,3,2,1,0,3707,1962,1151,594,2347,124087,1,0,0,0.56,ROCKLAND,351,338,6.195281,joined
25023511500,Census Tract 5115,Plymouth,5254.0,86513.0,0.1393395686199656,0.579963789981895,0.272178636089318,0.7449157466589192,0.5567117585848075,0.8362,0.904,0.8318,0.975,0.4394,4,2,2,0,3994,1809,1752,433,1635,99122,0,0,0,0.551,BROCKTON,2369,2299,29.462186000000003,joined
25021401201,Census Tract 4012.01,Norfolk,5645.0,250001.0,0.0579273693534101,0.3042341871406168,0.0642969158389963,0.1278784909358157,0.3402061855670103,0.457,0.1839,0.6529,0.7283,0.4965,2,1,1,0,4575,2229,1958,388,1952,301833,4,0,0,0.304,BROOKLINE,294,277,3.542596,joined
25021419601,Census Tract 4196.01,Norfolk,1305.0,106237.0,0.1164750957854406,0.5593451568894953,0.0095497953615279,0.759020618556701,0.6,0.1249,0.1827,0.2643,0.4809,0.1036,1,1,0,0,1560,793,708,59,732,152456,0,0,0,1.234,BRAINTREE,30,20,6.382543,joined
25017351001,Census Tract 3510.01,Middlesex,4114.0,146229.0,0.0671550671550671,0.6253340459647247,0.2960983431320149,0.9187437686939184,0.3777777777777777,0.0584,0.2737,0.0069,0.4834,0.3101,1,1,1,0,2503,1396,1003,104,1844,167150,2,0,0,0.167,SOMERVILLE,752,707,10.104102999999999,joined
25025000505,Census Tract 5.05,Suffolk,1758.0,84417.0,0.1806797853309481,0.8534728829686014,0.5071360608943863,0.945765937202664,0.5663322185061316,0.7533,0.5832,0.4444,0.7364,0.9548,1,1,0,0,1166,980,181,5,1096,105131,1,0,0,0.081,BOSTON,4471,4197,71.531141,joined
25025110104,Census Tract 1101.04,Suffolk,1797.0,69675.0,0.2265625,0.5678832116788322,0.2218978102189781,0.8283378746594006,0.5681233933161953,0.9485,0.963,0.9253,0.925,0.7276,2,1,1,0,2732,1380,1216,136,671,115128,1,0,0,0.049,BOSTON,4471,4197,71.531141,joined
25017335200,Census Tract 3352,Middlesex,6589.0,143008.0,0.0447229959764778,0.3766917293233082,0.0263157894736842,0.4842105263157895,0.2734530938123752,0.2574,0.0358,0.6736,0.2092,0.4476,3,1,1,1,4285,2174,939,1172,2564,165333,0,0,0,0.518,WAKEFIELD,29,27,1.624038,joined
25009206100,Census Tract 2061,Essex,4088.0,74911.0,0.1778375733855186,0.73579013116802,0.2086196127420362,0.9425981873111784,0.4949066213921901,0.9843,0.9862,0.9498,0.9631,0.9008,4,2,1,0,2913,1576,1117,220,1706,74944,0,0,0,0.701,LYNN,2005,1957,16.419473999999997,joined
25009252202,Census Tract 2522.02,Essex,3297.0,121908.0,0.0165593376264949,0.0607111882046834,0.0303555941023417,0.0225752508361204,0.1285714285714285,0.1594,0.3233,0.2097,0.4978,0.0891,4,2,1,1,4991,2336,1082,1573,1203,142053,0,0,0,1.202,METHUEN,1661,1635,22.574887,joined
25017352900,Census Tract 3529,Middlesex,3092.0,159761.0,0.0244458930899608,0.4833204034134988,0.2505818463925524,0.7505197505197505,0.4430176565008025,0.4062,0.2367,0.1412,0.5803,0.7872,1,1,1,0,2762,1506,1163,93,1346,208982,2,0,0,0.176,CAMBRIDGE,881,803,10.190912,joined
25017354800,Census Tract 3548,Middlesex,2333.0,183056.0,0.0498699045967042,0.5170454545454546,0.1543560606060606,0.7782497875955819,0.4853479853479853,0.1544,0.0873,0.0333,0.569,0.7276,1,1,1,0,2564,1345,1066,153,1056,207787,1,0,0,0.205,CAMBRIDGE,881,803,10.190912,joined
25017341101,Census Tract 3411.01,Middlesex,3819.0,136125.0,0.0867627785058977,0.2634943181818182,0.1022727272727272,0.4460431654676259,0.5714285714285714,0.3704,0.5838,0.1274,0.8301,0.172,2,1,1,0,3897,1845,1620,432,1466,178580,0,0,0,0.543,MALDEN,871,849,7.8276319999999995,joined
25017310700,Census Tract 3107,Middlesex,4246.0,63015.0,0.156999226604795,0.7012726054922974,0.2203616878767582,0.6940438871473354,0.5950334288443171,0.8581,0.8274,0.8481,0.8401,0.7665,4,2,1,0,2973,1753,1200,20,1473,82067,5,0,0,0.321,LOWELL,1560,1490,17.496131000000002,joined
25009260600,Census Tract 2606,Essex,3981.0,90469.0,0.1486036382270048,0.413769123783032,0.0139082058414464,0.5353403141361257,0.6016806722689075,0.634,0.7577,0.6246,0.8239,0.1971,4,2,2,0,3921,2060,1565,296,1412,91880,0,0,0,1.079,HAVERHILL,1112,1071,29.966203999999998,joined
25009250400,Census Tract 2504,Essex,4392.0,51961.0,0.0967668488160291,0.8687815428983418,0.2386445565969718,0.840701754385965,0.6174273858921162,0.9617,0.9222,0.9441,0.9913,0.8632,5,3,3,0,3498,1712,1730,56,1390,67679,0,0,0,0.344,LAWRENCE,1455,1384,18.827804,joined
25009205600,Census Tract 2056,Essex,4285.0,84976.0,0.1838973162193699,0.4894342194955692,0.0579413769597818,0.4366645448758752,0.6643454038997214,0.7439,0.7081,0.8374,0.8214,0.4633,3,2,1,0,3081,1689,973,419,1502,92137,0,0,0,1.635,LYNN,2005,1957,16.419473999999997,joined
25025040300,Census Tract 403,Suffolk,4827.0,208319.0,0.0248601615910503,0.364797081623347,0.2024623803009576,0.6174934725848564,0.19875,0.1017,0.0308,0.1287,0.386,0.4049,1,1,0,0,2855,1643,1149,63,2190,249040,0,0,0,0.405,BOSTON,4471,4197,71.531141,joined
25025091100,Census Tract 911,Suffolk,4688.0,133200.0,0.1506761107533805,0.5429417571569596,0.228035538005923,0.7849561605906784,0.3854545454545454,0.6428,0.6993,0.1569,0.782,0.7175,2,1,1,0,3132,1536,1330,266,1924,145259,0,0,0,0.356,BOSTON,4471,4197,71.531141,joined
25017352300,Census Tract 3523,Middlesex,4877.0,171633.0,0.0463058242436715,0.872778675282714,0.3861066235864297,0.9096364278150372,0.3590930124942156,0.199,0.081,0.022,0.7789,0.8462,1,1,0,0,1940,1291,628,21,2364,185214,82,0,0,0.097,CAMBRIDGE,881,803,10.190912,joined
25017351403,Census Tract 3514.03,Middlesex,3986.0,116500.0,0.1665830406422478,0.6909492273730684,0.2742825607064018,0.8316939890710382,0.3682108626198083,0.8054,0.7031,0.511,0.7139,0.9592,2,1,1,0,2714,1472,1120,122,1732,136494,0,0,0,0.267,SOMERVILLE,752,707,10.104102999999999,joined
25017388100,Census Tract 3881,Middlesex,5496.0,144611.0,0.0383915574963609,0.265906099166301,0.0359806932865291,0.3497662558436039,0.5379537953795379,0.3051,0.3798,0.1199,0.5928,0.3679,2,1,0,1,3539,1342,768,1429,2171,213935,1,0,0,1.134,BOXBOROUGH,32,31,5.2579340000000006,joined
25017364102,Census Tract 3641.02,Middlesex,4658.0,122966.0,0.0553885787891799,0.2888688598467778,0.0545290671473636,0.3768054375531011,0.4633385335413416,0.268,0.2837,0.3653,0.3154,0.2762,2,1,1,1,4060,1767,1404,889,1944,174828,0,0,0,0.428,MAYNARD,395,381,4.6461630000000005,joined
25017312100,Census Tract 3121,Middlesex,3474.0,83730.0,0.1709844559585492,0.7295266716754321,0.135236664162284,0.7505518763796909,0.4747682801235839,0.8644,0.8713,0.9335,0.8663,0.4997,4,2,1,0,2806,1957,835,14,1278,79754,0,0,0,0.756,LOWELL,1560,1490,17.496131000000002,joined
25021420202,Census Tract 4202.02,Norfolk,7183.0,100043.0,0.0799777065626306,0.3971681415929203,0.103716814159292,0.4227053140096618,0.5588235294117647,0.7878,0.764,0.8324,0.9101,0.5179,3,1,1,0,3488,1933,1130,425,2745,131069,0,0,0,2.348,RANDOLPH,1202,1182,14.941883,joined
25025020301,Census Tract 203.01,Suffolk,2518.0,133333.0,0.1196231052847193,0.8225806451612904,0.7346041055718475,1.0,0.464349376114082,0.5198,0.2178,0.1017,0.7102,0.9824,1,1,0,0,1184,997,178,9,1269,177061,2,0,0,0.025,BOSTON,4471,4197,71.531141,joined
25021400202,Census Tract 4002.02,Norfolk,3458.0,95592.0,0.2625584112149532,0.7511196417146513,0.4606525911708253,0.8184019370460048,0.7180579216354344,0.6183,0.3917,0.4288,0.5928,0.8839,1,1,1,0,2784,1657,1060,67,1503,192547,0,0,0,0.263,BROOKLINE,294,277,3.542596,joined
25023506206,Census Tract 5062.06,Plymouth,2420.0,106250.0,0.0406807804068078,0.1599650349650349,0.0227272727272727,0.0760869565217391,0.6284153005464481,0.1902,0.4928,0.1877,0.0206,0.123,3,2,1,0,3728,1936,1709,83,1133,123180,0,0,0,1.691,MARSHFIELD,582,560,11.321784,joined
25017336403,Census Tract 3364.03,Middlesex,3344.0,135054.0,0.051375037775763,0.7479775980087119,0.0678282514001244,0.7963291888691534,0.4018302828618968,0.5625,0.6447,0.204,0.654,0.5712,2,1,1,0,2438,1457,860,121,1557,136831,6,0,0,0.304,MELROSE,523,500,4.32162,joined
25009250200,Census Tract 2502,Essex,6225.0,81449.0,0.0870273794002607,0.5200210748155953,0.0616438356164383,0.5766683647478349,0.707193515704154,0.8349,0.914,0.7853,0.9569,0.4802,4,2,2,0,4282,2025,1957,300,1851,98861,0,0,0,0.734,LAWRENCE,1455,1384,18.827804,joined
25025160501,Census Tract 1605.01,Suffolk,5576.0,53168.0,0.1894449499545041,0.7202230106436898,0.2589964521033958,0.7514423076923077,0.6586910626319493,0.8945,0.9127,0.8544,0.955,0.6748,4,2,2,0,3523,1797,1455,271,2079,94822,0,0,0,0.323,CHELSEA,256,237,8.125049999999991,joined
25023526100,Census Tract 5261,Plymouth,7748.0,118556.0,0.026458440887971,0.0446700507614213,0.0307952622673434,0.1872985170857511,0.2727272727272727,0.2486,0.2976,0.2524,0.1399,0.3672,3,1,1,1,4311,1700,728,1883,2966,140254,1,1,4,0.462,HALIFAX,207,198,17.892661,joined
25023510400,Census Tract 5104,Plymouth,4321.0,57639.0,0.2004165702383707,0.7398311588641596,0.2194934765924789,0.8777231201686577,0.5238589211618258,0.9686,0.9579,0.9479,0.9719,0.823,5,2,2,0,3650,1697,1640,313,1279,70346,0,0,0,0.657,BROCKTON,2369,2299,29.462186000000003,joined
25025110105,Census Tract 1101.05,Suffolk,2630.0,145647.0,0.0612167300380228,0.6500389711613406,0.1878409976617303,0.9659913169319826,0.2697841726618705,0.3214,0.2423,0.0176,0.6983,0.9184,1,1,1,0,2538,1274,1099,165,1217,170248,0,0,0,0.595,BOSTON,4471,4197,71.531141,joined
25025000604,Census Tract 6.04,Suffolk,2304.0,51641.0,0.3524305555555556,0.8626086956521739,0.4539130434782609,0.9913644214162348,0.626008064516129,0.6861,0.7426,0.1814,0.7851,0.752,2,1,1,0,1491,932,480,79,1146,76232,1,0,0,0.078,BOSTON,4471,4197,71.531141,joined
25017373100,Census Tract 3731,Middlesex,5183.0,162331.0,0.0534676481983727,0.4552352048558422,0.0950935761254425,0.6134067952249771,0.4,0.3057,0.268,0.2555,0.6134,0.3371,2,1,1,0,3688,1856,1526,306,1995,216251,1,0,0,0.121,NEWTON,1445,1369,21.226114000000003,joined
25021419800,Census Tract 4198,Norfolk,4666.0,96736.0,0.0757876184181537,0.2817526344980588,0.0859678313921242,0.4572916666666666,0.5413385826771654,0.6566,0.6014,0.6566,0.5315,0.6447,2,1,1,1,3081,1189,987,905,1767,133469,1,0,0,0.424,BRAINTREE,30,20,6.382543,joined
25017370301,Census Tract 3703.01,Middlesex,4165.0,128976.0,0.0946502057613168,0.5123425692695214,0.1365239294710327,0.8603268945022289,0.3303834808259587,0.4532,0.489,0.6315,0.5184,0.2053,2,1,1,0,2936,1242,1227,467,1930,139209,3,0,0,0.134,WATERTOWN,418,385,11.216307,joined
25017342401,Census Tract 3424.01,Middlesex,3678.0,60115.0,0.243610657966286,0.7041009463722397,0.2088328075709779,0.8892931392931392,0.5546594982078853,0.7847,0.8952,0.3384,0.8707,0.6704,3,1,1,0,2397,1266,874,257,1607,86112,1,0,0,0.156,EVERETT,716,695,16.963893,joined
25017359302,Census Tract 3593.02,Middlesex,0.0,,,,,,,-999.0,-999.0,-999.0,-999.0,-999.0,,,,,,,,,,,3,0,0,0.088,LINCOLN,248,232,3.355764,joined
25025070902,Census Tract 709.02,Suffolk,2347.0,164289.0,0.153450492927561,0.4986967854039965,0.2432667245873153,0.979591836734694,0.3501742160278746,0.5367,0.57,0.1337,0.6621,0.6993,1,1,0,0,2136,1529,559,48,1069,193846,0,0,0,0.427,BOSTON,4471,4197,71.531141,joined
25017317301,Census Tract 3173.01,Middlesex,3456.0,128625.0,0.0379821958456973,0.1792538671519563,0.016378525932666,0.2420382165605095,0.7918781725888325,0.5769,0.2637,0.8487,0.569,0.6058,3,1,1,0,3916,2090,1260,566,1055,153269,2,0,0,0.317,CHELMSFORD,828,785,15.156638000000001,joined
25021417902,Census Tract 4179.02,Norfolk,3940.0,118250.0,0.0946700507614213,0.5863970588235294,0.1783088235294117,0.6970588235294117,0.2016718913270637,0.7916,0.5474,0.6855,0.7333,0.9724,2,1,1,1,3461,1625,956,880,1579,140989,0,0,0,0.364,QUINCY,928,875,10.740924000000001,joined
25017341903,Census Tract 3419.03,Middlesex,7587.0,129180.0,0.0981942796889416,0.7754577577899132,0.0478637969804047,0.8205980066445183,0.4739022369511185,0.6347,0.5631,0.1783,0.772,0.8493,2,1,0,0,2367,1602,486,279,2996,138534,4,0,0,0.127,MALDEN,871,849,7.8276319999999995,joined
25023510503,Census Tract 5105.03,Plymouth,4249.0,66000.0,0.1648406374501992,0.5983606557377049,0.1399747793190416,0.5946617008069522,0.6174920969441517,0.995,0.919,0.9868,0.9138,0.9944,4,2,1,1,3334,1728,550,1056,1606,78435,0,0,0,0.743,BROCKTON,2369,2299,29.462186000000003,joined
25009217402,Census Tract 2174.02,Essex,3504.0,91159.0,0.1161529680365296,0.5667686034658511,0.1060142711518858,0.8633165829145729,0.4334532374100719,0.6817,0.6824,0.3911,0.4329,0.8104,2,1,1,0,2311,1402,695,214,1852,96708,0,0,0,0.319,BEVERLY,1056,998,26.101654999999997,joined
25025010300,Census Tract 103,Suffolk,5317.0,71328.0,0.1837606837606837,0.8869257950530035,0.6819787985865724,0.9690402476780186,0.4940239043824701,0.5844,0.7219,0.0515,0.6483,0.8236,1,1,0,0,1069,801,257,11,238,91337,19,3,6,0.167,BOSTON,4471,4197,71.531141,joined
25017358100,Census Tract 3581,Middlesex,5281.0,233056.0,0.0176009183087813,0.1357894736842105,0.0168421052631578,0.1417759838546922,0.3604651162790697,0.1481,0.0251,0.3089,0.7601,0.2605,2,1,0,1,5058,2209,1330,1519,1848,269413,3,0,0,0.442,LEXINGTON,978,927,19.113633999999998,joined
25017327101,Census Tract 3271.01,Middlesex,4050.0,152344.0,0.0405,0.0445810914681014,0.0,0.0724743777452415,0.0,0.1092,0.14,0.5085,0.08,0.0879,3,1,1,1,5188,2446,1437,1305,1318,192532,0,0,0,3.495,PEPPERELL,380,370,5.730523,joined
25025091800,Census Tract 918,Suffolk,3586.0,72597.0,0.2595911509381126,0.7944066515495087,0.382464096749811,0.9062276306370796,0.4224548049476689,0.9523,0.8895,0.8154,0.98,0.9661,4,2,2,0,3601,1669,1779,153,1424,80828,2,0,0,0.211,BOSTON,4471,4197,71.531141,joined
25009260500,Census Tract 2605,Essex,3719.0,127784.0,0.0400686891814539,0.120950323974082,0.0791936645068394,0.2365591397849462,0.75,0.4187,0.447,0.548,0.5553,0.2147,3,1,1,0,4161,1912,1616,633,1393,131593,0,0,0,1.5,HAVERHILL,1112,1071,29.966203999999998,joined
25009260800,Census Tract 2608,Essex,5723.0,64032.0,0.141355754072517,0.6411483253588517,0.0709003914745541,0.8212867355043686,0.5345997286295794,0.85,0.8989,0.7087,0.8676,0.7018,5,2,2,0,3780,1940,1789,51,2186,81194,0,0,0,0.425,HAVERHILL,1112,1071,29.966203999999998,joined
25009260900,Census Tract 2609,Essex,5879.0,85753.0,0.096449300102424,0.2964662689307021,0.1468563561266636,0.4711924966502903,0.3204334365325077,0.7188,0.5637,0.715,0.6933,0.7715,4,2,2,0,3749,1891,1675,183,2164,88126,4,2,2,0.531,HAVERHILL,1112,1071,29.966203999999998,joined
25009261101,Census Tract 2611.01,Essex,5482.0,144318.0,0.0166697536580848,0.0650154798761609,0.0025799793601651,0.112589559877175,0.8174603174603174,0.226,0.2825,0.4131,0.08,0.2417,3,1,1,0,4141,2067,1599,475,1897,141152,0,0,0,1.565,HAVERHILL,1112,1071,29.966203999999998,joined
25009223300,Census Tract 2233,Essex,5721.0,159510.0,0.0540115364446775,0.1251158480074142,0.0203892493049119,0.1608333333333333,0.6888888888888889,0.0119,0.0364,0.1086,0.0575,0.0741,3,2,1,1,5544,3082,1066,1396,2193,194242,4,3,3,1.243,IPSWICH,116,106,1.7983099999999999,joined
25009223200,Census Tract 2232,Essex,4047.0,102188.0,0.0509019026439337,0.4344444444444444,0.0611111111111111,0.5338058887677208,0.3682864450127877,0.2153,0.4275,0.1268,0.2305,0.2461,3,2,1,1,4410,2453,1142,815,1795,145922,2,0,0,0.18,IPSWICH,116,106,1.7983099999999999,joined
25009250600,Census Tract 2506,Essex,6142.0,56836.0,0.0877106856488299,0.5151968111609367,0.1360239162929745,0.6616650532429816,0.6537717601547389,0.9008,0.9441,0.8675,0.965,0.6008,5,2,2,0,3813,1863,1774,176,1996,83312,0,0,0,0.548,LAWRENCE,1455,1384,18.827804,joined
25009251400,Census Tract 2514,Essex,5483.0,62455.0,0.3094137229517292,0.5714285714285714,0.14166168559474,0.6010544815465729,0.5732217573221757,0.9648,0.9881,0.9278,0.9706,0.7815,6,3,3,0,4191,1939,1964,288,1642,73706,0,0,0,0.918,LAWRENCE,1455,1384,18.827804,joined
25009251700,Census Tract 2517,Essex,5702.0,79167.0,0.2157801418439716,0.7998180163785259,0.1173794358507734,0.7564508827523766,0.4078498293515358,0.9222,0.85,0.6987,0.9419,0.978,4,2,2,0,3474,1837,1541,96,2165,98201,3,1,12,0.095,LAWRENCE,1455,1384,18.827804,joined
25009252501,Census Tract 2525.01,Essex,5318.0,102411.0,0.1051326082808624,0.3454670329670329,0.0260989010989011,0.3846153846153846,0.5427435387673957,0.8004,0.833,0.8073,0.8026,0.5279,4,2,1,0,4253,2142,1582,529,1549,112735,0,0,0,0.909,METHUEN,1661,1635,22.574887,joined
25009205700,Census Tract 2057,Essex,5046.0,101101.0,0.0293003787123779,0.2509053285049146,0.0331091567511639,0.5105315947843531,0.6268041237113402,0.4821,0.4576,0.5587,0.8245,0.2655,3,2,1,1,4365,2031,1286,1048,1926,125695,0,0,0,1.201,LYNN,2005,1957,16.419473999999997,joined
25009206700,Census Tract 2067,Essex,4240.0,48864.0,0.2097885483487764,0.5753353973168215,0.2724458204334365,0.764792899408284,0.6816143497757847,0.8927,0.7746,0.8958,0.8232,0.8914,4,2,1,0,2655,1479,901,275,1865,72402,0,0,0,0.405,LYNN,2005,1957,16.419473999999997,joined
25009207200,Census Tract 2072,Essex,2941.0,57873.0,0.1750343878954608,0.7296137339055794,0.4034334763948498,0.8103626943005181,0.4779411764705882,0.8688,0.7276,0.9667,0.9332,0.7062,5,3,2,1,2872,1449,1029,394,1029,54529,5,2,2,0.167,LYNN,2005,1957,16.419473999999997,joined
25009209200,Census Tract 2092,Essex,5653.0,195806.0,0.0357332389881478,0.0695296523517382,0.0547034764826175,0.0681586978636826,0.213235294117647,0.0169,0.0182,0.2599,0.2249,0.0257,2,1,1,1,4064,1441,1235,1388,1996,209229,0,0,0,1.163,LYNNFIELD,14,14,0.12818000000000002,joined
25009211100,Census Tract 2111,Essex,3890.0,109310.0,0.1060480530240265,0.3003754693366708,0.0725907384230287,0.3612099644128114,0.59375,0.4507,0.6265,0.268,0.2036,0.4093,3,1,1,1,3749,1348,1408,993,1625,143513,0,0,0,1.18,DANVERS,56,42,4.930632,joined
25009254402,Census Tract 2544.02,Essex,8197.0,174185.0,0.0217152616811028,0.2034674517500817,0.0062152437029767,0.2643114164213281,0.4485530546623794,0.2963,0.123,0.312,0.7701,0.4124,2,1,0,1,4547,2279,990,1278,2960,199399,15,0,0,0.997,ANDOVER,687,648,14.50191,joined
25009221700,Census Tract 2217,Essex,2883.0,79762.0,0.0863683662851196,0.5201238390092879,0.0402476780185758,0.6420118343195266,0.4955357142857143,0.4068,0.7263,0.339,0.1218,0.1293,4,2,1,1,3293,1440,1115,738,1319,93439,0,0,0,0.442,GLOUCESTER,861,817,7.946339,joined
25009221500,Census Tract 2215,Essex,2819.0,53524.0,0.2107320540156361,0.6005009392611146,0.2335629304946775,0.8906882591093117,0.6402502606882169,0.8016,0.7947,0.8493,0.1674,0.8205,3,2,1,1,2581,1288,858,435,1700,84020,3,0,0,0.036,GLOUCESTER,861,817,7.946339,joined
25009204300,Census Tract 2043,Essex,4223.0,52451.0,0.2930664760543245,0.77130476649013,0.3649494463168031,0.9440378820490744,0.5230961298377028,0.9567,0.8996,0.9592,0.8607,0.8801,3,2,1,0,2193,1243,766,184,2104,75932,3,0,0,0.132,SALEM,864,811,9.384780999999998,joined
25009208200,Census Tract 2082,Essex,5516.0,101021.0,0.084844089920232,0.2424496644295302,0.1027684563758389,0.2705536912751677,0.4342560553633218,0.4909,0.5782,0.6591,0.3473,0.2411,4,2,1,1,3927,1781,1023,1123,2340,111320,0,0,0,0.855,SAUGUS,931,906,9.766101,joined
25009214100,Census Tract 2141,Essex,6564.0,195718.0,0.0754483611626468,0.0960658737419945,0.0192131747483989,0.0830755634114008,0.419047619047619,0.322,0.2141,0.7615,0.2954,0.1984,3,1,1,1,5100,2385,1095,1620,2236,195681,3,0,0,0.884,TOPSFIELD,135,125,1.406424,joined
25009263100,Census Tract 2631,Essex,4591.0,179500.0,0.0159527972027972,0.0421615201900237,0.003562945368171,0.0222469410456062,0.5211267605633803,0.032,0.0766,0.3647,0.2486,0.0176,3,1,1,1,5654,2320,1109,2225,1624,210597,5,0,0,0.725,WEST NEWBURY,253,249,2.7219879999999996,joined
25009252502,Census Tract 2525.02,Essex,4976.0,101630.0,0.0853808353808353,0.1826625386996904,0.0464396284829721,0.2965599051008303,0.4813559322033898,0.9278,0.8318,0.914,0.722,0.9466,4,2,1,1,4160,2025,1546,589,1701,114234,5,1,8,0.445,METHUEN,1661,1635,22.574887,joined
25023561100,Census Tract 5611,Plymouth,5310.0,143092.0,0.0900210687607738,0.0921615201900237,0.043230403800475,0.0433295324971493,0.7577319587628866,0.4413,0.408,0.705,0.4122,0.2549,3,1,1,1,4578,2193,1141,1244,2047,152223,2,0,0,0.891,MARION,250,231,4.702481,joined
25023508101,Census Tract 5081.01,Plymouth,7304.0,193313.0,0.0428749826557513,0.1507287593316743,0.0522573764664059,0.1517361111111111,0.2830188679245283,0.0621,0.0471,0.1331,0.1043,0.312,2,1,1,0,4623,2376,1389,858,2709,201529,0,0,0,1.775,PEMBROKE,322,300,12.786413,joined
25023560100,Census Tract 5601,Plymouth,6634.0,130241.0,0.0425082906240578,0.1468106648666891,0.0134998312521093,0.0730005367686527,0.3517241379310344,0.0289,0.096,0.2222,0.0881,0.032,3,1,1,1,4318,2108,1061,1149,2982,144814,0,0,0,3.489,MATTAPOISETT,327,305,20.476449,joined
25023530400,Census Tract 5304,Plymouth,5761.0,135114.0,0.0234334316958861,0.0271493212669683,0.018552036199095,0.2294117647058823,0.0,0.1306,0.086,0.5694,0.1193,0.1488,3,1,1,1,4820,2270,1155,1395,2222,153279,2,0,0,1.023,PLYMOUTH,1588,1483,53.683165,joined
25023545200,Census Tract 5452,Plymouth,6587.0,104653.0,0.0488138686131386,0.2127579737335835,0.0382739212007504,0.18144750254842,0.3068783068783068,0.7181,0.6296,0.5769,0.3991,0.8845,3,2,1,1,3732,1979,1064,689,2837,121798,2,2,12,1.527,WAREHAM,979,918,64.09201388,joined
25009253204,Census Tract 2532.04,Essex,5852.0,176911.0,0.0193211488250652,0.1876750700280112,0.0700280112044818,0.2344095532950022,0.4651741293532338,0.3189,0.0621,0.5166,0.5166,0.5361,2,1,1,0,4786,2452,1488,846,2068,233201,1,0,0,1.771,NORTH ANDOVER,495,457,12.527313,joined
25009210700,Census Tract 2107,Essex,4353.0,70669.0,0.1252010107971514,0.5223880597014925,0.0895522388059701,0.6251422070534699,0.4685714285714286,0.9021,0.8619,0.8788,0.7926,0.8324,3,1,1,1,2816,1197,982,637,1803,98559,2,2,2,0.281,PEABODY,31,26,1.313219,joined
25025010403,Census Tract 104.03,Suffolk,2496.0,44508.0,0.5028044871794872,0.8739130434782608,0.7223602484472049,0.9932185706833594,0.644633972992182,0.6215,0.7269,0.1161,0.7839,0.6679,1,1,0,0,956,818,105,33,1739,64106,0,0,0,0.131,BOSTON,4471,4197,71.531141,joined
25025030100,Census Tract 301,Suffolk,1749.0,95956.0,0.1898227558604917,0.8689275893675527,0.692025664527956,0.9719484457922668,0.4419831223628692,0.1538,0.5323,0.0094,0.3598,0.3773,1,1,0,0,1817,1223,583,11,1218,124277,0,0,0,0.194,BOSTON,4471,4197,71.531141,joined
25025040100,Census Tract 401,Suffolk,2717.0,202167.0,0.0380495012929442,0.4124203821656051,0.2054140127388535,0.7661730319563523,0.1853281853281853,0.3245,0.1067,0.2197,0.386,0.7476,1,1,0,0,2534,1632,818,84,1209,263457,0,0,0,0.406,BOSTON,4471,4197,71.531141,joined
25025101102,Census Tract 1011.02,Suffolk,5471.0,48889.0,0.291874884323524,0.7116204690831557,0.3560767590618336,0.8700846192135391,0.5730337078651685,0.9598,0.9171,0.9655,0.9975,0.8198,4,2,2,0,3547,1731,1578,238,1848,81433,1,0,0,0.35,BOSTON,4471,4197,71.531141,joined
25025110502,Census Tract 1105.02,Suffolk,4124.0,127788.0,0.061105722599418,0.39469409853817,0.1700054141851651,0.5633507853403141,0.3429355281207133,0.5857,0.6051,0.4777,0.7202,0.4507,2,1,1,0,3124,1514,1165,445,1738,148800,0,0,0,0.338,BOSTON,4471,4197,71.531141,joined
25025120104,Census Tract 1201.04,Suffolk,2414.0,131591.0,0.0542667771333885,0.5392335766423357,0.1058394160583941,0.8774250440917107,0.299492385786802,0.0841,0.1601,0.0427,0.5959,0.3082,2,1,1,0,2793,1267,1089,437,1098,151302,0,0,0,0.45,BOSTON,4471,4197,71.531141,joined
25025130404,Census Tract 1304.04,Suffolk,2675.0,95795.0,0.0794140323824209,0.4384559359067735,0.1930080116533139,0.5632823365785814,0.7624584717607974,0.715,0.6058,0.4595,0.6652,0.8858,2,1,1,0,3065,1577,966,522,1393,143817,0,0,0,0.607,BOSTON,4471,4197,71.531141,joined
25025160200,Census Tract 1602,Suffolk,4703.0,76067.0,0.2372432074221338,0.877326565143824,0.4196277495769882,0.9728049728049728,0.5940212150433944,0.9435,0.9975,0.7552,0.9731,0.801,4,2,2,0,2994,1687,1290,17,1242,79192,0,0,0,0.194,CHELSEA,256,237,8.125049999999991,joined
25025160602,Census Tract 1606.02,Suffolk,4941.0,70800.0,0.2473030734785263,0.5507246376811594,0.1008454106280193,0.7288336293664891,0.6589912280701754,0.8933,0.8858,0.8632,0.9076,0.7269,4,2,2,0,3562,1836,1505,221,1705,94401,0,0,0,0.555,CHELSEA,256,237,8.125049999999991,joined
25025050600,Census Tract 506,Suffolk,2508.0,79981.0,0.1136,0.8327359617682198,0.4575866188769414,0.9578587699316627,0.5466284074605452,0.7596,0.7533,0.5493,0.9101,0.6874,1,1,1,0,2421,1366,972,83,845,175749,0,0,0,0.188,BOSTON,4471,4197,71.531141,joined
25025050901,Census Tract 509.01,Suffolk,3869.0,118167.0,0.0855518221762729,0.6980994152046783,0.3157894736842105,0.8997555012224939,0.443979057591623,0.8964,0.8933,0.7564,0.9219,0.8274,2,1,1,0,2884,1465,1293,126,1443,144286,0,0,0,0.449,BOSTON,4471,4197,71.531141,joined
25025060200,Census Tract 602,Suffolk,2246.0,182667.0,0.0543187889581478,0.5231388329979879,0.2203219315895372,0.7281191806331471,0.3461538461538461,0.0565,0.2668,0.0377,0.0637,0.2668,2,1,1,0,3040,1581,1253,206,990,187809,0,0,0,0.737,BOSTON,4471,4197,71.531141,joined
25025060700,Census Tract 607,Suffolk,1721.0,23581.0,0.4410226612434631,0.9974326059050064,0.693196405648267,0.867334167709637,0.5611325611325612,0.9743,0.9535,0.9812,0.9675,0.8085,6,3,3,0,1895,1043,851,1,893,32431,0,0,0,0.307,BOSTON,4471,4197,71.531141,joined
25025060800,Census Tract 608,Suffolk,4423.0,177739.0,0.0694980694980695,0.5518725785622041,0.2875591907016788,0.7963869025216409,0.3611544461778471,0.1224,0.2116,0.0113,0.3379,0.7012,1,1,1,0,2772,1611,1097,64,2202,201013,0,0,0,0.233,BOSTON,4471,4197,71.531141,joined
25025070700,Census Tract 707,Suffolk,2632.0,128570.0,0.1899696048632219,0.6641535298149417,0.3529814941740918,0.9607965152457996,0.6191950464396285,0.7257,0.806,0.2593,0.8045,0.7219,1,1,0,0,2318,1386,888,44,1568,191945,6,0,0,0.098,BOSTON,4471,4197,71.531141,joined
25025071101,Census Tract 711.01,Suffolk,4360.0,101204.0,0.2350860646074039,0.6187554776511832,0.3930762489044697,0.9720949604331528,0.5594900849858357,0.8901,0.7043,0.4846,0.767,0.9994,1,1,0,0,1803,1219,483,101,2172,146694,4,0,0,0.119,BOSTON,4471,4197,71.531141,joined
25025080401,Census Tract 804.01,Suffolk,3112.0,29375.0,0.2944587628865979,0.92524682651622,0.4372355430183356,0.7752880921895007,0.59375,0.9912,0.9937,0.9611,0.9781,0.919,4,3,1,0,1688,1198,489,1,1440,38410,3,0,0,0.145,BOSTON,4471,4197,71.531141,joined
25025081700,Census Tract 817,Suffolk,3698.0,33892.0,0.2734738571037503,0.6850048685491723,0.5121713729308666,0.6444035006909259,0.501776830135039,0.9454,0.9787,0.8895,0.9813,0.7144,5,3,2,0,3069,1577,1219,273,2097,56029,0,0,0,0.566,BOSTON,4471,4197,71.531141,joined
25025090400,Census Tract 904,Suffolk,3624.0,73263.0,0.1236203090507726,0.6728682170542636,0.327906976744186,0.7491039426523297,0.4838709677419355,0.9372,0.9316,0.9259,0.9919,0.7313,4,2,2,0,3399,1677,1643,79,1280,79862,0,0,0,0.484,BOSTON,4471,4197,71.531141,joined
25025091400,Census Tract 914,Suffolk,3242.0,65093.0,0.3020092735703246,0.506872852233677,0.4080756013745704,0.7253401360544217,0.4796610169491525,0.9787,0.9234,0.9554,0.9794,0.9347,4,2,2,0,3424,1726,1635,63,1176,80362,0,0,0,0.345,BOSTON,4471,4197,71.531141,joined
25025091600,Census Tract 916,Suffolk,2727.0,51029.0,0.1515495086923658,0.7347504621072088,0.2726432532347504,0.9278846153846154,0.5132075471698113,0.9793,0.9058,0.8908,0.9557,0.9906,3,2,1,0,3015,1571,1278,166,1050,93702,0,0,0,0.233,BOSTON,4471,4197,71.531141,joined
25025100300,Census Tract 1003,Suffolk,3943.0,82176.0,0.0716836734693877,0.5099540581929556,0.1630934150076569,0.6428571428571429,0.6111111111111112,0.9473,0.8242,0.9969,0.9944,0.7702,4,2,2,0,4383,1928,2091,364,1294,113466,0,0,0,0.958,BOSTON,4471,4197,71.531141,joined
25025000202,Census Tract 2.02,Suffolk,3668.0,72098.0,0.2589967284623773,0.6383543463835435,0.2203052422030524,0.6986899563318777,0.3284823284823285,0.7602,0.6773,0.349,0.7164,0.9485,2,1,1,0,2724,1186,1295,243,1541,120833,0,0,0,0.23,BOSTON,4471,4197,71.531141,joined
25025170601,Census Tract 1706.01,Suffolk,5747.0,97793.0,0.0283626239777275,0.3816750983698707,0.1793142214727374,0.7090567808540591,0.7039764359351989,0.6962,0.5694,0.7439,0.8426,0.5807,3,1,1,1,4215,1819,1602,794,1975,139952,3,0,0,0.224,REVERE,1329,1289,11.942450999999998,joined
25025000302,Census Tract 3.02,Suffolk,3210.0,135188.0,0.1,0.5185724690458849,0.0728332119446467,0.7676203768318214,0.25,0.2429,0.3421,0.162,0.6839,0.1959,2,1,1,0,2818,1378,1296,144,1357,139629,1,0,0,0.102,BOSTON,4471,4197,71.531141,joined
25025140107,Census Tract 1401.07,Suffolk,3063.0,107000.0,0.1269996735226901,0.2602131438721137,0.1882770870337478,0.4640350877192982,0.4266211604095563,0.8406,0.7307,0.9824,0.9013,0.511,2,1,1,0,3384,1608,1497,279,1151,141186,0,0,0,0.299,BOSTON,4471,4197,71.531141,joined
25021413402,Census Tract 4134.02,Norfolk,5288.0,115284.0,0.0863601236476043,0.5886045388701111,0.0511830033800096,0.549618320610687,0.4930270713699753,0.5009,0.3045,0.2034,0.7495,0.818,2,1,1,0,2585,1184,921,480,1965,137246,1,0,0,0.251,NORWOOD,6,4,0.89539,joined
25021417100,Census Tract 4171,Norfolk,5750.0,92320.0,0.0895652173913043,0.4311732316814909,0.084286319356205,0.4324433656957929,0.6227897838899804,0.5587,0.5574,0.5223,0.6352,0.4338,3,1,1,0,3632,1735,1335,562,2530,139063,0,0,0,0.843,QUINCY,928,875,10.740924000000001,joined
25021418004,Census Tract 4180.04,Norfolk,5532.0,82271.0,0.1417937545388525,0.6700228832951945,0.1867276887871853,0.689779378658262,0.4644808743169399,0.7866,0.8519,0.5361,0.8176,0.6478,3,1,1,1,3012,1488,942,582,2142,114343,2,0,0,0.24,QUINCY,928,875,10.740924000000001,joined
25021420302,Census Tract 4203.02,Norfolk,7900.0,88589.0,0.1218104885241697,0.2997065297138664,0.1551724137931034,0.3086330935251798,0.4626682986536107,0.8763,0.7853,0.7991,0.9101,0.8996,3,1,1,0,3861,2087,1120,654,2647,146651,1,1,6,0.448,RANDOLPH,1202,1182,14.941883,joined
25021456402,Census Tract 4564.02,Norfolk,5849.0,167744.0,0.0583005641990083,0.0363550519357884,0.0113314447592068,0.0250580046403712,0.5064935064935064,0.2712,0.4313,0.6051,0.5603,0.0245,3,1,1,1,4951,2338,1250,1363,2015,179188,0,0,0,1.871,STOUGHTON,780,744,18.19641,joined
25021422100,Census Tract 4221,Norfolk,5543.0,142278.0,0.0213034843834627,0.1316526610644257,0.007469654528478,0.1656858306926211,0.75177304964539,0.0917,0.1682,0.2819,0.2092,0.1004,3,1,1,1,4628,2074,942,1612,2030,177903,0,0,0,1.762,WEYMOUTH,903,873,10.085437,joined
25021422700,Census Tract 4227,Norfolk,3811.0,112292.0,0.0326606479022835,0.1486486486486486,0.0797940797940797,0.2290220820189274,0.3593073593073593,0.5782,0.4331,0.8148,0.4285,0.4884,3,2,1,1,4058,1825,1102,1131,1515,119449,0,0,0,1.025,WEYMOUTH,903,873,10.085437,joined
25021409101,Census Tract 4091.01,Norfolk,6077.0,175577.0,0.0115594329334787,0.0281329923273657,0.0,0.0110837438423645,0.0,0.1186,0.2555,0.1042,0.3991,0.1739,3,1,0,1,5268,2494,957,1817,1461,204240,1,0,0,0.909,NORFOLK,301,281,9.108581000000001,joined
25021419100,Census Tract 4191,Norfolk,5761.0,128183.0,0.0919979170282937,0.2489351632749645,0.0378608613345953,0.322623828647925,0.4923954372623574,0.2875,0.1701,0.4438,0.5759,0.3038,2,1,1,1,3715,1341,1223,1151,2195,192237,8,5,27,0.429,BRAINTREE,30,20,6.382543,joined
25021419200,Census Tract 4192,Norfolk,5350.0,130347.0,0.0579349904397705,0.2320722755505364,0.093167701863354,0.2986666666666667,0.4963503649635036,0.5003,0.3992,0.3409,0.5128,0.6911,2,1,1,1,3692,1335,1174,1183,1806,182322,0,0,0,0.752,BRAINTREE,30,20,6.382543,joined
25021408102,Census Tract 4081.02,Norfolk,5053.0,150165.0,0.046902830001979,0.2319508448540706,0.0614439324116743,0.2690945877592312,0.3377483443708609,0.2731,0.1092,0.3289,0.4141,0.5141,2,1,1,1,4973,2470,1312,1191,1864,208484,5,0,0,0.429,MEDWAY,494,469,6.999026,joined
25021419700,Census Tract 4197,Norfolk,4662.0,180375.0,0.0370693414740514,0.1114772103239978,0.0658978583196046,0.2684887459807074,0.4778325123152709,0.4765,0.2417,0.4834,0.6221,0.6648,2,1,0,1,3518,1225,738,1555,1872,192212,1,0,0,0.68,BRAINTREE,30,20,6.382543,joined
25021400100,Census Tract 4001,Norfolk,5412.0,111392.0,0.1304599922690374,0.6310530361260569,0.2993850883935434,0.89906191369606,0.5371498172959805,0.732,0.7137,0.1965,0.727,0.9178,1,1,0,0,1927,1236,609,82,2476,146680,1,0,0,0.362,BROOKLINE,294,277,3.542596,joined
25021400600,Census Tract 4006,Norfolk,5280.0,157721.0,0.0357550399391403,0.3643647462800458,0.1392598244944677,0.7829046898638427,0.4,0.1086,0.0446,0.0621,0.6633,0.4557,2,1,1,0,3662,1799,1252,611,2546,221362,0,0,0,0.355,BROOKLINE,294,277,3.542596,joined
25021400800,Census Tract 4008,Norfolk,5945.0,143723.0,0.0357019661952397,0.5656143020159756,0.2780524914416127,0.9323882224645584,0.4418291862811029,0.371,0.1984,0.0917,0.6221,0.8117,1,1,0,0,2129,1297,650,182,2553,182508,3,2,2,0.3,BROOKLINE,294,277,3.542596,joined
25021402200,Census Tract 4022,Norfolk,2262.0,150603.0,0.0291777188328912,0.0764966740576496,0.0476718403547671,0.1805251641137855,0.3478260869565217,0.1488,0.1519,0.2084,0.3092,0.2793,2,1,1,0,4107,1954,1626,527,853,171514,0,0,0,0.458,DEDHAM,478,454,9.047156999999999,joined
25021410300,Census Tract 4103,Norfolk,4911.0,123063.0,0.0409285277947464,0.2584650112866817,0.0124153498871331,0.2913838120104439,0.6550218340611353,0.4802,0.6805,0.3327,0.2954,0.3158,3,1,1,0,3954,1984,1266,704,1897,157626,6,2,18,0.695,FOXBOROUGH,245,223,8.405213,joined
25021409102,Census Tract 4091.02,Norfolk,5596.0,208504.0,0.0300214438884917,0.0698782424563261,0.0063525674960296,0.0569063631660631,0.6060606060606061,0.0201,0.0169,0.1387,0.2517,0.0804,3,1,0,1,6027,2617,592,2818,1839,222058,0,0,0,1.433,NORFOLK,301,281,9.108581000000001,joined
25021406102,Census Tract 4061.02,Norfolk,6711.0,250001.0,0.015794963492773,0.0598218073822655,0.0216376750106067,0.0526315789473684,0.5460992907801419,0.0314,0.2404,0.0747,0.3873,0.0232,2,1,1,0,5398,2694,1405,1299,2314,269130,3,1,4,0.844,MEDFIELD,232,222,3.911661,joined
25021403400,Census Tract 4034,Norfolk,7153.0,206250.0,0.0571944611679711,0.1609968354430379,0.0886075949367088,0.2086922474549725,0.3832923832923833,0.4338,0.1915,0.6359,0.3136,0.6139,2,1,1,0,5144,2607,1432,1105,2519,273000,0,0,0,1.385,NEEDHAM,819,786,14.545003000000001,joined
25017351203,Census Tract 3512.03,Middlesex,4318.0,182758.0,0.0748031496062992,0.7604597701149425,0.1935632183908046,0.8350694444444444,0.2762998790810157,0.1613,0.2731,0.0383,0.4934,0.4733,1,1,1,0,2427,1352,1034,41,2166,162566,0,0,0,0.283,SOMERVILLE,752,707,10.104102999999999,joined
25017337300,Census Tract 3373,Middlesex,6503.0,109361.0,0.0467781908302354,0.3998559077809798,0.0122478386167146,0.5150336045277679,0.3045045045045045,0.2197,0.2586,0.1205,0.4522,0.3873,2,1,1,0,3108,1637,998,473,2779,136735,0,0,0,0.586,STONEHAM,559,543,6.321113,joined
25017335301,Census Tract 3353.01,Middlesex,4537.0,118984.0,0.0487967914438502,0.3295395757889291,0.1184687015002586,0.4974696356275304,0.390894819466248,0.3986,0.4288,0.3308,0.3011,0.4438,3,2,1,1,4204,2188,1260,756,1881,138972,0,0,0,0.599,WAKEFIELD,29,27,1.624038,joined
25017356701,Census Tract 3567.01,Middlesex,6450.0,148363.0,0.0652477862358241,0.5352724841190237,0.1079906385824139,0.9074131998748828,0.3060587133041849,0.4149,0.209,0.1777,0.5659,0.7947,2,1,1,0,2641,1138,919,584,2939,163792,1,0,0,0.176,ARLINGTON,1251,1205,9.807252,joined
25017357100,Census Tract 3571,Middlesex,5134.0,172404.0,0.0264900662251655,0.3519882179675994,0.0677466863033873,0.3575903614457831,0.602510460251046,0.3584,0.2549,0.4055,0.6034,0.3879,2,1,1,0,4389,2332,1370,687,2027,238895,1,0,0,0.48,BELMONT,310,303,2.124495,joined
25017353200,Census Tract 3532,Middlesex,5368.0,142083.0,0.1195248700816629,0.6981037924151696,0.3617764471057884,0.8186968838526912,0.4345961401000714,0.6416,0.6604,0.0954,0.7495,0.8694,1,1,1,0,2120,1244,807,69,2051,155991,6,0,0,0.187,CAMBRIDGE,881,803,10.190912,joined
25017353700,Census Tract 3537,Middlesex,5243.0,109514.0,0.1392496392496392,0.7271418286537077,0.3952483801295896,0.8302752293577982,0.5821782178217821,0.4859,0.4187,0.0471,0.7539,0.9165,1,1,0,0,2099,1281,786,32,1642,157386,0,0,0,0.416,CAMBRIDGE,881,803,10.190912,joined
25017354300,Census Tract 3543,Middlesex,3312.0,124625.0,0.1111111111111111,0.5668515095502157,0.1435613062230437,0.812953995157385,0.3565217391304348,0.4118,0.2448,0.0822,0.6221,0.8606,1,1,1,0,2554,1421,1022,111,1599,201870,3,0,0,0.389,CAMBRIDGE,881,803,10.190912,joined
25017342101,Census Tract 3421.01,Middlesex,5566.0,98750.0,0.1900750778245742,0.5782312925170068,0.0997732426303854,0.5487540628385699,0.5254901960784314,0.8719,0.8751,0.8462,0.827,0.7207,3,1,1,0,3271,1557,1553,161,1728,110998,0,0,0,0.822,EVERETT,716,695,16.963893,joined
25017341200,Census Tract 3412,Middlesex,6569.0,87668.0,0.142030750494748,0.518796992481203,0.1612781954887218,0.6609457092819615,0.4840579710144927,0.7169,0.8688,0.4608,0.8251,0.3754,3,1,1,0,3415,1624,1297,494,2690,129379,0,0,0,0.444,MALDEN,871,849,7.8276319999999995,joined
25017341600,Census Tract 3416,Middlesex,6585.0,92768.0,0.1132997404183844,0.5024574669187145,0.2465028355387523,0.6192787794729542,0.5590669676448458,0.8267,0.6987,0.8211,0.7614,0.8719,2,1,1,0,3138,1536,1339,263,2705,127170,5,0,0,0.291,MALDEN,871,849,7.8276319999999995,joined
25017339700,Census Tract 3397,Middlesex,3807.0,92809.0,0.103230890464933,0.5403135498320268,0.1394176931690929,0.7309753483386924,0.4207253886010362,0.5053,0.538,0.7188,0.7395,0.1438,3,1,1,0,3254,1529,1238,487,1834,112092,1,0,0,0.301,MEDFORD,902,867,8.082967,joined
25017336100,Census Tract 3361,Middlesex,5684.0,114605.0,0.0436312456016889,0.3912556053811659,0.164050822122571,0.4788579689194073,0.501432664756447,0.4294,0.344,0.4771,0.4722,0.4614,3,1,1,1,3478,1650,1055,773,2515,135844,6,0,0,0.15,MELROSE,523,500,4.32162,joined
25017373300,Census Tract 3733,Middlesex,2979.0,152072.0,0.0399462907015777,0.4111384111384111,0.0573300573300573,0.4747399702823179,0.4760956175298805,0.4011,0.1042,0.7884,0.4853,0.4388,2,1,1,0,3960,1881,1456,623,1265,228254,3,0,0,0.341,NEWTON,1445,1369,21.226114000000003,joined
25017374500,Census Tract 3745,Middlesex,4650.0,141892.0,0.057382476274553,0.4047619047619047,0.0917537746806039,0.4433443344334433,0.4347202295552367,0.3647,0.2285,0.4488,0.6134,0.3961,2,1,1,0,4212,2058,1675,479,1783,244102,1,0,0,0.421,NEWTON,1445,1369,21.226114000000003,joined
25017374700,Census Tract 3747,Middlesex,4407.0,179833.0,0.0771499886544134,0.3994708994708995,0.1232804232804232,0.4,0.5496688741721855,0.5336,0.5009,0.4206,0.5615,0.5543,2,1,1,0,4182,2140,1593,449,1919,257550,4,0,0,0.5,NEWTON,1445,1369,21.226114000000003,joined
25017338200,Census Tract 3382,Middlesex,4290.0,139833.0,0.0370912640312347,0.2881462799495586,0.0447667087011349,0.4048811013767209,0.1947483588621444,0.7809,0.4369,0.796,0.727,0.9705,2,1,1,0,3677,1783,1314,580,1597,218748,1,0,0,0.164,WINCHESTER,441,427,4.1942330000000005,joined
25017387100,Census Tract 3871,Middlesex,4569.0,157929.0,0.0315167432698621,0.1856253537068477,0.019807583474816,0.1736958934517203,0.5274390243902439,0.2819,0.2134,0.199,0.2336,0.5756,2,1,1,1,4653,2272,1360,1021,1784,200324,0,0,0,0.6,HOLLISTON,511,469,27.746281,joined
25017383600,Census Tract 3836,Middlesex,6225.0,118760.0,0.0621630727762803,0.3182601205857019,0.0400516795865633,0.3382107023411371,0.4830852503382949,0.7659,0.6491,0.7784,0.669,0.7847,3,1,1,1,3730,1964,712,1054,2391,136764,14,11,38,0.613,FRAMINGHAM,1991,1886,38.134805,joined
25017383300,Census Tract 3833,Middlesex,3875.0,89058.0,0.0901170705145657,0.6326034063260341,0.2737226277372263,0.5705596107055961,0.3894230769230769,0.8908,0.7112,0.8989,0.7883,0.9454,2,1,1,0,3137,1732,786,619,1503,141185,3,0,0,0.384,FRAMINGHAM,1991,1886,38.134805,joined
25017382200,Census Tract 3822,Middlesex,5290.0,193488.0,0.0185781990521327,0.2558356676003734,0.0368814192343604,0.2696629213483146,0.2846715328467153,0.1004,0.1111,0.2693,0.1255,0.2034,2,1,1,1,4315,2065,1254,996,2226,185223,1,0,0,0.621,NATICK,1149,1069,22.722972000000002,joined
25017382100,Census Tract 3821,Middlesex,4826.0,148750.0,0.0339304531085353,0.0566150178784266,0.0441001191895113,0.0557118739448508,0.0947368421052631,0.1739,0.0722,0.5016,0.4035,0.2172,3,1,1,1,4864,2274,1171,1419,1770,189974,3,0,0,0.889,NATICK,1149,1069,22.722972000000002,joined
25017367200,Census Tract 3672,Middlesex,6937.0,250001.0,0.0284794851166532,0.121647509578544,0.0684865900383141,0.068108605614358,0.7677165354330708,0.167,0.0339,0.2932,0.4472,0.4149,2,1,1,0,5742,2902,2059,781,2059,354387,3,0,0,1.358,WESTON,158,145,4.690758999999999,joined
25017366202,Census Tract 3662.02,Middlesex,5356.0,217083.0,0.0238318633890035,0.1148892323544564,0.0649149922720247,0.1407815631262525,0.358744394618834,0.1864,0.0653,0.5524,0.5184,0.1789,2,1,0,0,5409,2634,1367,1408,1927,302633,16,0,0,1.257,WAYLAND,430,408,6.1464305,joined
25017365201,Census Tract 3652.01,Middlesex,6313.0,225853.0,0.0046474358974358,0.0468827930174563,0.0079800498753117,0.0408977556109725,0.2765957446808511,0.1136,0.0603,0.3107,0.3991,0.1952,2,1,1,0,4661,2115,1585,961,2050,267586,5,0,0,0.304,SUDBURY,391,368,8.966582999999998,joined
25017363103,Census Tract 3631.03,Middlesex,3138.0,139250.0,0.0299553855959209,0.0983483483483483,0.0375375375375375,0.1720588235294117,0.5114503816793893,0.1751,0.1569,0.2272,0.4834,0.2511,2,1,1,0,4242,1885,1306,1051,1293,219942,3,0,0,0.821,ACTON,720,669,17.895219,joined
25017363104,Census Tract 3631.04,Middlesex,6422.0,155150.0,0.039551541575833,0.1822351959966638,0.0166805671392827,0.2010008340283569,0.1075514874141876,0.2888,0.1777,0.3415,0.6346,0.344,2,1,1,1,4592,2021,1332,1239,2334,214972,12,3,6,0.412,ACTON,720,669,17.895219,joined
25017369100,Census Tract 3691,Middlesex,5135.0,133824.0,0.035672514619883,0.1797808764940239,0.0318725099601593,0.1895893027698185,0.2548476454293629,0.2775,0.1036,0.4865,0.3891,0.4218,2,1,1,1,4500,2139,1238,1123,2100,196240,1,0,0,0.176,WALTHAM,989,922,18.634272,joined
25017322400,Census Tract 3224,Middlesex,4781.0,122839.0,0.041413930140138,0.3343180699162973,0.0275726243229935,0.4997613365155131,0.2592047128129602,0.2756,0.4168,0.5518,0.2061,0.1017,2,1,1,0,2963,1058,1627,278,1890,179235,1,0,0,0.681,HUDSON,36,31,6.911899999999999,joined
25017318100,Census Tract 3181,Middlesex,6886.0,175588.0,0.0144906323185011,0.0786610878661087,0.0205020920502092,0.011319281811085,0.2553191489361702,0.0678,0.1864,0.2178,0.5103,0.0345,2,1,1,0,4019,2232,1286,501,2378,179684,0,0,0,1.808,WESTFORD,598,572,11.626042,joined
25017317201,Census Tract 3172.01,Middlesex,2691.0,182153.0,0.0289855072463768,0.0,0.029445073612684,0.0,,0.0483,0.0885,0.1588,0.3192,0.0904,2,1,1,0,3845,2104,1588,153,908,191820,0,0,0,0.087,CHELMSFORD,828,785,15.156638000000001,joined
25017316400,Census Tract 3164,Middlesex,7131.0,168088.0,0.0337432986439608,0.195447409733124,0.0333594976452119,0.1942700156985871,0.4056224899598393,0.0772,0.0778,0.0992,0.4216,0.2699,2,1,1,0,4051,2131,1244,676,2472,175749,0,0,0,2.211,BILLERICA,1051,1015,28.144817,joined
25017316201,Census Tract 3162.01,Middlesex,4575.0,171542.0,0.0214723926380368,0.0214621059691482,0.0328638497652582,0.0744400527009222,0.0,0.1456,0.1507,0.4432,0.1218,0.177,3,1,1,1,4454,2208,1315,931,1547,174119,0,0,0,1.453,BILLERICA,1051,1015,28.144817,joined
25017361200,Census Tract 3612,Middlesex,6344.0,192279.0,0.0566801619433198,0.3720197930724246,0.0247413405308142,0.3688181056160939,0.4135429262394196,0.619,0.263,0.7144,0.5534,0.8512,3,2,1,0,5836,3840,1263,733,2217,226697,8,1,2,0.539,CONCORD,344,322,11.286854,joined
25017326102,Census Tract 3261.02,Middlesex,6264.0,197335.0,0.0411294271258364,0.0993961913608917,0.0106827682303762,0.1524806554392353,0.4719626168224299,0.1852,0.231,0.3628,0.2736,0.1707,3,1,0,1,5171,2478,646,2047,2190,186005,5,0,0,1.057,GROTON,33,29,3.239931,joined
25017388300,Census Tract 3883,Middlesex,6259.0,23500.0,0.3752186588921283,0.8799149840595112,0.4840595111583421,0.8821198613174839,0.5356280193236715,0.951,0.9454,0.6911,0.8438,0.9793,4,3,1,0,1818,1416,380,22,1886,43116,9,0,0,0.198,LOWELL,1560,1490,17.496131000000002,joined
25017310400,Census Tract 3104,Middlesex,3730.0,51830.0,0.3346785041700296,0.6278481012658228,0.2033755274261603,0.6171938361719383,0.7768817204301075,0.9529,0.9793,0.9178,0.8401,0.7728,5,3,2,0,3226,1794,1398,34,1155,60300,0,0,0,0.327,LOWELL,1560,1490,17.496131000000002,joined
25017314101,Census Tract 3141.01,Middlesex,7052.0,120149.0,0.0519001701644923,0.2096908939014202,0.0622389306599832,0.2008196721311475,0.7111553784860558,0.5286,0.5964,0.6397,0.4585,0.2976,3,2,1,0,3729,2030,1217,482,2492,133400,0,0,0,2.447,DRACUT,1064,1045,9.837447000000001,joined
25017311800,Census Tract 3118,Middlesex,3879.0,86518.0,0.2992738589211618,0.5375457875457875,0.1465201465201465,0.7073386383731212,0.4684838160136286,0.8067,0.865,0.811,0.9038,0.4375,4,2,1,0,3371,2068,1265,38,1131,93187,0,0,0,0.517,LOWELL,1560,1490,17.496131000000002,joined
25017311600,Census Tract 3116,Middlesex,6736.0,118625.0,0.0798693586698337,0.3435553425970292,0.0383325347388596,0.3533487297921478,0.3626220362622036,0.6755,0.7338,0.6629,0.8045,0.3434,3,2,1,0,3646,2002,1316,328,1969,129890,4,1,12,0.494,LOWELL,1560,1490,17.496131000000002,joined
25023521102,Census Tract 5211.02,Plymouth,3499.0,94922.0,0.1246070305801657,0.317743132887899,0.0081662954714179,0.3931082981715893,0.5373831775700935,0.2285,0.5556,0.2699,0.1993,0.0647,5,2,1,2,5260,2034,1340,1886,1413,104798,0,0,0,2.537,WHITMAN,308,301,2.613728,joined
25023525101,Census Tract 5251.01,Plymouth,7060.0,95188.0,0.056692242114237,0.3875467846206192,0.0231371214698877,0.4619902120717781,0.4907813871817383,0.4922,0.5807,0.3346,0.3167,0.4859,3,2,1,1,3727,1938,889,900,2940,117770,12,6,8,1.225,BRIDGEWATER,581,548,16.123117,joined
25023511200,Census Tract 5112,Plymouth,5331.0,75437.0,0.1366245694603903,0.4690982776089159,0.1560283687943262,0.400375939849624,0.3617710583153348,0.9874,0.828,0.9837,0.8869,0.995,4,2,1,1,3244,1544,1093,607,1985,76934,0,0,0,1.257,BROCKTON,2369,2299,29.462186000000003,joined
25023544200,Census Tract 5442,Plymouth,5845.0,70660.0,0.0763162407820271,0.1298649722001588,0.0476568705321683,0.3763288447909284,0.6085626911314985,0.4865,0.5863,0.5932,0.1711,0.3277,4,2,1,2,4326,1766,759,1801,2636,104107,1,1,4,2.64,CARVER,331,292,72.490523,joined
25023523100,Census Tract 5231,Plymouth,3354.0,132600.0,0.0235539654144305,0.2431740614334471,0.0930034129692832,0.1740924092409241,0.5263157894736842,0.4244,0.6541,0.3974,0.1899,0.2072,4,2,1,1,5078,2340,900,1838,1164,142069,1,1,6,0.17,EAST BRIDGEWATER,440,422,11.866665,joined
25023522101,Census Tract 5221.01,Plymouth,4694.0,130929.0,0.0242541317879373,0.0813455657492354,0.0336391437308868,0.1007705986959099,1.0,0.1959,0.4551,0.3741,0.1711,0.0546,3,2,1,1,5024,2299,1001,1724,1691,147536,0,0,0,0.96,HANSON,226,223,1.910463,joined
25021416101,Census Tract 4161.01,Norfolk,5978.0,215938.0,0.0299631737529293,0.0868894601542416,0.0555269922879177,0.0748091603053435,0.3727810650887574,0.1594,0.103,0.2134,0.376,0.3547,2,1,1,1,5045,2341,1497,1207,1908,207465,7,0,0,0.708,MILTON,523,500,6.355667,joined
25021411302,Census Tract 4113.02,Norfolk,3823.0,148571.0,0.0811240721102863,0.1768292682926829,0.0311653116531165,0.2207707380796864,0.2375478927203065,0.5254,0.5788,0.4313,0.3011,0.5217,3,1,1,1,4353,2118,1195,1040,1418,146246,0,0,0,1.591,WALPOLE,497,462,26.60827399999999,joined
25009254403,Census Tract 2544.03,Essex,4018.0,215221.0,0.0103326612903225,0.0996978851963746,0.0,0.1321455085374907,0.5227272727272727,0.2021,0.1268,0.6416,0.4585,0.1168,2,1,1,0,4389,2421,1511,457,1310,226618,1,0,0,0.361,ANDOVER,687,648,14.50191,joined
25017322200,Census Tract 3222,Middlesex,4533.0,112891.0,0.0589013898080741,0.309452736318408,0.0328358208955223,0.3809300140911226,0.4485530546623794,0.4463,0.3729,0.656,0.3354,0.3823,2,1,1,0,2726,1021,1265,440,1992,169409,3,3,3,0.271,HUDSON,36,31,6.911899999999999,joined
25017337101,Census Tract 3371.01,Middlesex,2907.0,118958.0,0.0636394908840729,0.216887417218543,0.0885761589403973,0.3000804505229284,0.3778625954198473,0.3352,0.2869,0.3955,0.5103,0.317,3,1,1,1,4222,2083,1038,1101,1185,156601,0,0,0,0.54,STONEHAM,559,543,6.321113,joined
25017353000,Census Tract 3530,Middlesex,3117.0,150221.0,0.0782803978184151,0.7397086763774541,0.3869537682077264,0.8823529411764706,0.4580479452054795,0.4432,0.4714,0.076,0.6871,0.6755,1,1,0,0,1838,1125,696,17,1535,165723,6,0,0,0.121,CAMBRIDGE,881,803,10.190912,joined
25017382602,Census Tract 3826.02,Middlesex,4918.0,123214.0,0.0827572183814558,0.2765314926660914,0.1419327006039689,0.390631714654061,0.4898595943837753,0.6315,0.1933,0.8933,0.5078,0.8067,2,1,1,0,3534,1841,1105,588,2328,174347,9,1,10,0.171,NATICK,1149,1069,22.722972000000002,joined
25023530801,Census Tract 5308.01,Plymouth,7002.0,138750.0,0.0264625947646974,0.0501579778830963,0.0217219589257503,0.041727672035139,0.4724409448818897,0.1463,0.1877,0.3729,0.0606,0.2003,3,1,1,0,4857,2361,1781,715,2420,158960,1,0,0,1.132,PLYMOUTH,1588,1483,53.683165,joined
25023510300,Census Tract 5103,Plymouth,4465.0,57190.0,0.1336633663366336,0.7257462686567164,0.277363184079602,0.7594117647058823,0.675235646958012,0.9253,0.9592,0.9284,0.9507,0.6102,4,2,2,0,3235,1535,1390,310,1491,85931,0,0,0,0.554,BROCKTON,2369,2299,29.462186000000003,joined
25023525204,Census Tract 5252.04,Plymouth,4247.0,163125.0,0.0423828584883447,0.0,0.0195930670685757,0.0,,0.0188,0.0665,0.3045,0.2861,0.0031,3,1,1,1,5756,2677,1394,1685,1222,191390,0,0,0,1.897,BRIDGEWATER,581,548,16.123117,joined
25025010104,Census Tract 101.04,Suffolk,4636.0,81875.0,0.2870833333333333,0.799492385786802,0.6123096446700508,0.9762273901808786,0.5087301587301587,0.6045,0.7715,0.0465,0.7002,0.8154,1,1,0,0,1249,993,244,12,1662,112677,3,0,0,0.101,BOSTON,4471,4197,71.531141,joined
25025981502,Census Tract 9815.02,Suffolk,0.0,,,,,,,-999.0,-999.0,-999.0,-999.0,-999.0,,,,,,,,,,,2,2,12,0.15,REVERE,1329,1289,11.942450999999998,joined
25025170701,Census Tract 1707.01,Suffolk,2435.0,80101.0,0.0439425051334702,0.6868076535750252,0.1641490433031218,0.8319634703196347,0.6011730205278593,0.8443,0.666,0.5367,0.8738,0.9937,3,2,1,0,2730,1626,903,201,965,108292,1,0,0,0.303,REVERE,1329,1289,11.942450999999998,joined
25025010701,Census Tract 107.01,Suffolk,2580.0,151190.0,0.0873124147339699,0.7021739130434783,0.4355072463768116,0.9735182849936947,0.370485036119711,0.1048,0.0847,0.0063,0.5066,0.7753,1,1,0,0,1601,1253,286,62,1304,190109,0,0,0,0.138,BOSTON,4471,4197,71.531141,joined
25025030200,Census Tract 302,Suffolk,1533.0,118750.0,0.075668623613829,0.8753830439223698,0.6537282941777324,1.0,0.3057176196032672,0.1023,0.1142,0.0144,0.2992,0.7451,1,1,0,0,1653,1301,348,4,972,143672,0,0,0,0.113,BOSTON,4471,4197,71.531141,joined
25025980700,Census Tract 9807,Suffolk,3.0,,0.3333333333333333,,,0.0,,-999.0,-999.0,-999.0,0.0,-999.0,,,,,,,,,,,0,0,0,0.87,BOSTON,4471,4197,71.531141,joined
25025140105,Census Tract 1401.05,Suffolk,3746.0,89676.0,0.1321409503470368,0.3452471482889734,0.132319391634981,0.4477941176470588,0.6365638766519823,0.7646,0.7847,0.9818,0.8782,0.1318,3,1,2,0,3436,1547,1684,205,1341,111789,0,0,0,0.583,BOSTON,4471,4197,71.531141,joined
25025120103,Census Tract 1201.03,Suffolk,1754.0,250001.0,0.0376282782212086,0.2954856361149111,0.0793433652530779,0.6779891304347826,0.3796296296296296,0.0069,0.0013,0.0584,0.3898,0.1412,2,1,1,0,3433,1487,1308,638,749,216907,3,0,0,0.159,BOSTON,4471,4197,71.531141,joined
25017373901,Census Tract 3739.01,Middlesex,2964.0,250001.0,0.0138326585695006,0.1380908248378128,0.0324374420759962,0.093128390596745,0.4630872483221476,0.059,0.0747,0.3208,0.4497,0.0483,2,1,1,0,5385,2595,1758,1032,1065,304375,0,0,0,0.828,NEWTON,1445,1369,21.226114000000003,joined
25017341301,Census Tract 3413.01,Middlesex,4305.0,91076.0,0.1543109458517313,0.9278824069820856,0.4372990353697749,0.9314481576692374,0.3831683168316832,0.7094,0.6874,0.0879,0.9263,0.9391,2,1,0,0,1618,1235,379,4,2056,97507,22,0,0,0.114,MALDEN,871,849,7.8276319999999995,joined
25017354601,Census Tract 3546.01,Middlesex,1915.0,103165.0,0.1581858407079646,0.7941483803552769,0.2497387669801463,0.8570190641247833,0.4776315789473684,0.5135,0.1977,0.1099,0.7146,0.9799,1,1,0,0,1754,1205,547,2,822,160236,13,0,0,0.1,CAMBRIDGE,881,803,10.190912,joined
25017360300,Census Tract 3603,Middlesex,6948.0,175117.0,0.0233839737861185,0.4266617155588563,0.0679539546973635,0.2461805555555555,0.6161879895561357,0.4438,0.2323,0.8713,0.4953,0.2611,2,1,1,0,4417,2220,1193,1004,2573,219353,4,0,0,1.591,LINCOLN,248,232,3.355764,joined
25017359400,Census Tract 3594,Middlesex,7178.0,120307.0,0.1834772917247144,0.6698257413634974,0.4121063894833384,0.8418914998549464,0.4176175262437243,0.5838,0.4363,0.1607,0.807,0.8707,1,1,1,0,2057,1268,759,30,3286,150782,4,0,0,0.019,CAMBRIDGE,881,803,10.190912,joined
25017341904,Census Tract 3419.04,Middlesex,3277.0,98036.0,0.1611026033690658,0.5851528384279476,0.1248908296943231,0.5182049110922947,0.4223880597014925,0.9046,0.8757,0.877,0.8176,0.8223,3,1,1,1,3532,1572,1324,636,1145,118270,0,0,0,0.314,MALDEN,871,849,7.8276319999999995,joined
25017370104,Census Tract 3701.04,Middlesex,4341.0,127455.0,0.0451508868924211,0.6237513873473918,0.0421753607103218,0.7482666666666666,0.3745551601423487,0.3685,0.3258,0.2448,0.5734,0.452,2,1,1,0,2800,1415,1102,283,1783,173786,4,1,4,0.342,WATERTOWN,418,385,11.216307,joined
25017342502,Census Tract 3425.02,Middlesex,3581.0,56098.0,0.1567963902989283,0.7051971326164874,0.3243727598566308,0.8834042553191489,0.6721728081321474,0.8449,0.9121,0.4783,0.7177,0.8443,4,2,2,0,3824,1704,1901,219,1082,99177,0,0,0,0.483,EVERETT,716,695,16.963893,joined
25017310102,Census Tract 3101.02,Middlesex,2608.0,38885.0,0.3980061349693251,0.8053293856402665,0.2849740932642487,0.9936440677966102,0.6102941176470589,0.8167,0.8249,0.5524,0.7239,0.855,2,2,0,0,1619,1271,345,3,1341,78123,9,0,0,0.092,LOWELL,1560,1490,17.496131000000002,joined
25017383903,Census Tract 3839.03,Middlesex,2670.0,170208.0,0.0910112359550561,0.0438695163104611,0.0067491563554555,0.0065861690450054,0.1538461538461538,0.0954,0.2392,0.1073,0.6902,0.0621,3,1,0,1,5150,2193,694,2263,946,168673,1,1,4,0.42,FRAMINGHAM,1991,1886,38.134805,joined
25021417704,Census Tract 4177.04,Norfolk,4274.0,98347.0,0.0505381375760411,0.6440042826552462,0.0797644539614561,0.8268210323203087,0.4364089775561097,0.4664,0.4802,0.0866,0.6071,0.7433,2,1,1,0,2705,1561,796,348,1848,131884,0,0,0,0.429,QUINCY,928,875,10.740924000000001,joined
25021420102,Census Tract 4201.02,Norfolk,4088.0,120374.0,0.0539744847890088,0.2634803921568627,0.0251225490196078,0.275609756097561,0.7255813953488373,0.7294,0.8154,0.4149,0.9138,0.5493,4,2,1,1,3944,1809,716,1419,1639,110877,0,0,0,1.905,RANDOLPH,1202,1182,14.941883,joined
25021403501,Census Tract 4035.01,Norfolk,2911.0,129557.0,0.074312254376563,0.5551497443389335,0.1336742147552958,0.6228419654714475,0.6552631578947369,0.4683,0.2046,0.6001,0.4778,0.6547,2,1,0,0,3884,1983,1129,772,1233,227534,9,0,0,0.263,NEEDHAM,819,786,14.545003000000001,joined
25021411102,Census Tract 4111.02,Norfolk,4501.0,203269.0,0.0195991091314031,0.08363201911589,0.019115890083632,0.1749156355455568,0.35,0.0132,0.0094,0.3302,0.0931,0.0289,2,1,1,1,4833,2455,1111,1267,1699,194736,5,0,0,0.813,WALPOLE,497,462,26.60827399999999,joined
25021442104,Census Tract 4421.04,Norfolk,5661.0,158672.0,0.0492845786963434,0.0962790697674418,0.0,0.2172093023255814,0.2222222222222222,0.0998,0.1494,0.1036,0.3598,0.2429,2,1,1,0,3853,2144,1228,481,2115,177266,4,2,16,0.632,FRANKLIN,627,585,25.62493899999999,joined
25021443105,Census Tract 4431.05,Norfolk,2240.0,130208.0,0.0441964285714285,0.2043147208121827,0.031725888324873,0.1510152284263959,0.4285714285714285,0.3892,0.6855,0.3597,0.4285,0.0697,3,1,1,1,4052,2088,1121,843,777,142775,0,0,0,2.749,BELLINGHAM,795,766,26.585994,joined
25021401202,Census Tract 4012.02,Norfolk,1773.0,155250.0,0.0447653429602888,0.3150912106135987,0.1509121061359867,0.4015503875968992,0.6052631578947368,0.7382,0.4953,0.6522,0.7308,0.9171,2,1,1,0,3653,1790,1714,149,634,226971,2,0,0,0.568,BROOKLINE,294,277,3.542596,joined
25021417201,Census Tract 4172.01,Norfolk,5177.0,91099.0,0.0932972764149121,0.4946635730858468,0.1030162412993039,0.5998329156223893,0.5046904315196998,0.7765,0.7213,0.2793,0.8976,0.9316,2,1,1,0,2948,1691,873,384,2134,125513,1,0,0,0.285,QUINCY,928,875,10.740924000000001,joined
25021415104,Census Tract 4151.04,Norfolk,3570.0,143342.0,0.0285714285714285,0.2200435729847494,0.074074074074074,0.3185028248587571,0.3729372937293729,0.2793,0.2053,0.7163,0.3067,0.1544,2,1,1,0,4191,2161,1285,745,1474,179779,0,0,0,1.294,CANTON,481,430,27.71898699999999,joined
25021400402,Census Tract 4004.02,Norfolk,1982.0,250001.0,0.0454086781029263,0.391008174386921,0.2261580381471389,0.5723514211886305,0.2926829268292683,0.1689,0.0157,0.1795,0.6171,0.5009,1,1,1,0,3901,2066,1754,81,795,317654,3,0,0,0.033,BROOKLINE,294,277,3.542596,joined
25023510505,Census Tract 5105.05,Plymouth,4846.0,57938.0,0.2884978001257071,0.5587815326035221,0.2275107091861018,0.8227082363890181,0.4071550255536627,0.8845,0.8355,0.8625,0.9238,0.8004,3,2,1,0,1883,1241,485,157,1994,69144,3,0,0,0.186,BROCKTON,2369,2299,29.462186000000003,joined
25023523204,Census Tract 5232.04,Plymouth,3634.0,119135.0,0.0701706108970831,0.1411174785100286,0.0171919770773638,0.1583679114799446,0.4771573604060913,0.3967,0.4269,0.5204,0.2536,0.3214,3,2,1,1,4391,2318,1083,990,1387,136024,0,0,0,1.88,EAST BRIDGEWATER,440,422,11.866665,joined
25023506104,Census Tract 5061.04,Plymouth,4099.0,173281.0,0.0187053901058331,0.1260558804418453,0.0,0.0,0.2628865979381443,0.0276,0.0144,0.3202,0.2249,0.0471,2,1,1,1,4894,2282,1460,1152,1521,200685,1,0,0,1.694,MARSHFIELD,582,560,11.321784,joined
25023542301,Census Tract 5423.01,Plymouth,4051.0,116577.0,0.0413705583756345,0.3767670559311616,0.0202827289489858,0.4500580720092915,0.5481239804241436,0.6585,0.7985,0.4997,0.2904,0.5311,2,1,1,0,2395,1120,822,453,1595,100789,8,4,4,0.391,MIDDLEBOROUGH,45,31,8.938308999999999,joined
25009211202,Census Tract 2112.02,Essex,3951.0,100099.0,0.0896394108684611,0.4038342609771181,0.0278293135435992,0.563625450180072,0.5053598774885145,0.3026,0.2793,0.2624,0.2386,0.4639,2,1,1,0,3142,1240,1260,642,1673,141342,5,0,0,0.157,DANVERS,56,42,4.930632,joined
25009267104,Census Tract 2671.04,Essex,2217.0,86073.0,0.0626973387460532,0.4537114261884904,0.1309424520433694,0.4813311688311688,0.5147058823529411,0.4363,0.3271,0.457,0.2954,0.5957,3,2,1,1,3279,1909,759,611,1135,121240,0,0,0,1.513,SALISBURY,317,303,9.698074,joined
25025060604,Census Tract 606.04,Suffolk,3252.0,183313.0,0.0252152521525215,0.7381852551984878,0.4191871455576559,1.0,0.410371318822023,0.0609,0.0069,0.0169,0.4385,0.7351,1,0,0,0,1463,1071,386,6,1851,278160,19,0,0,0.034,BOSTON,4471,4197,71.531141,joined
25025061202,Census Tract 612.02,Suffolk,0.0,,,,,,,-999.0,-999.0,-999.0,-999.0,-999.0,,,,,,,,,,,1,0,0,0.199,BOSTON,4471,4197,71.531141,joined
25025061203,Census Tract 612.03,Suffolk,2338.0,250001.0,0.0329341317365269,0.3795093795093795,0.1659451659451659,0.9129032258064516,0.2205323193916349,0.3333,0.0923,0.059,0.4447,0.9535,1,0,0,0,2246,1424,820,2,1178,306727,0,0,0,0.179,BOSTON,4471,4197,71.531141,joined
25025020305,Census Tract 203.05,Suffolk,4290.0,144591.0,0.110026835813613,0.8157554885923375,0.6396900559621179,0.9971171171171171,0.5029023746701847,0.6164,0.4821,0.0684,0.6471,0.9881,1,1,0,0,1163,1012,144,7,1988,169425,9,0,0,0.069,BOSTON,4471,4197,71.531141,joined
25025081101,Census Tract 811.01,Suffolk,1643.0,85531.0,0.1043992120814182,0.9229871645274212,0.5402567094515752,0.9611973392461196,0.5689001264222503,0.6842,0.5242,0.0973,0.7851,0.9893,1,1,0,0,1256,1005,238,13,767,102030,0,0,0,0.425,BOSTON,4471,4197,71.531141,joined
25025070301,Census Tract 703.01,Suffolk,2452.0,191346.0,0.1321909424724602,0.4902120717781403,0.3466557911908646,0.8647435897435898,0.2462562396006655,0.2467,0.2492,0.0565,0.5322,0.6334,1,1,0,0,2315,1585,639,91,1291,259986,0,0,0,0.161,BOSTON,4471,4197,71.531141,joined
25025000603,Census Tract 6.03,Suffolk,1840.0,44688.0,0.3219404630650496,0.8575221238938053,0.4008849557522124,0.9021739130434784,0.6749226006191951,0.9209,0.8632,0.8161,0.9269,0.9215,1,1,0,0,766,683,75,8,938,51572,25,0,0,0.051,BOSTON,4471,4197,71.531141,joined
25023503102,Census Tract 5031.02,Plymouth,7298.0,162303.0,0.0516093229744728,0.1629327902240326,0.0138492871690427,0.1599045346062052,0.6125,0.2768,0.3427,0.4401,0.0931,0.2649,3,1,0,1,5091,2520,940,1631,2485,195623,0,0,0,1.937,HANOVER,220,206,4.371382,joined
25023522102,Census Tract 5221.02,Plymouth,5966.0,140208.0,0.0283975659229208,0.1314957071848169,0.0334387708992318,0.1721644826028016,0.5085910652920962,0.1507,0.2348,0.3252,0.2623,0.1362,3,1,1,1,4260,2139,1267,854,2388,145741,3,0,0,0.405,HANSON,226,223,1.910463,joined
25023500101,Census Tract 5001.01,Plymouth,3548.0,116101.0,0.0325779036827195,0.1639244363193175,0.0322973796465569,0.1080550098231827,0.6356877323420075,0.1375,0.1299,0.3905,0.1081,0.2235,2,1,1,0,3701,1485,1614,602,1540,174533,0,0,0,4.834,,0,0,0,joined
25023506102,Census Tract 5061.02,Plymouth,6169.0,102128.0,0.100915930650965,0.3407843137254902,0.0325490196078431,0.3831372549019607,0.6340621403912543,0.5606,0.5348,0.5562,0.0881,0.6692,3,1,1,0,4405,2477,1314,614,2457,174192,4,2,3,1.487,MARSHFIELD,582,560,11.321784,joined
25023506202,Census Tract 5062.02,Plymouth,2957.0,135000.0,0.0300980723706459,0.2607944732297064,0.0345423143350604,0.2905844155844156,0.7417218543046358,0.1055,0.2379,0.2674,0.0162,0.1186,3,1,1,1,4481,2147,1066,1268,1125,161160,0,0,0,0.971,MARSHFIELD,582,560,11.321784,joined
25023542101,Census Tract 5421.01,Plymouth,7391.0,99256.0,0.050438596491228,0.122117202268431,0.0189035916824196,0.0046214006398862,0.6439628482972136,0.1582,0.484,0.1977,0.1218,0.064,3,1,1,1,3808,1404,875,1529,2669,127243,0,0,0,3.146,MIDDLEBOROUGH,45,31,8.938308999999999,joined
25023504102,Census Tract 5041.02,Plymouth,5984.0,208485.0,0.0269050802139037,0.0931216931216931,0.0126984126984126,0.0405679513184584,0.7897727272727273,0.054,0.0188,0.4827,0.188,0.0841,3,1,1,1,5409,2497,1143,1769,1817,215449,1,0,0,2.049,NORWELL,138,116,3.826214,joined
25023530500,Census Tract 5305,Plymouth,6116.0,100038.0,0.135216240070609,0.3751993620414673,0.0685805422647528,0.4005355776587605,0.614240170031881,0.7508,0.7401,0.8851,0.3673,0.5242,3,1,1,1,4142,1983,1046,1113,2289,134378,2,0,0,0.656,PLYMOUTH,1588,1483,53.683165,joined
25023543100,Census Tract 5431,Plymouth,2935.0,126736.0,0.1025025711347274,0.0694835680751173,0.0215962441314554,0.0407673860911271,0.4324324324324324,0.2567,0.4495,0.4953,0.0144,0.1193,3,1,1,2,5247,2132,767,2348,1052,152545,0,0,0,2.692,PLYMPTON,106,94,32.968505,joined
25023545100,Census Tract 5451,Plymouth,6808.0,70511.0,0.1048171275646744,0.1258018531717747,0.0121168923734853,0.2543565683646112,0.5807365439093485,0.6729,0.6554,0.72,0.4254,0.5782,4,2,1,1,4719,2291,1130,1298,2992,113365,3,3,14,0.898,WAREHAM,979,918,64.09201388,joined
25023545300,Census Tract 5453,Plymouth,4076.0,82802.0,0.0591265947006869,0.1051390853371051,0.0839226779820839,0.1056835637480798,0.242152466367713,0.6284,0.8085,0.7797,0.4235,0.1356,3,2,1,1,3535,1836,951,748,2191,104094,0,0,0,2.2,WAREHAM,979,918,64.09201388,joined
25021456102,Census Tract 4561.02,Norfolk,4973.0,79894.0,0.1554834786134198,0.3429394812680115,0.0537944284341978,0.4543357933579335,0.6862745098039216,0.6296,0.7238,0.5129,0.5634,0.4118,3,2,1,0,3910,1915,1471,524,2030,121120,0,0,0,0.533,STOUGHTON,780,744,18.19641,joined
25021456401,Census Tract 4564.01,Norfolk,2823.0,102909.0,0.0556145944031172,0.2558375634517766,0.1147208121827411,0.299625468164794,0.3492063492063492,0.6089,0.3459,0.8098,0.6109,0.6347,3,1,1,1,4673,2029,1200,1444,931,146642,0,0,0,0.295,STOUGHTON,780,744,18.19641,joined
25021411200,Census Tract 4112,Norfolk,7480.0,175370.0,0.0449785177228786,0.1709050112191473,0.0246821241585639,0.2159559834938101,0.3829321663019693,0.3151,0.2486,0.5512,0.4422,0.2561,2,1,1,1,4386,2225,1210,951,2729,187267,5,1,6,0.64,WALPOLE,497,462,26.60827399999999,joined
25023520201,Census Tract 5202.01,Plymouth,3653.0,109435.0,0.0774705721324938,0.2772998014559894,0.0264725347452018,0.3305941845764855,0.4057279236276849,0.2341,0.511,0.2185,0.4778,0.0659,3,2,1,1,4147,2170,783,1194,1430,123760,1,0,0,0.816,ABINGTON,335,321,5.424993000000001,joined
25023510100,Census Tract 5101,Plymouth,5169.0,102303.0,0.0253433933062487,0.0152091254752851,0.0215462610899873,0.0244630071599045,0.0,0.5242,0.8016,0.1959,0.7976,0.1726,4,2,1,2,5234,2216,720,2298,1547,119474,0,0,0,0.626,BROCKTON,2369,2299,29.462186000000003,joined
25023510700,Census Tract 5107,Plymouth,6426.0,95395.0,0.0778179531520201,0.1818622696411251,0.0761396702230843,0.2660287081339713,0.8453333333333334,0.7746,0.5976,0.8745,0.8401,0.72,4,2,1,1,4840,2163,1518,1159,2068,134992,0,0,0,1.063,BROCKTON,2369,2299,29.462186000000003,joined
25021411301,Census Tract 4113.01,Norfolk,5996.0,165197.0,0.0209154808846219,0.122107336287543,0.0512063023141309,0.137863121614968,0.5040322580645161,0.3145,0.2454,0.4928,0.2736,0.3635,2,1,0,1,5106,2384,801,1921,2053,205932,0,0,0,1.611,WALPOLE,497,462,26.60827399999999,joined
25021412200,Census Tract 4122,Norfolk,3648.0,200921.0,0.0345615538417595,0.1253709198813056,0.0875370919881305,0.3509583608724388,0.6804733727810651,0.2693,0.0684,0.5687,0.2061,0.489,2,1,0,1,5584,2526,1114,1944,1313,265997,0,0,0,1.358,WESTWOOD,357,333,5.250594,joined
25021412300,Census Tract 4123,Norfolk,5583.0,172798.0,0.030270463908293,0.1717729784028126,0.0195881466599698,0.1995073891625615,0.6695906432748538,0.2982,0.1959,0.3685,0.4822,0.3861,2,1,1,0,4995,2465,1683,847,1916,271293,6,1,2,0.135,WESTWOOD,357,333,5.250594,joined
25021422502,Census Tract 4225.02,Norfolk,6228.0,92995.0,0.1274887604367373,0.4415820029027576,0.1632801161103048,0.457810320781032,0.5020542317173378,0.6792,0.6981,0.5851,0.5803,0.5687,3,1,1,1,3649,1709,1097,843,2664,122025,6,1,2,0.472,WEYMOUTH,903,873,10.085437,joined
25021422600,Census Tract 4226,Norfolk,6964.0,133988.0,0.0354681217690982,0.0333462582396277,0.0430399379604497,0.0374228395061728,0.0,0.2404,0.1406,0.3804,0.3966,0.361,3,1,1,1,4650,2107,1188,1355,2514,174584,2,0,0,0.535,WEYMOUTH,903,873,10.085437,joined
25021456302,Census Tract 4563.02,Norfolk,5201.0,73011.0,0.0770119368502117,0.3619357462383082,0.1004473363155754,0.3729491796718687,0.7101123595505618,0.693,0.7232,0.8443,0.7945,0.2492,3,2,1,0,3260,1617,1199,444,2306,99622,2,2,8,0.506,STOUGHTON,780,744,18.19641,joined
25021417602,Census Tract 4176.02,Norfolk,4593.0,100443.0,0.103635967777052,0.5759522716842589,0.1340064249655805,0.5578383206788745,0.3745019920318725,0.7326,0.8041,0.6008,0.7514,0.5035,3,1,1,0,2994,1521,952,521,2279,112926,0,0,0,1.106,QUINCY,928,875,10.740924000000001,joined
25021415101,Census Tract 4151.01,Norfolk,5575.0,153194.0,0.0375457875457875,0.119530416221985,0.0512273212379935,0.2695924764890282,0.3928571428571428,0.4156,0.0483,0.7332,0.5203,0.6215,2,1,1,0,3802,1991,1351,460,1918,186970,6,0,0,0.877,CANTON,481,430,27.71898699999999,joined
25021415300,Census Tract 4153,Norfolk,3831.0,203068.0,0.0249734325185972,0.1177700348432055,0.0641114982578397,0.1739949748743718,0.4615384615384615,0.3471,0.0433,0.317,0.4066,0.8261,2,1,1,1,4321,2108,943,1270,1484,181049,3,1,20,0.413,CANTON,481,430,27.71898699999999,joined
25021402400,Census Tract 4024,Norfolk,6358.0,137125.0,0.0163573450770682,0.3624501631025734,0.0536426241391808,0.365045806906272,0.34,0.2216,0.2228,0.3779,0.2186,0.2812,2,1,1,0,3601,1778,1438,385,2862,160640,1,1,8,0.538,DEDHAM,478,454,9.047156999999999,joined
25021405100,Census Tract 4051,Norfolk,5930.0,250001.0,0.0265696395329158,0.0208659363588941,0.0109546165884194,0.0185185185185185,0.15,0.096,0.0948,0.4325,0.4678,0.0552,2,1,0,1,6978,2878,984,3116,1903,365529,2,0,0,0.618,DOVER,153,145,3.632092,joined
25021442201,Census Tract 4422.01,Norfolk,3816.0,159439.0,0.0820836621941594,0.2321187584345479,0.0276653171390013,0.2775,0.5465116279069767,0.2417,0.076,0.2285,0.1031,0.7238,2,1,1,1,4469,2142,1243,1084,1538,194729,4,1,6,1.105,FRANKLIN,627,585,25.62493899999999,joined
25021421200,Census Tract 4212,Norfolk,5886.0,123561.0,0.0626712328767123,0.1483516483516483,0.059065934065934,0.1724294813466788,0.5833333333333334,0.5091,0.5047,0.6547,0.5166,0.3239,3,1,1,1,4906,1912,890,2104,2298,141706,1,1,6,0.554,HOLBROOK,328,324,2.973615,joined
25021416200,Census Tract 4162,Norfolk,6676.0,133056.0,0.0792229473364698,0.2323503127792672,0.1023235031277926,0.2592752372735116,0.4230769230769231,0.4043,0.4237,0.4269,0.8582,0.1846,3,1,1,0,4745,2129,2145,471,2364,184810,5,0,0,0.452,MILTON,523,500,6.355667,joined
25021416400,Census Tract 4164,Norfolk,6264.0,206304.0,0.034802043422733,0.0419247260600285,0.0223916150547879,0.0946773433820065,0.25,0.0797,0.0753,0.1864,0.1774,0.2524,2,1,1,0,5040,2262,1856,922,2017,227298,1,0,0,0.936,MILTON,523,500,6.355667,joined
25021413100,Census Tract 4131,Norfolk,6252.0,113310.0,0.0761356365962891,0.310880829015544,0.0494220805101634,0.2442835365853658,0.3987179487179487,0.6077,0.6817,0.7734,0.4878,0.2536,2,1,1,1,3343,1314,1071,958,2319,155090,10,1,4,0.164,NORWOOD,6,4,0.89539,joined
25023511301,Census Tract 5113.01,Plymouth,6185.0,65333.0,0.1152013147082991,0.3548689138576779,0.0847378277153558,0.4764947512551346,0.6358839050131926,0.8707,0.769,0.9171,0.9319,0.7615,4,2,1,1,4164,2017,1312,835,2186,94514,0,0,0,0.613,BROCKTON,2369,2299,29.462186000000003,joined
25023511400,Census Tract 5114,Plymouth,3834.0,78077.0,0.1590909090909091,0.7452681388012619,0.1774447949526814,0.8433734939759037,0.5227513227513227,0.8424,0.9435,0.833,0.96,0.376,6,2,3,0,3997,1730,1915,352,1340,71381,0,0,0,0.702,BROCKTON,2369,2299,29.462186000000003,joined
25023544100,Census Tract 5441,Plymouth,5867.0,101295.0,0.0734617351286858,0.0942360475754803,0.0375114364135407,0.0740410347903657,0.3398058252427184,0.2881,0.4884,0.3007,0.2036,0.1701,3,1,1,1,4223,1966,1226,1031,2092,132504,0,0,0,1.58,CARVER,331,292,72.490523,joined
25023507103,Census Tract 5071.03,Plymouth,4242.0,206500.0,0.0419613389910419,0.0350665054413542,0.0066505441354292,0.0748452447945976,0.3793103448275862,0.0157,0.108,0.1394,0.0575,0.0264,2,1,1,0,4669,2189,1752,728,1638,216523,0,0,0,0.485,DUXBURY,244,234,3.545866,joined
25023503101,Census Tract 5031.01,Plymouth,7547.0,205804.0,0.0442559957599046,0.148046875,0.0375,0.1417653802063431,0.6754617414248021,0.1551,0.2222,0.1846,0.0931,0.3208,3,1,1,1,4844,2460,1316,1068,2412,193712,6,3,14,0.62,HANOVER,220,206,4.371382,joined
25017333100,Census Tract 3331,Middlesex,7458.0,122917.0,0.0513164965072541,0.2729372937293729,0.0801980198019802,0.3042226487523992,0.4570737605804111,0.5675,0.3936,0.2718,0.4154,0.9083,3,1,0,1,3981,1816,714,1451,3165,156070,5,1,2,0.92,WOBURN,1280,1197,29.075126,joined
25017352500,Census Tract 3525,Middlesex,3166.0,132500.0,0.1080227416298168,0.6527967257844475,0.4836289222373806,0.7683799609629147,0.4169278996865204,0.4112,0.5097,0.0496,0.7295,0.6491,2,1,1,0,2650,1418,1006,226,1393,171601,0,0,0,0.047,CAMBRIDGE,881,803,10.190912,joined
25017353300,Census Tract 3533,Middlesex,3932.0,183750.0,0.0757884028484232,0.4397083567021873,0.2641615255187886,0.768174885612608,0.3303571428571428,0.1908,0.1055,0.0578,0.6971,0.6026,1,1,0,0,2556,1400,1083,73,1896,217361,3,0,0,0.189,CAMBRIDGE,881,803,10.190912,joined
25017353600,Census Tract 3536,Middlesex,4824.0,138429.0,0.1168045830681094,0.6438871473354232,0.3304075235109718,0.7299465240641712,0.3456669912366115,0.2555,0.2969,0.0245,0.6221,0.7382,1,1,1,0,2466,1284,982,200,1777,184533,0,0,0,0.274,CAMBRIDGE,881,803,10.190912,joined
25017354200,Census Tract 3542,Middlesex,3395.0,221250.0,0.0870728083209509,0.1814946619217081,0.0782918149466192,0.337888198757764,0.4470588235294118,0.2166,0.0056,0.7043,0.6071,0.2768,1,1,1,0,3471,1785,1500,186,1394,247682,0,0,0,0.61,CAMBRIDGE,881,803,10.190912,joined
25017354500,Census Tract 3545,Middlesex,1909.0,211471.0,0.0318302387267904,0.4009324009324009,0.3041958041958042,0.5978494623655914,0.5494186046511628,0.3045,0.2888,0.1212,0.544,0.4953,1,1,0,0,2675,1454,1059,162,960,243343,0,0,0,0.167,CAMBRIDGE,881,803,10.190912,joined
25017342102,Census Tract 3421.02,Middlesex,4954.0,68864.0,0.1001424791369835,0.7312883435582822,0.254601226993865,0.7093425605536332,0.4689597315436241,0.7803,0.5882,0.9366,0.8901,0.6083,3,2,1,0,3268,1892,1115,261,1666,107888,0,0,0,0.777,EVERETT,716,695,16.963893,joined
25017358300,Census Tract 3583,Middlesex,6131.0,250001.0,0.0551000327976385,0.3583617747440273,0.0857508532423208,0.3495389773679799,0.5452380952380952,0.5744,0.0578,0.8901,0.767,0.7602,2,1,0,0,4430,2200,1175,1055,2300,248078,2,0,0,0.469,LEXINGTON,978,927,19.113633999999998,joined
25017358400,Census Tract 3584,Middlesex,4919.0,184299.0,0.0800825593395252,0.2346311475409836,0.0942622950819672,0.2447730749617542,0.4061135371179039,0.6146,0.2775,0.8519,0.6802,0.6497,2,1,1,1,4600,2052,1229,1319,1983,224362,15,6,16,0.784,LEXINGTON,978,927,19.113633999999998,joined
25017358600,Census Tract 3586,Middlesex,6459.0,238636.0,0.0647159002941631,0.1769616026711185,0.0325542570951586,0.1333056478405315,0.4858490566037736,0.3635,0.1155,0.7671,0.6871,0.268,2,1,0,1,4971,2021,1178,1772,2354,245542,8,0,0,0.543,LEXINGTON,978,927,19.113633999999998,joined
25017358700,Census Tract 3587,Middlesex,5752.0,250001.0,0.0149513212795549,0.0932721712538226,0.0101936799184505,0.0309477756286266,0.174863387978142,0.2191,0.0615,0.6554,0.7645,0.1337,2,1,0,1,5780,2501,1094,2185,2015,272355,2,0,0,0.416,LEXINGTON,978,927,19.113633999999998,joined
25017341700,Census Tract 3417,Middlesex,6059.0,126250.0,0.063871926060406,0.344115004492363,0.1913746630727762,0.4013215859030837,0.6357702349869452,0.747,0.7828,0.624,0.8301,0.548,3,1,1,0,3544,1647,1283,614,2146,137337,0,0,0,0.37,MALDEN,871,849,7.8276319999999995,joined
25017339300,Census Tract 3393,Middlesex,3142.0,122011.0,0.0516252390057361,0.4550700741962077,0.0906842539159109,0.5820280296784831,0.3532608695652174,0.5386,0.2812,0.5154,0.7814,0.6899,3,1,1,0,3448,1715,1232,501,1251,128642,2,0,0,0.225,MEDFORD,902,867,8.082967,joined
25017339500,Census Tract 3395,Middlesex,5440.0,105625.0,0.1165845648604269,0.5364396654719236,0.1135005973715651,0.6135105204872646,0.5244988864142539,0.4758,0.6529,0.0571,0.5503,0.651,3,1,1,0,3465,1604,1455,406,1758,128474,2,0,0,0.191,MEDFORD,902,867,8.082967,joined
25017339802,Census Tract 3398.02,Middlesex,4757.0,125000.0,0.0378389741433676,0.5513888888888889,0.1537037037037037,0.7059066501445683,0.4861460957178841,0.5706,0.4476,0.5838,0.7414,0.5254,2,1,0,0,2627,1642,736,249,2341,153703,8,4,24,0.064,MEDFORD,902,867,8.082967,joined
25017336300,Census Tract 3363,Middlesex,6916.0,166760.0,0.0407331975560081,0.1189273221919937,0.0524679362611737,0.1808061420345489,0.0686274509803921,0.0948,0.0421,0.4375,0.228,0.1569,2,1,1,1,4220,1891,1399,930,2515,172624,5,0,0,0.406,MELROSE,523,500,4.32162,joined
25017351300,Census Tract 3513,Middlesex,4442.0,128571.0,0.1184151283205763,0.7575618698441796,0.2589367552703941,0.8855989232839838,0.3121597096188748,0.5543,0.5424,0.1438,0.4585,0.8293,2,1,1,0,2608,1391,1053,164,2081,139543,4,0,0,0.201,SOMERVILLE,752,707,10.104102999999999,joined
25017351404,Census Tract 3514.04,Middlesex,3716.0,108358.0,0.0702702702702702,0.589778076664425,0.199058507061197,0.6726374305126621,0.3078677309007981,0.7068,0.7803,0.2662,0.772,0.6949,2,1,1,0,3004,1613,1283,108,1497,132683,0,0,0,0.356,SOMERVILLE,752,707,10.104102999999999,joined
25017337102,Census Tract 3371.02,Middlesex,5693.0,140313.0,0.0464374335342077,0.1385856668248694,0.0156620787850023,0.3511319948739855,0.1472602739726027,0.1255,0.1557,0.1858,0.2711,0.2335,2,1,1,1,4232,2097,1122,1013,2079,174092,5,0,0,0.331,STONEHAM,559,543,6.321113,joined
25017335400,Census Tract 3354,Middlesex,5398.0,147031.0,0.0481171548117154,0.1263318112633181,0.0055809233891425,0.1531576330183988,0.6024096385542169,0.3421,0.3327,0.3296,0.321,0.4137,3,1,1,1,4983,2414,971,1598,1926,186674,0,0,0,1.105,WAKEFIELD,29,27,1.624038,joined
25017368200,Census Tract 3682,Middlesex,3758.0,143857.0,0.0324222936763129,0.3123409669211195,0.0731552162849872,0.3835534213685474,0.4684317718940937,0.2411,0.2605,0.371,0.4778,0.1908,3,1,1,1,4514,1992,1176,1346,1614,179130,24,0,0,0.18,WALTHAM,989,922,18.634272,joined
25017356100,Census Tract 3561,Middlesex,3551.0,161860.0,0.0161290322580645,0.4079601990049751,0.0817341862117981,0.6929347826086957,0.2578397212543554,0.1243,0.1186,0.2687,0.4934,0.1431,2,1,1,0,3579,1507,1460,612,1414,190379,0,0,0,0.235,ARLINGTON,1251,1205,9.807252,joined
25017356500,Census Tract 3565,Middlesex,7214.0,149844.0,0.0765543493585224,0.271,0.069,0.380152187698161,0.3837638376383764,0.4375,0.172,0.6353,0.5103,0.5625,2,1,1,0,4120,1924,1189,1007,2932,216420,1,0,0,0.19,ARLINGTON,1251,1205,9.807252,joined
25017357200,Census Tract 3572,Middlesex,3167.0,250001.0,0.0094726870855699,0.1258802816901408,0.0387323943661971,0.2371794871794871,0.2657342657342657,0.0766,0.0534,0.4871,0.5578,0.0383,2,1,1,0,4863,2512,1697,654,1211,272107,3,0,0,0.309,BELMONT,310,303,2.124495,joined
25017357500,Census Tract 3575,Middlesex,2374.0,167563.0,0.0530749789385004,0.4494264859228363,0.0615224191866527,0.6617647058823529,0.4872389791183295,0.3013,0.221,0.7232,0.4447,0.1325,2,1,1,0,4122,2023,1361,738,947,210712,0,0,0,0.504,BELMONT,310,303,2.124495,joined
25017373200,Census Tract 3732,Middlesex,4999.0,117333.0,0.0626125225045009,0.5646900269541779,0.087151841868823,0.6681396376491383,0.2617342879872713,0.5593,0.3716,0.769,0.4978,0.5204,2,1,1,0,3560,1692,1395,473,2232,169715,13,0,0,0.135,NEWTON,1445,1369,21.226114000000003,joined
25017373500,Census Tract 3735,Middlesex,6309.0,250001.0,0.0352278917741056,0.1138461538461538,0.0076923076923076,0.202263779527559,0.09009009009009,0.1651,0.0659,0.3013,0.3873,0.3515,1,1,1,0,4929,2442,2112,375,1858,342489,0,0,0,0.932,NEWTON,1445,1369,21.226114000000003,joined
25017373700,Census Tract 3737,Middlesex,3812.0,250001.0,0.0107555089192025,0.0843621399176954,0.0164609053497942,0.0592193808882907,0.08130081300813,0.0326,0.0402,0.435,0.3916,0.0132,2,1,1,0,5422,2439,2144,839,1447,341902,10,0,0,0.135,NEWTON,1445,1369,21.226114000000003,joined
25017374400,Census Tract 3744,Middlesex,5821.0,250001.0,0.0505647263249348,0.2491879350348027,0.0974477958236658,0.2913385826771653,0.4916201117318435,0.4852,0.0395,0.8763,0.6221,0.6397,1,1,1,0,4626,2328,1840,458,2112,309887,1,0,0,0.792,NEWTON,1445,1369,21.226114000000003,joined
25017333502,Census Tract 3335.02,Middlesex,3578.0,105313.0,0.1308734505621216,0.5825314581791265,0.0451517394522575,0.4794425087108014,0.7064803049555273,0.6711,0.6999,0.3258,0.6727,0.7137,3,1,1,1,3727,1786,992,949,1324,133275,1,0,0,0.198,WOBURN,1280,1197,29.075126,joined
25017334200,Census Tract 3342,Middlesex,4252.0,145536.0,0.0271493212669683,0.3190998268897865,0.0432775533756491,0.3704558568955568,0.3182640144665461,0.3107,0.226,0.6698,0.0931,0.3114,2,1,1,1,3599,1302,1098,1199,1706,173350,4,1,1,0.337,READING,32,32,0.226448,joined
25017334300,Census Tract 3343,Middlesex,7560.0,164671.0,0.0365821094793057,0.0742877749729534,0.0119004688063469,0.0476361031518624,0.4514563106796116,0.076,0.0672,0.2116,0.1824,0.2178,2,1,0,1,4738,1508,901,2329,2713,196347,1,0,0,0.454,READING,32,32,0.226448,joined
25017333300,Census Tract 3333,Middlesex,4233.0,110833.0,0.1077250177179305,0.4704142011834319,0.0301775147928994,0.5362239297475302,0.3987421383647799,0.6365,0.5003,0.7476,0.3735,0.6579,3,1,1,1,3510,1745,1083,682,1563,130804,0,0,0,0.26,WOBURN,1280,1197,29.075126,joined
25017357600,Census Tract 3576,Middlesex,2883.0,193611.0,0.0316852367688022,0.3466424682395644,0.0798548094373865,0.6815789473684211,0.2041884816753926,0.2329,0.1017,0.3961,0.5984,0.3195,2,1,1,0,4246,2037,1389,820,1074,214009,0,0,0,0.414,BELMONT,310,303,2.124495,joined
25017386100,Census Tract 3861,Middlesex,4427.0,250001.0,0.0311723514795572,0.108355091383812,0.0150130548302872,0.061712846347607,0.4397590361445783,0.0176,0.1381,0.081,0.3704,0.0163,2,1,0,1,6283,2665,821,2797,1518,302582,2,1,2,0.603,SHERBORN,143,130,1.7824149999999999,joined
25017383700,Census Tract 3837,Middlesex,5418.0,111121.0,0.0426356589147286,0.3821532492725509,0.048011639185257,0.3331716779825412,0.4796954314720812,0.3553,0.4062,0.2498,0.5203,0.334,3,1,0,1,4296,2013,767,1516,2116,155762,4,1,4,0.535,FRAMINGHAM,1991,1886,38.134805,joined
25017383501,Census Tract 3835.01,Middlesex,3981.0,62880.0,0.1474911302584896,0.6630552546045504,0.1554712892741061,0.6093429158110883,0.4918300653594771,0.9115,0.9203,0.9077,0.7477,0.7345,3,2,1,0,2708,1745,517,446,1981,96030,11,2,13,0.064,FRAMINGHAM,1991,1886,38.134805,joined
25017368902,Census Tract 3689.02,Middlesex,3540.0,58887.0,0.2286602600339174,0.8563934426229508,0.1645901639344262,0.7436868686868687,0.6370597243491577,0.8336,0.8286,0.5386,0.8482,0.8826,2,1,1,0,2365,1369,690,306,1564,108943,0,0,0,0.998,WALTHAM,989,922,18.634272,joined
25009260200,Census Tract 2602,Essex,3935.0,52065.0,0.1491872050340849,0.7205528846153846,0.2427884615384615,0.8471741637831603,0.6705587989991659,0.9799,0.9554,0.9981,0.7002,0.8531,5,3,2,0,3296,1781,1344,171,1608,62144,0,0,0,0.715,HAVERHILL,1112,1071,29.966203999999998,joined
25009260302,Census Tract 2603.02,Essex,3320.0,133036.0,0.0336477987421383,0.1020408163265306,0.0644897959183673,0.1694656488549618,0.552,0.3748,0.4112,0.1513,0.3042,0.5675,3,2,1,1,4379,2270,1175,934,1293,150850,7,0,0,0.45,HAVERHILL,1112,1071,29.966203999999998,joined
25009260402,Census Tract 2604.02,Essex,6890.0,87115.0,0.1026013660805115,0.1901408450704225,0.0464788732394366,0.3003521126760563,0.6,0.4438,0.4281,0.5957,0.4897,0.285,3,2,1,0,3894,2001,1435,458,2766,130196,0,0,0,2.247,HAVERHILL,1112,1071,29.966203999999998,joined
25009251300,Census Tract 2513,Essex,3700.0,43011.0,0.2514921323928377,0.8264729620661824,0.3510895883777239,0.8324022346368715,0.6640625,0.9818,1.0,0.9642,0.9875,0.7564,7,4,3,0,3570,1913,1648,9,1275,50946,0,0,0,0.724,LAWRENCE,1455,1384,18.827804,joined
25009251600,Census Tract 2516,Essex,6847.0,66636.0,0.1342193661457572,0.8201801801801801,0.1621621621621621,0.8065887353878852,0.5597539543057997,0.9102,0.9617,0.8305,0.9656,0.6416,4,2,2,0,3367,1757,1533,77,2557,80348,11,1,6,0.142,LAWRENCE,1455,1384,18.827804,joined
25009252601,Census Tract 2526.01,Essex,7261.0,114494.0,0.0502685580498553,0.1787668734038672,0.022254651587012,0.3363439306358382,0.2897959183673469,0.5574,0.5995,0.887,0.6708,0.0847,3,2,1,0,3950,2045,1602,303,2803,124014,0,0,0,1.264,METHUEN,1661,1635,22.574887,joined
25009205300,Census Tract 2053,Essex,4516.0,109926.0,0.0569087688219663,0.034777303233679,0.0250152532031726,0.0775416427340608,0.5789473684210527,0.5725,0.5794,0.6566,0.6071,0.3465,3,1,1,0,4579,2208,1676,695,1642,147913,0,0,0,1.641,LYNN,2005,1957,16.419473999999997,joined
25009205400,Census Tract 2054,Essex,4895.0,122462.0,0.054341164453524,0.0563711098062243,0.0258367586611861,0.0699611327040533,0.71875,0.5869,0.3723,0.6692,0.5203,0.7006,3,1,1,1,4529,2162,1400,967,1807,155910,0,0,0,1.926,LYNN,2005,1957,16.419473999999997,joined
25009205500,Census Tract 2055,Essex,5308.0,72553.0,0.0695257887776308,0.486013986013986,0.106060606060606,0.6405266170578134,0.6906474820143885,0.8186,0.7389,0.946,0.8482,0.5286,4,2,1,1,4291,2334,1224,733,1708,97377,0,0,0,1.283,LYNN,2005,1957,16.419473999999997,joined
25009206200,Census Tract 2062,Essex,6062.0,59922.0,0.1601781590234246,0.6070640176600441,0.1931567328918322,0.8100922409115573,0.5409090909090909,0.8537,0.8964,0.8387,0.96,0.5292,4,2,1,1,4138,2098,1518,522,1964,103264,0,0,0,0.737,LYNN,2005,1957,16.419473999999997,joined
25009206500,Census Tract 2065,Essex,3163.0,52885.0,0.2471581682364404,0.5229885057471264,0.1223316912972085,0.6793602437166794,0.7629513343799058,0.9573,0.9196,0.838,0.9369,0.9598,5,2,2,1,3733,1804,1387,542,1259,73014,0,0,0,0.763,LYNN,2005,1957,16.419473999999997,joined
25009206800,Census Tract 2068,Essex,4384.0,35053.0,0.3774238227146814,0.912373871481678,0.5146043547530537,0.9189457981103928,0.6268917345750873,0.9981,0.9925,0.9874,0.9375,0.9818,5,3,2,0,2428,1438,796,194,1640,51275,0,0,0,0.429,LYNN,2005,1957,16.419473999999997,joined
25009207000,Census Tract 2070,Essex,1939.0,27500.0,0.3017019082001031,0.9446564885496184,0.3396946564885496,0.7416666666666667,0.4494949494949495,0.9937,0.9429,0.9962,0.9438,0.9761,5,3,1,1,2037,1259,551,227,1017,42401,1,0,0,0.419,LYNN,2005,1957,16.419473999999997,joined
25009209100,Census Tract 2091,Essex,7411.0,147083.0,0.078127108352449,0.1704634721131186,0.035349567949725,0.1835803876852907,0.7419354838709677,0.6114,0.5945,0.7922,0.4622,0.3848,2,1,1,1,3807,1368,1164,1275,2655,167057,5,2,24,0.279,LYNNFIELD,14,14,0.12818000000000002,joined
25009218100,Census Tract 2181,Essex,5403.0,206389.0,0.0205441421432537,0.2532467532467532,0.0,0.2120395327942497,0.3058608058608059,0.0496,0.1896,0.285,0.0637,0.0308,2,1,1,0,4318,2028,1602,688,2102,228198,3,0,0,0.775,MANCHESTER-BY-THE-SEA,0,0,0,joined
25009265101,Census Tract 2651.01,Essex,4072.0,134674.0,0.0455440669620876,0.1056803170409511,0.0297225891677675,0.1201799485861182,0.5625,0.0295,0.0414,0.3478,0.1081,0.0408,3,1,1,1,5132,2449,1230,1453,1498,177636,3,0,0,0.334,GEORGETOWN,9,9,0.056173,joined
25009221600,Census Tract 2216,Essex,2876.0,58571.0,0.1651599443671766,0.4964093357271095,0.1319569120287253,0.6173913043478261,0.6057866184448463,0.6824,0.7181,0.6723,0.5353,0.4903,4,2,1,1,3199,1555,986,658,1102,90998,1,0,0,0.455,GLOUCESTER,861,817,7.946339,joined
25009204400,Census Tract 2044,Essex,3459.0,91563.0,0.1231126596980255,0.4591836734693877,0.1664876476906552,0.8002922552362397,0.591812865497076,0.5863,0.6943,0.6095,0.2904,0.3622,2,1,1,0,2791,1276,1067,448,1810,117072,3,0,0,1.621,,0,0,0,joined
25009211300,Census Tract 2113,Essex,7344.0,134899.0,0.0252828607347394,0.1366336633663366,0.0823762376237623,0.095049504950495,0.6956521739130435,0.2844,0.2122,0.2542,0.1043,0.5819,3,1,0,1,4627,1627,701,2299,2539,177491,2,0,0,0.415,DANVERS,56,42,4.930632,joined
25009265102,Census Tract 2651.02,Essex,4402.0,166711.0,0.0315765561108587,0.2084063047285464,0.0910683012259194,0.1716114019778941,0.5042016806722689,0.1042,0.0433,0.2574,0.2061,0.3032,2,1,1,0,4870,2429,1392,1049,1677,210476,2,0,0,0.884,GEORGETOWN,9,9,0.056173,joined
25009221100,Census Tract 2211,Essex,3859.0,86799.0,0.0742095636268617,0.2218104817363684,0.0259396506087877,0.1537045559134836,0.5274463007159904,0.2392,0.6359,0.2153,0.0381,0.081,3,1,1,1,4375,1887,799,1689,1786,145222,0,0,0,1.994,GLOUCESTER,861,817,7.946339,joined
25009221300,Census Tract 2213,Essex,4761.0,115841.0,0.0432682209619827,0.23836450630709,0.0082644628099173,0.3177159590043923,0.4288321167883211,0.2065,0.4557,0.1676,0.0106,0.2122,2,1,1,1,3592,1717,1108,767,2248,145153,1,0,0,0.466,GLOUCESTER,861,817,7.946339,joined
25009210800,Census Tract 2108,Essex,4155.0,67733.0,0.12417340191036,0.5382075471698113,0.1259433962264151,0.7858780375974324,0.5985977212971078,0.8023,0.7778,0.8619,0.7452,0.6114,2,1,1,0,2191,927,970,294,2276,88980,4,4,4,0.162,PEABODY,31,26,1.313219,joined
25009204200,Census Tract 2042,Essex,5079.0,90625.0,0.1269935026580035,0.6611700039261876,0.2057322340007852,0.8523826585453242,0.5498812351543944,0.7489,0.8092,0.2429,0.6515,0.8449,3,1,1,1,3083,1372,745,966,2470,104298,4,0,0,0.205,SALEM,864,811,9.384780999999998,joined
25009204500,Census Tract 2045,Essex,3539.0,115926.0,0.0536874823396439,0.6057268722466961,0.1591409691629955,0.7896326119778561,0.5263636363636364,0.376,0.4388,0.0841,0.3092,0.6673,2,1,1,0,2551,1373,979,199,1824,120342,5,0,0,0.321,SALEM,864,811,9.384780999999998,joined
25009252201,Census Tract 2522.01,Essex,3374.0,102067.0,0.0979519145146927,0.2276897414512093,0.0191826522101751,0.1551181102362204,0.7728937728937729,0.3007,0.4055,0.5405,0.5678,0.0628,4,2,1,1,4433,2017,1492,924,1251,117844,0,0,0,0.582,METHUEN,1661,1635,22.574887,joined
25009252603,Census Tract 2526.03,Essex,3192.0,139688.0,0.0181704260651629,0.2229539040451552,0.0526810912511759,0.2803234501347709,0.4894514767932489,0.3415,0.3534,0.6277,0.5459,0.118,3,1,1,0,4122,2022,1596,504,1086,138614,0,0,0,0.911,METHUEN,1661,1635,22.574887,joined
25009267102,Census Tract 2671.02,Essex,5366.0,104138.0,0.0374181478016838,0.190040650406504,0.0076219512195121,0.2093718843469591,0.7834224598930482,0.6051,0.6353,0.4463,0.3517,0.6472,3,1,1,1,4743,2240,1411,1092,2041,154949,2,1,6,0.456,SALISBURY,317,303,9.698074,joined
25009202200,Census Tract 2022,Essex,6256.0,213000.0,0.0285485164394546,0.1430434782608695,0.0334782608695652,0.265139751552795,0.2948328267477204,0.0427,0.113,0.1745,0.2517,0.0565,2,1,1,0,4432,2101,1729,602,2431,185603,4,0,0,0.277,SWAMPSCOTT,292,283,2.444699,joined
25009216100,Census Tract 2161,Essex,4929.0,194781.0,0.036734693877551,0.1430805316653635,0.0390930414386239,0.1559220389805097,0.4207650273224044,0.0747,0.1444,0.1218,0.1855,0.2015,2,1,1,1,4853,2117,1147,1589,1328,195633,3,0,0,1.068,WENHAM,92,88,0.856495,joined
25009203200,Census Tract 2032,Essex,4673.0,184200.0,0.0440830301733361,0.1739811912225705,0.0365726227795193,0.0699666825321275,0.5255255255255256,0.0251,0.0239,0.4407,0.1611,0.0195,2,1,1,0,4271,2043,1680,548,1815,217000,0,0,0,0.28,MARBLEHEAD,46,43,0.38908800000000004,joined
25009201100,Census Tract 2011,Essex,3325.0,112762.0,0.0889972569338616,0.211453744493392,0.0213971050975456,0.2601984564498346,0.5267857142857143,0.1839,0.2844,0.2021,0.0531,0.2957,3,1,1,0,4058,1842,1530,686,1627,139026,0,0,0,1.847,,0,0,0,joined
25009269100,Census Tract 2691,Essex,6777.0,174868.0,0.0436835891381345,0.1420331651045421,0.0234318673395818,0.0605869359419375,0.4060913705583756,0.2109,0.0917,0.1751,0.1255,0.6541,3,1,1,1,5277,2675,1080,1522,2514,199012,3,0,0,2.296,NEWBURY,244,232,7.269926000000001,joined
25009253100,Census Tract 2531,Essex,6518.0,120904.0,0.0746546639764085,0.4384858044164038,0.0563880126182965,0.4255401234567901,0.6133093525179856,0.6014,0.5443,0.8694,0.3991,0.3503,3,1,1,0,3735,1910,1478,347,2379,131583,1,0,0,0.421,NORTH ANDOVER,495,457,12.527313,joined
25009253203,Census Tract 2532.03,Essex,4159.0,187708.0,0.033543996110841,0.1788170563961485,0.0735900962861072,0.1657997399219765,0.6153846153846154,0.1142,0.027,0.354,0.3329,0.2618,2,1,1,0,5006,2340,1643,1023,1504,211379,2,0,0,0.847,NORTH ANDOVER,495,457,12.527313,joined
25009210100,Census Tract 2101,Essex,6804.0,141259.0,0.0698940553266627,0.0591549295774647,0.0,0.1640625,0.3061224489795918,0.1833,0.0891,0.629,0.1455,0.209,2,1,1,1,4037,1471,1379,1187,2574,179023,0,0,0,2.006,PEABODY,31,26,1.313219,joined
25009210200,Census Tract 2102,Essex,5457.0,135286.0,0.0277260885746185,0.0521091811414392,0.0292803970223325,0.0794044665012407,0.2476190476190476,0.1952,0.1224,0.3038,0.0731,0.4545,3,1,1,1,4168,1390,818,1960,1972,157853,0,0,0,1.38,PEABODY,31,26,1.313219,joined
25017313101,Census Tract 3131.01,Middlesex,7066.0,152806.0,0.0345315595810925,0.1245119305856833,0.0112798264642082,0.2189223589308443,0.6445993031358885,0.4608,0.5198,0.4645,0.4403,0.3358,2,1,1,0,3837,2181,1359,297,2209,183680,4,1,12,0.944,TYNGSBOROUGH,388,368,18.875962,joined
25017326101,Census Tract 3261.01,Middlesex,5126.0,181250.0,0.0351373182552504,0.1301546391752577,0.0315721649484536,0.1301665638494756,0.3366336633663366,0.3132,0.334,0.1463,0.2954,0.5273,3,1,1,1,5391,2753,1104,1534,1520,186582,2,0,0,0.586,GROTON,33,29,3.239931,joined
25017310602,Census Tract 3106.02,Middlesex,6537.0,101842.0,0.0830206378986866,0.5110671936758894,0.0106719367588932,0.5316265060240963,0.3480278422273782,0.6999,0.7225,0.2969,0.7539,0.7539,3,2,1,0,2862,1706,1101,55,2426,109814,0,0,0,0.598,LOWELL,1560,1490,17.496131000000002,joined
25017310500,Census Tract 3105,Middlesex,3899.0,73628.0,0.2034165571616294,0.6455250176180408,0.0711768851303735,0.6810228802153432,0.5425764192139738,0.7269,0.8851,0.0948,0.7851,0.7677,3,2,1,0,3053,1777,1203,73,1433,88364,4,0,0,0.064,LOWELL,1560,1490,17.496131000000002,joined
25017301101,Census Tract 3011.01,Middlesex,4015.0,97042.0,0.1138576779026217,0.2790395846852693,0.0512654120700843,0.2662007623888183,0.413953488372093,0.4099,0.4915,0.4018,0.4216,0.2825,3,2,1,1,4269,2083,996,1190,1591,128221,4,2,4,0.468,TOWNSEND,392,378,4.41111,joined
25017314102,Census Tract 3141.02,Middlesex,6910.0,97308.0,0.0893555394641564,0.2237458193979933,0.045819397993311,0.3992383370358616,0.4977578475336323,0.4896,0.4852,0.6183,0.4166,0.3471,3,1,1,0,3138,1759,1054,325,3092,117884,0,0,0,1.707,DRACUT,1064,1045,9.837447000000001,joined
25017313102,Census Tract 3131.02,Middlesex,5484.0,118633.0,0.1067925226725893,0.1541255838090295,0.0275038920601971,0.1521739130434782,0.7474747474747475,0.425,0.1337,0.5844,0.376,0.6918,2,1,1,0,3813,2235,1315,263,1822,162610,0,0,0,1.245,TYNGSBOROUGH,388,368,18.875962,joined
25017311500,Census Tract 3115,Middlesex,3343.0,103227.0,0.133855893880012,0.4513947590870668,0.0524091293322062,0.4454775993237532,0.49812734082397,0.6554,0.6039,0.6058,0.8682,0.5342,2,1,1,0,3889,2261,1377,251,1135,158862,0,0,0,0.724,LOWELL,1560,1490,17.496131000000002,joined
25017311400,Census Tract 3114,Middlesex,6245.0,94174.0,0.1111111111111111,0.6639784946236559,0.0718125960061444,0.690589527645551,0.3851937536148062,0.7288,0.6196,0.4796,0.8726,0.8412,2,1,1,0,2570,1574,899,97,2596,106860,1,0,0,0.478,LOWELL,1560,1490,17.496131000000002,joined
25021414100,Census Tract 4141,Norfolk,5728.0,147583.0,0.0149753347427766,0.1017402945113788,0.0058009817045961,0.1257485029940119,0.4517543859649123,0.177,0.0559,0.2166,0.6902,0.3566,2,1,1,1,4470,2157,1185,1128,2275,200964,2,1,8,0.324,SHARON,585,560,8.283498999999999,joined
25021417502,Census Tract 4175.02,Norfolk,4838.0,91984.0,0.0725506407606449,0.5242047026279392,0.2337482710926694,0.7445030782761654,0.4335971855760774,0.8161,0.6516,0.5499,0.8457,0.9787,2,1,1,0,2892,1583,938,371,2030,115970,9,0,0,0.214,QUINCY,928,875,10.740924000000001,joined
25021417802,Census Tract 4178.02,Norfolk,3051.0,47950.0,0.3048180924287119,0.5761702127659575,0.2953191489361702,0.5401750198886237,0.4889217134416543,0.9266,0.9146,0.9548,0.8332,0.7163,4,2,1,1,3595,1683,1200,712,1201,101912,0,0,0,1.262,QUINCY,928,875,10.740924000000001,joined
25021418002,Census Tract 4180.02,Norfolk,7117.0,110216.0,0.0400684443176957,0.6982535575679172,0.1235446313065976,0.7981954887218045,0.3353404353867531,0.6748,0.6347,0.3371,0.7951,0.7834,2,1,1,1,2887,1497,760,630,3267,119597,0,0,0,0.687,QUINCY,928,875,10.740924000000001,joined
25021420301,Census Tract 4203.01,Norfolk,7050.0,110254.0,0.0674332765474162,0.2519319938176197,0.1004636785162287,0.2046805349182763,0.7515337423312883,0.8387,0.8374,0.8839,0.9457,0.5298,3,1,1,0,3961,1973,1379,609,2657,132451,1,1,6,0.166,RANDOLPH,1202,1182,14.941883,joined
25021456101,Census Tract 4561.01,Norfolk,4050.0,127500.0,0.0659172202350536,0.1081081081081081,0.027027027027027,0.0949416342412451,0.5220588235294118,0.2128,0.0785,0.4476,0.6402,0.2599,3,1,1,1,4955,2311,1166,1478,1238,160543,0,0,0,1.233,STOUGHTON,780,744,18.19641,joined
25025010500,Census Tract 105,Suffolk,3442.0,56931.0,0.3302028549962434,0.8527572484366117,0.7310972143263218,0.968342644320298,0.664,0.7853,0.7489,0.1638,0.8176,0.9812,1,1,0,0,1387,1094,285,8,1738,107959,3,0,0,0.063,BOSTON,4471,4197,71.531141,joined
25025020302,Census Tract 203.02,Suffolk,1148.0,136944.0,0.1210801393728223,0.6242424242424243,0.6681818181818182,0.971830985915493,0.3567961165048544,0.1073,0.1695,0.0452,0.2736,0.4727,1,1,0,0,1810,1242,506,62,599,200757,0,0,0,0.093,BOSTON,4471,4197,71.531141,joined
25025030400,Census Tract 304,Suffolk,3937.0,115221.0,0.1001287001287001,0.7769962763756724,0.5122052130740588,0.985021398002853,0.4041533546325878,0.5185,0.5072,0.1067,0.2648,0.8945,1,1,0,0,1922,1385,488,49,2321,151565,1,0,0,0.111,BOSTON,4471,4197,71.531141,joined
25025100601,Census Tract 1006.01,Suffolk,5938.0,116907.0,0.1476928258672953,0.5738861932068814,0.0652845169827966,0.8163090128755365,0.4873174481168332,0.6321,0.71,0.4689,0.8894,0.3409,2,1,1,0,3487,1602,1636,249,2218,147223,1,0,0,0.312,BOSTON,4471,4197,71.531141,joined
25025100900,Census Tract 1009,Suffolk,4925.0,116250.0,0.0573520439292251,0.3051224944320713,0.1508908685968819,0.528372591006424,0.2554744525547445,0.6949,0.5235,0.6234,0.9288,0.7131,2,1,1,0,3881,1868,1505,508,1749,181102,0,0,0,0.598,BOSTON,4471,4197,71.531141,joined
25025120105,Census Tract 1201.05,Suffolk,2354.0,198250.0,0.0612648221343873,0.1348066298342541,0.0232044198895027,0.2615546218487395,0.3524590163934426,0.3666,0.2963,0.4495,0.4647,0.3653,2,1,1,0,3917,1917,1350,650,958,193486,22,0,0,0.574,BOSTON,4471,4197,71.531141,joined
25025120301,Census Tract 1203.01,Suffolk,4873.0,129440.0,0.0844509639564124,0.5876194811106054,0.217569412835685,0.7936578829834747,0.343144848954299,0.5945,0.4614,0.258,0.8295,0.7916,2,1,1,0,2668,1336,1129,203,2074,147368,1,0,0,0.119,BOSTON,4471,4197,71.531141,joined
25025120400,Census Tract 1204,Suffolk,6931.0,179289.0,0.0579241399588356,0.3387578877449352,0.1567585519760876,0.8245382585751979,0.4333333333333333,0.2724,0.1243,0.0797,0.5234,0.7571,2,1,1,0,2794,1352,1214,228,2988,167528,1,0,0,0.214,BOSTON,4471,4197,71.531141,joined
25025130406,Census Tract 1304.06,Suffolk,5861.0,46033.0,0.2565381968341362,0.7782646801051709,0.2173531989482909,0.4478503184713376,0.7347972972972973,0.9391,0.8669,0.9021,0.9394,0.8901,3,2,1,0,2232,1310,842,80,2248,81974,0,0,0,0.935,BOSTON,4471,4197,71.531141,joined
25025130402,Census Tract 1304.02,Suffolk,5400.0,108547.0,0.046170962358613,0.309600367478181,0.090032154340836,0.4477977161500815,0.4599406528189911,0.5907,0.354,0.6516,0.6315,0.6987,2,1,1,0,3356,1604,1212,540,2169,149142,2,0,0,0.404,BOSTON,4471,4197,71.531141,joined
25025140201,Census Tract 1402.01,Suffolk,2676.0,112656.0,0.0575485799701046,0.6365403304178814,0.0806608357628765,0.6921606118546845,0.4290076335877862,0.5072,0.4626,0.4118,0.8264,0.4262,2,1,1,0,2862,1392,1369,101,996,124201,0,0,0,0.42,BOSTON,4471,4197,71.531141,joined
25025160300,Census Tract 1603,Suffolk,2331.0,77750.0,0.1428571428571428,0.6623655913978495,0.3218637992831541,0.8408602150537634,0.5876623376623377,0.9096,0.8443,0.8964,0.6665,0.8851,2,1,1,0,1737,1201,510,26,1329,84053,0,0,0,0.454,CHELSEA,256,237,8.125049999999991,joined
25025160502,Census Tract 1605.02,Suffolk,5352.0,64167.0,0.2318456883509833,0.7033195020746889,0.2904564315352697,0.8771228771228772,0.5929203539823009,0.9931,0.9498,0.9153,0.9425,0.9956,3,2,1,0,2936,1623,1045,268,1909,85931,0,0,0,0.361,CHELSEA,256,237,8.125049999999991,joined
25025170200,Census Tract 1702,Suffolk,5129.0,54524.0,0.1965743875721967,0.5420997920997921,0.2785862785862786,0.4224770642201835,0.7114093959731543,0.9178,0.9153,0.9623,0.6402,0.7106,4,2,2,1,3624,1690,1376,558,1977,86367,0,0,0,0.515,REVERE,1329,1289,11.942450999999998,joined
25025050200,Census Tract 502,Suffolk,5609.0,100636.0,0.1970048136922802,0.6876042245692051,0.4035575319622012,0.8889454915944982,0.4890864995957963,0.8694,0.9379,0.6924,0.9101,0.7024,2,1,1,0,2564,1469,1055,40,1816,138485,0,0,0,0.201,BOSTON,4471,4197,71.531141,joined
25025040600,Census Tract 406,Suffolk,4064.0,142941.0,0.1008858267716535,0.5896039603960396,0.1925742574257425,0.8153625954198473,0.4617968094038623,0.2461,0.1538,0.064,0.4197,0.7533,1,1,0,0,2429,1566,847,16,1810,236299,28,0,0,0.097,BOSTON,4471,4197,71.531141,joined
25025051000,Census Tract 510,Suffolk,4928.0,110344.0,0.075689935064935,0.6432354357246028,0.1848820414058738,0.811965811965812,0.403443113772455,0.7238,0.801,0.4708,0.8507,0.5374,2,1,1,0,2752,1456,1128,168,2017,146742,4,1,20,0.24,BOSTON,4471,4197,71.531141,joined
25017370201,Census Tract 3702.01,Middlesex,4267.0,144375.0,0.0250761659245371,0.3686231486560614,0.0581459133296763,0.7191854233654876,0.494047619047619,0.3402,0.3641,0.2844,0.3829,0.366,2,1,1,0,3507,1457,1365,685,1781,189967,0,0,0,0.369,WATERTOWN,418,385,11.216307,joined
25017331101,Census Tract 3311.01,Middlesex,3272.0,161364.0,0.0510298186289578,0.2064144736842105,0.0074013157894736,0.2170111287758346,0.4422310756972111,0.1149,0.0935,0.2781,0.3473,0.1833,2,1,0,1,4340,1840,903,1597,1203,192273,18,0,0,0.296,WILMINGTON,54,44,7.6118999999999994,joined
25017322300,Census Tract 3223,Middlesex,5907.0,67616.0,0.0925140044135121,0.3440265486725664,0.0604719764011799,0.5044551062371487,0.4222936763129689,0.8048,0.7596,0.7313,0.4354,0.8745,2,1,1,1,2892,1041,1151,700,2671,120938,2,1,8,0.661,HUDSON,36,31,6.911899999999999,joined
25017321500,Census Tract 3215,Middlesex,7561.0,107912.0,0.1091838106763479,0.4588315681585241,0.0546634779637854,0.5494613124387855,0.5100521221146687,0.7696,0.7301,0.6729,0.6858,0.752,3,2,1,0,3407,1739,1231,437,3001,114983,20,0,0,0.404,MARLBOROUGH,863,800,16.707269,joined
25017321200,Census Tract 3212,Middlesex,7442.0,96164.0,0.0705258866693844,0.412087912087912,0.045054945054945,0.4879120879120879,0.5964444444444444,0.7376,0.6416,0.2775,0.7058,0.9561,3,2,1,1,3828,1993,1148,687,2828,128214,0,0,0,0.818,MARLBOROUGH,863,800,16.707269,joined
25017321100,Census Tract 3211,Middlesex,6976.0,86250.0,0.0702491309385863,0.328643216080402,0.08107202680067,0.4262566137566138,0.8154943934760448,0.897,0.7119,0.9134,0.5859,0.973,3,2,1,0,3894,2276,1031,587,2975,134785,10,2,5,0.534,MARLBOROUGH,863,800,16.707269,joined
25017317203,Census Tract 3172.03,Middlesex,3803.0,143935.0,0.0431266846361186,0.1103848946986201,0.0755265068990559,0.2579986385296119,0.3881578947368421,0.3867,0.3013,0.3854,0.4622,0.4564,2,1,1,0,3719,1994,1246,479,1386,165521,2,1,2,0.637,CHELMSFORD,828,785,15.156638000000001,joined
25017317202,Census Tract 3172.02,Middlesex,4219.0,190938.0,0.0064133016627078,0.0210843373493975,0.0052710843373493,0.0210843373493975,0.6785714285714286,0.0094,0.0075,0.1707,0.2224,0.0251,2,1,1,0,4181,2311,1444,426,1353,203314,2,1,6,0.804,CHELMSFORD,828,785,15.156638000000001,joined
25017316500,Census Tract 3165,Middlesex,6869.0,119432.0,0.0669662921348314,0.2648190916089299,0.0554272517321016,0.2651340996168582,0.5058139534883721,0.7954,0.521,0.7075,0.6577,0.9837,3,1,1,0,3439,1894,1138,407,2488,134966,2,2,2,1.343,BILLERICA,1051,1015,28.144817,joined
25025101002,Census Tract 1010.02,Suffolk,6226.0,50104.0,0.1664509867356842,0.720066750104297,0.2924488944513976,0.619951534733441,0.5990730011587485,0.9824,0.8782,0.9893,0.9906,0.9529,4,2,2,0,3083,1549,1287,247,2302,74244,3,0,0,0.492,BOSTON,4471,4197,71.531141,joined
25025110501,Census Tract 1105.01,Suffolk,3352.0,138125.0,0.0563842482100238,0.2816593886462882,0.0174672489082969,0.4657439446366782,0.6201550387596899,0.0728,0.1237,0.275,0.3735,0.0678,2,1,1,0,3634,1583,1556,495,1273,180858,0,0,0,0.675,BOSTON,4471,4197,71.531141,joined
25025080900,Census Tract 809,Suffolk,3288.0,74964.0,0.3978001833180568,0.9248071979434448,0.5526992287917738,0.9674247080516288,0.4329395413481584,0.565,0.6868,0.0421,0.7021,0.8374,2,1,1,0,2038,1136,874,28,1602,92391,5,0,0,0.131,BOSTON,4471,4197,71.531141,joined
25025081500,Census Tract 815,Suffolk,2554.0,72365.0,0.157108239095315,0.574447646493756,0.3208453410182517,0.7084837545126353,0.7290969899665551,0.9674,0.9831,0.7451,0.9532,0.9554,3,2,2,0,3332,1564,1606,162,1028,97348,0,0,0,0.339,BOSTON,4471,4197,71.531141,joined
25025081800,Census Tract 818,Suffolk,3556.0,70956.0,0.1459505061867266,0.5900802334062728,0.2567469000729395,0.7374371859296482,0.6996291718170581,0.904,0.951,0.9429,0.985,0.4413,5,2,2,0,3602,1598,1793,211,1303,72021,0,0,0,0.478,BOSTON,4471,4197,71.531141,joined
25025090200,Census Tract 902,Suffolk,2918.0,45575.0,0.2806716929403701,0.8904458598726115,0.5337579617834395,0.9432367149758454,0.4120171673819742,0.9586,0.8644,0.9228,0.995,0.9448,3,2,1,0,2739,1557,1138,44,802,89659,0,0,0,0.249,BOSTON,4471,4197,71.531141,joined
25025090700,Census Tract 907,Suffolk,4746.0,121053.0,0.1993257479983143,0.5172413793103449,0.2232059645852749,0.8812292358803987,0.3900900900900901,0.7131,0.7928,0.4878,0.6221,0.6014,2,1,1,0,2934,1444,1186,304,1905,126302,4,1,10,0.161,BOSTON,4471,4197,71.531141,joined
25025090600,Census Tract 906,Suffolk,2202.0,64432.0,0.2856494096276112,0.6954377311960542,0.2700369913686806,0.6918859649122807,0.7322695035460993,0.9033,0.8701,0.8581,0.9706,0.806,4,2,2,0,3558,1647,1727,184,871,87523,0,0,0,0.285,BOSTON,4471,4197,71.531141,joined
25025091300,Census Tract 913,Suffolk,2933.0,67333.0,0.2928741902488919,0.7733739837398373,0.3536585365853658,0.9093567251461988,0.4940867279894875,0.9856,0.9856,0.8876,0.9781,0.9648,4,2,2,0,3420,1716,1508,196,889,86899,5,2,2,0.147,BOSTON,4471,4197,71.531141,joined
25025092000,Census Tract 920,Suffolk,5685.0,60090.0,0.1210722527960234,0.6166385609893198,0.2833052276559865,0.8544165757906216,0.495897903372835,0.9441,0.936,0.8814,0.9731,0.8311,4,2,2,0,3639,1738,1684,217,1904,100799,1,0,0,0.401,BOSTON,4471,4197,71.531141,joined
25025092101,Census Tract 921.01,Suffolk,6222.0,66210.0,0.1151625144365616,0.489700036140224,0.261655222262378,0.7902422834384335,0.6863468634686347,0.9002,0.941,0.9033,0.9182,0.5436,3,1,1,0,3217,1536,1492,189,2797,115906,0,0,0,0.366,BOSTON,4471,4197,71.531141,joined
25025100200,Census Tract 1002,Suffolk,3322.0,81004.0,0.1563448694596235,0.5707121364092277,0.2086258776328987,0.7123404255319149,0.4903339191564148,0.9906,0.9686,0.9674,0.9988,0.9479,6,3,3,0,4485,1944,2182,359,1064,74124,0,0,0,0.821,BOSTON,4471,4197,71.531141,joined
25025000601,Census Tract 6.01,Suffolk,3717.0,106573.0,0.1181548421904505,0.7686809616634178,0.1812865497076023,0.8351368555060471,0.3592561284868977,0.6014,0.4294,0.2436,0.6546,0.8983,2,1,1,0,2746,1387,1241,118,1564,139535,3,0,0,0.218,BOSTON,4471,4197,71.531141,joined
25025000701,Census Tract 7.01,Suffolk,4314.0,99679.0,0.2056161522394987,0.8729717199814557,0.4561891515994437,0.9953639313861844,0.4301646309081253,0.6717,0.7734,0.054,0.6171,0.9385,1,1,0,0,1173,837,305,31,2092,91365,0,0,0,0.265,BOSTON,4471,4197,71.531141,joined
25025170702,Census Tract 1707.02,Suffolk,7854.0,76485.0,0.1697224344283167,0.7102108309218685,0.2439024390243902,0.6504815409309791,0.5791618160651921,0.9083,0.9661,0.7759,0.9525,0.7119,4,2,2,0,3479,1861,1419,199,2479,86481,2,0,0,0.143,REVERE,1329,1289,11.942450999999998,joined
25025170800,Census Tract 1708,Suffolk,6253.0,73074.0,0.166396629941672,0.6111580726965342,0.2527472527472527,0.72,0.4536652835408022,0.8883,0.8399,0.747,0.8345,0.9109,3,1,1,0,2980,1433,1288,259,2496,98519,0,0,0,0.582,REVERE,1329,1289,11.942450999999998,joined
25017316300,Census Tract 3163,Middlesex,8669.0,114798.0,0.1009302325581395,0.3736596095683255,0.0558152323343414,0.43125,0.4047093451066961,0.3836,0.2185,0.2994,0.5984,0.5725,2,1,1,0,3693,1956,1116,621,3641,152004,8,2,2,1.11,BILLERICA,1051,1015,28.144817,joined
25017316102,Census Tract 3161.02,Middlesex,6512.0,169095.0,0.029050107592991,0.2363013698630137,0.028681506849315,0.1233164983164983,0.3007246376811594,0.0891,0.0264,0.3798,0.2586,0.204,2,1,1,0,3807,2246,1401,160,2384,175905,0,0,0,2.234,BILLERICA,1051,1015,28.144817,joined
25017315500,Census Tract 3155,Middlesex,7502.0,145476.0,0.0123011097740339,0.0588865096359743,0.0214132762312633,0.048080249048772,0.0727272727272727,0.0665,0.0835,0.1613,0.2804,0.1858,3,1,1,1,4053,1955,936,1162,2974,158472,0,0,0,1.475,TEWKSBURY,500,483,9.341704999999997,joined
25017315401,Census Tract 3154.01,Middlesex,4075.0,104913.0,0.1018010963194988,0.2704174228675136,0.0810647307924984,0.3904933814681107,0.4921700223713646,0.6635,0.6284,0.6328,0.2586,0.7596,2,1,1,0,3075,1742,979,354,1710,132453,3,0,0,0.966,TEWKSBURY,500,483,9.341704999999997,joined
25017315200,Census Tract 3152,Middlesex,8912.0,94677.0,0.0235548475193445,0.2796979378449027,0.0252686610514086,0.3536004483048472,0.7507788161993769,0.5499,0.3547,0.3986,0.2224,0.8933,3,1,1,0,3372,1898,1051,423,3634,130005,6,0,0,0.134,TEWKSBURY,500,483,9.341704999999997,joined
25017361300,Census Tract 3613,Middlesex,6581.0,211161.0,0.0355265254102278,0.0958029197080291,0.0177919708029197,0.0894239036973344,0.2571428571428571,0.1431,0.0333,0.5662,0.3136,0.2241,3,2,1,0,7349,4685,1373,1291,2161,263725,6,0,0,0.773,CONCORD,344,322,11.286854,joined
25017361100,Census Tract 3611,Middlesex,5298.0,195590.0,0.0165386887182516,0.2583908045977011,0.0289655172413793,0.3380281690140845,0.702846975088968,0.334,0.2498,0.5449,0.2036,0.3723,3,2,1,1,6505,4185,1194,1126,2097,217143,4,0,0,1.024,CONCORD,344,322,11.286854,joined
25017359100,Census Tract 3591,Middlesex,6941.0,180404.0,0.0545292014302741,0.4119915848527349,0.058555399719495,0.3594839609483961,0.4817021276595745,0.5775,0.3986,0.3358,0.5759,0.8481,2,1,1,0,3835,1934,1302,599,2721,204591,5,0,0,0.786,BEDFORD,440,387,6.459873,joined
25025140106,Census Tract 1401.06,Suffolk,2217.0,69135.0,0.109297052154195,0.8735849056603774,0.2320754716981132,0.5035273368606702,0.5399568034557235,0.8839,0.8261,0.9831,0.9344,0.533,3,2,1,0,2411,1661,562,188,1046,78370,0,0,0,0.928,BOSTON,4471,4197,71.531141,joined
25023509101,Census Tract 5091.01,Plymouth,7453.0,122025.0,0.0224332507569501,0.1888851005796113,0.0429594272076372,0.1697920218206614,0.3140794223826715,0.3358,0.2505,0.3949,0.0575,0.5556,3,2,1,1,5339,2354,912,2073,2768,155756,0,0,0,0.995,KINGSTON,479,433,17.648714,joined
25023540102,Census Tract 5401.02,Plymouth,2787.0,119141.0,0.0493468795355587,0.1258405379442843,0.0240153698366954,0.0,0.0687022900763358,0.285,0.5129,0.3377,0.0575,0.167,4,2,1,1,4748,2178,762,1808,940,134450,0,0,0,0.755,LAKEVILLE,68,64,3.9499299999999997,joined
25025981201,Census Tract 9812.01,Suffolk,0.0,,,,,,,-999.0,-999.0,-999.0,-999.0,-999.0,,,,,,,,,,,0,0,0,0.638,BOSTON,4471,4197,71.531141,joined
25025980300,Census Tract 9803,Suffolk,202.0,,0.6956521739130435,,,,,-999.0,-999.0,-999.0,0.6359,-999.0,,,,,,,,,,,0,0,0,0.644,BOSTON,4471,4197,71.531141,joined
25025070402,Census Tract 704.02,Suffolk,3191.0,78625.0,0.3089940457536822,0.8871769383697813,0.470675944333996,0.9794979079497907,0.5355742296918767,0.8173,0.7527,0.4852,0.8545,0.9372,1,1,0,0,1302,1079,221,2,1792,127276,21,0,0,0.067,BOSTON,4471,4197,71.531141,joined
25025010404,Census Tract 104.04,Suffolk,4676.0,28958.0,0.4953401677539608,0.903739061256961,0.8082736674622116,0.9941520467836256,0.7253521126760564,0.6987,0.8832,0.0182,0.7564,0.9492,2,2,0,0,1236,944,287,5,1237,61767,0,0,0,0.199,BOSTON,4471,4197,71.531141,joined
25025081400,Census Tract 814,Suffolk,3600.0,81447.0,0.2627166014533258,0.6997126436781609,0.4482758620689655,0.8587533156498673,0.5164271047227926,0.6773,0.8349,0.1092,0.8745,0.6303,3,2,2,0,3424,1670,1745,9,1302,99851,2,0,0,0.109,BOSTON,4471,4197,71.531141,joined
25023530600,Census Tract 5306,Plymouth,6593.0,132024.0,0.0298997265268915,0.0484515484515484,0.0624375624375624,0.0186873290793072,0.6082474226804123,0.1438,0.1733,0.0816,0.2249,0.4645,3,2,1,1,5236,2439,843,1954,2000,159307,4,1,4,3.365,PLYMOUTH,1588,1483,53.683165,joined
25017354100,Census Tract 3541,Middlesex,2336.0,144479.0,0.0640834575260804,0.4269972451790633,0.3195592286501377,0.7800471327572663,0.3462365591397849,0.3252,0.0201,0.0722,0.5322,0.9699,1,1,0,0,2293,1373,778,142,1161,202483,2,0,0,0.173,CAMBRIDGE,881,803,10.190912,joined
25017352101,Census Tract 3521.01,Middlesex,3401.0,123077.0,0.1202469938251543,0.8145833333333333,0.3494791666666667,1.0,0.4354219948849105,0.5097,0.4765,0.0226,0.8251,0.9648,1,1,0,0,1313,1172,137,4,1982,138257,33,0,0,0.102,CAMBRIDGE,881,803,10.190912,joined
25017382601,Census Tract 3826.01,Middlesex,4677.0,119180.0,0.0258527047577666,0.6024265048996733,0.0433971068595427,0.8256838201205378,0.2594887683965918,0.3164,0.2411,0.0653,0.8107,0.6428,2,1,0,0,2613,1943,411,259,2201,161927,6,0,0,0.233,NATICK,1149,1069,22.722972000000002,joined
25017385201,Census Tract 3852.01,Middlesex,2906.0,100179.0,0.0416370106761565,0.2370311252992817,0.0534716679968076,0.2162985529322163,0.6094276094276094,0.5166,0.366,0.7508,0.5553,0.4087,3,1,0,1,4967,2040,724,2203,1253,149264,0,0,0,1.495,ASHLAND,654,620,21.932475999999998,joined
25021442103,Census Tract 4421.03,Norfolk,6797.0,184620.0,0.0145652493747241,0.0728256346233874,0.0054099042863087,0.1127756970453599,0.0,0.0383,0.0854,0.5348,0.2386,0.0038,2,1,1,0,4672,2340,1633,699,2310,224911,1,0,0,1.561,FRANKLIN,627,585,25.62493899999999,joined
25021441203,Census Tract 4412.03,Norfolk,3591.0,121221.0,0.0616816991562409,0.2486522911051213,0.116576819407008,0.3000567214974475,0.4742547425474255,0.4871,0.3999,0.6102,0.2904,0.5085,3,1,1,1,4278,2116,859,1303,1527,159317,1,1,2,0.754,WRENTHAM,331,311,12.31175,joined
25021417300,Census Tract 4173,Norfolk,3422.0,139594.0,0.0804239401496259,0.5712895377128954,0.0982968369829683,0.7826666666666666,0.4080068143100511,0.5028,0.2147,0.3591,0.4678,0.8908,1,1,0,0,1913,1470,428,15,1988,151809,4,0,0,0.422,QUINCY,928,875,10.740924000000001,joined
25009221901,Census Tract 2219.01,Essex,3473.0,116250.0,0.0328246472790095,0.2498288843258042,0.0533880903490759,0.3584298584298584,0.4438356164383562,0.1381,0.381,0.0967,0.035,0.2323,3,1,0,1,4326,1922,652,1752,1507,155086,0,0,0,2.245,GLOUCESTER,861,817,7.946339,joined
25009220102,Census Tract 2201.02,Essex,3263.0,94886.0,0.0883977900552486,0.313927781871776,0.0611643330876934,0.3149764942914708,0.7230046948356808,0.3484,0.6315,0.4959,0.035,0.1061,3,2,0,1,4415,2042,580,1793,1347,136012,0,0,0,0.738,ROCKPORT,256,252,1.8482360000000002,joined
25009252602,Census Tract 2526.02,Essex,5495.0,133486.0,0.0267515923566879,0.2345857418111753,0.0110789980732177,0.2283288650580875,0.2320328542094455,0.0722,0.1023,0.2637,0.5728,0.0527,3,1,1,0,4084,1999,1438,647,1902,145470,6,1,10,0.953,METHUEN,1661,1635,22.574887,joined
25017352102,Census Tract 3521.02,Middlesex,2790.0,175110.0,0.0727598566308243,0.5734112490869248,0.2322863403944485,0.9057196731615336,0.3579617834394904,0.5317,0.5449,0.0502,0.6733,0.914,1,1,0,0,2103,1435,659,9,1412,201071,10,1,8,0.058,CAMBRIDGE,881,803,10.190912,joined
25009217102,Census Tract 2171.02,Essex,3013.0,96667.0,0.0398379473328831,0.5222222222222223,0.1111111111111111,0.5,0.5106382978723404,0.5851,0.4859,0.7985,0.3791,0.4696,3,1,1,1,3272,1665,858,749,1262,129396,2,0,0,0.711,BEVERLY,1056,998,26.101654999999997,joined
25009217601,Census Tract 2176.01,Essex,4157.0,114940.0,0.0961538461538461,0.2101116217990807,0.0781352593565331,0.1768837803320562,0.584375,0.3735,0.3202,0.4752,0.2249,0.4281,3,1,0,1,4725,2233,839,1653,1568,175424,4,0,0,0.99,BEVERLY,1056,998,26.101654999999997,joined
25009210302,Census Tract 2103.02,Essex,4709.0,122833.0,0.0461469534050179,0.5210891617725574,0.0245595301655098,0.4594594594594595,0.5256147540983607,0.7037,0.4162,0.6309,0.3167,0.9743,2,1,1,0,2684,1012,1136,536,1892,134890,2,1,10,1.105,PEABODY,31,26,1.313219,joined
25009267103,Census Tract 2671.03,Essex,1698.0,95234.0,0.0742049469964664,0.2833843017329255,0.0632008154943934,0.5149833518312985,0.5575539568345323,0.2505,0.4426,0.1582,0.0169,0.3402,2,1,1,0,3152,1661,1336,155,904,150612,0,0,0,2.092,SALISBURY,317,303,9.698074,joined
25017337201,Census Tract 3372.01,Middlesex,3317.0,96080.0,0.0868254446789267,0.3538767395626243,0.0523525513585155,0.5045513654096229,0.6685393258426966,0.4689,0.4375,0.7018,0.3123,0.3296,3,1,0,1,3489,1553,527,1409,1472,138796,0,0,0,0.426,STONEHAM,559,543,6.321113,joined
25017356400,Census Tract 3564,Middlesex,7615.0,203000.0,0.0592252133946158,0.1961459050240881,0.0932553337921541,0.2318257956448911,0.2964912280701754,0.3446,0.1921,0.7238,0.4316,0.2505,2,1,1,0,4170,1783,1310,1077,2829,229571,0,0,0,0.397,ARLINGTON,1251,1205,9.807252,joined
25017357400,Census Tract 3574,Middlesex,2426.0,220357.0,0.010721649484536,0.3179723502304147,0.0391705069124423,0.4099447513812154,0.3876811594202898,0.1607,0.3277,0.253,0.5553,0.0578,2,1,1,0,4329,2197,1504,628,906,258736,0,0,0,0.733,BELMONT,310,303,2.124495,joined
25017353900,Census Tract 3539,Middlesex,5808.0,74076.0,0.2760279965004374,0.9260476581758422,0.543138866064092,0.92570281124498,0.5838509316770186,0.57,0.5587,0.0195,0.8107,0.9849,2,1,0,0,1732,1270,458,4,1464,111915,0,0,0,0.365,CAMBRIDGE,881,803,10.190912,joined
25017341102,Census Tract 3411.02,Middlesex,5739.0,99662.0,0.1482836731137828,0.5784395973154363,0.1988255033557047,0.7767571884984026,0.3872371283538796,0.7784,0.823,0.2454,0.7058,0.8989,2,1,1,0,2781,1538,953,290,2434,127029,0,0,0,0.559,MALDEN,871,849,7.8276319999999995,joined
25017339400,Census Tract 3394,Middlesex,3657.0,141563.0,0.085254096084421,0.5184411969380655,0.1113430758524704,0.7003344481605351,0.3261744966442953,0.4639,0.597,0.0527,0.3916,0.7991,2,1,1,0,3195,1479,1333,383,1527,148715,0,0,0,0.423,MEDFORD,902,867,8.082967,joined
25017374000,Census Tract 3740,Middlesex,4577.0,225556.0,0.0197220977140295,0.1366782006920415,0.0611303344867358,0.1578663793103448,0.4725738396624472,0.3208,0.118,0.3076,0.6015,0.5581,2,1,1,0,4704,2273,1706,725,1672,269230,7,0,0,0.461,NEWTON,1445,1369,21.226114000000003,joined
25017333200,Census Tract 3332,Middlesex,5402.0,94673.0,0.1131515488777592,0.4244675581971273,0.1015354135710747,0.3776054289869122,0.5157526254375729,0.4124,0.361,0.2906,0.4104,0.543,3,1,1,1,4231,2062,1065,1104,2091,142469,1,0,0,0.426,WOBURN,1280,1197,29.075126,joined
25017383902,Census Tract 3839.02,Middlesex,5934.0,172431.0,0.0228349120433017,0.0593878483325719,0.0031978072179077,0.0206555904804669,0.1846153846153846,0.135,0.0829,0.5549,0.5259,0.0816,2,1,1,0,4557,2504,1637,416,2254,198818,2,2,2,1.591,FRAMINGHAM,1991,1886,38.134805,joined
25017382300,Census Tract 3823,Middlesex,5920.0,214258.0,0.0401372212692967,0.1964361476453118,0.0458209588459906,0.2215320910973084,0.2397408207343412,0.162,0.0816,0.4978,0.3123,0.2153,2,1,1,1,4778,2334,1246,1198,2429,231870,8,0,0,0.727,NATICK,1149,1069,22.722972000000002,joined
25017366100,Census Tract 3661,Middlesex,4797.0,164355.0,0.0871299601091748,0.2226980728051391,0.0465738758029978,0.1658986175115207,0.3966346153846153,0.3992,0.1174,0.6541,0.4166,0.57,2,1,1,0,5066,2507,1809,750,1794,269557,1,0,0,0.991,WAYLAND,430,408,6.1464305,joined
25017365100,Census Tract 3651,Middlesex,8094.0,250001.0,0.0354179566563467,0.0523186682520808,0.0,0.0121074536511539,0.0606060606060606,0.0163,0.0728,0.1551,0.3979,0.0088,2,1,1,0,5041,2262,1692,1087,2574,288249,3,0,0,0.101,SUDBURY,391,368,8.966582999999998,joined
25017368800,Census Tract 3688,Middlesex,5630.0,104608.0,0.1018722466960352,0.6049611255090707,0.1284709366901147,0.6755817992358458,0.3011015911872705,0.6139,0.4156,0.4984,0.7189,0.7822,2,1,0,0,2788,1580,877,331,2792,175751,3,1,2,0.655,WALTHAM,989,922,18.634272,joined
25017321400,Census Tract 3214,Middlesex,4466.0,116532.0,0.0643206711722209,0.446761800219539,0.0965971459934138,0.4339925173703902,0.3857493857493858,0.6654,0.3861,0.5863,0.6902,0.8939,2,1,1,0,3572,1796,1131,645,1751,152882,48,5,25,0.063,MARLBOROUGH,863,800,16.707269,joined
25017317101,Census Tract 3171.01,Middlesex,6315.0,105344.0,0.0785431512272367,0.3651797603195739,0.0768974700399467,0.5118513773222293,0.4785779398359161,0.6447,0.6434,0.425,0.4385,0.737,2,1,1,0,3180,1846,1081,253,3061,135568,5,2,12,0.821,CHELMSFORD,828,785,15.156638000000001,joined
25017314301,Census Tract 3143.01,Middlesex,9130.0,122563.0,0.0748217224355458,0.2112445414847161,0.0665938864628821,0.2935779816513761,0.4844961240310077,0.5951,0.4947,0.5995,0.3629,0.6773,2,1,1,0,3494,1909,1149,436,3462,141698,2,0,0,0.959,DRACUT,1064,1045,9.837447000000001,joined
25017327102,Census Tract 3271.02,Middlesex,3881.0,117688.0,0.0517464424320828,0.1978021978021978,0.0142210730446024,0.1887524240465417,0.3431372549019608,0.2247,0.4124,0.2141,0.2904,0.1664,3,2,1,1,4311,2306,1230,775,1509,151925,0,0,0,2.515,PEPPERELL,380,370,5.730523,joined
25017314200,Census Tract 3142,Middlesex,5799.0,90642.0,0.1355406104500776,0.2562225475841874,0.0502684236212786,0.2533081285444234,0.4571428571428571,0.4878,0.7476,0.1789,0.3629,0.3202,3,1,1,0,3495,1899,1260,336,2085,131447,0,0,0,1.286,DRACUT,1064,1045,9.837447000000001,joined
25025020101,Census Tract 201.01,Suffolk,3620.0,230543.0,0.041988950276243,0.3963764913831197,0.3915156871409633,0.8156697009102731,0.3455964325529543,0.0986,0.1193,0.0534,0.1299,0.5461,1,1,0,0,2217,1448,639,130,2487,271215,1,0,0,0.075,BOSTON,4471,4197,71.531141,joined
25025100700,Census Tract 1007,Suffolk,4470.0,121122.0,0.0478747203579418,0.3886554621848739,0.0808823529411764,0.5964491362763915,0.2878378378378378,0.0804,0.1306,0.194,0.1824,0.1594,2,1,1,0,3453,1572,1353,528,1872,185210,0,0,0,0.795,BOSTON,4471,4197,71.531141,joined
25025120500,Census Tract 1205,Suffolk,2427.0,185667.0,0.1483312731767614,0.5264150943396226,0.3830188679245283,0.9227353463587922,0.546594982078853,0.6993,0.6397,0.7219,0.782,0.5424,2,1,1,0,2745,1414,1308,23,1065,171770,0,0,0,0.172,BOSTON,4471,4197,71.531141,joined
25025140102,Census Tract 1401.02,Suffolk,5203.0,130498.0,0.0180665000960984,0.2027700831024931,0.0393351800554016,0.279419388284085,0.4508196721311475,0.651,0.4394,0.5581,0.8688,0.7721,2,1,1,0,3899,1988,1258,653,1876,157971,4,0,0,0.26,BOSTON,4471,4197,71.531141,joined
25025051200,Census Tract 512,Suffolk,3328.0,149543.0,0.1368009621166566,0.7599309153713298,0.185377086931491,0.8863146551724138,0.2878787878787879,0.4344,0.4513,0.0697,0.722,0.7031,1,1,0,0,2061,1379,672,10,1549,180473,2,0,0,0.156,BOSTON,4471,4197,71.531141,joined
25025060501,Census Tract 605.01,Suffolk,4393.0,191469.0,0.02754381971318,0.366682397357244,0.1519584709768759,0.8518035636679705,0.2393822393822393,0.0182,0.0301,0.0075,0.4104,0.3886,1,1,1,0,2810,1502,1074,234,1999,202550,2,0,0,0.303,BOSTON,4471,4197,71.531141,joined
25025071201,Census Tract 712.01,Suffolk,4254.0,112222.0,0.2333804809052334,0.6706932773109243,0.2930672268907563,0.9272637308263236,0.4588880187940485,0.9667,0.8625,0.9341,0.8632,0.9749,1,1,0,0,1619,1287,320,12,1775,159986,9,0,0,0.079,BOSTON,4471,4197,71.531141,joined
25025090100,Census Tract 901,Suffolk,5752.0,32451.0,0.3325799721835883,0.8415300546448088,0.3025335320417288,0.9468485418626528,0.6865407319952774,0.9705,0.9642,0.9768,0.9806,0.779,5,2,3,0,3458,1500,1826,132,1980,67590,1,0,0,0.188,BOSTON,4471,4197,71.531141,joined
25025060602,Census Tract 606.02,Suffolk,453.0,143382.0,0.0529801324503311,0.9425675675675677,0.4256756756756756,1.0,0.4946236559139785,0.0866,0.1952,0.0013,0.4066,0.7389,1,1,0,0,1613,1017,573,23,297,185471,6,0,0,0.09,BOSTON,4471,4197,71.531141,joined
25025070801,Census Tract 708.01,Suffolk,1159.0,46525.0,0.4210526315789473,0.8235294117647058,0.507563025210084,0.9630252100840336,0.8367346938775511,0.3949,0.6152,0.0854,0.6002,0.3559,1,1,0,0,1677,1147,274,256,548,122668,0,0,0,0.143,BOSTON,4471,4197,71.531141,joined
25009260700,Census Tract 2607,Essex,5390.0,91467.0,0.1150560091133472,0.3807162534435261,0.0545454545454545,0.3763779527559055,0.5065123010130246,0.7841,0.8393,0.764,0.6302,0.5386,4,2,2,0,3707,1912,1609,186,1812,96726,0,0,0,1.009,HAVERHILL,1112,1071,29.966203999999998,joined
25009261000,Census Tract 2610,Essex,4758.0,103849.0,0.046964247937381,0.4408117249154453,0.0828635851183765,0.5767543859649122,0.5281329923273658,0.43,0.5725,0.295,0.6452,0.2373,4,2,1,0,3779,1962,1524,293,1594,103305,0,0,0,0.584,HAVERHILL,1112,1071,29.966203999999998,joined
25009223100,Census Tract 2231,Essex,4162.0,136815.0,0.0687894992707826,0.2347230154197601,0.0850942318675042,0.2135678391959799,0.6034063260340633,0.3854,0.4018,0.5066,0.0881,0.3854,3,2,1,1,5086,2774,1260,1052,1651,164327,0,0,0,0.929,IPSWICH,116,106,1.7983099999999999,joined
25009205200,Census Tract 2052,Essex,6155.0,112446.0,0.1185693287604115,0.3030927835051546,0.1030927835051546,0.4330400782013685,0.5272108843537415,0.8575,0.9008,0.8173,0.8613,0.6265,4,2,1,1,4204,1927,1384,893,2210,108310,0,0,0,1.433,LYNN,2005,1957,16.419473999999997,joined
25009206000,Census Tract 2060,Essex,3280.0,44554.0,0.1190326633165829,0.6463314097279472,0.2984336356141797,0.8184,0.7206632653061225,0.8832,0.7797,0.7897,0.9332,0.9247,4,2,1,0,3557,2103,1038,416,1162,95820,0,0,0,0.712,LYNN,2005,1957,16.419473999999997,joined
25009254200,Census Tract 2542,Essex,5379.0,120774.0,0.0675105485232067,0.4336917562724014,0.1674347158218126,0.4772831574116567,0.4014167650531287,0.6441,0.533,0.4011,0.4778,0.8581,2,1,1,0,3668,1762,1402,504,1987,173736,3,0,0,0.04,ANDOVER,687,648,14.50191,joined
25009211402,Census Tract 2114.02,Essex,5885.0,140400.0,0.0147361206305688,0.222697240575204,0.032258064516129,0.2808823529411764,0.2897033158813263,0.4369,0.3183,0.6321,0.2667,0.4708,2,1,1,1,3528,1402,1060,1066,2600,155320,9,1,1,0.427,DANVERS,56,42,4.930632,joined
25009215102,Census Tract 2151.02,Essex,2943.0,147745.0,0.0455317703024125,0.083725305738476,0.0178739416745061,0.0795352993744414,0.550561797752809,0.0226,0.1651,0.1117,0.0106,0.0452,3,1,1,1,5144,2281,1338,1525,1056,168298,0,0,0,1.509,HAMILTON,190,176,3.284415,joined
25009260401,Census Tract 2604.01,Essex,3928.0,96711.0,0.083184485838224,0.2028901734104046,0.0277456647398843,0.3286516853932584,0.5299145299145299,0.4796,0.5618,0.6215,0.4154,0.2348,3,2,1,0,3775,1862,1312,601,1661,122916,0,0,0,2.382,HAVERHILL,1112,1071,29.966203999999998,joined
25009203100,Census Tract 2031,Essex,7303.0,235962.0,0.0307991120976692,0.0466717674062739,0.0263963274674827,0.0315469403268719,0.1967213114754098,0.0672,0.1099,0.3515,0.0762,0.1086,2,1,1,0,4683,2082,1635,966,2505,230702,2,0,0,0.613,MARBLEHEAD,46,43,0.38908800000000004,joined
25009210500,Census Tract 2105,Essex,7447.0,157694.0,0.0458108108108108,0.0916380297823596,0.0435280641466208,0.0901271503365744,0.5166666666666667,0.3302,0.4815,0.2053,0.2536,0.3176,2,1,1,1,4160,1368,1325,1467,2623,171967,0,0,0,1.804,PEABODY,31,26,1.313219,joined
25021418101,Census Tract 4181.01,Norfolk,4839.0,104254.0,0.1416442327604058,0.4782425010561892,0.1571609632446134,0.5120845921450151,0.4611307420494699,0.7075,0.6221,0.6202,0.6652,0.7401,3,1,1,1,3535,1731,898,906,2336,129301,45,0,0,0.231,QUINCY,928,875,10.740924000000001,joined
25021404202,Census Tract 4042.02,Norfolk,5874.0,241875.0,0.0280612244897959,0.0987933634992458,0.0392156862745098,0.1020710059171597,0.4961832061068702,0.2737,0.1751,0.3227,0.5734,0.3591,1,1,1,0,4270,1668,1889,713,1374,306424,14,0,0,0.666,WELLESLEY,103,96,0.9873540000000001,joined
25021422501,Census Tract 4225.01,Norfolk,4126.0,87614.0,0.1204556471158507,0.391859914813062,0.0832938949361098,0.4415522953147184,0.5036231884057971,0.4074,0.4463,0.1576,0.5497,0.4991,3,2,1,1,3443,1901,854,688,2100,111951,0,0,0,0.828,WEYMOUTH,903,873,10.085437,joined
25021420201,Census Tract 4202.01,Norfolk,3282.0,108268.0,0.0871487211872434,0.1564339781328848,0.1227922624053826,0.1219512195121951,0.5483870967741935,0.7709,0.6573,0.7571,0.8926,0.7244,3,2,1,0,3996,2001,1442,553,1150,126654,0,0,0,1.039,RANDOLPH,1202,1182,14.941883,joined
25021400500,Census Tract 4005,Norfolk,5519.0,154688.0,0.0581627106359847,0.698120444955888,0.3045646336785577,0.8703771512266569,0.267032967032967,0.1387,0.1318,0.0414,0.4647,0.6095,1,1,0,0,2232,1354,716,162,2484,184775,0,0,0,0.262,BROOKLINE,294,277,3.542596,joined
25021402101,Census Tract 4021.01,Norfolk,3366.0,140972.0,0.0840760546642899,0.2981867024848892,0.0873069173942243,0.2436316133246244,0.4301801801801801,0.1802,0.393,0.1733,0.3629,0.1142,2,1,1,0,4293,1974,1523,796,1521,175744,3,1,12,0.434,DEDHAM,478,454,9.047156999999999,joined
25021442101,Census Tract 4421.01,Norfolk,6000.0,134427.0,0.0700686947988223,0.2050230650948231,0.0230650948231676,0.2060301507537688,0.3975,0.1268,0.1212,0.0873,0.2842,0.4357,3,1,1,1,4624,2135,1313,1176,1815,174871,3,1,6,0.555,FRANKLIN,627,585,25.62493899999999,joined
25021416300,Census Tract 4163,Norfolk,5355.0,194957.0,0.0513538748832866,0.1979964643488509,0.0188568061284619,0.3166855845629966,0.4434523809523809,0.3183,0.3346,0.6303,0.5734,0.1042,2,1,1,0,4562,2119,1766,677,1848,206748,0,0,0,0.673,MILTON,523,500,6.355667,joined
25017359303,Census Tract 3593.03,Middlesex,7786.0,166583.0,0.0547096774193548,0.2171030825323168,0.0500497182631753,0.1537717601547388,0.2381679389312977,0.553,0.3949,0.7928,0.5759,0.4256,2,1,1,0,5250,2739,1655,856,2900,233301,13,0,0,0.379,BEDFORD,440,387,6.459873,joined
25009212102,Census Tract 2121.02,Essex,5007.0,177500.0,0.0127821050529259,0.0770156438026474,0.0060168471720818,0.0722021660649819,0.1015625,0.2266,0.2586,0.5053,0.05,0.231,3,2,1,1,6762,3912,1244,1606,1680,200081,2,0,0,0.525,MIDDLETON,15,13,6.174855,joined
25025000502,Census Tract 5.02,Suffolk,6159.0,75536.0,0.1958092485549133,0.8414277355178467,0.478642480983031,0.97708674304419,0.5062586926286509,0.6102,0.6403,0.0634,0.6271,0.9228,1,1,0,0,1178,875,287,16,1670,108115,1,0,0,0.387,BOSTON,4471,4197,71.531141,joined
25025180200,Census Tract 1802,Suffolk,4531.0,99861.0,0.0809975722798499,0.3536804308797127,0.1687612208258528,0.5778409090909091,0.7343485617597293,0.7112,0.7696,0.7822,0.5522,0.4024,3,1,1,0,3497,1626,1334,537,1934,119567,0,0,0,1.41,WINTHROP,236,230,2.451046,joined
25023506203,Census Tract 5062.03,Plymouth,5447.0,133946.0,0.0662739322533137,0.0994956441999082,0.0,0.1656710473914775,0.6774193548387096,0.1281,0.5819,0.1475,0.0056,0.0295,3,1,1,0,4512,2179,1623,710,2149,170409,1,0,0,0.688,MARSHFIELD,582,560,11.321784,joined
25023542200,Census Tract 5422,Plymouth,6362.0,93431.0,0.0406698564593301,0.0768398268398268,0.036075036075036,0.1837818696883852,0.1643192488262911,0.533,0.4149,0.5675,0.2536,0.6886,2,1,1,1,3004,1342,760,902,2743,131676,0,0,0,2.052,MIDDLEBOROUGH,45,31,8.938308999999999,joined
25023530700,Census Tract 5307,Plymouth,6456.0,115755.0,0.0382403233328151,0.1155555555555555,0.0254814814814814,0.2098831030818278,0.6897435897435897,0.2611,0.2925,0.1682,0.0031,0.5367,3,1,1,1,4267,2121,1278,868,3215,156094,2,0,0,0.933,,0,0,0,joined
25023520100,Census Tract 5201,Plymouth,7183.0,128064.0,0.0240214780274127,0.2062992125984252,0.052755905511811,0.24453125,0.5591603053435115,0.3371,0.4419,0.2549,0.2186,0.3453,3,2,1,1,4824,2394,909,1521,2504,154940,0,0,0,0.874,ABINGTON,335,321,5.424993000000001,joined
25023510501,Census Tract 5105.01,Plymouth,4112.0,107784.0,0.1398705823792931,0.2120743034055727,0.1083591331269349,0.6002906976744186,0.2372262773722627,0.8393,0.6384,0.9159,0.8851,0.8418,3,2,1,1,4171,1843,1108,1220,1261,121675,0,0,0,0.565,BROCKTON,2369,2299,29.462186000000003,joined
25023500104,Census Tract 5001.04,Plymouth,3584.0,110149.0,0.0796979865771812,0.2238986119493059,0.0247435123717561,0.2344858156028368,0.4070080862533692,0.0395,0.1689,0.0986,0.0062,0.1174,2,1,1,0,3543,1452,1623,468,1655,170003,0,0,0,1.98,,0,0,0,joined
25025010205,Census Tract 102.05,Suffolk,3857.0,78008.0,0.194153928667203,0.9410386567746972,0.5724326434986333,0.9918871252204584,0.4838174273858921,0.5832,0.5951,0.0282,0.802,0.9586,1,1,0,0,977,848,125,4,2603,90780,19,1,8,0.046,BOSTON,4471,4197,71.531141,joined
25021423101,Census Tract 4231.01,Norfolk,3785.0,217792.0,0.0401585204755614,0.1144353029169783,0.0299177262528047,0.1365576102418207,0.5751633986928104,0.2863,0.2436,0.3792,0.1437,0.4269,2,1,1,0,4250,1998,1191,1061,1417,215360,8,0,0,0.411,COHASSET,87,83,1.36631,joined
25021443103,Census Tract 4431.03,Norfolk,4086.0,138019.0,0.0867221950024497,0.2346521145975443,0.0259208731241473,0.1902857142857142,0.3081395348837209,0.2053,0.5455,0.3352,0.2886,0.0282,3,1,0,2,5188,2279,293,2616,1526,162721,1,1,6,0.274,BELLINGHAM,795,766,26.585994,joined
25021417202,Census Tract 4172.02,Norfolk,4034.0,134135.0,0.1271690629647992,0.4511958629605688,0.0853264382676147,0.4075709779179811,0.3810888252148997,0.7056,0.7633,0.3635,0.7989,0.6234,3,1,1,1,3538,1644,1231,663,1609,124304,0,0,0,0.602,QUINCY,928,875,10.740924000000001,joined
25021423102,Census Tract 4231.02,Norfolk,4642.0,190441.0,0.0215264187866927,0.2129411764705882,0.0370588235294117,0.1866158868335146,0.4475138121546961,0.2511,0.3879,0.1701,0.0531,0.381,2,1,0,1,4872,2087,923,1862,1738,218572,0,0,0,0.758,COHASSET,87,83,1.36631,joined
25021418201,Census Tract 4182.01,Norfolk,6529.0,93344.0,0.1691977297131462,0.5053171983865054,0.0729739640630729,0.565989847715736,0.6081277213352685,0.769,0.8776,0.3679,0.8364,0.6309,3,1,1,0,2953,1594,819,540,2769,115382,2,2,8,0.345,QUINCY,928,875,10.740924000000001,joined
25021980000,Census Tract 9800,Norfolk,0.0,,,,,,,-999.0,-999.0,-999.0,-999.0,-999.0,,,,,,,,,,,0,0,0,1.413,QUINCY,928,875,10.740924000000001,joined
25021415202,Census Tract 4152.02,Norfolk,3389.0,152267.0,0.0990367248645394,0.3244336569579288,0.0574433656957928,0.3584142394822006,0.6783042394014963,0.646,0.4507,0.7646,0.5053,0.7094,2,1,1,0,3954,2106,1431,417,1213,166841,4,0,0,0.932,CANTON,481,430,27.71898699999999,joined
25021422304,Census Tract 4223.04,Norfolk,2098.0,120929.0,0.087061087061087,0.1375150784077201,0.0615199034981905,0.1207100591715976,0.5175438596491229,0.049,0.2128,0.0647,0.1799,0.1343,3,1,1,1,4555,1836,876,1843,827,167624,0,0,0,0.562,WEYMOUTH,903,873,10.085437,joined
25025030302,Census Tract 303.02,Suffolk,2408.0,148542.0,0.1327433628318584,0.9397303727200634,0.7097541633624108,1.0,0.440506329113924,0.6152,0.6328,0.0446,0.6221,0.9768,1,1,0,0,1204,1082,118,4,930,168313,30,0,0,0.082,BOSTON,4471,4197,71.531141,joined
25025061201,Census Tract 612.01,Suffolk,1845.0,128125.0,0.1745257452574525,0.44321608040201,0.2231155778894472,0.8201798201798202,0.2335600907029478,0.3672,0.7382,0.0132,0.3517,0.5574,2,1,1,0,2724,1492,1223,9,878,126187,0,0,0,0.313,BOSTON,4471,4197,71.531141,joined
25025130101,Census Tract 1301.01,Suffolk,5841.0,141642.0,0.0627141877998629,0.3565250094020308,0.0597969161338849,0.4001404001404001,0.3955696202531645,0.2976,0.2291,0.5556,0.4859,0.2097,2,1,1,0,3512,1584,1287,641,2693,172459,0,0,0,0.564,BOSTON,4471,4197,71.531141,joined
25025000506,Census Tract 5.06,Suffolk,2467.0,78221.0,0.1888933927847588,0.8201332346410066,0.3434492968171724,0.9928385416666666,0.5821299638989169,0.4633,0.4783,0.0891,0.6515,0.7125,1,1,0,0,1106,840,240,26,1369,87367,0,0,0,0.36,BOSTON,4471,4197,71.531141,joined
25025000807,Census Tract 8.07,Suffolk,3348.0,,0.4117647058823529,,,,,-999.0,-999.0,-999.0,0.7452,-999.0,,,,,,,,,,,2,0,0,0.009,BOSTON,4471,4197,71.531141,joined
25025170301,Census Tract 1703.01,Suffolk,6055.0,108438.0,0.0903385631709331,0.3058004640371229,0.0705336426914153,0.4655172413793103,0.3232169954476479,0.6177,0.6949,0.5179,0.7514,0.3497,3,2,1,1,4205,1941,1388,876,2108,121255,0,0,0,0.806,REVERE,1329,1289,11.942450999999998,joined
25025160103,Census Tract 1601.03,Suffolk,4838.0,75169.0,0.2684461805555556,0.67265625,0.428125,0.92578125,0.6132404181184669,0.9611,0.9724,0.7677,0.9575,0.9473,4,2,1,1,3528,1767,1234,527,1246,92615,0,0,0,0.427,CHELSEA,256,237,8.125049999999991,joined
25025081301,Census Tract 813.01,Suffolk,2730.0,34346.0,0.425830258302583,0.9429065743944636,0.5484429065743944,0.9491955969517358,0.391743119266055,0.9962,0.9372,1.0,0.9625,0.9391,4,3,2,0,1955,1149,796,10,1151,44305,0,0,0,0.19,BOSTON,4471,4197,71.531141,joined
25025070202,Census Tract 702.02,Suffolk,3991.0,43780.0,0.2445987654320987,0.9299178347027548,0.6404059932334462,0.9754335260115607,0.5717255717255717,0.9259,0.8192,0.3861,0.9257,1.0,1,1,0,0,1425,1140,282,3,2123,103260,3,0,0,0.097,BOSTON,4471,4197,71.531141,joined
25025070502,Census Tract 705.02,Suffolk,3613.0,71736.0,0.2960800667222685,0.6473050758765044,0.3668236525379382,0.933830382106244,0.555375909458367,0.8864,0.8682,0.7294,0.9151,0.8562,2,1,0,0,2080,1473,555,52,1993,114943,0,0,0,0.38,BOSTON,4471,4197,71.531141,joined
25025000101,Census Tract 1.01,Suffolk,1588.0,165469.0,0.1133501259445843,0.7837338262476895,0.1534195933456562,0.7676056338028169,0.2877358490566037,0.0753,0.3371,0.0113,0.5578,0.2731,2,1,1,0,2772,1322,1385,65,589,151213,0,0,0,0.397,BOSTON,4471,4197,71.531141,joined
25023530903,Census Tract 5309.03,Plymouth,6706.0,130625.0,0.104955831711334,0.1758373205741626,0.0163476874003189,0.1276281814828476,0.5102040816326531,0.4394,0.3967,0.6447,0.1899,0.3986,3,1,1,0,4537,2330,1711,496,2155,168316,1,0,0,1.53,PLYMOUTH,1588,1483,53.683165,joined
25023511602,Census Tract 5116.02,Plymouth,3749.0,59497.0,0.1872499333155508,0.3297400126823082,0.2631578947368421,0.379395434916718,0.5653846153846154,0.8129,0.6303,0.7872,0.852,0.9134,3,2,1,1,3603,1661,1194,748,1495,108696,0,0,0,0.548,BROCKTON,2369,2299,29.462186000000003,joined
25023505201,Census Tract 5052.01,Plymouth,2115.0,142950.0,0.0204692960559161,0.0779702970297029,0.0235148514851485,0.0895140664961636,0.3015873015873015,0.1519,0.1124,0.5047,0.2954,0.1538,3,1,1,1,4460,1999,1179,1282,852,155851,6,2,2,0.922,MARSHFIELD,582,560,11.321784,joined
25023505104,Census Tract 5051.04,Plymouth,4033.0,136743.0,0.0394247458467642,0.117090479006505,0.005913660555884,0.0116666666666666,0.3484848484848485,0.022,0.1356,0.2649,0.03,0.0082,2,1,1,0,4234,1952,1693,589,1565,170661,0,0,0,1.062,SCITUATE,310,299,5.647893,joined
25017336202,Census Tract 3362.02,Middlesex,3223.0,138750.0,0.0194329404268875,0.1378776142525174,0.010844306738962,0.304381245196003,0.3820224719101123,0.0571,0.0289,0.1827,0.1337,0.258,2,1,1,1,4186,1872,1369,945,1245,169527,2,0,0,0.371,MELROSE,523,500,4.32162,joined
25017330201,Census Tract 3302.01,Middlesex,3086.0,141118.0,0.0163007318695941,0.1031814273430782,0.0180567497850386,0.2750642673521851,0.6166666666666667,0.2969,0.2034,0.209,0.1555,0.6409,2,1,1,1,4190,1465,1233,1492,1176,193013,0,0,0,1.748,NORTH READING,34,26,1.7918340000000001,joined
25017332202,Census Tract 3322.02,Middlesex,6841.0,126641.0,0.0684110510159333,0.4510344827586207,0.056551724137931,0.4263015551048005,0.4159021406727828,0.3923,0.479,0.15,0.5128,0.4526,3,1,1,1,4299,1973,928,1398,2804,158629,5,0,0,0.488,BURLINGTON,730,703,9.770748,joined
25017332402,Census Tract 3324.02,Middlesex,1809.0,155417.0,0.136539524599226,0.6426076833527358,0.0477299185098952,0.6701137538779731,0.4782608695652174,0.7928,0.6711,0.575,0.5603,0.9623,2,1,1,0,2517,1428,936,153,953,152481,21,2,2,0.049,BURLINGTON,730,703,9.770748,joined
25017339803,Census Tract 3398.03,Middlesex,3699.0,124756.0,0.1113814544471478,0.8078920041536864,0.1240913811007269,0.9951946179721288,0.3444730077120823,0.4313,0.5989,0.0433,0.7021,0.6328,1,1,0,0,1720,1469,248,3,2042,139174,9,0,0,0.246,MEDFORD,902,867,8.082967,joined
25017354902,Census Tract 3549.02,Middlesex,5366.0,80417.0,0.1958628401043607,0.5955497382198953,0.1457242582897033,0.7452,0.4468864468864469,0.7546,0.6704,0.7288,0.8351,0.6798,2,1,1,0,2566,1426,1079,61,2330,165888,1,0,0,0.099,CAMBRIDGE,881,803,10.190912,joined
25017325102,Census Tract 3251.02,Middlesex,4450.0,74973.0,0.1396217604482839,0.3952905811623246,0.0430861723446893,0.5033081285444234,0.4258555133079847,0.7539,0.575,0.6434,0.5859,0.9234,3,2,1,1,3644,1878,1088,678,2021,107257,4,0,0,0.244,AYER,309,287,13.371172999999999,joined
25023505202,Census Tract 5052.02,Plymouth,4693.0,119938.0,0.0333044982698961,0.1736613603473227,0.0487216594307766,0.1681333950903196,0.4805555555555555,0.3396,0.1764,0.7395,0.2773,0.2944,3,1,1,1,4463,2012,1397,1054,2103,175520,0,0,0,1.004,SCITUATE,310,299,5.647893,joined
25023506205,Census Tract 5062.05,Plymouth,2120.0,124773.0,0.0680952380952381,0.2,0.0884210526315789,0.0357698289269051,0.5052631578947369,0.0439,0.2298,0.108,0.0187,0.0778,2,1,1,0,4126,2039,1714,373,916,168392,0,0,0,1.553,MARSHFIELD,582,560,11.321784,joined
25023523203,Census Tract 5232.03,Plymouth,4332.0,183016.0,0.017117742308582,0.0781637717121588,0.0397022332506203,0.1025957972805933,0.5634920634920635,0.2994,0.2316,0.3559,0.0837,0.5078,3,1,1,1,4962,2390,1091,1481,1567,175648,0,0,0,1.839,EAST BRIDGEWATER,440,422,11.866665,joined
25017385204,Census Tract 3852.04,Middlesex,3418.0,167895.0,0.0152761457109283,0.2049742710120068,0.0,0.2607692307692307,0.4184100418410041,0.0942,0.1814,0.2254,0.6746,0.0377,2,1,1,0,4603,2345,1765,493,1134,202805,0,0,0,1.149,ASHLAND,654,620,21.932475999999998,joined
25017354602,Census Tract 3546.02,Middlesex,4613.0,104155.0,0.1704347826086956,0.6410256410256411,0.1890397184514831,0.8034229828850856,0.48,0.4771,0.4043,0.3785,0.8151,0.4451,1,1,1,0,2270,1290,929,51,1947,171743,4,0,0,0.043,CAMBRIDGE,881,803,10.190912,joined
25017370302,Census Tract 3703.02,Middlesex,2036.0,87473.0,0.0579268292682926,0.7094594594594594,0.2049549549549549,0.8775710088148874,0.392063492063492,0.8286,0.6089,0.9347,0.7876,0.8437,2,1,1,0,2594,1317,1041,236,848,142029,15,0,0,0.128,WATERTOWN,418,385,11.216307,joined
25017384003,Census Tract 3840.03,Middlesex,5432.0,104837.0,0.0868751170192847,0.624168947985921,0.0864294094642158,0.7046742209631728,0.5350877192982456,0.5261,0.4011,0.2103,0.6933,0.7853,2,1,0,0,2700,1687,433,580,2721,120101,10,0,0,0.967,FRAMINGHAM,1991,1886,38.134805,joined
25017385101,Census Tract 3851.01,Middlesex,3181.0,183889.0,0.0164141414141414,0.4503257328990228,0.014657980456026,0.43203125,0.4972875226039783,0.1174,0.0496,0.0898,0.7539,0.349,2,1,1,0,3790,2173,1219,398,1261,235130,0,0,0,2.176,ASHLAND,654,620,21.932475999999998,joined
25017336404,Census Tract 3364.04,Middlesex,2455.0,95586.0,0.0513238289205702,0.3748810656517602,0.1636536631779258,0.4765409383624655,0.8147208121827412,0.2787,0.58,0.113,0.6665,0.1023,2,1,1,0,3422,1697,1027,698,994,150905,0,0,0,0.566,MELROSE,523,500,4.32162,joined
25017342501,Census Tract 3425.01,Middlesex,4228.0,63500.0,0.1222800378429517,0.5776566757493188,0.0885558583106267,0.7338516746411483,0.5424528301886793,0.9184,0.9674,0.8801,0.8326,0.6855,3,2,1,0,3356,1897,1281,178,1699,117469,1,0,0,0.152,EVERETT,716,695,16.963893,joined
25017323101,Census Tract 3231.01,Middlesex,3687.0,175220.0,0.0282072145375644,0.232,0.0406666666666666,0.2579185520361991,0.6350574712643678,0.1318,0.1425,0.3892,0.2305,0.1481,2,1,0,1,4092,1371,1004,1717,1463,242418,19,0,0,1.109,STOW,97,92,5.272621999999999,joined
25017370401,Census Tract 3704.01,Middlesex,3644.0,114792.0,0.1062019758507135,0.7141403865717192,0.1739572736520854,0.9318413021363174,0.4259259259259259,0.5888,0.3653,0.4852,0.619,0.8041,2,1,1,0,2610,1173,918,519,1741,162505,6,0,0,0.202,WATERTOWN,418,385,11.216307,joined
25017350108,Census Tract 3501.08,Middlesex,3767.0,81198.0,0.1730820281391027,0.7179962894248608,0.0884353741496598,0.864,0.4306632213608958,0.705,0.8223,0.4551,0.6802,0.4871,2,1,1,0,2611,1343,944,324,1686,117768,1,0,0,0.041,SOMERVILLE,752,707,10.104102999999999,joined
25017351102,Census Tract 3511.02,Middlesex,2323.0,134375.0,0.0594059405940594,0.5396536007292616,0.1731996353691887,0.8072601555747623,0.3057432432432432,0.2059,0.2611,0.0151,0.539,0.7696,1,1,1,0,2310,1204,1072,34,1010,155422,0,0,0,0.121,SOMERVILLE,752,707,10.104102999999999,joined
25017310101,Census Tract 3101.01,Middlesex,3760.0,63393.0,0.2233173753872148,0.7822445561139029,0.236180904522613,0.9862506610259122,0.5538900785153462,0.8519,0.7075,0.8016,0.6377,0.9573,2,2,0,0,1484,1218,259,7,1732,79177,25,0,0,0.061,LOWELL,1560,1490,17.496131000000002,joined
25017332201,Census Tract 3322.01,Middlesex,2240.0,103440.0,0.0696428571428571,0.333695652173913,0.0326086956521739,0.3210526315789473,0.6612377850162866,0.3308,0.4306,0.2938,0.4472,0.2398,2,1,1,1,4153,1800,909,1444,949,167825,1,0,0,0.523,BURLINGTON,730,703,9.770748,joined
25017321302,Census Tract 3213.02,Middlesex,3017.0,100227.0,0.1335764003977461,0.4193083573487031,0.1332853025936599,0.509967845659164,0.2577319587628865,0.4702,0.4758,0.1563,0.5322,0.656,2,1,1,0,3640,1934,1193,513,1486,148816,0,0,0,0.774,MARLBOROUGH,863,800,16.707269,joined
25017320107,Census Tract 3201.07,Middlesex,4708.0,193594.0,0.0312234494477485,0.2094146047073023,0.0229330114665057,0.2242458736482641,0.6368876080691642,0.1877,0.0477,0.2329,0.7514,0.3509,2,1,1,1,5369,2551,1391,1427,1500,255974,5,0,0,1.187,HOPKINTON,669,627,24.412470000000003,joined
25017320105,Census Tract 3201.05,Middlesex,2535.0,166667.0,0.0367412140575079,0.2027896995708154,0.0236051502145922,0.2619808306709265,0.4867724867724867,0.1419,0.0841,0.3239,0.4354,0.2404,2,1,0,1,5559,2610,892,2057,922,253402,0,0,0,1.657,HOPKINTON,669,627,24.412470000000003,joined
25009217201,Census Tract 2172.01,Essex,4306.0,129167.0,0.0364607524384579,0.3068571428571429,0.0148571428571428,0.3492152466367713,0.4394785847299813,0.2304,0.2341,0.4419,0.0881,0.2963,2,1,1,1,3780,1829,945,1006,1756,159300,0,0,0,0.593,BEVERLY,1056,998,26.101654999999997,joined
25017317302,Census Tract 3173.02,Middlesex,5677.0,147596.0,0.0294169455698432,0.1999117387466902,0.0772285966460723,0.365684575389948,0.4083885209713024,0.145,0.2461,0.3923,0.2117,0.1092,2,1,1,0,3205,1802,1095,308,2360,153304,7,0,0,0.335,CHELMSFORD,828,785,15.156638000000001,joined
25017353101,Census Tract 3531.01,Middlesex,3721.0,78542.0,0.2456351595424443,0.9571269487750556,0.6297327394209354,0.9793650793650792,0.5212332751599767,0.7495,0.7288,0.145,0.8382,0.9504,1,1,0,0,1673,1154,512,7,1648,132875,14,0,0,0.133,CAMBRIDGE,881,803,10.190912,joined
25025051101,Census Tract 511.01,Suffolk,6224.0,74390.0,0.1866295264623955,0.593010146561443,0.1871476888387824,0.746957766642806,0.4632446134347275,0.8092,0.8807,0.4338,0.8663,0.7671,2,1,1,0,2733,1454,1074,205,2656,115257,0,0,0,0.44,BOSTON,4471,4197,71.531141,joined
25023540103,Census Tract 5401.03,Plymouth,4614.0,171140.0,0.0130349771887899,0.0551771117166212,0.0081743869209809,0.0,0.3580246913580246,0.0446,0.1105,0.2191,0.0237,0.0935,3,1,0,1,5583,2416,459,2708,1487,196236,2,0,0,1.731,LAKEVILLE,68,64,3.9499299999999997,joined
25025100100,Census Tract 1001,Suffolk,6142.0,35179.0,0.3519599666388657,0.767487684729064,0.3492610837438423,0.7025782688766115,0.5917843388960206,0.9623,0.9648,0.9466,0.9963,0.7746,4,2,2,0,3504,1746,1633,125,2053,80277,0,0,0,1.02,BOSTON,4471,4197,71.531141,joined
25025170400,Census Tract 1704,Suffolk,5147.0,72674.0,0.0821837963862444,0.5521951219512196,0.1326829268292683,0.6603946764570904,0.5830388692579506,0.8895,0.8814,0.9309,0.7239,0.666,3,2,1,1,3514,1598,1300,616,2026,102046,5,1,8,0.637,REVERE,1329,1289,11.942450999999998,joined
25025180400,Census Tract 1804,Suffolk,1883.0,119531.0,0.0132766861391396,0.4343302990897269,0.1118335500650195,0.5036764705882353,0.4580838323353293,0.2599,0.4068,0.1871,0.5803,0.1682,2,1,1,0,3832,1772,1403,657,846,163599,0,0,0,1.938,WINTHROP,236,230,2.451046,joined
25017336201,Census Tract 3362.01,Middlesex,2958.0,182404.0,0.0253549695740365,0.0708401976935749,0.0,0.08,0.0,0.1212,0.1645,0.3528,0.0706,0.1638,2,1,1,1,4730,2050,1048,1632,1218,190752,0,0,0,0.276,MELROSE,523,500,4.32162,joined
25017370103,Census Tract 3701.03,Middlesex,3460.0,106902.0,0.1277456647398843,0.575,0.1375,0.7543103448275862,0.4826086956521739,0.6039,0.3001,0.4539,0.6783,0.897,1,1,1,0,2431,1202,923,306,1634,165747,2,0,0,0.109,WATERTOWN,418,385,11.216307,joined
25017385102,Census Tract 3851.02,Middlesex,4626.0,142103.0,0.0517391304347826,0.2686066032456631,0.1270285394515948,0.2719017094017094,0.6708333333333333,0.194,0.1676,0.1758,0.4035,0.3647,3,1,1,1,4888,2334,1245,1309,1839,194681,0,0,0,1.74,ASHLAND,654,620,21.932475999999998,joined
25017339102,Census Tract 3391.02,Middlesex,3371.0,154620.0,0.0214782059380922,0.0853950518754988,0.0119712689545091,0.0726256983240223,0.4485981308411215,0.0282,0.0383,0.1262,0.0987,0.1299,2,1,1,0,4045,1832,1492,721,1294,173648,1,0,0,0.615,MEDFORD,902,867,8.082967,joined
25017323102,Census Tract 3231.02,Middlesex,3478.0,221146.0,0.0764349581770983,0.0455616653574234,0.0,0.0227808326787117,0.1551724137931034,0.0113,0.0151,0.2536,0.4522,0.0,2,1,0,1,4524,1297,921,2306,1165,258547,2,0,0,0.273,STOW,97,92,5.272621999999999,joined
25021407102,Census Tract 4071.02,Norfolk,4228.0,154310.0,0.0485321969696969,0.1695026178010471,0.0104712041884816,0.2122977346278317,0.6177606177606177,0.2542,0.2643,0.5072,0.1505,0.2442,2,1,1,1,4982,2371,1084,1527,1476,199963,2,0,0,0.627,MILLIS,207,195,5.448327,joined
25021422303,Census Tract 4223.03,Norfolk,5009.0,91484.0,0.1275249948990002,0.5866318147871546,0.1221060492905153,0.765,0.5181413112667091,0.6491,0.7464,0.2015,0.4585,0.7445,3,2,0,0,2430,1585,411,434,2529,95020,6,0,0,0.022,WEYMOUTH,903,873,10.085437,joined
25021417703,Census Tract 4177.03,Norfolk,2472.0,48381.0,0.1494050242397532,0.8740639891082369,0.4622191967324711,0.958102279728897,0.514018691588785,0.9416,0.9404,0.8035,0.7102,0.9366,3,2,1,0,1806,1368,405,33,1387,69399,6,2,2,0.053,QUINCY,928,875,10.740924000000001,joined
25017311100,Census Tract 3111,Middlesex,2534.0,77768.0,0.2646822204344328,0.821062441752097,0.2162162162162162,0.8881818181818182,0.5141884222474461,0.8487,0.796,0.6893,0.857,0.8927,3,2,1,0,2359,1611,715,33,1081,92760,4,0,0,0.182,LOWELL,1560,1490,17.496131000000002,joined
25017310300,Census Tract 3103,Middlesex,6737.0,69297.0,0.0783731631289891,0.4628616106333073,0.0711493354182955,0.538133952768099,0.6613175675675675,0.8249,0.9046,0.8167,0.807,0.4746,5,3,2,0,3821,2123,1415,283,2430,79263,0,0,0,0.529,LOWELL,1560,1490,17.496131000000002,joined
25017312501,Census Tract 3125.01,Middlesex,5204.0,111850.0,0.1336024605920799,0.281069743051914,0.0498164656528578,0.3148627654065251,0.5914179104477612,0.6008,0.5518,0.5706,0.6858,0.5122,3,2,1,0,3641,1993,1231,417,1836,125219,0,0,0,0.959,LOWELL,1560,1490,17.496131000000002,joined
25021411101,Census Tract 4111.01,Norfolk,4588.0,182656.0,0.0205570291777188,0.2880685563612393,0.0659195781147,0.2285898261429491,0.3112128146453089,0.3547,0.2172,0.2925,0.3304,0.6227,2,1,1,0,4231,2217,1286,728,1508,202395,0,0,0,1.346,WALPOLE,497,462,26.60827399999999,joined
25021443106,Census Tract 4431.06,Norfolk,6306.0,101921.0,0.0098694683221903,0.2698345354263894,0.0097581671616461,0.2249793217535153,0.7421383647798742,0.4746,0.2982,0.6416,0.5322,0.4865,3,1,1,1,3994,2026,1203,765,2367,138714,0,0,0,2.536,BELLINGHAM,795,766,26.585994,joined
25021440102,Census Tract 4401.02,Norfolk,2931.0,150714.0,0.0276356192425793,0.1218181818181818,0.0,0.07,0.3582089552238806,0.123,0.3007,0.1557,0.4722,0.0734,3,2,0,1,4510,2353,525,1632,1172,153935,4,0,0,0.661,PLAINVILLE,184,171,15.555844,joined
25021422202,Census Tract 4222.02,Norfolk,7316.0,88989.0,0.0732640787315472,0.3096695226438188,0.1123011015911872,0.4153572487399941,0.4713438735177865,0.6736,0.6522,0.6453,0.4497,0.6453,3,1,1,1,3612,1836,688,1088,3236,136655,0,0,0,1.514,WEYMOUTH,903,873,10.085437,joined
25023501203,Census Tract 5012.03,Plymouth,2452.0,214792.0,0.0685154975530179,0.0101651842439644,0.0444726810673443,0.0,0.375,0.0075,0.0082,0.1714,0.0212,0.0358,3,2,0,1,7481,4012,747,2722,763,245437,0,0,0,1.775,HINGHAM,63,58,2.31406,joined
25023505103,Census Tract 5051.03,Plymouth,2956.0,132761.0,0.0253721244925575,0.1542207792207792,0.0064935064935064,0.1102010424422933,0.7105263157894737,0.0025,0.0408,0.0289,0.0668,0.0226,2,1,1,1,4717,2177,1167,1373,1331,203625,0,0,0,1.526,SCITUATE,310,299,5.647893,joined
25023501204,Census Tract 5012.04,Plymouth,5026.0,94922.0,0.038197251414713,0.2772934827729348,0.1112494811124948,0.5131885182311869,0.7799401197604791,0.2687,0.0992,0.4758,0.0837,0.5518,3,2,0,1,4916,2999,607,1310,2432,158565,1,0,0,1.539,HINGHAM,63,58,2.31406,joined
25017311900,Census Tract 3119,Middlesex,2998.0,45417.0,0.2062062062062062,0.8394675019577134,0.2388410336726703,0.8577712609970675,0.4281716417910448,0.9347,0.9705,0.7602,0.8707,0.8619,4,2,1,0,2446,1568,869,9,1274,66519,2,0,0,0.178,LOWELL,1560,1490,17.496131000000002,joined
25017350800,Census Tract 3508,Middlesex,1990.0,175962.0,0.0412633723892002,0.6060948081264108,0.164785553047404,0.8775933609958506,0.1973929236499069,0.0816,0.1594,0.0358,0.4166,0.3911,2,1,1,0,2864,1430,1219,215,875,185111,1,0,0,0.184,SOMERVILLE,752,707,10.104102999999999,joined
25017351500,Census Tract 3515,Middlesex,2926.0,85274.0,0.1298701298701298,0.6263440860215054,0.2829301075268817,0.929936305732484,0.5472103004291845,0.6616,0.7407,0.3522,0.7595,0.5587,2,1,1,0,1879,1177,623,79,1360,100824,24,0,0,0.162,SOMERVILLE,752,707,10.104102999999999,joined
25017335302,Census Tract 3353.02,Middlesex,5054.0,158889.0,0.0567979418167425,0.2328699106256206,0.0183714001986097,0.3612637362637362,0.4371002132196162,0.2015,0.3189,0.381,0.1255,0.1613,3,1,1,1,4964,2433,990,1541,1916,179291,16,0,0,0.529,WAKEFIELD,29,27,1.624038,joined
25017356300,Census Tract 3563,Middlesex,5629.0,121194.0,0.0323325635103926,0.5176886792452831,0.0385220125786163,0.648191823899371,0.3075170842824601,0.2831,0.3352,0.1149,0.584,0.3867,2,1,1,0,2867,1327,990,550,2477,156572,1,0,0,0.338,ARLINGTON,1251,1205,9.807252,joined
25025981501,Census Tract 9815.01,Suffolk,0.0,,,,,,,-999.0,-999.0,-999.0,-999.0,-999.0,,,,,,,,,,,0,0,0,0.084,BOSTON,4471,4197,71.531141,joined
25017357800,Census Tract 3578,Middlesex,3920.0,235063.0,0.0306122448979591,0.2015444015444015,0.0486486486486486,0.1918518518518518,0.4137931034482758,0.2084,0.2072,0.6497,0.4809,0.0634,2,1,1,0,5098,2712,1587,799,1306,264819,2,0,0,0.062,BELMONT,310,303,2.124495,joined
25021417601,Census Tract 4176.01,Norfolk,5284.0,113181.0,0.0758041384962097,0.3670239918325676,0.1791730474732006,0.592948717948718,0.321279554937413,0.683,0.7451,0.1243,0.7539,0.8249,3,1,1,1,3500,1681,1090,729,2115,136404,0,0,0,0.651,QUINCY,928,875,10.740924000000001,joined
25021421100,Census Tract 4211,Norfolk,5494.0,112773.0,0.0921004732435384,0.1722727272727272,0.0745454545454545,0.115,0.2664907651715039,0.5355,0.3817,0.7558,0.5403,0.4382,3,2,1,1,4083,1919,1110,1054,2323,120895,0,0,0,1.399,HOLBROOK,328,324,2.973615,joined
25023508200,Census Tract 5082,Plymouth,6387.0,155345.0,0.0435259120087678,0.0324616771866546,0.0,0.0684210526315789,0.5416666666666666,0.0527,0.1343,0.1356,0.0731,0.1368,3,1,1,1,4747,2273,1048,1426,2200,169631,1,0,0,2.061,PEMBROKE,322,300,12.786413,joined
25023530802,Census Tract 5308.02,Plymouth,4506.0,129473.0,0.0577008433200177,0.1534834992142483,0.0618124672603457,0.0549530007230658,0.6143344709897611,0.1205,0.2574,0.1519,0.2804,0.1525,3,2,1,1,4991,2193,1245,1553,2018,145468,1,0,0,0.323,PLYMOUTH,1588,1483,53.683165,joined
25009222100,Census Tract 2221,Essex,3701.0,157147.0,0.0807889759524452,0.2501839587932303,0.0117733627667402,0.2265978050355067,0.4970588235294118,0.1161,0.3773,0.5399,0.0062,0.0113,3,1,1,1,4688,2263,1173,1252,1383,175474,1,0,0,1.197,ESSEX,139,134,1.257374,joined
25009204101,Census Tract 2041.01,Essex,4862.0,100649.0,0.1167524043838067,0.4705588822355289,0.0953093812375249,0.752465483234714,0.3817603393425238,0.6604,0.7433,0.4143,0.4197,0.6359,3,1,1,1,3294,1541,1130,623,2031,117057,13,0,0,0.162,SALEM,864,811,9.384780999999998,joined
25009204702,Census Tract 2047.02,Essex,6108.0,80750.0,0.091191879502292,0.41005723630417,0.1169255928045789,0.4843448009277155,0.7347956131605184,0.6353,0.6372,0.6817,0.5959,0.4463,3,1,1,0,3472,1701,1261,510,2455,131357,1,0,0,0.489,SALEM,864,811,9.384780999999998,joined
25009202101,Census Tract 2021.01,Essex,2279.0,114120.0,0.0690717113946326,0.2399540757749713,0.079219288174512,0.336980306345733,0.7464114832535885,0.4696,0.3302,0.6365,0.3254,0.5248,3,1,1,0,4003,1879,1764,360,876,154273,2,0,0,0.569,SWAMPSCOTT,292,283,2.444699,joined
25009253205,Census Tract 2532.05,Essex,4076.0,234779.0,0.007360157016683,0.0056537102473498,0.0,0.0118137595552467,0.0,0.0019,0.0025,0.1004,0.1255,0.0,2,1,0,1,5580,2418,1104,2058,1377,246958,0,0,0,2.37,NORTH ANDOVER,495,457,12.527313,joined
25017374800,Census Tract 3748,Middlesex,5273.0,201750.0,0.0414576181674148,0.2793696275071633,0.0501432664756446,0.3331130204890945,0.5282051282051282,0.5455,0.3151,0.1927,0.5259,0.936,2,1,1,0,4494,2182,1753,559,1392,266849,8,3,10,0.317,NEWTON,1445,1369,21.226114000000003,joined
25017333400,Census Tract 3334,Middlesex,6633.0,111012.0,0.1048021745696164,0.4181170886075949,0.0522151898734177,0.3615506329113924,0.5203405865657521,0.4545,0.5254,0.398,0.321,0.4036,3,1,1,1,4193,2002,921,1270,2528,148484,8,0,0,0.844,WOBURN,1280,1197,29.075126,joined
25017387201,Census Tract 3872.01,Middlesex,5912.0,156875.0,0.0387359836901121,0.1287516311439756,0.0387124836885602,0.1704405104981473,0.5371621621621622,0.1425,0.2944,0.1469,0.3304,0.1607,2,1,1,1,4937,2339,1203,1395,2237,198263,1,0,0,1.102,HOLLISTON,511,469,27.746281,joined
25017382500,Census Tract 3825,Middlesex,6071.0,123424.0,0.144297520661157,0.4865085854456255,0.1009811937857727,0.5085013839462238,0.5907563025210084,0.3792,0.3453,0.1168,0.4966,0.6403,2,1,1,1,3530,1813,809,908,2406,158681,5,2,3,0.183,NATICK,1149,1069,22.722972000000002,joined
25017370101,Census Tract 3701.01,Middlesex,6533.0,123902.0,0.1109408519767085,0.4898989898989899,0.036026936026936,0.5071953949472338,0.4927835051546392,0.3679,0.3697,0.3509,0.4903,0.3384,2,1,1,0,3112,1388,1260,464,2933,169329,2,0,0,0.191,WATERTOWN,418,385,11.216307,joined
25025030500,Census Tract 305,Suffolk,2217.0,126786.0,0.0926532522227421,0.6133540372670807,0.5186335403726708,0.9815043156596794,0.4164556962025316,0.3434,0.2994,0.0389,0.2386,0.9209,1,1,0,0,1719,1445,254,20,1283,180506,1,0,0,0.156,BOSTON,4471,4197,71.531141,joined
25025101001,Census Tract 1010.01,Suffolk,6809.0,84583.0,0.0825378175943604,0.449814126394052,0.2271788517141677,0.6847988077496274,0.6473829201101928,0.8958,0.8983,0.9291,0.9994,0.5417,4,2,2,1,4110,1692,1792,626,2213,104546,0,0,0,0.31,BOSTON,4471,4197,71.531141,joined
25025981100,Census Tract 9811,Suffolk,94.0,,1.0,1.0,1.0,1.0,1.0,0.2586,0.0703,0.0458,0.8501,0.833,1,1,0,0,647,647,0,0,4,71062,0,0,0,0.913,BOSTON,4471,4197,71.531141,joined
25025981000,Census Tract 9810,Suffolk,26.0,,0.0,1.0,0.0,1.0,0.0,0.0,0.0,0.0,0.0,0.0,2,1,1,0,2048,837,1211,0,16,89775,0,0,0,0.223,BOSTON,4471,4197,71.531141,joined
25025981202,Census Tract 9812.02,Suffolk,29.0,,,,,,,-999.0,-999.0,-999.0,0.6596,-999.0,,,,,,,,,,,13,0,0,0.238,BOSTON,4471,4197,71.531141,joined
25021407101,Census Tract 4071.01,Norfolk,4660.0,156286.0,0.0473206568712186,0.1661987647389107,0.0230207748455923,0.22533748701973,0.4459459459459459,0.2078,0.2354,0.3063,0.2117,0.2881,3,1,0,1,5292,2543,930,1819,1726,207509,0,0,0,0.725,MILLIS,207,195,5.448327,joined
25021443104,Census Tract 4431.04,Norfolk,4778.0,137917.0,0.0985439966237602,0.1146974063400576,0.0051873198847262,0.1106628242074928,0.7236180904522613,0.0992,0.2329,0.0766,0.0212,0.3233,3,1,0,1,4632,2268,807,1557,1697,165317,0,0,0,2.315,BELLINGHAM,795,766,26.585994,joined
25023530904,Census Tract 5309.04,Plymouth,3306.0,132083.0,0.0377358490566037,0.0653696498054474,0.0,0.0868700265251989,0.1309523809523809,0.0898,0.408,0.2298,0.2167,0.0138,3,1,1,1,4627,2279,1465,883,1274,167002,0,0,0,2.809,PLYMOUTH,1588,1483,53.683165,joined
25009221902,Census Tract 2219.02,Essex,3675.0,94145.0,0.0821768707482993,0.2809131261889664,0.1128725428027901,0.2995169082125604,0.510158013544018,0.2367,0.4118,0.1011,0.1399,0.3917,3,1,0,1,4342,2045,578,1719,1476,141614,0,0,0,1.264,GLOUCESTER,861,817,7.946339,joined
25021416102,Census Tract 4161.02,Norfolk,4314.0,189929.0,0.0289655172413793,0.210762331838565,0.0798206278026905,0.2767780634104541,0.4723404255319149,0.2957,0.285,0.0998,0.5553,0.5173,3,1,1,1,5978,2477,1189,2312,1083,226950,0,0,0,1.295,MILTON,523,500,6.355667,joined
25021403300,Census Tract 4033,Norfolk,4538.0,250001.0,0.0466712422786547,0.0836653386454183,0.0604249667994687,0.0863874345549738,0.5317460317460317,0.0647,0.037,0.2511,0.3354,0.1544,2,1,0,1,6159,2807,1519,1833,1529,353701,1,0,0,1.103,NEEDHAM,819,786,14.545003000000001,joined
25025180500,Census Tract 1805,Suffolk,3850.0,115625.0,0.0804929208180388,0.4930997876857749,0.1226114649681528,0.739450441609421,0.55005382131324,0.3566,0.2618,0.3421,0.4647,0.4739,2,1,1,0,3113,1498,1253,362,1934,141962,0,0,0,2.412,,0,0,0,joined
25025100603,Census Tract 1006.03,Suffolk,2375.0,144177.0,0.095468543774747,0.3972012917115177,0.1097954790096878,0.7461459403905447,0.3252032520325203,0.5279,0.4846,0.3114,0.4279,0.7112,2,1,1,0,2878,1569,1155,154,886,157844,4,0,0,0.455,BOSTON,4471,4197,71.531141,joined
25009217602,Census Tract 2176.02,Essex,5330.0,240417.0,0.0781481481481481,0.104006820119352,0.0,0.1762767710049423,0.3524590163934426,0.0333,0.1073,0.0251,0.1649,0.371,2,1,1,1,4889,2334,1397,1158,1295,231485,3,0,0,1.064,BEVERLY,1056,998,26.101654999999997,joined
25023507104,Census Tract 5071.04,Plymouth,6439.0,144552.0,0.0737692188227985,0.1502215062424486,0.0543697140555779,0.2017302398741643,0.5603217158176944,0.4105,0.5813,0.602,0.0406,0.1795,3,1,1,1,4734,2255,1421,1058,2447,176477,2,0,0,0.422,DUXBURY,244,234,3.545866,joined
25023541100,Census Tract 5411,Plymouth,5837.0,120273.0,0.0536234366969333,0.1185682326621924,0.0237136465324384,0.0310421286031042,0.3660377358490566,0.0502,0.1607,0.1915,0.0094,0.0822,4,2,1,1,5224,2215,860,2149,2117,146325,1,0,0,2.417,ROCHESTER,269,256,20.686685999999998,joined
25023521202,Census Tract 5212.02,Plymouth,3953.0,122083.0,0.0316215532506956,0.1422623178348369,0.0305343511450381,0.1598360655737705,0.5658536585365853,0.0508,0.0571,0.091,0.1118,0.2938,3,2,1,1,4515,2331,1023,1161,1388,151471,0,0,0,2.991,WHITMAN,308,301,2.613728,joined
25023511100,Census Tract 5111,Plymouth,5555.0,102042.0,0.0450434153400868,0.0530071355759429,0.0642201834862385,0.0390664637239979,0.0,0.5154,0.4909,0.7225,0.8351,0.1802,4,2,1,2,5138,2305,1018,1815,1885,119812,0,0,0,1.233,BROCKTON,2369,2299,29.462186000000003,joined
25017369000,Census Tract 3690,Middlesex,3720.0,,0.5784313725490197,0.1111111111111111,0.0,0.0,0.0,0.1764,0.6629,0.0188,0.6902,0.1105,2,1,1,0,4683,2263,2346,74,31,228968,0,0,0,0.731,WALTHAM,989,922,18.634272,joined
25025000102,Census Tract 1.02,Suffolk,3428.0,86875.0,0.2169976635514018,0.79067055393586,0.1667638483965014,0.9124544033350704,0.4727138643067846,0.7797,0.7954,0.5053,0.8145,0.7778,2,1,0,0,2102,1416,582,104,1559,120372,14,1,1,0.125,BOSTON,4471,4197,71.531141,joined
25025070302,Census Tract 703.02,Suffolk,1623.0,121917.0,0.1848428835489833,0.6127221702525725,0.5594013096351731,0.8983768525052929,0.4839694656488549,0.4513,0.3038,0.2787,0.5465,0.6937,1,1,0,0,1859,1482,362,15,1135,196127,8,0,0,0.051,BOSTON,4471,4197,71.531141,joined
25025081302,Census Tract 813.02,Suffolk,2440.0,32441.0,0.3706932337069323,0.8983774551665243,0.5747224594363791,0.8720123361603701,0.6188212927756654,0.9768,0.9667,0.9454,0.9688,0.877,4,3,1,0,1747,1136,591,20,1090,44078,3,0,0,0.2,BOSTON,4471,4197,71.531141,joined
25023542102,Census Tract 5421.02,Plymouth,2597.0,104567.0,0.0636689216076402,0.1337824831568816,0.066410009624639,0.1857555341674687,0.6618705035971223,0.6466,0.5173,0.6478,0.0831,0.8613,3,1,1,1,3394,1321,1304,769,1012,120853,9,0,0,2.143,MIDDLEBOROUGH,45,31,8.938308999999999,joined
25017351204,Census Tract 3512.04,Middlesex,3893.0,120875.0,0.0994091959928076,0.7048921620199895,0.2230405049973698,0.8532504780114722,0.3544776119402985,0.1846,0.1394,0.0402,0.6202,0.6604,2,1,1,0,2472,1344,995,133,1888,156648,6,0,0,0.106,SOMERVILLE,752,707,10.104102999999999,joined
25017357300,Census Tract 3573,Middlesex,3278.0,167738.0,0.0320317266625991,0.4864661654135338,0.056390977443609,0.7027616279069767,0.3678516228748068,0.086,0.0088,0.3158,0.6059,0.1714,2,1,1,0,4030,2030,1285,715,1324,202456,0,0,0,0.67,BELMONT,310,303,2.124495,joined
25009251800,Census Tract 2518,Essex,7983.0,79541.0,0.0879368658399098,0.3435744962008589,0.0409646514701024,0.3706539074960127,0.5096153846153846,0.7702,0.8311,0.7081,0.8944,0.4401,4,2,2,0,4141,2145,1546,450,3123,96151,1,0,0,0.624,LAWRENCE,1455,1384,18.827804,joined
25009205800,Census Tract 2058,Essex,4005.0,62723.0,0.1405742821473158,0.5004508566275925,0.2100991884580703,0.5759803921568627,0.4432432432432432,0.9579,0.9071,0.86,0.9007,0.9611,4,2,2,0,3718,1893,1560,265,1086,83237,0,0,0,0.741,LYNN,2005,1957,16.419473999999997,joined
25009254302,Census Tract 2543.02,Essex,4792.0,218466.0,0.0306761268781302,0.116686114352392,0.0058343057176196,0.1293785310734463,0.0,0.1218,0.0634,0.2411,0.6152,0.1965,2,1,1,0,4501,2303,1184,1014,1723,215901,1,0,0,1.386,ANDOVER,687,648,14.50191,joined
25009204600,Census Tract 2046,Essex,5312.0,88109.0,0.035203313253012,0.3151326053042121,0.1041341653666146,0.5433282208588958,0.5792079207920792,0.118,0.2831,0.1657,0.3898,0.0873,3,1,1,1,3901,1597,1050,1254,2318,138314,0,0,0,0.809,SALEM,864,811,9.384780999999998,joined
25009208401,Census Tract 2084.01,Essex,3364.0,97143.0,0.0585612366230677,0.3415605095541401,0.0,0.4267515923566879,0.5501165501165501,0.6761,0.548,0.5788,0.1993,0.9046,3,2,0,1,4691,2155,521,2015,1224,137453,1,0,0,0.713,SAUGUS,931,906,9.766101,joined
25021422800,Census Tract 4228,Norfolk,3852.0,122050.0,0.0944963655244029,0.1716899892357373,0.018837459634015,0.4089979550102249,0.3510971786833856,0.2454,0.3955,0.1306,0.1636,0.3666,2,1,1,1,3507,1701,983,823,1797,148510,0,0,0,0.898,WEYMOUTH,903,873,10.085437,joined
25021406101,Census Tract 4061.01,Norfolk,6357.0,189904.0,0.0262616674576807,0.2199741713301765,0.0374515712440809,0.2249894470240608,0.6125244618395304,0.0929,0.1783,0.1626,0.1118,0.1864,2,1,1,0,4863,2365,1461,1037,2188,228382,2,0,0,0.38,MEDFIELD,232,222,3.911661,joined
25009203302,Census Tract 2033.02,Essex,4126.0,162935.0,0.0700436257876878,0.1689259645464025,0.0443169968717414,0.3588137009189641,0.6080246913580247,0.1714,0.2988,0.5857,0.1299,0.049,2,1,1,0,3831,1806,1375,650,2075,172695,2,0,0,0.444,MARBLEHEAD,46,43,0.38908800000000004,joined
25017342600,Census Tract 3426,Middlesex,5961.0,91575.0,0.0912598557289045,0.6696679797411368,0.1845807540799099,0.7854054054054054,0.4285714285714285,0.7828,0.7872,0.7433,0.8507,0.5813,2,1,1,0,3372,1490,1349,533,1780,147515,0,0,0,0.463,EVERETT,716,695,16.963893,joined
25017341500,Census Tract 3415,Middlesex,5016.0,105828.0,0.1240031897926634,0.4715680643308443,0.0970706490522688,0.800872885979269,0.5200974421437271,0.7897,0.8236,0.6949,0.9157,0.565,3,1,1,0,3309,1496,1318,495,1730,121320,0,0,0,0.223,MALDEN,871,849,7.8276319999999995,joined
25017374300,Census Tract 3743,Middlesex,3904.0,250001.0,0.0137234593474883,0.0624518118735543,0.0393215111796453,0.0346954510408635,0.1358024691358024,0.0578,0.0377,0.3132,0.3398,0.1055,1,1,1,0,5336,2559,2278,499,1320,368481,0,0,0,0.519,NEWTON,1445,1369,21.226114000000003,joined
25025110607,Census Tract 1106.07,Suffolk,5070.0,135481.0,0.0422506183017312,0.3725310059715204,0.0904915020670647,0.6699784017278617,0.3267570900123304,0.1168,0.0609,0.14,0.4747,0.3415,2,1,1,0,3410,1475,1408,527,2046,175907,6,2,2,0.395,BOSTON,4471,4197,71.531141,joined
25023530100,Census Tract 5301,Plymouth,4395.0,95750.0,0.0949222323879231,0.1911344137273594,0.0862726406101048,0.4075610880590133,0.2518703241895262,0.5882,0.5744,0.5198,0.1961,0.683,3,2,1,1,3914,2121,967,826,1988,136389,10,5,12,0.445,PLYMOUTH,1588,1483,53.683165,joined
25025130300,Census Tract 1303,Suffolk,4211.0,187121.0,0.0292092139634291,0.1528334287349742,0.068689181453921,0.2842879663688912,0.2808988764044944,0.2172,0.1739,0.172,0.3785,0.4363,2,1,1,0,3884,1652,1462,770,1708,189058,2,0,0,0.376,BOSTON,4471,4197,71.531141,joined
25025160400,Census Tract 1604,Suffolk,3614.0,72711.0,0.2429441062534587,0.932642487046632,0.3471502590673575,0.9732034104750305,0.4923611111111111,0.8675,0.9272,0.6265,0.9132,0.7633,2,1,1,0,2146,1359,714,73,1465,95036,3,0,0,0.256,CHELSEA,256,237,8.125049999999991,joined
25025081900,Census Tract 819,Suffolk,3508.0,71767.0,0.2221214868540344,0.6752674638137193,0.3127753303964757,0.7102534562211982,0.4641192917054986,0.8041,0.8048,0.6755,0.9763,0.6861,2,1,1,0,2635,1585,975,75,1529,106908,0,0,0,0.387,BOSTON,4471,4197,71.531141,joined
25025091500,Census Tract 915,Suffolk,3530.0,66875.0,0.2685552407932011,0.6399499060738886,0.256105197244834,0.9129692832764504,0.4765166340508806,0.8751,0.9391,0.7125,0.9357,0.6805,3,2,1,0,3481,1893,1456,132,1545,101834,0,0,0,0.373,BOSTON,4471,4197,71.531141,joined
25025981300,Census Tract 9813,Suffolk,50.0,250001.0,0.0,0.125,0.125,0.6666666666666666,1.0,0.0006,0.0,0.0,0.6977,0.0898,1,1,0,0,2984,2366,618,0,18,306026,36,3,4,0.349,BOSTON,4471,4197,71.531141,joined
25023545400,Census Tract 5454,Plymouth,5831.0,97210.0,0.0501917044266294,0.2029967891544773,0.0809846592936139,0.1204481792717086,0.5184534270650264,0.6535,0.5851,0.7414,0.1587,0.7169,4,2,1,1,3475,1923,765,787,2379,98727,3,0,0,1.128,WAREHAM,979,918,64.09201388,joined
25023501101,Census Tract 5011.01,Plymouth,3550.0,181071.0,0.0580281690140845,0.1424148606811145,0.0696594427244582,0.142965204236006,0.6358695652173914,0.3779,0.162,0.5443,0.0999,0.6485,3,2,1,1,6058,3488,1066,1504,1256,207947,3,1,2,0.874,HINGHAM,63,58,2.31406,joined
25017356703,Census Tract 3567.03,Middlesex,3251.0,138816.0,0.1220948249147815,0.4243027888446215,0.1839309428950863,0.5114795918367347,0.6197183098591549,0.4947,0.3628,0.5191,0.4553,0.5995,1,1,1,0,3262,1531,1254,477,1416,225964,2,1,3,0.413,ARLINGTON,1251,1205,9.807252,joined
25021417801,Census Tract 4178.01,Norfolk,6360.0,116763.0,0.0529874213836478,0.1790644171779141,0.0276073619631901,0.1532012195121951,0.3233404710920771,0.5273,0.3333,0.683,0.4472,0.6108,3,1,1,0,3821,1855,1615,351,2363,133947,0,0,0,1.474,QUINCY,928,875,10.740924000000001,joined
25017350701,Census Tract 3507.01,Middlesex,2948.0,133233.0,0.0942749400068563,0.6195153896529142,0.2226588081204977,0.8845208845208845,0.3594080338266385,0.0653,0.1971,0.0138,0.1993,0.5229,2,1,1,0,2502,1254,1144,104,1503,146199,0,0,0,0.228,SOMERVILLE,752,707,10.104102999999999,joined
25017350107,Census Tract 3501.07,Middlesex,1150.0,94535.0,0.0660869565217391,0.6146341463414634,0.0804878048780487,0.8974358974358975,0.5476190476190477,0.1525,0.5336,0.0741,0.6371,0.0389,2,1,1,0,3494,1590,1472,432,393,152226,4,2,16,0.081,SOMERVILLE,752,707,10.104102999999999,joined
25017321600,Census Tract 3216,Middlesex,7498.0,104375.0,0.0717626620339436,0.3651137594799566,0.0357529794149512,0.3827247191011236,0.6666666666666666,0.5669,0.6441,0.6259,0.7495,0.2185,2,1,1,0,3779,1889,1164,726,2751,153430,1,0,0,0.692,MARLBOROUGH,863,800,16.707269,joined
25017315403,Census Tract 3154.03,Middlesex,1653.0,170625.0,0.05006105006105,0.0235507246376811,0.0,0.0398550724637681,0.0,0.236,0.2097,0.4187,0.0931,0.3484,2,1,1,0,4134,2170,1132,832,522,180701,0,0,0,1.664,TEWKSBURY,500,483,9.341704999999997,joined
25017327103,Census Tract 3271.03,Middlesex,3732.0,101557.0,0.152583423035522,0.211978465679677,0.0511440107671601,0.2296343810134701,0.6063492063492063,0.5738,0.4413,0.5738,0.4329,0.6868,3,2,1,1,4540,2261,892,1387,1502,135980,0,0,0,2.201,PEPPERELL,380,370,5.730523,joined
25017312000,Census Tract 3120,Middlesex,2776.0,45923.0,0.194164265129683,0.5503634475597092,0.2315680166147455,0.5347288296860133,0.5471698113207547,0.9234,0.9805,0.9184,0.8495,0.5895,5,3,2,0,3254,1836,1298,120,911,71214,0,0,0,0.414,LOWELL,1560,1490,17.496131000000002,joined
25017338500,Census Tract 3385,Middlesex,6182.0,250001.0,0.0985118084762212,0.1409989594172736,0.0551508844953173,0.2060453400503778,0.3948339483394834,0.0352,0.0596,0.1343,0.3254,0.096,2,1,1,0,4756,2227,1707,822,1868,296170,2,1,2,0.369,WINCHESTER,441,427,4.1942330000000005,joined
25017383200,Census Tract 3832,Middlesex,6677.0,99310.0,0.157781862745098,0.5852826510721247,0.0813840155945419,0.5433723196881092,0.604496253122398,0.8625,0.8336,0.8079,0.877,0.7897,3,2,1,0,3646,2212,1036,398,2096,131346,0,0,0,0.708,FRAMINGHAM,1991,1886,38.134805,joined
25009268300,Census Tract 2683,Essex,4211.0,126029.0,0.0472571835668487,0.325515947467167,0.0797373358348968,0.5636969192339717,0.4337175792507204,0.3723,0.4181,0.5323,0.1399,0.2969,2,1,1,0,3280,1711,1161,408,1965,156476,3,0,0,0.276,NEWBURYPORT,397,373,5.166621,joined
25017333602,Census Tract 3336.02,Middlesex,7253.0,102531.0,0.0417758169033503,0.509810916874777,0.0528005708169818,0.5469428666889409,0.516445066480056,0.5995,0.651,0.3936,0.6871,0.5022,3,1,1,1,3674,1850,825,999,2809,144259,2,0,0,0.665,WOBURN,1280,1197,29.075126,joined
25017325101,Census Tract 3251.01,Middlesex,4195.0,148258.0,0.0734207389749702,0.203860072376357,0.0325693606755126,0.2428169014084507,0.4349112426035503,0.182,0.4093,0.2982,0.3791,0.0502,2,1,1,0,3866,2224,1080,562,1697,170929,6,3,6,0.744,AYER,309,287,13.371172999999999,joined
25017350109,Census Tract 3501.09,Middlesex,2472.0,116028.0,0.0622695616550594,0.7043756670224119,0.2294557097118463,0.8609062170706007,0.1984848484848485,0.7884,0.4432,0.6874,0.8314,0.9887,2,1,1,0,2470,1260,1061,149,928,126522,0,0,0,0.254,SOMERVILLE,752,707,10.104102999999999,joined
25025140300,Census Tract 1403,Suffolk,6856.0,80245.0,0.0944004690706537,0.6685042263873576,0.3134876883498714,0.6476498026551848,0.5536008796041781,0.8983,0.8732,0.8556,0.9675,0.7772,3,2,1,0,3204,1832,1215,157,2847,103713,7,2,2,0.174,BOSTON,4471,4197,71.531141,joined
25025082100,Census Tract 821,Suffolk,4288.0,29719.0,0.2171175373134328,0.8919459729864933,0.4967483741870935,0.9009051929490234,0.5210319685922602,0.9366,0.8468,0.9598,0.9663,0.8186,4,2,2,0,2528,1458,1061,9,2328,70134,2,0,0,0.109,BOSTON,4471,4197,71.531141,joined
25025000503,Census Tract 5.03,Suffolk,1981.0,91047.0,0.1361097003555104,0.8273381294964028,0.4196642685851319,0.984779299847793,0.4318840579710145,0.4708,0.6108,0.0352,0.4778,0.8387,1,1,0,0,1111,773,316,22,1127,98688,0,0,0,0.281,BOSTON,4471,4197,71.531141,joined
25009254401,Census Tract 2544.01,Essex,3633.0,181250.0,0.0335810624827965,0.2759666413949962,0.0068233510235026,0.2978878368536052,0.3736263736263736,0.2436,0.1846,0.4413,0.6708,0.1682,2,1,1,1,4545,2270,1271,1004,1341,192958,2,0,0,0.567,ANDOVER,687,648,14.50191,joined
25009202104,Census Tract 2021.04,Essex,5195.0,109455.0,0.0772261623325453,0.3458522492777549,0.0652084193148988,0.6595570139458573,0.60381861575179,0.6259,0.5957,0.4394,0.2517,0.7985,3,2,1,0,3389,1832,1328,229,2418,117105,0,0,0,0.346,SWAMPSCOTT,292,283,2.444699,joined
25009208402,Census Tract 2084.02,Essex,2776.0,120114.0,0.0331412103746397,0.3651344319167389,0.0199479618386817,0.3876651982378855,0.3800475059382422,0.3095,0.5248,0.0672,0.3991,0.3992,3,1,0,1,4547,2254,785,1508,1161,169131,3,0,0,0.786,SAUGUS,931,906,9.766101,joined
25025080601,Census Tract 806.01,Suffolk,3890.0,21250.0,0.5896159317211949,0.7928571428571428,0.67,0.8696682464454977,0.5765765765765766,0.8782,0.9837,0.4049,0.8963,0.8167,3,2,1,0,1605,1041,540,24,693,47540,19,0,0,0.047,BOSTON,4471,4197,71.531141,joined
25025981800,Census Tract 9818,Suffolk,20.0,,0.0,0.0,0.0,0.0,,0.4024,0.0709,0.7137,0.9325,0.3936,1,1,1,0,5402,2511,2285,606,28,388169,0,0,0,0.158,BOSTON,4471,4197,71.531141,joined
25017339900,Census Tract 3399,Middlesex,5221.0,109100.0,0.167209346868416,0.4483590733590734,0.1578185328185328,0.5983680870353582,0.4068891280947255,0.2398,0.4878,0.103,0.5234,0.1657,2,1,1,0,3285,1639,1264,382,2272,143562,0,0,0,0.366,MEDFORD,902,867,8.082967,joined
25017334400,Census Tract 3344,Middlesex,6763.0,161181.0,0.0489178772605988,0.1774316109422492,0.0896656534954407,0.3599105812220566,0.2591006423982869,0.371,0.1632,0.6805,0.4497,0.3729,2,1,1,1,3977,1474,1020,1483,2546,186238,6,3,8,0.565,READING,32,32,0.226448,joined
25017366201,Census Tract 3662.01,Middlesex,3797.0,250001.0,0.0398522037476906,0.004720692368214,0.012588512981904,0.0159817351598173,0.0,0.0151,0.0546,0.1481,0.4254,0.0144,2,1,1,0,5535,2779,1854,902,1267,324373,0,0,0,1.655,SUDBURY,391,368,8.966582999999998,joined
25017322100,Census Tract 3221,Middlesex,4856.0,165023.0,0.011326194398682,0.0068365444375388,0.0130515848353014,0.0734265734265734,0.0,0.081,0.1852,0.2354,0.4129,0.0508,2,1,1,0,3788,1326,1805,657,1590,227724,0,0,0,2.146,HUDSON,36,31,6.911899999999999,joined
25025000806,Census Tract 8.06,Suffolk,2235.0,90139.0,0.256198347107438,0.935309973045822,0.6307277628032345,0.9517014270032932,0.6080691642651297,0.4934,0.6133,0.0044,0.7477,0.9667,1,1,0,0,1249,1023,226,0,758,96669,19,0,0,0.251,BOSTON,4471,4197,71.531141,joined
25023500103,Census Tract 5001.03,Plymouth,3006.0,135391.0,0.0622089155023286,0.2267895109851169,0.0099220411055988,0.4391979301423027,0.4125,0.0458,0.2003,0.0847,0.0506,0.1237,2,1,1,0,3067,1352,1400,315,1320,204349,0,0,0,2.023,HULL,38,38,0.245846,joined
25017338400,Census Tract 3384,Middlesex,6004.0,250001.0,0.0108261159227181,0.0977777777777777,0.008,0.0663176265270506,0.4863636363636364,0.0408,0.0195,0.5374,0.5834,0.0069,2,1,0,1,5432,2443,1337,1652,2291,308890,0,0,0,0.934,WINCHESTER,441,427,4.1942330000000005,joined
25017315100,Census Tract 3151,Middlesex,5883.0,153942.0,0.0305966343702192,0.0624679979518689,0.0056323604710701,0.0386965376782077,0.0737704918032786,0.0885,0.135,0.3446,0.2117,0.0917,2,1,1,0,3974,2273,1485,216,1908,184757,5,3,18,0.385,TEWKSBURY,500,483,9.341704999999997,joined
25021412100,Census Tract 4121,Norfolk,7087.0,249583.0,0.0637787498236207,0.0883266755437194,0.0301819795827785,0.0861074123391034,0.2864321608040201,0.172,0.1004,0.3321,0.5284,0.2329,2,1,1,0,6059,2829,1819,1411,2265,332688,1,0,0,1.5,WESTWOOD,357,333,5.250594,joined
25009217101,Census Tract 2171.01,Essex,4441.0,131899.0,0.1542100283822138,0.3096896770107663,0.1450284990500316,0.2449334105385061,0.65439672801636,0.624,0.4771,0.7426,0.2386,0.715,2,1,0,1,4313,2057,733,1523,1620,181618,0,0,0,0.885,BEVERLY,1056,998,26.101654999999997,joined
25023561400,Census Tract 5614,Plymouth,5918.0,77697.0,0.0525515376816492,0.3021999228097259,0.0069471246622925,0.3569364161849711,0.6168582375478927,0.6127,0.5016,0.7175,0.3629,0.6259,3,2,1,1,3907,2025,917,965,2616,117931,0,0,0,1.145,BRIDGEWATER,581,548,16.123117,joined
25023525104,Census Tract 5251.04,Plymouth,7149.0,148386.0,0.0394642085553795,0.1191450659390632,0.0122783083219645,0.1105047748976807,0.5381679389312977,0.1343,0.1481,0.1325,0.1081,0.4062,3,1,1,1,5031,2431,945,1655,2303,174377,2,0,0,0.839,BRIDGEWATER,581,548,16.123117,joined
25021419400,Census Tract 4194,Norfolk,3292.0,107731.0,0.0595382746051032,0.3178542834267414,0.1785428342674139,0.3234398782343988,0.5062972292191436,0.742,0.5599,0.9736,0.6646,0.4714,2,1,1,1,3612,1483,1121,1008,1246,153933,14,9,10,0.116,BRAINTREE,30,20,6.382543,joined
25021402500,Census Tract 4025,Norfolk,4044.0,128900.0,0.0461538461538461,0.3868483412322275,0.1457345971563981,0.4605116796440489,0.6232771822358346,0.4583,0.3584,0.2888,0.4522,0.6698,2,1,1,0,3391,1717,1175,499,1672,179943,5,0,0,1.171,DEDHAM,478,454,9.047156999999999,joined
25023501102,Census Tract 5011.02,Plymouth,8930.0,199257.0,0.0428002276607854,0.2603783499737257,0.0262743037309511,0.3239611843742224,0.4066599394550959,0.204,0.0804,0.2875,0.1824,0.5267,2,1,1,0,5284,3290,1240,754,3503,226337,6,1,1,0.259,HINGHAM,63,58,2.31406,joined
25009250800,Census Tract 2508,Essex,8554.0,68807.0,0.150581465052152,0.4935018050541516,0.1462093862815884,0.6131334760885082,0.6144842721287491,0.9517,0.9473,0.8776,0.9494,0.8556,5,3,2,0,3760,2065,1597,98,2633,78734,0,0,0,0.363,LAWRENCE,1455,1384,18.827804,joined
25009206300,Census Tract 2063,Essex,4573.0,91695.0,0.0834082733812949,0.6060961313012896,0.0621336459554513,0.5526620370370371,0.3858800773694391,0.7276,0.8575,0.4501,0.9176,0.4068,4,2,2,0,4270,2103,1677,490,1772,111633,0,0,0,0.922,LYNN,2005,1957,16.419473999999997,joined
25009254301,Census Tract 2543.01,Essex,4556.0,250001.0,0.0172727272727272,0.1069868995633187,0.0007278020378457,0.011275546159267,0.238095238095238,0.2116,0.3296,0.2762,0.4129,0.1507,2,1,1,1,4998,2406,1177,1415,1389,230797,5,0,0,0.677,ANDOVER,687,648,14.50191,joined
25009220101,Census Tract 2201.01,Essex,3746.0,101016.0,0.0398492191707054,0.3189792663476874,0.0887825624667729,0.2704639758581667,0.59,0.3917,0.339,0.2517,0.0706,0.7087,3,1,0,2,4449,1769,514,2166,1949,132471,9,0,0,0.731,ROCKPORT,256,252,1.8482360000000002,joined
25025130200,Census Tract 1302,Suffolk,4581.0,151089.0,0.0348347015753272,0.2542199488491048,0.0460358056265984,0.3976493633692458,0.3299798792756539,0.253,0.2781,0.322,0.4422,0.2423,2,1,1,0,3537,1561,1600,376,1833,183379,2,0,0,0.154,BOSTON,4471,4197,71.531141,joined
25025070600,Census Tract 706,Suffolk,2256.0,243229.0,0.0611702127659574,0.3318465655664585,0.2417484388938447,0.8001549186676995,0.2123655913978494,0.1795,0.0647,0.0483,0.4553,0.7997,1,1,0,0,2858,1726,916,216,1128,325526,0,0,0,0.258,BOSTON,4471,4197,71.531141,joined
25025081001,Census Tract 810.01,Suffolk,4859.0,44360.0,0.3847104883577169,0.976407284768212,0.5484271523178808,0.9741309620048504,0.6375582874099195,0.8858,0.8638,0.7514,0.8857,0.8506,3,2,1,0,1840,1172,624,44,2457,57713,18,0,0,0.113,BOSTON,4471,4197,71.531141,joined
25025180301,Census Tract 1803.01,Suffolk,3097.0,155278.0,0.0952534711010655,0.2814685314685314,0.1145104895104895,0.4638752052545156,0.4937888198757764,0.248,0.2875,0.5091,0.0762,0.2266,3,1,1,1,4140,1776,1414,950,1191,146853,0,0,0,1.517,WINTHROP,236,230,2.451046,joined
25009212101,Census Tract 2121.01,Essex,4809.0,164423.0,0.0622034791776489,0.0675496688741721,0.0178807947019867,0.2326007326007326,0.4509803921568627,0.1965,0.2819,0.1538,0.3473,0.2787,3,2,1,1,6293,3602,1225,1466,1561,217724,0,0,0,1.255,MIDDLETON,15,13,6.174855,joined
25021415103,Census Tract 4151.03,Norfolk,4427.0,114299.0,0.0579643998174349,0.3135838150289017,0.0385356454720616,0.6594412331406551,0.4854070660522273,0.5298,0.5166,0.4099,0.5284,0.5399,2,1,1,0,2928,1582,859,487,2102,131285,0,0,0,0.846,CANTON,481,430,27.71898699999999,joined
25021403502,Census Tract 4035.02,Norfolk,4217.0,231181.0,0.0180222907280056,0.0861093651791326,0.0414833438089252,0.0920810313075506,0.4087591240875912,0.3804,0.3823,0.3245,0.4047,0.4005,2,1,1,0,5096,2588,1756,752,1544,306589,2,0,0,0.493,NEEDHAM,819,786,14.545003000000001,joined
25023506103,Census Tract 5061.03,Plymouth,2667.0,112083.0,0.3186440677966101,0.0458612975391498,0.0044742729306487,0.0059701492537313,0.5121951219512195,0.0195,0.1419,0.2003,0.0706,0.0075,3,2,1,1,4869,2497,1360,1012,958,157230,0,0,0,1.316,MARSHFIELD,582,560,11.321784,joined
25009208301,Census Tract 2083.01,Essex,2828.0,93295.0,0.03005657708628,0.3278008298755187,0.112863070539419,0.3103734439834025,0.6759493670886076,0.7514,0.5712,0.7263,0.4834,0.9021,3,2,1,1,3518,1751,992,775,1248,110160,4,2,9,0.474,SAUGUS,931,906,9.766101,joined
25017368102,Census Tract 3681.02,Middlesex,4804.0,157542.0,0.0397585345545378,0.19094184251158,0.026762738033968,0.1756496631376323,0.4636118598382749,0.4583,0.1613,0.6886,0.669,0.5223,2,1,1,1,4959,2276,1304,1379,2087,230733,24,0,0,0.077,WALTHAM,989,922,18.634272,joined
25017367100,Census Tract 3671,Middlesex,4642.0,250001.0,0.0289029997810378,0.1291469194312796,0.0159952606635071,0.1341870824053452,0.3532110091743119,0.3453,0.1664,0.6177,0.589,0.3107,2,1,1,0,5716,2720,1718,1278,1753,301952,4,0,0,1.062,WESTON,158,145,4.690758999999999,joined
25017316101,Census Tract 3161.01,Middlesex,4548.0,151667.0,0.0542208507824553,0.0140127388535031,0.0121019108280254,0.050063371356147,0.0,0.0979,0.2542,0.1111,0.243,0.15,2,1,1,0,3849,2101,1400,348,1610,177024,0,0,0,2.636,BILLERICA,1051,1015,28.144817,joined
25017330102,Census Tract 3301.02,Middlesex,5286.0,156875.0,0.0251608021188043,0.0954470652770159,0.0932528798683488,0.0789906747120131,0.9367816091954024,0.2825,0.2787,0.3848,0.2336,0.3289,3,1,0,1,4857,1514,779,2564,1845,179970,0,0,0,2.885,NORTH READING,34,26,1.7918340000000001,joined
25017383904,Census Tract 3839.04,Middlesex,4872.0,146635.0,0.0390100671140939,0.2069789674952198,0.0673996175908221,0.1940726577437858,0.6212471131639723,0.3955,0.2266,0.3566,0.4934,0.6039,3,1,0,1,4495,2054,580,1861,2225,148951,0,0,0,0.621,FRAMINGHAM,1991,1886,38.134805,joined
25017321301,Census Tract 3213.01,Middlesex,4687.0,72143.0,0.1973712561947856,0.7206457925636007,0.1780821917808219,0.6790352504638218,0.6225390359809911,0.8795,0.9768,0.6836,0.7577,0.6974,4,2,2,0,2968,1473,1344,151,2002,68794,10,0,0,0.113,MARLBOROUGH,863,800,16.707269,joined
25025081102,Census Tract 811.02,Suffolk,2849.0,120092.0,0.2513274336283186,0.6379460400348129,0.4943429068755439,0.849112426035503,0.320600272851296,0.7966,0.6893,0.3126,0.8289,0.9843,2,1,1,0,2185,1284,666,235,1164,110025,0,0,0,0.288,BOSTON,4471,4197,71.531141,joined
25017363106,Census Tract 3631.06,Middlesex,3126.0,107150.0,0.039298473530367,0.5289079229122056,0.0685224839400428,0.6245538900785154,0.4844804318488529,0.6409,0.4633,0.4369,0.8151,0.8048,2,1,1,0,2416,1327,934,155,1284,142627,5,0,0,0.28,ACTON,720,669,17.895219,joined
25017388200,Census Tract 3882,Middlesex,6976.0,122365.0,0.0994504520475093,0.2261747913921827,0.0333772507685551,0.2055532532117696,0.570873786407767,0.5474,0.4206,0.366,0.3823,0.8029,3,1,0,1,4200,2053,539,1608,2477,144698,1,0,0,1.546,SHIRLEY,235,216,22.120703,joined
25017332401,Census Tract 3324.01,Middlesex,2502.0,142986.0,0.0549727234578262,0.068259385665529,0.0295790671217292,0.0544217687074829,0.6,0.2743,0.3026,0.2172,0.584,0.2819,2,1,1,1,4816,2295,1361,1160,867,198455,17,2,15,0.583,BURLINGTON,730,703,9.770748,joined
25017320106,Census Tract 3201.06,Middlesex,6573.0,226689.0,0.0299907720701322,0.1224209078404401,0.025217790004585,0.1470461405778352,0.6666666666666666,0.1406,0.0552,0.3076,0.3598,0.3258,2,1,1,0,5026,2511,1554,961,2303,250328,8,4,4,0.089,HOPKINTON,669,627,24.412470000000003,joined
25021400201,Census Tract 4002.01,Norfolk,3230.0,125658.0,0.0693498452012384,0.6222891566265061,0.4234939759036145,0.9857064321055524,0.4453049370764763,0.3936,0.1714,0.194,0.5522,0.7809,1,1,0,0,1404,1033,306,65,1792,165789,1,0,0,0.141,BROOKLINE,294,277,3.542596,joined
25023511601,Census Tract 5116.01,Plymouth,3904.0,81157.0,0.1775775245163,0.6357142857142857,0.2196428571428571,0.5683794466403163,0.4662921348314606,0.865,0.8098,0.7546,0.8957,0.8638,3,1,1,1,4185,1938,1508,739,1174,133112,1,0,0,0.15,BROCKTON,2369,2299,29.462186000000003,joined
25023510200,Census Tract 5102,Plymouth,7408.0,124556.0,0.0771968245277853,0.3455706304868316,0.0921787709497206,0.3240223463687151,0.5427251732101617,0.6981,0.6842,0.7866,0.8982,0.3528,4,2,1,1,4682,2213,1266,1203,2270,122315,1,0,0,0.998,BROCKTON,2369,2299,29.462186000000003,joined
25021404301,Census Tract 4043.01,Norfolk,5820.0,250001.0,0.0151202749140893,0.0521155830753354,0.0190918472652218,0.0,0.0,0.0126,0.064,0.1689,0.4254,0.0044,1,1,1,0,5016,1986,2132,898,1926,378137,0,0,0,0.609,WELLESLEY,103,96,0.9873540000000001,joined
25021457100,Census Tract 4571,Norfolk,4774.0,130625.0,0.0459551037695891,0.2434478741991846,0.0588235294117647,0.3370069605568445,0.4832535885167464,0.5599,0.3566,0.8406,0.6096,0.4206,3,1,1,1,4599,1921,1171,1507,1770,146794,1,0,0,1.008,AVON,118,109,3.668782,joined
25021413300,Census Tract 4133,Norfolk,5373.0,145481.0,0.0622538908681792,0.3261665141811528,0.046203110704483,0.2879061371841155,0.4642356241234222,0.1412,0.0508,0.3754,0.3585,0.285,2,1,1,0,3140,1259,1185,696,2217,168511,0,0,0,0.764,NORWOOD,6,4,0.89539,joined
25023501201,Census Tract 5012.01,Plymouth,4325.0,242768.0,0.0210404624277456,0.0157706093189964,0.0,0.0452016689847009,0.0,0.0031,0.0345,0.1651,0.0144,0.0,3,1,1,1,6941,3978,1529,1434,1360,269196,0,0,0,0.961,HINGHAM,63,58,2.31406,joined
25023507101,Census Tract 5071.01,Plymouth,5504.0,193413.0,0.0304776063928637,0.053687907676869,0.0481685900652283,0.1178762786166585,0.616822429906542,0.1933,0.0628,0.3886,0.0668,0.4984,3,1,1,1,5087,2509,1215,1363,1998,197248,0,0,0,2.968,DUXBURY,244,234,3.545866,joined
25017328100,Census Tract 3281,Middlesex,3408.0,208512.0,0.005281690140845,0.0349149507609668,0.0125335720680393,0.0289219982471516,0.5384615384615384,0.0038,0.0791,0.0885,0.188,0.0025,3,1,1,1,5255,2605,1079,1571,1135,203068,0,0,0,3.157,DUNSTABLE,141,138,13.089614999999998,joined
25017340000,Census Tract 3400,Middlesex,2707.0,117988.0,0.0365718507572959,0.5190380761523046,0.0531062124248497,0.7386253630203291,0.2586872586872586,0.4984,0.5317,0.4972,0.6871,0.3151,2,1,1,0,3454,1679,1230,545,1098,139045,1,0,0,0.121,MEDFORD,902,867,8.082967,joined
25017374600,Census Tract 3746,Middlesex,5311.0,174950.0,0.0197702880813406,0.3497191011235955,0.0285580524344569,0.4395050412465628,0.2971887550200803,0.1444,0.091,0.4721,0.4997,0.1255,2,1,1,0,4369,2060,1666,643,2101,245443,0,0,0,0.532,NEWTON,1445,1369,21.226114000000003,joined
25017387202,Census Tract 3872.02,Middlesex,4613.0,175638.0,0.0210275308909603,0.0556242274412855,0.0352286773794808,0.0738052026618269,0.2666666666666666,0.1124,0.194,0.2461,0.2036,0.1312,2,1,1,0,5402,2640,1629,1133,1564,240737,0,0,0,1.723,HOLLISTON,511,469,27.746281,joined
25009268200,Census Tract 2682,Essex,7177.0,121339.0,0.0642836552320553,0.2236617797476986,0.037163314012956,0.3354664870326709,0.5884146341463414,0.5637,0.506,0.8104,0.0312,0.5104,2,1,1,0,3779,1924,1357,498,2785,162314,2,0,0,0.525,NEWBURYPORT,397,373,5.166621,joined
25017331300,Census Tract 3313,Middlesex,7175.0,165833.0,0.05198606271777,0.1401673640167364,0.0765690376569037,0.1200836820083682,0.6029850746268657,0.4281,0.6008,0.4884,0.4235,0.1632,2,1,0,1,4677,1897,862,1918,2436,187702,0,0,0,2.044,WILMINGTON,54,44,7.6118999999999994,joined
25017317102,Census Tract 3171.02,Middlesex,5287.0,130750.0,0.0770112746034779,0.2514029180695847,0.0325476992143658,0.1946946946946947,0.4642857142857143,0.275,0.1532,0.5267,0.4859,0.2775,2,1,1,0,3697,2140,1345,212,1669,162938,7,0,0,0.274,CHELMSFORD,828,785,15.156638000000001,joined
25017314302,Census Tract 3143.02,Middlesex,3683.0,161563.0,0.0208504801097393,0.0077922077922077,0.0129870129870129,0.0066390041493775,1.0,0.0835,0.1249,0.4658,0.188,0.0571,2,1,1,1,4422,2306,1031,1085,1081,179004,1,0,0,0.777,DRACUT,1064,1045,9.837447000000001,joined
25021441204,Census Tract 4412.04,Norfolk,5606.0,149297.0,0.0989030749865132,0.1994666666666666,0.0117333333333333,0.1627047015319598,0.2834224598930481,0.2932,0.275,0.4388,0.0294,0.398,2,1,1,1,4866,2287,1009,1570,1941,199960,1,1,4,0.72,WRENTHAM,331,311,12.31175,joined
25025980101,Census Tract 9801.01,Suffolk,29.0,,1.0,,,,,-999.0,-999.0,-999.0,0.9188,-999.0,,,,,,,,,,,0,0,0,3.932,,0,0,0,joined
25017312300,Census Tract 3123,Middlesex,5300.0,120192.0,0.01489402329578,0.3907346747777258,0.0,0.515828677839851,0.2730538922155688,0.7458,0.7244,0.8594,0.6827,0.4658,3,2,1,0,3452,1862,1366,224,2052,108777,0,0,0,0.894,LOWELL,1560,1490,17.496131000000002,joined
25023530902,Census Tract 5309.02,Plymouth,4712.0,125425.0,0.0098501070663811,0.0489913544668587,0.0138328530259366,0.0993168681029952,0.2235294117647059,0.28,0.3315,0.1952,0.1649,0.447,3,2,1,1,5125,2551,1020,1554,1632,158567,0,0,0,2.165,PLYMOUTH,1588,1483,53.683165,joined
25017356601,Census Tract 3566.01,Middlesex,4103.0,148506.0,0.0360470819028935,0.4406860409718914,0.154835636017151,0.5464530892448513,0.3189189189189189,0.5311,0.2863,0.3534,0.4903,0.8682,2,1,1,0,3192,1449,1258,485,2057,205871,2,1,1,0.201,ARLINGTON,1251,1205,9.807252,joined
25009251500,Census Tract 2515,Essex,6913.0,55625.0,0.1765563493220586,0.8320702034303948,0.2560829676904667,0.7710843373493976,0.5810162991371045,0.9887,0.968,0.9504,0.9575,0.9617,5,2,2,0,3485,1773,1529,183,2497,74396,0,0,0,0.795,LAWRENCE,1455,1384,18.827804,joined
25009208102,Census Tract 2081.02,Essex,3237.0,125375.0,0.0770440251572327,0.2853492333901192,0.0783645655877342,0.3843042071197411,0.4328358208955223,0.3176,0.253,0.5235,0.539,0.2436,3,1,1,1,4176,1922,1426,828,1213,131630,0,0,0,1.464,SAUGUS,931,906,9.766101,joined
25009213100,Census Tract 2131,Essex,8208.0,200871.0,0.0310672514619883,0.0506879073135409,0.0126719768283852,0.0695742471443406,0.6,0.0245,0.0534,0.4363,0.1043,0.0119,2,1,1,0,5041,2440,1540,1061,2846,231402,2,0,0,0.892,BOXFORD,163,152,2.592446,joined
25009270100,Census Tract 2701,Essex,6251.0,132734.0,0.031004016064257,0.1834899877400899,0.0486309767061708,0.1789946873722926,0.5590200445434298,0.091,0.0213,0.6271,0.0531,0.1381,3,1,1,0,4738,2624,1416,698,2378,189307,4,0,0,1.691,ROWLEY,23,21,2.789306,joined
25009211401,Census Tract 2114.01,Essex,4141.0,107750.0,0.065818448739907,0.563625450180072,0.0924369747899159,0.6720183486238532,0.5793397231096912,0.7552,0.4721,0.6503,0.3791,0.9925,2,1,1,1,3046,1324,982,740,1669,143044,7,1,12,0.731,DANVERS,56,42,4.930632,joined
25009217300,Census Tract 2173,Essex,4996.0,92024.0,0.1399119295436349,0.6183057448880234,0.1509250243427458,0.6566179934055582,0.4409448818897638,0.5524,0.6001,0.6491,0.6109,0.285,2,1,1,0,2980,1513,999,468,2023,130043,27,0,0,0.084,BEVERLY,1056,998,26.101654999999997,joined
25009204701,Census Tract 2047.01,Essex,7007.0,67404.0,0.1335807050092764,0.5420138888888889,0.0798611111111111,0.6631614654002713,0.3670723894939141,0.661,0.5286,0.818,0.7414,0.4978,3,2,1,0,3064,1888,756,420,2904,113496,8,1,6,0.16,SALEM,864,811,9.384780999999998,joined
25009253201,Census Tract 2532.01,Essex,3269.0,113370.0,0.1425914445133292,0.4086402266288952,0.0545325779036827,0.4703947368421052,0.1802426343154246,0.489,0.2655,0.6328,0.1711,0.7294,3,1,1,0,3532,1801,1243,488,1292,141211,6,0,0,0.066,NORTH ANDOVER,495,457,12.527313,joined
25025140202,Census Tract 1402.02,Suffolk,5970.0,109539.0,0.0216059884314392,0.391491395793499,0.0463671128107074,0.5571628558096127,0.5067155067155067,0.6798,0.6447,0.634,0.8651,0.5097,2,1,1,0,3364,1668,1464,232,2083,170365,0,0,0,0.526,BOSTON,4471,4197,71.531141,joined
25025060301,Census Tract 603.01,Suffolk,3698.0,161750.0,0.091130340724716,0.6,0.1975757575757575,0.8398891966759002,0.2242424242424242,0.1632,0.1161,0.0609,0.1118,0.7338,2,1,1,0,3060,1475,1291,294,1711,188981,0,0,0,0.524,BOSTON,4471,4197,71.531141,joined
25025080100,Census Tract 801,Suffolk,2775.0,73400.0,0.2848965213562307,0.6547911547911548,0.2604422604422604,0.78125,0.49906191369606,0.8738,0.9711,0.4802,0.9194,0.7765,4,2,2,0,3162,1477,1616,69,746,71774,8,0,0,0.13,BOSTON,4471,4197,71.531141,joined
25025000703,Census Tract 7.03,Suffolk,1535.0,43516.0,0.4045602605863192,0.9800210304942166,0.7371188222923238,1.0,0.648068669527897,0.6742,0.7972,0.0521,0.7308,0.9096,2,1,0,0,1022,754,263,5,985,64513,0,0,0,0.305,BOSTON,4471,4197,71.531141,joined
25009217401,Census Tract 2174.01,Essex,2614.0,71840.0,0.1631315079059005,0.8210818307905686,0.1733703190013869,0.8727394507702613,0.6173986486486487,0.6648,0.5775,0.828,0.3254,0.6064,3,2,1,0,1878,1141,666,71,1377,74961,2,0,0,0.097,BEVERLY,1056,998,26.101654999999997,joined
25023502102,Census Tract 5021.02,Plymouth,4761.0,121976.0,0.0934677588741861,0.205651491365777,0.0355834641548927,0.3250728862973761,0.7048346055979644,0.3126,0.1946,0.6026,0.1799,0.3685,3,2,1,1,4182,2213,1142,827,1954,144812,0,0,0,1.171,ROCKLAND,351,338,6.195281,joined
25023511701,Census Tract 5117.01,Plymouth,5199.0,122860.0,0.0366114897760467,0.0635769459298871,0.0184194890077243,0.0422287390029325,0.1775700934579439,0.6221,0.6503,0.7633,0.8207,0.2159,4,2,1,2,5275,2284,1014,1977,1677,122852,0,0,0,0.909,BROCKTON,2369,2299,29.462186000000003,joined
25017357700,Census Tract 3577,Middlesex,3993.0,138958.0,0.0878693623639191,0.4842729970326409,0.144213649851632,0.6836445953593662,0.4485294117647059,0.791,0.6736,0.8412,0.6002,0.8142,2,1,1,0,3602,1935,1194,473,1694,156635,1,0,0,0.106,BELMONT,310,303,2.124495,joined
25017358500,Census Tract 3585,Middlesex,5753.0,250001.0,0.0467690110674759,0.141445657826313,0.0187207488299532,0.1241662390969728,0.5882352941176471,0.2379,0.0527,0.3183,0.7071,0.4331,2,1,1,0,5253,2405,1521,1327,1992,283441,0,0,0,1.045,LEXINGTON,978,927,19.113633999999998,joined
25017373600,Census Tract 3736,Middlesex,6063.0,250001.0,0.0415238095238095,0.3006923837784372,0.1117705242334322,0.2636861313868613,0.2927631578947368,0.2561,0.1287,0.0772,0.544,0.7156,2,1,1,0,4717,2283,1945,489,1010,301099,0,0,0,0.638,NEWTON,1445,1369,21.226114000000003,joined
25017382400,Census Tract 3824,Middlesex,5171.0,110481.0,0.0438986656352736,0.2877893781207444,0.0599182932364956,0.4051981252662974,0.5031545741324921,0.3465,0.2159,0.7307,0.3092,0.2687,3,1,0,1,4296,1992,803,1501,2241,163363,1,0,0,0.244,NATICK,1149,1069,22.722972000000002,joined
25017318300,Census Tract 3183,Middlesex,8288.0,218359.0,0.0240106177606177,0.0915242165242165,0.011039886039886,0.1112618724559023,0.3929961089494163,0.2046,0.0741,0.2379,0.5615,0.4288,2,1,1,0,4020,2306,1356,358,2742,222601,3,0,0,0.612,WESTFORD,598,572,11.626042,joined
25009266100,Census Tract 2661,Essex,4555.0,103975.0,0.0418812989921612,0.2145877378435517,0.0274841437632135,0.2788461538461538,0.5517241379310345,0.2618,0.3063,0.2072,0.2167,0.3974,3,1,1,0,3864,1913,1338,613,1856,152782,4,1,6,0.473,AMESBURY,452,424,15.530798,joined
25009252300,Census Tract 2523,Essex,7609.0,76667.0,0.1479529793271179,0.4366485013623978,0.1379427792915531,0.5619891008174387,0.3712948517940718,0.9479,0.9215,0.9397,0.8557,0.8217,4,2,2,0,3768,1847,1656,265,2940,89506,4,2,2,0.122,METHUEN,1661,1635,22.574887,joined
25017370403,Census Tract 3704.03,Middlesex,2080.0,122262.0,0.0509615384615384,0.5573770491803278,0.0594262295081967,0.7736418511066399,0.3014705882352941,0.1356,0.145,0.1488,0.5141,0.2486,2,1,1,0,2882,1185,1075,622,947,155754,0,0,0,0.343,WATERTOWN,418,385,11.216307,joined
25017356704,Census Tract 3567.04,Middlesex,4007.0,164453.0,0.0182181182929872,0.4796650717703349,0.075956937799043,0.6406976744186047,0.3877805486284289,0.2718,0.0565,0.2417,0.6765,0.5832,2,1,1,0,3411,1511,1204,696,1628,213983,6,0,0,0.266,ARLINGTON,1251,1205,9.807252,joined
25017383401,Census Tract 3834.01,Middlesex,2714.0,85000.0,0.1600445599702933,0.7306949806949807,0.1119691119691119,0.7645968489341983,0.4570673712021136,0.8293,0.7728,0.737,0.7883,0.8431,3,2,1,0,3377,1821,1088,468,1061,116266,1,0,0,0.434,FRAMINGHAM,1991,1886,38.134805,joined
25021440101,Census Tract 4401.01,Norfolk,7012.0,84631.0,0.0935539075869937,0.3575581395348837,0.0436046511627907,0.5085626911314984,0.5528455284552846,0.7571,0.7207,0.8575,0.3704,0.6616,3,1,0,1,3173,1776,305,1092,3047,124849,2,1,4,1.154,PLAINVILLE,184,171,15.555844,joined
25021419602,Census Tract 4196.02,Norfolk,6306.0,154879.0,0.0212496035521725,0.0423847228691197,0.0326036329762459,0.0811394044022442,0.1648351648351648,0.4809,0.3961,0.7401,0.4859,0.3132,2,1,1,1,4051,1582,918,1551,2178,173024,0,0,0,0.603,BRAINTREE,30,20,6.382543,joined
25017385203,Census Tract 3852.03,Middlesex,4742.0,117865.0,0.0414628960238145,0.1453146220009054,0.0430058850158442,0.3027050236152855,0.4236760124610592,0.1657,0.1789,0.3836,0.5353,0.1136,3,1,1,0,4050,2060,1492,498,2194,161923,1,0,0,0.508,ASHLAND,654,620,21.932475999999998,joined
25017342402,Census Tract 3424.02,Middlesex,4542.0,99539.0,0.3273888154997798,0.7595481441635288,0.0833781603012372,0.8310502283105022,0.5644475920679887,0.7156,0.6616,0.5945,0.8457,0.6598,2,1,1,0,2311,1333,899,79,1641,117344,0,0,0,0.518,EVERETT,716,695,16.963893,joined
25021414300,Census Tract 4143,Norfolk,5246.0,182904.0,0.0535646206633625,0.2517259691980881,0.0647902283590016,0.2908629441624365,0.3945147679324894,0.2919,0.0458,0.7351,0.4722,0.3308,2,1,1,0,4550,2261,1567,722,1858,198547,2,2,2,0.478,SHARON,585,560,8.283498999999999,joined
25021401100,Census Tract 4011,Norfolk,4639.0,202169.0,0.0359535506922733,0.2621423819028609,0.0758483033932135,0.3188951663527934,0.3883248730964467,0.3296,0.0063,0.4137,0.5859,0.7659,2,1,1,0,4962,2410,2028,524,1528,324751,5,0,0,0.448,BROOKLINE,294,277,3.542596,joined
25025030301,Census Tract 303.01,Suffolk,1466.0,137190.0,0.0620736698499317,0.2158956109134045,0.2099644128113879,0.9605263157894736,0.3021978021978022,0.1569,0.2693,0.0778,0.2536,0.3748,1,0,0,0,1490,1148,312,30,805,231568,4,0,0,0.226,BOSTON,4471,4197,71.531141,joined
25021413201,Census Tract 4132.01,Norfolk,4359.0,81140.0,0.1031227305737109,0.4757328207592504,0.1287842383469485,0.5173674588665448,0.4555555555555555,0.71,0.6761,0.479,0.2904,0.8713,2,1,1,0,2533,1029,1366,138,2221,106779,2,0,0,0.543,NORWOOD,6,4,0.89539,joined
25017339804,Census Tract 3398.04,Middlesex,2733.0,124434.0,0.0117087449688986,0.4055299539170507,0.0313364055299539,0.6626728110599078,0.2136363636363636,0.0741,0.0521,0.4545,0.747,0.0239,3,2,1,0,4712,2360,1710,642,1100,151383,2,0,0,0.186,MEDFORD,902,867,8.082967,joined
25021442203,Census Tract 4422.03,Norfolk,4035.0,93871.0,0.0940407342217752,0.3836009174311927,0.1072247706422018,0.3703703703703703,0.648729446935725,0.5085,0.376,0.6937,0.1936,0.5844,2,1,1,0,3596,1887,1066,643,1671,150956,3,1,6,0.094,FRANKLIN,627,585,25.62493899999999,joined
25025160102,Census Tract 1601.02,Suffolk,3652.0,78664.0,0.2387726638772664,0.8427249789739276,0.3246425567703953,0.9310344827586208,0.4730538922155688,0.9247,0.6497,0.9196,0.9725,0.9912,4,2,2,0,3233,1589,1481,163,1205,90978,0,0,0,0.221,CHELSEA,256,237,8.125049999999991,joined
25009262100,Census Tract 2621,Essex,6748.0,123054.0,0.0944963655244029,0.1872113676731794,0.0298401420959147,0.276647119696447,0.5749525616698292,0.3691,0.4401,0.3233,0.1043,0.4306,3,1,1,0,3765,1554,1504,707,2644,144483,0,0,0,1.309,MERRIMAC,7,6,1.82228,joined
25025010801,Census Tract 108.01,Suffolk,2467.0,135375.0,0.0760971055088702,0.6443831840110269,0.512749827705031,0.9726103968697596,0.4898395721925134,0.3346,0.3126,0.0326,0.3916,0.8738,1,1,0,0,1744,1254,309,181,1575,217942,0,0,0,0.314,BOSTON,4471,4197,71.531141,joined
25025060400,Census Tract 604,Suffolk,5695.0,207368.0,0.0475845847656956,0.4824980111376293,0.2494033412887828,0.7981167608286253,0.2753503709810387,0.0044,0.0163,0.005,0.0119,0.393,1,1,1,0,2793,1472,1155,166,2380,197729,0,0,0,0.307,BOSTON,4471,4197,71.531141,joined
25023530200,Census Tract 5302,Plymouth,4337.0,80745.0,0.2059163392650797,0.5945308816595946,0.1791607732201791,0.6609141791044776,0.5138778747026169,0.7407,0.9014,0.4696,0.376,0.5731,4,2,1,1,3585,1884,1065,636,2011,88451,1,0,0,0.534,PLYMOUTH,1588,1483,53.683165,joined
25017365202,Census Tract 3652.02,Middlesex,4863.0,222614.0,0.0508474576271186,0.2227298686464877,0.0708166761850371,0.2146368104860732,0.5128205128205128,0.1808,0.0452,0.5982,0.3398,0.2498,2,1,1,0,4322,1997,1389,936,1724,241682,0,0,0,0.566,SUDBURY,391,368,8.966582999999998,joined
25025110201,Census Tract 1102.01,Suffolk,2235.0,66607.0,0.1700223713646532,0.605060506050605,0.3575357535753575,0.724025974025974,0.5418181818181819,0.9077,0.8387,0.9196,0.9432,0.7803,3,1,1,0,2830,1346,1194,290,932,90227,0,0,0,0.751,BOSTON,4471,4197,71.531141,joined
25017320102,Census Tract 3201.02,Middlesex,5542.0,237411.0,0.009578890294596,0.0455026455026455,0.019047619047619,0.0536179073399271,0.5813953488372093,0.01,0.022,0.1186,0.3916,0.0213,2,1,0,1,5892,2665,1203,2024,1960,263932,0,0,0,1.13,HOPKINTON,669,627,24.412470000000003,joined
25021419500,Census Tract 4195,Norfolk,3602.0,151793.0,0.066070398153491,0.1579371474617244,0.0588235294117647,0.124401913875598,0.3571428571428571,0.2856,0.1262,0.135,0.6802,0.6089,2,1,1,0,3657,1371,1379,907,1200,220111,0,0,0,0.845,BRAINTREE,30,20,6.382543,joined
25009215101,Census Tract 2151.01,Essex,4657.0,125547.0,0.0991011235955056,0.1998734977862112,0.0,0.1706604324956166,0.6075949367088608,0.1287,0.032,0.334,0.1587,0.3942,3,2,0,1,5664,2692,753,2219,1626,176015,3,2,2,0.791,HAMILTON,190,176,3.284415,joined
25017374100,Census Tract 3741,Middlesex,5301.0,106458.0,0.1044491120870727,0.3670465337132004,0.0394112060778727,0.4010152284263959,0.4269081500646831,0.4626,0.2272,0.5719,0.6596,0.5562,2,1,1,0,3938,1999,1476,463,1997,210810,8,0,0,0.07,NEWTON,1445,1369,21.226114000000003,joined
25017332100,Census Tract 3321,Middlesex,5851.0,190978.0,0.0131826741996233,0.0510948905109489,0.0276329509906152,0.0245983935742971,0.3163265306122449,0.0822,0.0584,0.489,0.4079,0.0596,2,1,1,1,5368,2387,1391,1590,1963,242589,1,1,6,1.01,BURLINGTON,730,703,9.770748,joined
25021456301,Census Tract 4563.01,Norfolk,2213.0,64688.0,0.0817894261183913,0.4651162790697674,0.1251384274640088,0.5573940020682523,0.8166666666666667,0.7062,0.6786,0.7244,0.6746,0.5179,4,2,1,1,3760,1679,1425,656,908,107211,0,0,0,0.51,STOUGHTON,780,744,18.19641,joined
25017354000,Census Tract 3540,Middlesex,4869.0,85592.0,0.2172972972972973,0.6341463414634146,0.3874296435272045,0.8989473684210526,0.6715976331360947,0.4131,0.5643,0.0239,0.5803,0.7884,1,1,0,0,1637,992,557,88,2146,141657,3,0,0,0.187,CAMBRIDGE,881,803,10.190912,joined
25017317103,Census Tract 3171.03,Middlesex,4998.0,167614.0,0.0514205682272909,0.0151957919345412,0.0280537697253068,0.0046109510086455,0.3461538461538461,0.1777,0.4733,0.2078,0.3304,0.0521,2,1,1,0,4144,2116,1732,296,1730,174677,0,0,0,1.544,CHELMSFORD,828,785,15.156638000000001,joined
25009266400,Census Tract 2664,Essex,3590.0,81964.0,0.1260128527521654,0.4078700811992504,0.0199875078076202,0.4834558823529412,0.6906584992343032,0.5687,0.7024,0.7345,0.1899,0.2454,3,2,1,1,3800,1977,1099,724,1602,127255,0,0,0,0.496,AMESBURY,452,424,15.530798,joined
25021413202,Census Tract 4132.02,Norfolk,2366.0,149107.0,0.0794590025359256,0.4390519187358916,0.0914221218961625,0.569838056680162,0.5526992287917738,0.4488,0.2806,0.3823,0.2586,0.7458,2,1,1,1,3346,1081,1134,1131,960,156057,17,0,0,0.145,NORWOOD,6,4,0.89539,joined
25017352400,Census Tract 3524,Middlesex,1655.0,74432.0,0.1867069486404833,0.8621190130624092,0.4136429608127721,0.8975409836065574,0.4309764309764309,0.8255,0.8788,0.639,0.9438,0.6629,2,1,1,0,2294,1444,850,0,702,115745,9,0,0,0.059,CAMBRIDGE,881,803,10.190912,joined
25025060101,Census Tract 601.01,Suffolk,3628.0,170054.0,0.0201117318435754,0.4746666666666667,0.1376,0.8160040774719673,0.3280898876404494,0.0615,0.01,0.0628,0.0462,0.6014,2,1,1,0,2799,1463,1087,249,1760,185470,0,0,0,0.701,BOSTON,4471,4197,71.531141,joined
25025091001,Census Tract 910.01,Suffolk,3521.0,103676.0,0.0748647879305437,0.6398843930635838,0.3248554913294798,0.8743801652892562,0.5519421860885275,0.7213,0.8299,0.393,0.7745,0.5549,2,1,1,0,2613,1437,1098,78,1476,133495,33,2,2,0.119,BOSTON,4471,4197,71.531141,joined
25017363202,Census Tract 3632.02,Middlesex,3811.0,200625.0,0.021779060614012,0.1073446327683615,0.0233050847457627,0.1394557823129251,0.1447368421052631,0.1588,0.0697,0.4513,0.6733,0.1406,2,1,0,1,4661,2132,1101,1428,1405,238762,3,0,0,0.587,ACTON,720,669,17.895219,joined
25009208302,Census Tract 2083.02,Essex,5025.0,94736.0,0.0359365589239108,0.2478260869565217,0.0190217391304347,0.1510557661072008,0.4385964912280701,0.435,0.4608,0.2756,0.5759,0.4369,3,2,1,1,4008,1994,1272,742,1867,127342,0,0,0,0.849,SAUGUS,931,906,9.766101,joined
