B01003001,B03002001,B03002002,B03002003,B03002004,B03002005,B03002006,B03002007,B03002008,B03002009,B03002010,B03002011,B03002012,B03002013,B03002014,B03002015,B03002016,B03002017,B03002018,B03002019,B03002020,B03002021,B17001001,B17001002,B17001003,B17001004,B17001005,B17001006,B17001007,B17001008,B17001009,B17001010,B17001011,B17001012,B17001013,B17001014,B17001015,B17001016,B17001017,B17001018,B17001019,B17001020,B17001021,B17001022,B17001023,B17001024,B17001025,B17001026,B17001027,B17001028,B17001029,B17001030,B17001031,B17001032,B17001033,B17001034,B17001035,B17001036,B17001037,B17001038,B17001039,B17001040,B17001041,B17001042,B17001043,B17001044,B17001045,B17001046,B17001047,B17001048,B17001049,B17001050,B17001051,B17001052,B17001053,B17001054,B17001055,B17001056,B17001057,B17001058,B17001059,B19013001,B25003001,B25003002,B25003003,B25024001,B25024002,B25024003,B25024004,B25024005,B25024006,B25024007,B25024008,B25024009,B25024010,B25024011,B25044001,B25044002,B25044003,B25044004,B25044005,B25044006,B25044007,B25044008,B25044009,B25044010,B25044011,B25044012,B25044013,B25044014,B25044015,B25070001,B25070002,B25070003,B25070004,B25070005,B25070006,B25070007,B25070008,B25070009,B25070010,B25070011,GEOID,hispanic_or_latino_share,median_household_income,multifamily_share,no_vehicle_rate,non_hispanic_asian_share,non_hispanic_black_share,non_hispanic_white_share,owner_occupied_rate,population,poverty_rate,rent_burdened_share,renter_rate,single_family_share
3325.0,3325.0,3294.0,3006.0,64.0,0.0,63.0,0.0,10.0,151.0,99.0,52.0,31.0,0.0,0.0,0.0,0.0,0.0,0.0,31.0,31.0,0.0,3281.0,292.0,140.0,11.0,13.0,0.0,0.0,0.0,0.0,0.0,58.0,13.0,0.0,25.0,20.0,0.0,152.0,13.0,0.0,0.0,0.0,0.0,0.0,0.0,12.0,35.0,0.0,34.0,21.0,37.0,2989.0,1386.0,78.0,0.0,71.0,20.0,21.0,12.0,112.0,91.0,138.0,142.0,281.0,273.0,147.0,1603.0,25.0,3.0,50.0,9.0,24.0,17.0,32.0,71.0,93.0,194.0,424.0,517.0,144.0,112762.0,1589.0,1253.0,336.0,1814.0,1280.0,62.0,151.0,127.0,74.0,65.0,22.0,33.0,0.0,0.0,1589.0,1253.0,25.0,488.0,490.0,190.0,60.0,0.0,336.0,9.0,208.0,92.0,21.0,6.0,0.0,336.0,0.0,16.0,24.0,47.0,67.0,27.0,9.0,38.0,103.0,5.0,25009201100,0.009323308270676692,112762.0,0.26019845644983464,0.021397105097545627,0.018947368421052633,0.01924812030075188,0.9040601503759399,0.788546255506608,3325.0,0.08899725693386162,0.5267857142857143,0.21145374449339208,0.7398015435501654
2279.0,2279.0,2080.0,1969.0,51.0,0.0,11.0,0.0,0.0,49.0,19.0,30.0,199.0,157.0,0.0,6.0,0.0,0.0,6.0,30.0,6.0,24.0,2273.0,157.0,68.0,0.0,0.0,0.0,0.0,0.0,0.0,0.0,7.0,16.0,12.0,26.0,0.0,7.0,89.0,0.0,0.0,0.0,0.0,0.0,0.0,0.0,0.0,0.0,7.0,45.0,0.0,37.0,2116.0,1028.0,38.0,6.0,62.0,57.0,17.0,11.0,104.0,52.0,133.0,174.0,185.0,111.0,78.0,1088.0,40.0,9.0,92.0,71.0,38.0,12.0,68.0,91.0,144.0,174.0,125.0,154.0,70.0,114120.0,871.0,662.0,209.0,914.0,577.0,29.0,188.0,50.0,6.0,6.0,21.0,37.0,0.0,0.0,871.0,662.0,12.0,128.0,342.0,158.0,22.0,0.0,209.0,57.0,97.0,51.0,4.0,0.0,0.0,209.0,0.0,0.0,9.0,25.0,14.0,19.0,25.0,31.0,81.0,5.0,25009202101,0.08731899956121106,114120.0,0.33698030634573306,0.07921928817451206,0.004826678367705134,0.022378236068451074,0.863975427819219,0.7600459242250287,2279.0,0.06907171139463264,0.7464114832535885,0.2399540757749713,0.6630196936542669
1547.0,1547.0,1388.0,1283.0,0.0,0.0,87.0,0.0,0.0,18.0,0.0,18.0,159.0,0.0,0.0,0.0,0.0,0.0,50.0,109.0,98.0,11.0,1547.0,343.0,101.0,0.0,0.0,0.0,0.0,0.0,0.0,0.0,12.0,68.0,0.0,21.0,0.0,0.0,242.0,126.0,0.0,0.0,0.0,0.0,0.0,55.0,40.0,0.0,0.0,21.0,0.0,0.0,1204.0,552.0,47.0,6.0,31.0,14.0,7.0,14.0,55.0,60.0,75.0,100.0,75.0,43.0,25.0,652.0,42.0,21.0,43.0,39.0,0.0,20.0,41.0,85.0,112.0,85.0,64.0,77.0,23.0,77708.0,561.0,451.0,110.0,665.0,424.0,68.0,36.0,117.0,12.0,0.0,8.0,0.0,0.0,0.0,561.0,451.0,31.0,98.0,202.0,115.0,5.0,0.0,110.0,12.0,45.0,47.0,6.0,0.0,0.0,110.0,0.0,0.0,28.0,8.0,9.0,0.0,0.0,0.0,65.0,0.0,25009202103,0.10277957336780866,77708.0,0.26015037593984963,0.0766488413547237,0.05623787976729153,0.0,0.8293471234647706,0.803921568627451,1547.0,0.22171945701357465,0.5909090909090909,0.19607843137254902,0.7398496240601504
5195.0,5195.0,4682.0,4115.0,325.0,0.0,72.0,0.0,54.0,116.0,39.0,77.0,513.0,462.0,0.0,20.0,0.0,0.0,0.0,31.0,17.0,14.0,5076.0,392.0,192.0,0.0,0.0,0.0,42.0,0.0,0.0,0.0,21.0,0.0,0.0,0.0,66.0,63.0,200.0,0.0,0.0,36.0,0.0,0.0,0.0,0.0,37.0,49.0,0.0,55.0,12.0,11.0,4684.0,2140.0,165.0,61.0,154.0,0.0,36.0,22.0,90.0,268.0,428.0,312.0,236.0,255.0,113.0,2544.0,40.0,44.0,112.0,42.0,0.0,69.0,110.0,559.0,265.0,381.0,286.0,279.0,357.0,109455.0,2423.0,1585.0,838.0,2438.0,672.0,158.0,577.0,80.0,118.0,33.0,182.0,618.0,0.0,0.0,2423.0,1585.0,0.0,703.0,492.0,371.0,19.0,0.0,838.0,158.0,364.0,295.0,21.0,0.0,0.0,838.0,21.0,49.0,25.0,88.0,128.0,204.0,33.0,16.0,253.0,21.0,25009202104,0.0987487969201155,109455.0,0.6595570139458573,0.06520841931489889,0.013859480269489894,0.06256015399422522,0.7921077959576516,0.6541477507222452,5195.0,0.07722616233254531,0.60381861575179,0.3458522492777549,0.34044298605414275
6256.0,6256.0,5767.0,5479.0,129.0,0.0,0.0,0.0,0.0,159.0,113.0,46.0,489.0,130.0,0.0,18.0,0.0,0.0,34.0,307.0,307.0,0.0,6235.0,178.0,119.0,0.0,0.0,0.0,0.0,0.0,0.0,71.0,20.0,0.0,0.0,28.0,0.0,0.0,59.0,0.0,0.0,0.0,0.0,0.0,0.0,0.0,0.0,0.0,1.0,0.0,0.0,58.0,6057.0,2846.0,178.0,13.0,189.0,193.0,47.0,48.0,149.0,169.0,352.0,439.0,527.0,334.0,208.0,3211.0,191.0,35.0,370.0,54.0,9.0,27.0,311.0,176.0,375.0,561.0,492.0,352.0,258.0,213000.0,2300.0,1971.0,329.0,2576.0,1795.0,98.0,321.0,176.0,16.0,33.0,64.0,73.0,0.0,0.0,2300.0,1971.0,16.0,524.0,1085.0,190.0,101.0,55.0,329.0,61.0,147.0,99.0,0.0,0.0,22.0,329.0,0.0,0.0,96.0,37.0,85.0,31.0,47.0,19.0,0.0,14.0,25009202200,0.07816496163682865,213000.0,0.265139751552795,0.033478260869565214,0.0,0.020620204603580564,0.8757992327365729,0.8569565217391304,6256.0,0.02854851643945469,0.2948328267477204,0.14304347826086958,0.734860248447205
7303.0,7303.0,7210.0,6974.0,0.0,0.0,166.0,0.0,0.0,70.0,54.0,16.0,93.0,17.0,0.0,12.0,0.0,0.0,0.0,64.0,64.0,0.0,7208.0,222.0,78.0,0.0,0.0,0.0,0.0,0.0,0.0,19.0,0.0,0.0,19.0,24.0,0.0,16.0,144.0,0.0,0.0,0.0,0.0,0.0,0.0,0.0,0.0,0.0,18.0,32.0,53.0,41.0,6986.0,3356.0,98.0,20.0,218.0,306.0,0.0,234.0,214.0,205.0,392.0,652.0,491.0,253.0,273.0,3630.0,139.0,128.0,310.0,192.0,26.0,108.0,181.0,285.0,517.0,552.0,558.0,318.0,316.0,235962.0,2614.0,2492.0,122.0,2631.0,2505.0,43.0,67.0,8.0,0.0,0.0,0.0,8.0,0.0,0.0,2614.0,2492.0,26.0,549.0,1384.0,294.0,209.0,30.0,122.0,43.0,32.0,36.0,11.0,0.0,0.0,122.0,0.0,8.0,10.0,44.0,0.0,0.0,0.0,8.0,16.0,36.0,25009203100,0.012734492674243461,235962.0,0.031546940326871914,0.026396327467482786,0.022730384773380803,0.0,0.9549500205395043,0.9533282325937261,7303.0,0.030799112097669258,0.19672131147540983,0.046671767406273906,0.9684530596731281
4673.0,4673.0,4542.0,4284.0,7.0,0.0,34.0,0.0,49.0,168.0,63.0,105.0,131.0,0.0,0.0,0.0,0.0,0.0,96.0,35.0,0.0,35.0,4673.0,206.0,66.0,0.0,0.0,14.0,0.0,0.0,0.0,12.0,0.0,0.0,11.0,10.0,19.0,0.0,140.0,0.0,0.0,14.0,10.0,0.0,0.0,0.0,14.0,0.0,22.0,32.0,0.0,48.0,4467.0,2137.0,65.0,39.0,140.0,109.0,99.0,119.0,148.0,105.0,172.0,314.0,295.0,348.0,184.0,2330.0,64.0,15.0,176.0,106.0,9.0,102.0,190.0,153.0,185.0,374.0,378.0,364.0,214.0,184200.0,1914.0,1581.0,333.0,2101.0,1929.0,25.0,20.0,88.0,9.0,0.0,20.0,10.0,0.0,0.0,1914.0,1581.0,11.0,293.0,751.0,372.0,154.0,0.0,333.0,59.0,181.0,93.0,0.0,0.0,0.0,333.0,17.0,34.0,23.0,9.0,40.0,10.0,35.0,11.0,119.0,35.0,25009203200,0.028033383265568156,184200.0,0.06996668253212755,0.03657262277951933,0.007275839931521507,0.001497967044725016,0.9167558313717098,0.8260188087774295,4673.0,0.04408303017333619,0.5255255255255256,0.17398119122257052,0.9300333174678724
4311.0,4311.0,4232.0,3920.0,1.0,0.0,77.0,0.0,16.0,218.0,168.0,50.0,79.0,9.0,0.0,0.0,0.0,0.0,9.0,61.0,61.0,0.0,4311.0,173.0,24.0,0.0,0.0,0.0,0.0,0.0,0.0,0.0,0.0,0.0,0.0,0.0,9.0,15.0,149.0,0.0,0.0,22.0,0.0,11.0,0.0,13.0,0.0,33.0,11.0,40.0,10.0,9.0,4138.0,1926.0,85.0,0.0,110.0,113.0,34.0,90.0,86.0,104.0,256.0,283.0,337.0,274.0,154.0,2212.0,90.0,26.0,117.0,130.0,54.0,136.0,79.0,70.0,219.0,441.0,462.0,297.0,91.0,137166.0,1843.0,1394.0,449.0,1969.0,1189.0,121.0,196.0,359.0,91.0,13.0,0.0,0.0,0.0,0.0,1843.0,1394.0,22.0,356.0,847.0,135.0,34.0,0.0,449.0,54.0,297.0,98.0,0.0,0.0,0.0,449.0,64.0,71.0,65.0,32.0,22.0,33.0,10.0,41.0,65.0,46.0,25009203301,0.018325214567385756,137166.0,0.33468765871000505,0.041237113402061855,0.017861285084667132,0.00023196474135931338,0.9093017861285084,0.7563754747693977,4311.0,0.040129900255161215,0.33184855233853006,0.24362452523060227,0.665312341289995
4126.0,4126.0,4014.0,3813.0,110.0,73.0,18.0,0.0,0.0,0.0,0.0,0.0,112.0,20.0,0.0,0.0,0.0,0.0,0.0,92.0,81.0,11.0,4126.0,289.0,142.0,0.0,0.0,0.0,17.0,19.0,0.0,19.0,0.0,0.0,0.0,46.0,27.0,14.0,147.0,0.0,0.0,0.0,0.0,30.0,0.0,0.0,0.0,0.0,0.0,30.0,87.0,0.0,3837.0,1875.0,72.0,0.0,74.0,68.0,0.0,38.0,67.0,188.0,253.0,159.0,358.0,377.0,221.0,1962.0,134.0,0.0,23.0,122.0,49.0,21.0,113.0,227.0,233.0,200.0,328.0,296.0,216.0,162935.0,1918.0,1594.0,324.0,2394.0,1368.0,142.0,177.0,256.0,242.0,158.0,26.0,0.0,0.0,25.0,1918.0,1594.0,47.0,478.0,693.0,352.0,0.0,24.0,324.0,38.0,255.0,21.0,0.0,10.0,0.0,324.0,41.0,27.0,9.0,28.0,12.0,12.0,40.0,12.0,133.0,10.0,25009203302,0.02714493456131847,162935.0,0.3588137009189641,0.0443169968717414,0.004362578768783325,0.02666020358700921,0.924139602520601,0.8310740354535975,4126.0,0.07004362578768783,0.6080246913580247,0.1689259645464025,0.6307435254803676
4862.0,4862.0,4245.0,3793.0,156.0,0.0,157.0,0.0,0.0,139.0,35.0,104.0,617.0,166.0,5.0,0.0,0.0,0.0,148.0,298.0,190.0,108.0,4471.0,522.0,170.0,0.0,0.0,0.0,62.0,17.0,0.0,0.0,16.0,0.0,3.0,45.0,27.0,0.0,352.0,16.0,0.0,57.0,0.0,17.0,0.0,70.0,52.0,31.0,81.0,18.0,1.0,9.0,3949.0,1787.0,61.0,8.0,58.0,36.0,23.0,62.0,90.0,377.0,371.0,277.0,220.0,125.0,79.0,2162.0,43.0,0.0,55.0,82.0,37.0,10.0,279.0,359.0,295.0,469.0,170.0,232.0,131.0,100649.0,2004.0,1061.0,943.0,2028.0,432.0,70.0,537.0,798.0,50.0,83.0,58.0,0.0,0.0,0.0,2004.0,1061.0,18.0,395.0,544.0,104.0,0.0,0.0,943.0,173.0,340.0,372.0,58.0,0.0,0.0,943.0,14.0,76.0,75.0,205.0,192.0,64.0,31.0,59.0,206.0,21.0,25009204101,0.12690250925545044,100649.0,0.752465483234714,0.09530938123752496,0.032291238173591114,0.03208556149732621,0.7801316330728095,0.529441117764471,4862.0,0.11675240438380675,0.38176033934252385,0.47055888223552894,0.24753451676528598
5206.0,5206.0,4394.0,3723.0,207.0,0.0,207.0,0.0,37.0,220.0,121.0,99.0,812.0,311.0,31.0,0.0,0.0,0.0,243.0,227.0,167.0,60.0,4169.0,554.0,277.0,43.0,0.0,0.0,7.0,0.0,0.0,0.0,59.0,15.0,45.0,23.0,72.0,13.0,277.0,12.0,0.0,27.0,23.0,0.0,0.0,38.0,8.0,33.0,1.0,0.0,119.0,16.0,3615.0,1642.0,96.0,35.0,67.0,50.0,15.0,63.0,90.0,125.0,154.0,156.0,450.0,220.0,121.0,1973.0,60.0,13.0,21.0,13.0,7.0,16.0,162.0,385.0,231.0,163.0,369.0,335.0,198.0,88102.0,2071.0,1433.0,638.0,2167.0,755.0,320.0,169.0,213.0,313.0,0.0,70.0,322.0,5.0,0.0,2071.0,1433.0,26.0,756.0,534.0,109.0,0.0,8.0,638.0,101.0,353.0,119.0,44.0,0.0,21.0,638.0,122.0,6.0,106.0,41.0,6.0,44.0,9.0,40.0,234.0,30.0,25009204102,0.15597387629658085,88102.0,0.5039224734656207,0.061323032351521006,0.039761813292354974,0.039761813292354974,0.7151363810987322,0.6919362626750362,5206.0,0.13288558407291917,0.512539184952978,0.3080637373249638,0.4960775265343793
5079.0,5079.0,3881.0,3488.0,53.0,0.0,100.0,0.0,17.0,223.0,121.0,102.0,1198.0,553.0,29.0,12.0,0.0,0.0,311.0,293.0,240.0,53.0,5079.0,645.0,253.0,96.0,0.0,0.0,0.0,0.0,0.0,18.0,16.0,0.0,0.0,70.0,40.0,13.0,392.0,22.0,0.0,0.0,0.0,0.0,0.0,45.0,166.0,42.0,0.0,56.0,61.0,0.0,4434.0,2237.0,95.0,0.0,13.0,108.0,37.0,18.0,229.0,624.0,460.0,284.0,150.0,144.0,75.0,2197.0,74.0,0.0,29.0,99.0,0.0,17.0,184.0,467.0,388.0,220.0,397.0,216.0,106.0,90625.0,2547.0,863.0,1684.0,2791.0,355.0,57.0,600.0,995.0,233.0,275.0,178.0,98.0,0.0,0.0,2547.0,863.0,66.0,337.0,447.0,13.0,0.0,0.0,1684.0,458.0,837.0,389.0,0.0,0.0,0.0,1684.0,0.0,105.0,183.0,147.0,254.0,123.0,58.0,69.0,676.0,69.0,25009204200,0.2358732033864934,90625.0,0.8523826585453242,0.20573223400078525,0.019688915140775743,0.010435125024611145,0.6867493601102579,0.3388299960738123,5079.0,0.12699350265800355,0.5498812351543944,0.6611700039261876,0.14761734145467575
4223.0,4223.0,2386.0,1939.0,136.0,0.0,75.0,0.0,0.0,236.0,9.0,227.0,1837.0,131.0,0.0,0.0,0.0,0.0,1272.0,434.0,402.0,32.0,4197.0,1230.0,735.0,115.0,35.0,76.0,23.0,0.0,10.0,22.0,56.0,65.0,23.0,29.0,10.0,271.0,495.0,0.0,0.0,78.0,0.0,0.0,0.0,26.0,97.0,58.0,22.0,130.0,51.0,33.0,2967.0,1259.0,36.0,0.0,96.0,76.0,0.0,0.0,161.0,266.0,193.0,74.0,220.0,108.0,29.0,1708.0,20.0,0.0,138.0,24.0,21.0,80.0,101.0,388.0,271.0,174.0,239.0,158.0,94.0,52451.0,2077.0,475.0,1602.0,2323.0,86.0,44.0,214.0,611.0,573.0,203.0,206.0,386.0,0.0,0.0,2077.0,475.0,64.0,257.0,105.0,42.0,7.0,0.0,1602.0,694.0,664.0,229.0,9.0,6.0,0.0,1602.0,31.0,72.0,108.0,114.0,142.0,113.0,134.0,145.0,446.0,297.0,25009204300,0.43499881600757756,52451.0,0.9440378820490745,0.3649494463168031,0.017759886336727444,0.0322045938905991,0.4591522614255269,0.22869523350987,4223.0,0.2930664760543245,0.5230961298377028,0.77130476649013,0.055962117950925525
3459.0,3459.0,3076.0,2756.0,50.0,12.0,96.0,0.0,0.0,162.0,102.0,60.0,383.0,18.0,0.0,13.0,0.0,0.0,242.0,110.0,110.0,0.0,3444.0,424.0,72.0,35.0,0.0,0.0,0.0,0.0,0.0,0.0,19.0,7.0,0.0,0.0,0.0,11.0,352.0,38.0,0.0,0.0,0.0,0.0,0.0,0.0,43.0,9.0,11.0,24.0,31.0,196.0,3020.0,1390.0,69.0,17.0,45.0,48.0,0.0,36.0,44.0,274.0,167.0,240.0,151.0,235.0,64.0,1630.0,58.0,0.0,35.0,70.0,0.0,46.0,143.0,298.0,289.0,255.0,138.0,238.0,60.0,91563.0,1862.0,1007.0,855.0,2053.0,322.0,88.0,455.0,594.0,305.0,58.0,0.0,231.0,0.0,0.0,1862.0,1007.0,37.0,523.0,336.0,58.0,36.0,17.0,855.0,273.0,416.0,166.0,0.0,0.0,0.0,855.0,66.0,43.0,69.0,117.0,51.0,232.0,0.0,110.0,164.0,3.0,25009204400,0.11072564324949408,91563.0,0.8002922552362397,0.16648764769065522,0.027753686036426712,0.014455044810638912,0.7967620699624168,0.5408163265306123,3459.0,0.12311265969802555,0.591812865497076,0.45918367346938777,0.19970774476376035
3539.0,3539.0,3267.0,2864.0,130.0,0.0,6.0,36.0,12.0,219.0,88.0,131.0,272.0,51.0,0.0,0.0,0.0,0.0,27.0,194.0,194.0,0.0,3539.0,190.0,29.0,0.0,0.0,0.0,0.0,0.0,0.0,0.0,0.0,0.0,19.0,0.0,0.0,10.0,161.0,0.0,0.0,10.0,0.0,0.0,0.0,11.0,25.0,10.0,2.0,40.0,31.0,32.0,3349.0,1583.0,36.0,0.0,97.0,96.0,0.0,50.0,40.0,359.0,173.0,299.0,281.0,61.0,91.0,1766.0,58.0,0.0,59.0,32.0,0.0,30.0,167.0,445.0,284.0,193.0,302.0,103.0,93.0,115926.0,1816.0,716.0,1100.0,1987.0,365.0,53.0,341.0,234.0,307.0,94.0,400.0,193.0,0.0,0.0,1816.0,716.0,10.0,404.0,243.0,50.0,0.0,9.0,1100.0,279.0,590.0,231.0,0.0,0.0,0.0,1100.0,32.0,34.0,254.0,112.0,79.0,148.0,72.0,73.0,286.0,10.0,25009204500,0.0768578694546482,115926.0,0.7896326119778561,0.15914096916299558,0.0016953941791466515,0.03673354054817745,0.8092681548460017,0.394273127753304,3539.0,0.05368748233964397,0.5263636363636364,0.6057268722466961,0.21036738802214394
5312.0,5312.0,4511.0,3847.0,94.0,0.0,146.0,0.0,225.0,199.0,0.0,199.0,801.0,58.0,37.0,0.0,0.0,0.0,418.0,288.0,288.0,0.0,5312.0,187.0,99.0,0.0,0.0,0.0,0.0,0.0,0.0,0.0,27.0,17.0,1.0,53.0,1.0,0.0,88.0,0.0,0.0,0.0,0.0,0.0,0.0,24.0,9.0,0.0,0.0,32.0,23.0,0.0,5125.0,2509.0,75.0,50.0,37.0,0.0,22.0,30.0,244.0,629.0,429.0,264.0,270.0,422.0,37.0,2616.0,141.0,37.0,117.0,91.0,45.0,77.0,240.0,387.0,253.0,370.0,324.0,254.0,280.0,88109.0,2564.0,1756.0,808.0,2608.0,941.0,250.0,733.0,464.0,86.0,24.0,110.0,0.0,0.0,0.0,2564.0,1756.0,76.0,880.0,576.0,105.0,96.0,23.0,808.0,191.0,317.0,240.0,25.0,35.0,0.0,808.0,0.0,26.0,0.0,80.0,217.0,29.0,30.0,155.0,254.0,17.0,25009204600,0.1507906626506024,88109.0,0.5433282208588958,0.10413416536661467,0.027484939759036143,0.017695783132530122,0.7242093373493976,0.6848673946957878,5312.0,0.03520331325301205,0.5792079207920792,0.31513260530421217,0.4566717791411043
7007.0,7007.0,4546.0,3460.0,941.0,11.0,53.0,0.0,0.0,81.0,25.0,56.0,2461.0,1229.0,29.0,0.0,0.0,0.0,511.0,692.0,645.0,47.0,7007.0,936.0,232.0,18.0,0.0,106.0,0.0,0.0,0.0,0.0,27.0,0.0,0.0,61.0,0.0,20.0,704.0,0.0,70.0,129.0,0.0,0.0,0.0,96.0,168.0,97.0,0.0,0.0,104.0,40.0,6071.0,2828.0,162.0,0.0,356.0,221.0,22.0,19.0,297.0,369.0,128.0,276.0,470.0,286.0,222.0,3243.0,66.0,0.0,240.0,17.0,6.0,52.0,129.0,547.0,393.0,404.0,649.0,438.0,302.0,67404.0,2880.0,1319.0,1561.0,2948.0,618.0,375.0,345.0,119.0,75.0,45.0,529.0,842.0,0.0,0.0,2880.0,1319.0,66.0,501.0,539.0,128.0,85.0,0.0,1561.0,164.0,1023.0,290.0,84.0,0.0,0.0,1561.0,103.0,133.0,63.0,539.0,136.0,86.0,28.0,95.0,364.0,14.0,25009204701,0.3512202083630655,67404.0,0.6631614654002713,0.0798611111111111,0.0075638647067218494,0.13429427715142,0.49379192236335095,0.4579861111111111,7007.0,0.13358070500927643,0.36707238949391413,0.5420138888888889,0.3368385345997286
6108.0,6108.0,5197.0,3894.0,283.0,0.0,662.0,0.0,169.0,189.0,48.0,141.0,911.0,328.0,0.0,0.0,0.0,0.0,283.0,300.0,300.0,0.0,6108.0,557.0,233.0,0.0,0.0,0.0,93.0,0.0,17.0,0.0,0.0,20.0,103.0,0.0,0.0,0.0,324.0,0.0,0.0,19.0,0.0,0.0,0.0,23.0,0.0,209.0,0.0,34.0,0.0,39.0,5551.0,2521.0,165.0,0.0,311.0,0.0,77.0,14.0,202.0,249.0,559.0,287.0,331.0,151.0,175.0,3030.0,96.0,94.0,90.0,156.0,54.0,0.0,205.0,405.0,698.0,422.0,345.0,307.0,158.0,80750.0,2446.0,1443.0,1003.0,2587.0,1271.0,63.0,349.0,389.0,28.0,194.0,293.0,0.0,0.0,0.0,2446.0,1443.0,24.0,339.0,807.0,219.0,26.0,28.0,1003.0,262.0,665.0,76.0,0.0,0.0,0.0,1003.0,42.0,23.0,55.0,41.0,44.0,210.0,0.0,202.0,325.0,61.0,25009204702,0.1491486574983628,80750.0,0.4843448009277155,0.1169255928045789,0.10838244924688932,0.04633267845448592,0.637524557956778,0.5899427636958299,6108.0,0.09119187950229207,0.7347956131605184,0.41005723630417007,0.5156551990722845
6301.0,6301.0,3867.0,3736.0,40.0,0.0,0.0,0.0,0.0,91.0,64.0,27.0,2434.0,770.0,0.0,0.0,0.0,0.0,1032.0,632.0,467.0,165.0,6190.0,340.0,140.0,0.0,0.0,39.0,0.0,0.0,0.0,0.0,0.0,36.0,15.0,0.0,50.0,0.0,200.0,0.0,0.0,82.0,0.0,0.0,0.0,0.0,0.0,35.0,40.0,14.0,29.0,0.0,5850.0,2822.0,183.0,0.0,144.0,193.0,0.0,120.0,334.0,123.0,390.0,445.0,485.0,185.0,220.0,3028.0,333.0,37.0,65.0,76.0,41.0,83.0,288.0,360.0,429.0,433.0,403.0,320.0,160.0,95988.0,2115.0,1742.0,373.0,2126.0,1802.0,39.0,133.0,64.0,0.0,13.0,75.0,0.0,0.0,0.0,2115.0,1742.0,12.0,448.0,1002.0,85.0,125.0,70.0,373.0,14.0,309.0,50.0,0.0,0.0,0.0,373.0,0.0,0.0,68.0,0.0,33.0,81.0,0.0,0.0,180.0,11.0,25009205100,0.38628789081098236,95988.0,0.13405456255879586,0.012293144208037825,0.0,0.006348198698619267,0.5929217584510396,0.8236406619385342,6301.0,0.05492730210016155,0.6997319034852547,0.17635933806146573,0.8659454374412041
6155.0,6155.0,3263.0,1800.0,487.0,28.0,492.0,0.0,293.0,163.0,8.0,155.0,2892.0,79.0,36.0,0.0,39.0,0.0,2103.0,635.0,487.0,148.0,6123.0,726.0,220.0,0.0,0.0,163.0,0.0,0.0,0.0,4.0,0.0,3.0,15.0,4.0,0.0,31.0,506.0,0.0,85.0,53.0,14.0,0.0,87.0,36.0,82.0,33.0,31.0,19.0,19.0,47.0,5397.0,3082.0,40.0,0.0,224.0,24.0,18.0,184.0,544.0,514.0,628.0,378.0,265.0,224.0,39.0,2315.0,169.0,34.0,211.0,40.0,46.0,86.0,54.0,230.0,223.0,352.0,336.0,425.0,109.0,112446.0,1940.0,1352.0,588.0,2046.0,1137.0,23.0,361.0,273.0,19.0,133.0,64.0,36.0,0.0,0.0,1940.0,1352.0,43.0,264.0,623.0,167.0,224.0,31.0,588.0,157.0,419.0,12.0,0.0,0.0,0.0,588.0,0.0,0.0,53.0,115.0,88.0,58.0,0.0,23.0,229.0,22.0,25009205200,0.46986190089358243,112446.0,0.43304007820136853,0.10309278350515463,0.07993501218521527,0.07912266450040617,0.2924451665312754,0.6969072164948453,6155.0,0.11856932876041157,0.5272108843537415,0.3030927835051546,0.5669599217986315
4516.0,4516.0,3492.0,2880.0,477.0,0.0,39.0,0.0,9.0,87.0,0.0,87.0,1024.0,140.0,0.0,0.0,0.0,0.0,539.0,345.0,315.0,30.0,4516.0,257.0,187.0,0.0,0.0,53.0,48.0,0.0,0.0,0.0,0.0,1.0,48.0,0.0,37.0,0.0,70.0,0.0,0.0,0.0,0.0,0.0,0.0,0.0,17.0,0.0,44.0,0.0,9.0,0.0,4259.0,2401.0,84.0,22.0,106.0,134.0,71.0,139.0,240.0,195.0,207.0,371.0,345.0,350.0,137.0,1858.0,93.0,0.0,62.0,36.0,31.0,33.0,252.0,157.0,400.0,284.0,251.0,94.0,165.0,109926.0,1639.0,1582.0,57.0,1741.0,1559.0,47.0,79.0,14.0,0.0,26.0,0.0,16.0,0.0,0.0,1639.0,1582.0,41.0,386.0,716.0,324.0,106.0,9.0,57.0,0.0,49.0,8.0,0.0,0.0,0.0,57.0,0.0,24.0,0.0,0.0,0.0,8.0,0.0,18.0,7.0,0.0,25009205300,0.2267493356953056,109926.0,0.07754164273406089,0.025015253203172667,0.008635961027457928,0.10562444641275465,0.6377325066430469,0.9652226967663209,4516.0,0.05690876882196634,0.5789473684210527,0.03477730323367907,0.9224583572659392
4895.0,4895.0,4222.0,3391.0,142.0,4.0,525.0,0.0,0.0,160.0,73.0,87.0,673.0,129.0,0.0,0.0,0.0,0.0,417.0,127.0,127.0,0.0,4895.0,266.0,118.0,52.0,0.0,0.0,0.0,0.0,0.0,0.0,12.0,54.0,0.0,0.0,0.0,0.0,148.0,8.0,0.0,41.0,0.0,0.0,0.0,0.0,23.0,58.0,0.0,0.0,0.0,18.0,4629.0,2343.0,261.0,0.0,169.0,44.0,41.0,65.0,165.0,217.0,368.0,287.0,376.0,165.0,185.0,2286.0,44.0,55.0,58.0,56.0,84.0,40.0,136.0,366.0,222.0,340.0,311.0,292.0,282.0,122462.0,1703.0,1607.0,96.0,1801.0,1670.0,5.0,9.0,0.0,0.0,0.0,8.0,79.0,30.0,0.0,1703.0,1607.0,44.0,417.0,736.0,247.0,109.0,54.0,96.0,0.0,61.0,27.0,8.0,0.0,0.0,96.0,0.0,0.0,14.0,13.0,0.0,0.0,8.0,52.0,9.0,0.0,25009205400,0.13748723186925435,122462.0,0.0699611327040533,0.025836758661186142,0.10725229826353422,0.029009193054136875,0.6927477017364658,0.9436288901937757,4895.0,0.05434116445352401,0.71875,0.05637110980622431,0.9300388672959466
5308.0,5308.0,2718.0,1940.0,461.0,0.0,171.0,0.0,24.0,122.0,29.0,93.0,2590.0,308.0,9.0,0.0,0.0,0.0,950.0,1323.0,1231.0,92.0,5293.0,368.0,85.0,0.0,0.0,0.0,0.0,12.0,0.0,45.0,0.0,0.0,19.0,0.0,0.0,9.0,283.0,25.0,0.0,0.0,16.0,0.0,14.0,62.0,21.0,16.0,37.0,0.0,45.0,47.0,4925.0,2658.0,217.0,13.0,259.0,81.0,98.0,60.0,442.0,390.0,238.0,279.0,253.0,215.0,113.0,2267.0,160.0,11.0,158.0,0.0,5.0,35.0,277.0,289.0,308.0,377.0,255.0,263.0,129.0,72553.0,1716.0,882.0,834.0,1747.0,536.0,92.0,317.0,252.0,241.0,17.0,136.0,156.0,0.0,0.0,1716.0,882.0,8.0,304.0,411.0,150.0,9.0,0.0,834.0,174.0,446.0,214.0,0.0,0.0,0.0,834.0,0.0,45.0,63.0,92.0,45.0,119.0,24.0,62.0,371.0,13.0,25009205500,0.4879427279577995,72553.0,0.6405266170578134,0.10606060606060606,0.03221552373775433,0.08685003767897513,0.3654860587792012,0.513986013986014,5308.0,0.06952578877763084,0.6906474820143885,0.486013986013986,0.3594733829421866
4285.0,4285.0,3139.0,2100.0,466.0,0.0,329.0,0.0,59.0,185.0,0.0,185.0,1146.0,57.0,110.0,217.0,0.0,0.0,340.0,422.0,410.0,12.0,4285.0,788.0,413.0,148.0,0.0,0.0,46.0,0.0,17.0,24.0,56.0,32.0,7.0,10.0,8.0,65.0,375.0,0.0,0.0,88.0,21.0,0.0,0.0,0.0,70.0,66.0,6.0,20.0,80.0,24.0,3497.0,1743.0,273.0,23.0,35.0,16.0,0.0,76.0,239.0,258.0,212.0,83.0,314.0,155.0,59.0,1754.0,16.0,0.0,88.0,98.0,50.0,59.0,142.0,256.0,265.0,316.0,230.0,127.0,107.0,84976.0,1467.0,749.0,718.0,1571.0,577.0,308.0,168.0,54.0,186.0,79.0,105.0,94.0,0.0,0.0,1467.0,749.0,7.0,259.0,270.0,107.0,87.0,19.0,718.0,78.0,363.0,277.0,0.0,0.0,0.0,718.0,0.0,0.0,45.0,100.0,88.0,48.0,76.0,75.0,278.0,8.0,25009205600,0.2674445740956826,84976.0,0.43666454487587525,0.05794137695978187,0.07677946324387398,0.1087514585764294,0.49008168028004667,0.5105657805044308,4285.0,0.1838973162193699,0.6643454038997214,0.4894342194955692,0.5633354551241248
5046.0,5046.0,3038.0,2247.0,555.0,0.0,211.0,0.0,0.0,25.0,0.0,25.0,2008.0,593.0,187.0,0.0,0.0,0.0,763.0,465.0,465.0,0.0,5017.0,147.0,132.0,0.0,0.0,0.0,0.0,17.0,0.0,0.0,26.0,8.0,10.0,58.0,13.0,0.0,15.0,0.0,0.0,0.0,0.0,0.0,0.0,0.0,0.0,0.0,15.0,0.0,0.0,0.0,4870.0,2473.0,7.0,0.0,93.0,111.0,0.0,48.0,350.0,683.0,355.0,272.0,275.0,237.0,42.0,2397.0,168.0,11.0,152.0,148.0,18.0,9.0,68.0,406.0,337.0,448.0,272.0,257.0,103.0,101101.0,1933.0,1448.0,485.0,1994.0,954.0,22.0,426.0,280.0,13.0,191.0,108.0,0.0,0.0,0.0,1933.0,1448.0,37.0,586.0,531.0,258.0,36.0,0.0,485.0,27.0,340.0,118.0,0.0,0.0,0.0,485.0,28.0,135.0,10.0,8.0,0.0,21.0,179.0,16.0,88.0,0.0,25009205700,0.3979389615537059,101101.0,0.5105315947843531,0.03310915675116399,0.04181529924692826,0.10998810939357907,0.44530321046373367,0.7490946714950854,5046.0,0.029300378712377916,0.6268041237113402,0.25090532850491465,0.48946840521564694
4005.0,4005.0,2253.0,1299.0,134.0,0.0,293.0,0.0,182.0,345.0,98.0,247.0,1752.0,20.0,0.0,0.0,0.0,0.0,837.0,895.0,868.0,27.0,4005.0,563.0,303.0,118.0,0.0,25.0,0.0,0.0,0.0,0.0,41.0,75.0,0.0,16.0,28.0,0.0,260.0,52.0,0.0,48.0,30.0,0.0,0.0,4.0,66.0,25.0,8.0,0.0,0.0,27.0,3442.0,1727.0,76.0,59.0,254.0,88.0,24.0,107.0,282.0,131.0,295.0,182.0,37.0,158.0,34.0,1715.0,197.0,0.0,185.0,129.0,52.0,26.0,137.0,280.0,259.0,178.0,85.0,145.0,42.0,62723.0,1109.0,554.0,555.0,1224.0,500.0,19.0,165.0,391.0,38.0,84.0,27.0,0.0,0.0,0.0,1109.0,554.0,95.0,210.0,107.0,120.0,4.0,18.0,555.0,138.0,377.0,40.0,0.0,0.0,0.0,555.0,25.0,0.0,67.0,0.0,87.0,59.0,35.0,63.0,89.0,130.0,25009205800,0.43745318352059925,62723.0,0.5759803921568627,0.21009918845807032,0.0731585518102372,0.033458177278401995,0.3243445692883895,0.4995491433724076,4005.0,0.14057428214731585,0.44324324324324327,0.5004508566275925,0.42401960784313725
4754.0,4754.0,2680.0,1312.0,1008.0,9.0,257.0,0.0,0.0,94.0,12.0,82.0,2074.0,666.0,14.0,0.0,0.0,0.0,341.0,1053.0,883.0,170.0,4680.0,917.0,370.0,0.0,0.0,0.0,35.0,49.0,21.0,0.0,20.0,163.0,0.0,35.0,46.0,1.0,547.0,129.0,0.0,72.0,27.0,0.0,0.0,12.0,54.0,120.0,25.0,66.0,0.0,42.0,3763.0,1919.0,118.0,30.0,86.0,52.0,24.0,26.0,133.0,542.0,240.0,269.0,182.0,95.0,122.0,1844.0,170.0,78.0,287.0,33.0,15.0,20.0,166.0,339.0,215.0,120.0,237.0,138.0,26.0,82105.0,1538.0,798.0,740.0,1622.0,584.0,33.0,481.0,372.0,133.0,19.0,0.0,0.0,0.0,0.0,1538.0,798.0,32.0,185.0,453.0,78.0,50.0,0.0,740.0,156.0,251.0,292.0,0.0,0.0,41.0,740.0,0.0,10.0,140.0,55.0,96.0,5.0,23.0,94.0,317.0,0.0,25009205900,0.43626419856962556,82105.0,0.6196054254007398,0.1222366710013004,0.05405973916701725,0.212031973075305,0.2759781236853176,0.5188556566970091,4754.0,0.19594017094017094,0.5932432432432433,0.4811443433029909,0.3803945745992602
3280.0,3280.0,1624.0,866.0,301.0,0.0,275.0,0.0,82.0,100.0,40.0,60.0,1656.0,286.0,0.0,271.0,0.0,0.0,973.0,126.0,126.0,0.0,3184.0,379.0,238.0,0.0,0.0,27.0,27.0,0.0,0.0,4.0,66.0,56.0,0.0,0.0,58.0,0.0,141.0,0.0,0.0,30.0,0.0,0.0,0.0,0.0,20.0,0.0,56.0,0.0,23.0,12.0,2805.0,1504.0,106.0,0.0,112.0,117.0,0.0,15.0,128.0,167.0,408.0,289.0,90.0,72.0,0.0,1301.0,82.0,0.0,55.0,18.0,37.0,48.0,220.0,181.0,211.0,221.0,99.0,83.0,46.0,44554.0,1213.0,429.0,784.0,1250.0,180.0,47.0,131.0,266.0,96.0,275.0,255.0,0.0,0.0,0.0,1213.0,429.0,52.0,66.0,187.0,84.0,0.0,40.0,784.0,310.0,329.0,91.0,42.0,12.0,0.0,784.0,0.0,25.0,48.0,46.0,15.0,174.0,0.0,36.0,355.0,85.0,25009206000,0.5048780487804878,44554.0,0.8184,0.29843363561417974,0.08384146341463415,0.09176829268292683,0.26402439024390245,0.3536685902720528,3280.0,0.11903266331658291,0.7206632653061225,0.6463314097279472,0.1816
4088.0,4088.0,1368.0,605.0,361.0,0.0,261.0,36.0,17.0,88.0,30.0,58.0,2720.0,526.0,28.0,116.0,0.0,0.0,935.0,1115.0,471.0,644.0,4088.0,727.0,218.0,0.0,0.0,25.0,0.0,0.0,0.0,0.0,0.0,77.0,28.0,39.0,20.0,29.0,509.0,32.0,0.0,0.0,27.0,47.0,36.0,0.0,0.0,62.0,38.0,179.0,88.0,0.0,3361.0,1498.0,157.0,0.0,77.0,41.0,10.0,57.0,98.0,165.0,335.0,217.0,180.0,107.0,54.0,1863.0,82.0,0.0,351.0,76.0,27.0,51.0,259.0,236.0,377.0,215.0,53.0,95.0,41.0,74911.0,1601.0,423.0,1178.0,1655.0,95.0,0.0,331.0,456.0,252.0,249.0,144.0,128.0,0.0,0.0,1601.0,423.0,22.0,272.0,12.0,117.0,0.0,0.0,1178.0,312.0,706.0,100.0,60.0,0.0,0.0,1178.0,18.0,67.0,122.0,103.0,285.0,132.0,32.0,138.0,281.0,0.0,25009206100,0.6653620352250489,74911.0,0.9425981873111783,0.20861961274203622,0.0638454011741683,0.08830724070450098,0.14799412915851273,0.26420986883198,4088.0,0.1778375733855186,0.49490662139219016,0.73579013116802,0.05740181268882175
6062.0,6062.0,1782.0,653.0,519.0,0.0,369.0,25.0,13.0,203.0,0.0,203.0,4280.0,512.0,82.0,21.0,0.0,0.0,2133.0,1532.0,1298.0,234.0,6062.0,971.0,373.0,0.0,0.0,34.0,105.0,0.0,84.0,50.0,0.0,18.0,0.0,82.0,0.0,0.0,598.0,44.0,14.0,0.0,0.0,0.0,109.0,147.0,75.0,130.0,55.0,24.0,0.0,0.0,5091.0,2622.0,326.0,0.0,397.0,66.0,16.0,22.0,404.0,282.0,417.0,297.0,223.0,147.0,25.0,2469.0,176.0,22.0,206.0,133.0,6.0,50.0,257.0,317.0,381.0,464.0,306.0,102.0,49.0,59922.0,1812.0,712.0,1100.0,1843.0,350.0,0.0,341.0,890.0,38.0,152.0,42.0,30.0,0.0,0.0,1812.0,712.0,191.0,91.0,261.0,99.0,45.0,25.0,1100.0,159.0,527.0,221.0,46.0,0.0,147.0,1100.0,18.0,14.0,159.0,120.0,22.0,89.0,27.0,138.0,341.0,172.0,25009206200,0.7060376113493897,59922.0,0.8100922409115573,0.19315673289183222,0.060870999670075886,0.08561530847904981,0.10772022434839987,0.39293598233995586,6062.0,0.1601781590234246,0.5409090909090909,0.6070640176600441,0.18990775908844276
4573.0,4573.0,2068.0,1166.0,557.0,0.0,107.0,0.0,5.0,233.0,215.0,18.0,2505.0,337.0,35.0,109.0,0.0,0.0,1473.0,551.0,536.0,15.0,4448.0,371.0,105.0,41.0,0.0,0.0,0.0,0.0,14.0,24.0,0.0,0.0,19.0,7.0,0.0,0.0,266.0,12.0,0.0,29.0,29.0,0.0,0.0,0.0,0.0,25.0,50.0,18.0,97.0,6.0,4077.0,2222.0,192.0,35.0,86.0,47.0,72.0,91.0,178.0,443.0,306.0,465.0,204.0,59.0,44.0,1855.0,139.0,0.0,138.0,59.0,34.0,54.0,65.0,553.0,140.0,374.0,175.0,77.0,47.0,91695.0,1706.0,672.0,1034.0,1728.0,508.0,265.0,393.0,458.0,7.0,0.0,0.0,97.0,0.0,0.0,1706.0,672.0,0.0,257.0,293.0,108.0,14.0,0.0,1034.0,106.0,579.0,326.0,23.0,0.0,0.0,1034.0,132.0,0.0,243.0,236.0,0.0,117.0,24.0,79.0,179.0,24.0,25009206300,0.5477804504701509,91695.0,0.5526620370370371,0.06213364595545135,0.02339820686638968,0.12180188060354254,0.2549748523944894,0.3939038686987104,4573.0,0.08340827338129496,0.3858800773694391,0.6060961313012896,0.44733796296296297
6798.0,6798.0,3566.0,1834.0,1103.0,0.0,334.0,0.0,22.0,273.0,140.0,133.0,3232.0,640.0,143.0,0.0,0.0,0.0,1160.0,1289.0,997.0,292.0,6694.0,266.0,131.0,20.0,0.0,0.0,20.0,0.0,0.0,36.0,0.0,21.0,0.0,34.0,0.0,0.0,135.0,0.0,0.0,37.0,0.0,0.0,0.0,12.0,19.0,18.0,18.0,31.0,0.0,0.0,6428.0,3239.0,227.0,74.0,304.0,85.0,115.0,72.0,277.0,536.0,590.0,314.0,471.0,99.0,75.0,3189.0,136.0,0.0,277.0,190.0,74.0,131.0,366.0,431.0,529.0,397.0,337.0,191.0,130.0,96447.0,2096.0,1023.0,1073.0,2103.0,820.0,102.0,662.0,209.0,165.0,58.0,81.0,0.0,6.0,0.0,2096.0,1023.0,59.0,361.0,380.0,182.0,21.0,20.0,1073.0,196.0,621.0,237.0,19.0,0.0,0.0,1073.0,0.0,31.0,217.0,73.0,122.0,100.0,37.0,92.0,349.0,52.0,25009206400,0.4754339511621065,96447.0,0.5615786970993818,0.12166030534351145,0.049132097675786995,0.1622536040011768,0.2697852309502795,0.4880725190839695,6798.0,0.039737077980280845,0.5386766076421249,0.5119274809160306,0.43842130290061815
3163.0,3163.0,1266.0,546.0,350.0,11.0,140.0,0.0,112.0,107.0,26.0,81.0,1897.0,327.0,84.0,0.0,0.0,0.0,1025.0,461.0,449.0,12.0,3079.0,761.0,336.0,0.0,0.0,0.0,0.0,0.0,0.0,62.0,0.0,30.0,178.0,18.0,33.0,15.0,425.0,0.0,0.0,125.0,0.0,42.0,10.0,37.0,65.0,0.0,26.0,26.0,64.0,30.0,2318.0,1071.0,93.0,0.0,160.0,115.0,0.0,58.0,88.0,103.0,36.0,267.0,59.0,81.0,11.0,1247.0,145.0,22.0,0.0,36.0,24.0,27.0,206.0,169.0,255.0,108.0,121.0,92.0,42.0,52885.0,1218.0,581.0,637.0,1313.0,404.0,17.0,384.0,361.0,52.0,47.0,11.0,0.0,37.0,0.0,1218.0,581.0,12.0,316.0,137.0,88.0,28.0,0.0,637.0,137.0,449.0,27.0,24.0,0.0,0.0,637.0,0.0,14.0,40.0,27.0,33.0,0.0,14.0,53.0,419.0,37.0,25009206500,0.5997470755611761,52885.0,0.6793602437166794,0.12233169129720854,0.044261776794182736,0.11065444198545685,0.17262092949731267,0.47701149425287354,3163.0,0.2471581682364404,0.7629513343799058,0.5229885057471264,0.32063975628332064
5721.0,5721.0,3498.0,1555.0,1062.0,0.0,331.0,0.0,254.0,296.0,24.0,272.0,2223.0,153.0,132.0,0.0,0.0,0.0,1270.0,668.0,663.0,5.0,5721.0,666.0,332.0,90.0,0.0,9.0,86.0,0.0,16.0,3.0,8.0,3.0,18.0,82.0,17.0,0.0,334.0,5.0,0.0,4.0,0.0,0.0,67.0,11.0,28.0,103.0,35.0,8.0,14.0,59.0,5055.0,2649.0,94.0,42.0,246.0,16.0,19.0,64.0,249.0,690.0,327.0,193.0,362.0,316.0,31.0,2406.0,69.0,0.0,121.0,73.0,113.0,60.0,31.0,595.0,347.0,323.0,326.0,275.0,73.0,89551.0,2089.0,903.0,1186.0,2189.0,515.0,179.0,523.0,542.0,130.0,8.0,58.0,234.0,0.0,0.0,2089.0,903.0,15.0,299.0,390.0,62.0,92.0,45.0,1186.0,343.0,431.0,204.0,131.0,77.0,0.0,1186.0,23.0,240.0,122.0,68.0,126.0,56.0,26.0,192.0,233.0,100.0,25009206600,0.3885684320922916,89551.0,0.6829602558245774,0.1713738630923887,0.05785701800384548,0.18563188253801782,0.2718056283866457,0.43226424126376256,5721.0,0.11641321447299423,0.4274873524451939,0.5677357587362374,0.3170397441754226
4240.0,4240.0,3292.0,1803.0,337.0,0.0,487.0,0.0,83.0,582.0,34.0,548.0,948.0,8.0,0.0,0.0,0.0,0.0,588.0,352.0,177.0,175.0,4209.0,883.0,352.0,22.0,0.0,36.0,69.0,0.0,77.0,5.0,0.0,23.0,31.0,8.0,81.0,0.0,531.0,0.0,0.0,0.0,0.0,0.0,0.0,39.0,103.0,0.0,208.0,64.0,96.0,21.0,3326.0,1411.0,7.0,0.0,80.0,40.0,0.0,100.0,185.0,338.0,103.0,244.0,71.0,127.0,116.0,1915.0,162.0,67.0,66.0,112.0,0.0,39.0,92.0,259.0,205.0,286.0,244.0,172.0,211.0,48864.0,1938.0,823.0,1115.0,2028.0,335.0,142.0,311.0,315.0,241.0,156.0,198.0,330.0,0.0,0.0,1938.0,823.0,24.0,527.0,158.0,46.0,68.0,0.0,1115.0,504.0,457.0,154.0,0.0,0.0,0.0,1115.0,0.0,66.0,33.0,101.0,44.0,66.0,52.0,84.0,558.0,111.0,25009206700,0.22358490566037736,48864.0,0.764792899408284,0.2724458204334365,0.11485849056603774,0.0794811320754717,0.4252358490566038,0.4246646026831785,4240.0,0.20978854834877644,0.6816143497757847,0.5753353973168215,0.23520710059171598
4384.0,4384.0,1548.0,875.0,404.0,0.0,178.0,0.0,58.0,33.0,0.0,33.0,2836.0,319.0,21.0,0.0,0.0,0.0,1526.0,970.0,154.0,816.0,4332.0,1635.0,702.0,178.0,0.0,13.0,0.0,0.0,0.0,14.0,11.0,51.0,0.0,205.0,180.0,50.0,933.0,69.0,0.0,31.0,63.0,0.0,99.0,104.0,49.0,92.0,83.0,152.0,171.0,20.0,2697.0,1316.0,23.0,0.0,0.0,63.0,0.0,60.0,328.0,208.0,303.0,142.0,102.0,75.0,12.0,1381.0,0.0,4.0,239.0,4.0,0.0,196.0,220.0,174.0,255.0,142.0,99.0,15.0,33.0,35053.0,1883.0,165.0,1718.0,2011.0,137.0,26.0,212.0,194.0,74.0,121.0,401.0,846.0,0.0,0.0,1883.0,165.0,0.0,28.0,98.0,0.0,0.0,39.0,1718.0,969.0,652.0,77.0,20.0,0.0,0.0,1718.0,26.0,110.0,66.0,95.0,93.0,196.0,249.0,169.0,463.0,251.0,25009206800,0.6468978102189781,35053.0,0.9189457981103928,0.5146043547530537,0.0406021897810219,0.09215328467153285,0.19958941605839417,0.08762612851832183,4384.0,0.37742382271468145,0.6268917345750873,0.9123738714816781,0.08105420188960716
5102.0,5102.0,2421.0,1427.0,489.0,11.0,90.0,0.0,0.0,404.0,288.0,116.0,2681.0,280.0,308.0,63.0,0.0,0.0,1290.0,740.0,526.0,214.0,5032.0,1401.0,668.0,171.0,0.0,11.0,0.0,0.0,43.0,0.0,106.0,13.0,127.0,25.0,98.0,74.0,733.0,0.0,87.0,32.0,0.0,0.0,0.0,71.0,74.0,29.0,42.0,120.0,141.0,137.0,3631.0,1470.0,5.0,3.0,150.0,0.0,34.0,54.0,18.0,152.0,242.0,284.0,282.0,195.0,51.0,2161.0,86.0,75.0,180.0,0.0,15.0,0.0,83.0,404.0,265.0,271.0,185.0,223.0,374.0,26519.0,2678.0,327.0,2351.0,2742.0,35.0,0.0,55.0,229.0,275.0,482.0,275.0,1391.0,0.0,0.0,2678.0,327.0,31.0,234.0,15.0,35.0,12.0,0.0,2351.0,957.0,1055.0,260.0,79.0,0.0,0.0,2351.0,132.0,214.0,89.0,196.0,259.0,440.0,84.0,135.0,686.0,116.0,25009206900,0.5254802038416307,26519.0,0.987235594456601,0.36893203883495146,0.01764014112112897,0.09584476675813407,0.27969423755390044,0.12210604929051531,5102.0,0.2784181240063593,0.5720969800085071,0.8778939507094847,0.012764405543398978
1939.0,1939.0,924.0,455.0,316.0,0.0,27.0,0.0,23.0,103.0,29.0,74.0,1015.0,41.0,46.0,0.0,0.0,0.0,719.0,209.0,156.0,53.0,1939.0,585.0,181.0,0.0,0.0,0.0,0.0,0.0,0.0,9.0,16.0,0.0,62.0,58.0,29.0,7.0,404.0,11.0,0.0,0.0,10.0,0.0,0.0,15.0,6.0,42.0,0.0,18.0,45.0,257.0,1354.0,567.0,0.0,17.0,46.0,13.0,9.0,0.0,3.0,140.0,127.0,46.0,4.0,131.0,31.0,787.0,0.0,25.0,42.0,0.0,0.0,58.0,89.0,89.0,93.0,71.0,81.0,121.0,118.0,27500.0,1048.0,58.0,990.0,1080.0,141.0,138.0,37.0,25.0,29.0,0.0,158.0,552.0,0.0,0.0,1048.0,58.0,0.0,28.0,23.0,7.0,0.0,0.0,990.0,356.0,370.0,203.0,61.0,0.0,0.0,990.0,0.0,53.0,32.0,161.0,278.0,81.0,147.0,30.0,187.0,21.0,25009207000,0.5234657039711191,27500.0,0.7416666666666667,0.33969465648854963,0.013924703455389376,0.1629706034038164,0.23465703971119134,0.05534351145038168,1939.0,0.3017019082001031,0.4494949494949495,0.9446564885496184,0.25833333333333336
4153.0,4153.0,1698.0,387.0,266.0,3.0,772.0,0.0,80.0,190.0,5.0,185.0,2455.0,74.0,263.0,0.0,31.0,0.0,357.0,1730.0,1020.0,710.0,4145.0,404.0,205.0,23.0,7.0,0.0,16.0,0.0,0.0,11.0,0.0,0.0,64.0,7.0,0.0,77.0,199.0,21.0,0.0,17.0,17.0,0.0,0.0,0.0,50.0,5.0,36.0,14.0,39.0,0.0,3741.0,2154.0,150.0,128.0,202.0,64.0,0.0,148.0,287.0,262.0,306.0,280.0,296.0,31.0,0.0,1587.0,99.0,28.0,96.0,8.0,57.0,39.0,324.0,244.0,252.0,127.0,152.0,91.0,70.0,118929.0,1040.0,440.0,600.0,1181.0,258.0,49.0,264.0,514.0,57.0,0.0,39.0,0.0,0.0,0.0,1040.0,440.0,0.0,125.0,199.0,108.0,0.0,8.0,600.0,76.0,306.0,136.0,54.0,28.0,0.0,600.0,32.0,34.0,195.0,43.0,54.0,8.0,27.0,64.0,126.0,17.0,25009207100,0.5911389357091259,118929.0,0.7400508044030483,0.07307692307692308,0.1858897182759451,0.06405008427642668,0.09318564892848544,0.4230769230769231,4153.0,0.09746682750301568,0.375,0.5769230769230769,0.25994919559695173
2941.0,2941.0,1306.0,399.0,315.0,0.0,570.0,0.0,0.0,22.0,12.0,10.0,1635.0,152.0,39.0,0.0,0.0,0.0,738.0,706.0,426.0,280.0,2908.0,509.0,161.0,0.0,0.0,0.0,0.0,0.0,0.0,0.0,31.0,0.0,83.0,36.0,0.0,11.0,348.0,29.0,0.0,86.0,0.0,0.0,0.0,16.0,0.0,50.0,68.0,38.0,49.0,12.0,2399.0,1373.0,96.0,0.0,100.0,42.0,0.0,21.0,275.0,212.0,296.0,31.0,86.0,167.0,47.0,1026.0,114.0,47.0,21.0,11.0,12.0,49.0,64.0,175.0,192.0,115.0,86.0,100.0,40.0,57873.0,932.0,252.0,680.0,965.0,183.0,0.0,90.0,294.0,75.0,63.0,55.0,205.0,0.0,0.0,932.0,252.0,49.0,3.0,125.0,75.0,0.0,0.0,680.0,327.0,277.0,42.0,20.0,0.0,14.0,680.0,48.0,41.0,43.0,113.0,76.0,55.0,66.0,32.0,172.0,34.0,25009207200,0.5559333560013601,57873.0,0.8103626943005181,0.4034334763948498,0.19381162869772187,0.10710642638558314,0.1356681400884053,0.2703862660944206,2941.0,0.1750343878954608,0.47794117647058826,0.7296137339055794,0.18963730569948187
6027.0,6027.0,4975.0,3527.0,645.0,0.0,234.0,0.0,182.0,387.0,156.0,231.0,1052.0,19.0,0.0,0.0,0.0,0.0,136.0,897.0,564.0,333.0,5945.0,444.0,156.0,0.0,0.0,54.0,0.0,0.0,0.0,0.0,2.0,98.0,0.0,0.0,2.0,0.0,288.0,0.0,0.0,35.0,33.0,0.0,0.0,11.0,55.0,85.0,24.0,0.0,17.0,28.0,5501.0,2963.0,282.0,12.0,57.0,87.0,0.0,104.0,533.0,398.0,491.0,327.0,291.0,194.0,187.0,2538.0,8.0,53.0,83.0,114.0,0.0,71.0,237.0,380.0,403.0,360.0,382.0,273.0,174.0,103654.0,1946.0,1438.0,508.0,2112.0,1471.0,62.0,230.0,251.0,20.0,78.0,0.0,0.0,0.0,0.0,1946.0,1438.0,24.0,398.0,574.0,219.0,136.0,87.0,508.0,28.0,201.0,192.0,87.0,0.0,0.0,508.0,0.0,63.0,62.0,0.0,43.0,68.0,0.0,53.0,182.0,37.0,25009208101,0.17454786792765886,103654.0,0.2741477272727273,0.02672147995889003,0.03882528621204579,0.10701841712294674,0.5851999336319894,0.7389516957862282,6027.0,0.07468460891505467,0.5964566929133859,0.26104830421377184,0.7258522727272727
3237.0,3237.0,2944.0,2395.0,114.0,0.0,126.0,0.0,132.0,177.0,21.0,156.0,293.0,18.0,0.0,11.0,0.0,0.0,66.0,198.0,198.0,0.0,3180.0,245.0,148.0,18.0,0.0,13.0,0.0,11.0,0.0,12.0,47.0,0.0,14.0,13.0,0.0,20.0,97.0,8.0,0.0,13.0,0.0,0.0,0.0,10.0,11.0,11.0,9.0,9.0,0.0,26.0,2935.0,1395.0,114.0,11.0,92.0,28.0,52.0,0.0,52.0,130.0,160.0,223.0,337.0,111.0,85.0,1540.0,41.0,23.0,26.0,19.0,63.0,9.0,133.0,264.0,211.0,115.0,325.0,221.0,90.0,125375.0,1174.0,839.0,335.0,1236.0,721.0,40.0,347.0,99.0,13.0,0.0,16.0,0.0,0.0,0.0,1174.0,839.0,53.0,194.0,356.0,127.0,79.0,30.0,335.0,39.0,166.0,88.0,0.0,42.0,0.0,335.0,0.0,65.0,42.0,0.0,38.0,65.0,13.0,11.0,56.0,45.0,25009208102,0.09051590979301823,125375.0,0.3843042071197411,0.07836456558773425,0.03892493049119555,0.03521779425393883,0.7398826073524869,0.7146507666098807,3237.0,0.0770440251572327,0.43283582089552236,0.28534923339011925,0.6156957928802589
5516.0,5516.0,5248.0,4551.0,35.0,0.0,41.0,31.0,537.0,53.0,16.0,37.0,268.0,60.0,0.0,0.0,0.0,0.0,20.0,188.0,188.0,0.0,5516.0,468.0,247.0,0.0,0.0,0.0,0.0,0.0,0.0,0.0,34.0,86.0,0.0,0.0,29.0,98.0,221.0,0.0,0.0,0.0,0.0,0.0,0.0,24.0,0.0,0.0,5.0,32.0,130.0,30.0,5048.0,2571.0,28.0,0.0,14.0,29.0,69.0,47.0,188.0,371.0,442.0,395.0,598.0,239.0,151.0,2477.0,0.0,16.0,31.0,85.0,57.0,116.0,219.0,350.0,85.0,378.0,517.0,245.0,378.0,101021.0,2384.0,1806.0,578.0,2384.0,1723.0,16.0,152.0,0.0,78.0,142.0,80.0,193.0,0.0,0.0,2384.0,1806.0,31.0,593.0,426.0,420.0,223.0,113.0,578.0,214.0,171.0,148.0,0.0,28.0,17.0,578.0,0.0,0.0,34.0,15.0,234.0,82.0,56.0,27.0,86.0,44.0,25009208200,0.048585931834662796,101021.0,0.27055369127516776,0.10276845637583892,0.007432922407541697,0.006345177664974619,0.8250543872371283,0.7575503355704698,5516.0,0.08484408992023205,0.4342560553633218,0.2424496644295302,0.7294463087248322
2828.0,2828.0,2616.0,2117.0,253.0,0.0,232.0,0.0,0.0,14.0,0.0,14.0,212.0,2.0,10.0,14.0,0.0,0.0,12.0,174.0,174.0,0.0,2828.0,85.0,32.0,0.0,0.0,0.0,9.0,0.0,0.0,0.0,0.0,0.0,14.0,0.0,1.0,8.0,53.0,0.0,0.0,0.0,0.0,0.0,0.0,0.0,10.0,8.0,17.0,0.0,18.0,0.0,2743.0,1177.0,77.0,21.0,107.0,58.0,29.0,31.0,66.0,111.0,188.0,69.0,90.0,133.0,197.0,1566.0,78.0,0.0,119.0,0.0,5.0,56.0,151.0,233.0,79.0,61.0,163.0,164.0,457.0,93295.0,1205.0,810.0,395.0,1205.0,821.0,10.0,75.0,10.0,24.0,44.0,196.0,15.0,10.0,0.0,1205.0,810.0,16.0,261.0,361.0,78.0,75.0,19.0,395.0,120.0,232.0,43.0,0.0,0.0,0.0,395.0,0.0,0.0,12.0,0.0,116.0,133.0,15.0,75.0,44.0,0.0,25009208301,0.07496463932107496,93295.0,0.3103734439834025,0.11286307053941909,0.08203677510608204,0.08946251768033946,0.7485855728429985,0.6721991701244814,2828.0,0.030056577086280057,0.6759493670886076,0.3278008298755187,0.6896265560165975
5025.0,5025.0,3924.0,3268.0,284.0,0.0,80.0,0.0,185.0,107.0,69.0,38.0,1101.0,297.0,0.0,0.0,0.0,0.0,185.0,619.0,619.0,0.0,4981.0,179.0,103.0,0.0,0.0,15.0,0.0,0.0,0.0,13.0,4.0,0.0,33.0,0.0,25.0,13.0,76.0,0.0,0.0,0.0,0.0,0.0,0.0,0.0,0.0,0.0,12.0,0.0,14.0,50.0,4802.0,2287.0,17.0,0.0,0.0,182.0,0.0,96.0,283.0,305.0,374.0,347.0,217.0,317.0,149.0,2515.0,117.0,17.0,76.0,147.0,30.0,16.0,190.0,407.0,193.0,430.0,314.0,347.0,231.0,94736.0,1840.0,1384.0,456.0,1847.0,1474.0,94.0,32.0,0.0,0.0,106.0,85.0,18.0,38.0,0.0,1840.0,1384.0,20.0,441.0,474.0,299.0,129.0,21.0,456.0,15.0,105.0,212.0,116.0,8.0,0.0,456.0,0.0,0.0,31.0,106.0,104.0,0.0,47.0,28.0,125.0,15.0,25009208302,0.2191044776119403,94736.0,0.15105576610720087,0.019021739130434784,0.015920398009950248,0.056517412935323384,0.6503482587064676,0.7521739130434782,5025.0,0.03593655892391086,0.43859649122807015,0.24782608695652175,0.8489442338927992
3364.0,3364.0,2994.0,2638.0,149.0,0.0,91.0,0.0,0.0,116.0,24.0,92.0,370.0,171.0,0.0,0.0,0.0,0.0,33.0,166.0,166.0,0.0,3364.0,197.0,48.0,0.0,0.0,0.0,0.0,0.0,0.0,0.0,17.0,0.0,6.0,15.0,0.0,10.0,149.0,0.0,0.0,0.0,0.0,0.0,0.0,39.0,36.0,0.0,0.0,27.0,0.0,47.0,3167.0,1529.0,176.0,83.0,40.0,16.0,0.0,43.0,0.0,321.0,111.0,282.0,224.0,155.0,78.0,1638.0,75.0,0.0,170.0,21.0,17.0,81.0,55.0,164.0,238.0,165.0,232.0,307.0,113.0,97143.0,1256.0,827.0,429.0,1256.0,646.0,74.0,0.0,0.0,78.0,82.0,87.0,289.0,0.0,0.0,1256.0,827.0,0.0,304.0,304.0,187.0,24.0,8.0,429.0,0.0,225.0,204.0,0.0,0.0,0.0,429.0,0.0,0.0,16.0,52.0,110.0,0.0,31.0,0.0,205.0,15.0,25009208401,0.10998810939357907,97143.0,0.4267515923566879,0.0,0.027051129607609987,0.04429250891795482,0.7841854934601664,0.6584394904458599,3364.0,0.058561236623067774,0.5501165501165501,0.34156050955414013,0.5732484076433121
2776.0,2776.0,2497.0,1849.0,78.0,0.0,202.0,0.0,32.0,336.0,311.0,25.0,279.0,56.0,0.0,0.0,0.0,0.0,43.0,180.0,149.0,31.0,2776.0,92.0,30.0,0.0,0.0,0.0,19.0,0.0,0.0,0.0,0.0,11.0,0.0,0.0,0.0,0.0,62.0,0.0,0.0,0.0,0.0,20.0,0.0,0.0,0.0,0.0,19.0,0.0,0.0,23.0,2684.0,1366.0,13.0,28.0,0.0,61.0,0.0,31.0,32.0,163.0,352.0,238.0,156.0,161.0,131.0,1318.0,54.0,0.0,0.0,32.0,0.0,30.0,45.0,305.0,129.0,157.0,228.0,124.0,214.0,120114.0,1153.0,732.0,421.0,1362.0,620.0,214.0,46.0,76.0,99.0,105.0,153.0,49.0,0.0,0.0,1153.0,732.0,0.0,164.0,375.0,101.0,92.0,0.0,421.0,23.0,219.0,101.0,8.0,70.0,0.0,421.0,11.0,118.0,61.0,27.0,25.0,35.0,26.0,0.0,99.0,19.0,25009208402,0.1005043227665706,120114.0,0.3876651982378855,0.0199479618386817,0.07276657060518732,0.028097982708933718,0.6660662824207493,0.6348655680832611,2776.0,0.03314121037463977,0.38004750593824227,0.36513443191673894,0.6123348017621145
7411.0,7411.0,6876.0,5762.0,133.0,0.0,698.0,0.0,25.0,258.0,120.0,138.0,535.0,20.0,0.0,0.0,0.0,0.0,453.0,62.0,62.0,0.0,7411.0,579.0,240.0,0.0,0.0,45.0,0.0,0.0,0.0,0.0,53.0,87.0,4.0,20.0,16.0,15.0,339.0,0.0,0.0,79.0,35.0,0.0,0.0,0.0,20.0,107.0,12.0,14.0,34.0,38.0,6832.0,3273.0,409.0,125.0,295.0,49.0,22.0,116.0,129.0,404.0,363.0,484.0,375.0,327.0,175.0,3559.0,112.0,106.0,412.0,202.0,14.0,138.0,189.0,222.0,473.0,615.0,447.0,350.0,279.0,147083.0,2546.0,2112.0,434.0,2631.0,1990.0,158.0,79.0,0.0,0.0,41.0,178.0,185.0,0.0,0.0,2546.0,2112.0,41.0,304.0,1072.0,318.0,345.0,32.0,434.0,49.0,358.0,27.0,0.0,0.0,0.0,434.0,0.0,0.0,13.0,24.0,59.0,23.0,74.0,83.0,142.0,16.0,25009209100,0.0721899878558899,147083.0,0.18358038768529075,0.03534956794972506,0.09418432060450681,0.01794629604641749,0.7774929159357712,0.8295365278868814,7411.0,0.07812710835244906,0.7419354838709677,0.17046347211311863,0.8164196123147093
5653.0,5653.0,5459.0,4842.0,1.0,0.0,212.0,0.0,31.0,373.0,74.0,299.0,194.0,21.0,0.0,0.0,0.0,0.0,0.0,173.0,165.0,8.0,5653.0,202.0,143.0,0.0,0.0,31.0,0.0,0.0,33.0,35.0,0.0,0.0,32.0,12.0,0.0,0.0,59.0,0.0,0.0,0.0,0.0,0.0,0.0,0.0,0.0,2.0,6.0,29.0,5.0,17.0,5451.0,2723.0,241.0,50.0,277.0,92.0,12.0,57.0,153.0,254.0,380.0,394.0,344.0,248.0,221.0,2728.0,175.0,92.0,165.0,122.0,49.0,109.0,201.0,263.0,225.0,338.0,376.0,374.0,239.0,195806.0,1956.0,1820.0,136.0,1966.0,1769.0,63.0,8.0,72.0,24.0,30.0,0.0,0.0,0.0,0.0,1956.0,1820.0,78.0,237.0,1029.0,321.0,97.0,58.0,136.0,29.0,74.0,33.0,0.0,0.0,0.0,136.0,6.0,0.0,9.0,30.0,15.0,0.0,0.0,0.0,29.0,47.0,25009209200,0.03431806120643906,195806.0,0.0681586978636826,0.054703476482617586,0.03750221121528392,0.0001768972227136034,0.8565363523792676,0.9304703476482618,5653.0,0.03573323898814788,0.21323529411764705,0.06952965235173825,0.9318413021363174
6804.0,6804.0,6716.0,5913.0,81.0,0.0,362.0,0.0,65.0,295.0,59.0,236.0,88.0,21.0,0.0,63.0,0.0,0.0,3.0,1.0,0.0,1.0,6796.0,475.0,159.0,0.0,0.0,0.0,33.0,0.0,0.0,8.0,34.0,0.0,17.0,36.0,0.0,31.0,316.0,0.0,0.0,0.0,0.0,0.0,16.0,33.0,0.0,22.0,93.0,28.0,95.0,29.0,6321.0,2991.0,108.0,17.0,220.0,19.0,94.0,143.0,204.0,318.0,391.0,236.0,606.0,422.0,213.0,3330.0,353.0,10.0,110.0,43.0,47.0,57.0,257.0,333.0,350.0,340.0,527.0,596.0,307.0,141259.0,2485.0,2338.0,147.0,2560.0,2122.0,18.0,26.0,0.0,0.0,0.0,0.0,24.0,370.0,0.0,2485.0,2338.0,0.0,516.0,1065.0,494.0,164.0,99.0,147.0,0.0,123.0,24.0,0.0,0.0,0.0,147.0,0.0,18.0,42.0,42.0,0.0,0.0,0.0,0.0,45.0,0.0,25009210100,0.012933568489124045,141259.0,0.1640625,0.0,0.053203997648442095,0.011904761904761904,0.8690476190476191,0.9408450704225352,6804.0,0.06989405532666275,0.30612244897959184,0.059154929577464786,0.8359375
5457.0,5457.0,5315.0,4995.0,83.0,0.0,28.0,0.0,48.0,161.0,38.0,123.0,142.0,42.0,0.0,0.0,0.0,0.0,14.0,86.0,86.0,0.0,5374.0,149.0,77.0,0.0,0.0,0.0,0.0,0.0,0.0,7.0,7.0,0.0,0.0,24.0,39.0,0.0,72.0,0.0,0.0,0.0,0.0,0.0,0.0,11.0,11.0,9.0,13.0,9.0,12.0,7.0,5225.0,2971.0,133.0,26.0,464.0,26.0,14.0,14.0,157.0,229.0,364.0,293.0,516.0,383.0,352.0,2254.0,45.0,15.0,59.0,5.0,0.0,54.0,98.0,218.0,355.0,164.0,604.0,259.0,378.0,135286.0,2015.0,1910.0,105.0,2015.0,1588.0,267.0,42.0,9.0,22.0,0.0,0.0,8.0,79.0,0.0,2015.0,1910.0,59.0,428.0,818.0,440.0,67.0,98.0,105.0,0.0,61.0,44.0,0.0,0.0,0.0,105.0,0.0,0.0,37.0,0.0,2.0,0.0,7.0,0.0,19.0,40.0,25009210200,0.026021623602712114,135286.0,0.0794044665012407,0.029280397022332507,0.005131024372365769,0.015209822246655671,0.9153380978559648,0.9478908188585607,5457.0,0.027726088574618533,0.24761904761904763,0.052109181141439205,0.9205955334987593
5095.0,5095.0,4586.0,4122.0,40.0,0.0,360.0,0.0,0.0,64.0,49.0,15.0,509.0,0.0,0.0,0.0,0.0,0.0,54.0,455.0,455.0,0.0,4952.0,472.0,171.0,0.0,0.0,0.0,0.0,17.0,0.0,16.0,0.0,71.0,30.0,2.0,18.0,17.0,301.0,0.0,0.0,0.0,0.0,0.0,0.0,0.0,0.0,66.0,16.0,0.0,30.0,189.0,4480.0,1515.0,0.0,0.0,37.0,61.0,0.0,17.0,63.0,214.0,16.0,183.0,126.0,224.0,574.0,2965.0,0.0,0.0,247.0,39.0,0.0,38.0,97.0,269.0,90.0,99.0,226.0,215.0,1645.0,62627.0,3089.0,1570.0,1519.0,3183.0,381.0,0.0,0.0,0.0,34.0,173.0,679.0,1841.0,75.0,0.0,3089.0,1570.0,252.0,826.0,393.0,99.0,0.0,0.0,1519.0,597.0,705.0,182.0,35.0,0.0,0.0,1519.0,32.0,10.0,24.0,37.0,67.0,170.0,177.0,55.0,872.0,75.0,25009210301,0.0999018645731109,62627.0,0.8803016022620169,0.27484622855292973,0.07065750736015702,0.007850834151128557,0.8090284592737979,0.5082550987374554,5095.0,0.09531502423263329,0.8387096774193549,0.4917449012625445,0.11969839773798303
4709.0,4709.0,4151.0,3539.0,298.0,0.0,30.0,0.0,125.0,159.0,63.0,96.0,558.0,207.0,0.0,0.0,0.0,0.0,51.0,300.0,172.0,128.0,4464.0,206.0,116.0,0.0,0.0,0.0,0.0,0.0,0.0,0.0,2.0,0.0,0.0,76.0,12.0,26.0,90.0,0.0,0.0,0.0,0.0,0.0,0.0,0.0,5.0,0.0,29.0,0.0,11.0,45.0,4258.0,1862.0,196.0,0.0,64.0,0.0,60.0,9.0,97.0,395.0,195.0,246.0,183.0,232.0,185.0,2396.0,239.0,10.0,137.0,67.0,8.0,8.0,220.0,609.0,174.0,194.0,298.0,272.0,160.0,122833.0,1873.0,897.0,976.0,1998.0,750.0,330.0,18.0,88.0,96.0,472.0,125.0,109.0,10.0,0.0,1873.0,897.0,8.0,185.0,428.0,163.0,113.0,0.0,976.0,38.0,444.0,465.0,0.0,29.0,0.0,976.0,0.0,9.0,259.0,96.0,59.0,92.0,24.0,108.0,289.0,40.0,25009210302,0.11849649607135272,122833.0,0.4594594594594595,0.024559530165509876,0.006370779358674878,0.06328307496283712,0.7515396050116797,0.4789108382274426,4709.0,0.04614695340501792,0.5256147540983607,0.5210891617725574,0.5405405405405406
3265.0,3265.0,2557.0,1916.0,465.0,0.0,0.0,0.0,46.0,130.0,60.0,70.0,708.0,257.0,0.0,0.0,0.0,0.0,309.0,142.0,104.0,38.0,3265.0,382.0,165.0,43.0,0.0,46.0,0.0,0.0,0.0,28.0,0.0,16.0,0.0,0.0,27.0,5.0,217.0,0.0,0.0,0.0,0.0,0.0,0.0,0.0,0.0,72.0,53.0,30.0,5.0,57.0,2883.0,1482.0,0.0,0.0,192.0,71.0,0.0,0.0,140.0,248.0,115.0,161.0,187.0,259.0,109.0,1401.0,0.0,0.0,77.0,220.0,13.0,68.0,38.0,129.0,324.0,140.0,111.0,200.0,81.0,83479.0,1365.0,523.0,842.0,1396.0,363.0,65.0,114.0,157.0,451.0,167.0,68.0,0.0,11.0,0.0,1365.0,523.0,0.0,113.0,203.0,2.0,170.0,35.0,842.0,30.0,644.0,110.0,58.0,0.0,0.0,842.0,67.0,41.0,41.0,118.0,192.0,40.0,43.0,85.0,187.0,28.0,25009210401,0.21684532924961716,83479.0,0.6934097421203438,0.02197802197802198,0.0,0.14241960183767227,0.5868300153139356,0.3831501831501832,3265.0,0.11699846860643186,0.42161520190023755,0.6168498168498169,0.30659025787965616
4256.0,4256.0,3992.0,3427.0,75.0,0.0,8.0,0.0,205.0,277.0,261.0,16.0,264.0,198.0,0.0,0.0,0.0,0.0,0.0,66.0,26.0,40.0,4235.0,300.0,110.0,8.0,0.0,0.0,0.0,0.0,10.0,13.0,0.0,0.0,30.0,30.0,19.0,0.0,190.0,9.0,0.0,0.0,0.0,0.0,29.0,0.0,10.0,67.0,15.0,35.0,0.0,25.0,3935.0,1835.0,52.0,57.0,115.0,81.0,0.0,73.0,194.0,190.0,225.0,270.0,219.0,279.0,80.0,2100.0,215.0,28.0,99.0,37.0,8.0,20.0,164.0,294.0,91.0,379.0,292.0,330.0,143.0,103075.0,1639.0,1253.0,386.0,1716.0,1212.0,44.0,165.0,97.0,55.0,115.0,0.0,28.0,0.0,0.0,1639.0,1253.0,15.0,420.0,539.0,123.0,101.0,55.0,386.0,40.0,127.0,130.0,89.0,0.0,0.0,386.0,0.0,11.0,10.0,71.0,28.0,9.0,30.0,0.0,148.0,79.0,25009210402,0.06203007518796992,103075.0,0.2680652680652681,0.03355704697986577,0.0018796992481203006,0.01762218045112782,0.8052161654135338,0.764490543014033,4256.0,0.07083825265643448,0.4844559585492228,0.23550945698596706,0.7319347319347319
7447.0,7447.0,6558.0,5563.0,303.0,0.0,391.0,0.0,36.0,265.0,47.0,218.0,889.0,97.0,0.0,0.0,0.0,0.0,76.0,716.0,677.0,39.0,7400.0,339.0,248.0,93.0,0.0,38.0,0.0,0.0,36.0,0.0,0.0,50.0,31.0,0.0,0.0,0.0,91.0,0.0,0.0,0.0,0.0,0.0,0.0,0.0,18.0,19.0,40.0,14.0,0.0,0.0,7061.0,3513.0,71.0,30.0,202.0,180.0,87.0,56.0,27.0,479.0,506.0,676.0,582.0,487.0,130.0,3548.0,166.0,50.0,303.0,98.0,0.0,100.0,168.0,219.0,468.0,499.0,737.0,487.0,253.0,157694.0,2619.0,2379.0,240.0,2674.0,2312.0,121.0,194.0,17.0,0.0,0.0,0.0,30.0,0.0,0.0,2619.0,2379.0,68.0,343.0,1081.0,595.0,264.0,28.0,240.0,46.0,46.0,148.0,0.0,0.0,0.0,240.0,33.0,10.0,57.0,0.0,0.0,0.0,17.0,48.0,59.0,16.0,25009210500,0.11937693030750637,157694.0,0.09012715033657442,0.043528064146620846,0.05250436417349268,0.040687525177924,0.7470122196857795,0.9083619702176403,7447.0,0.04581081081081081,0.5166666666666667,0.09163802978235967,0.9098728496634256
5039.0,5039.0,4081.0,3585.0,7.0,0.0,18.0,0.0,15.0,456.0,338.0,118.0,958.0,80.0,170.0,0.0,0.0,0.0,189.0,519.0,502.0,17.0,5039.0,391.0,217.0,60.0,0.0,43.0,0.0,0.0,0.0,2.0,56.0,0.0,16.0,15.0,17.0,8.0,174.0,0.0,0.0,44.0,8.0,0.0,0.0,16.0,51.0,7.0,0.0,2.0,13.0,33.0,4648.0,2295.0,52.0,48.0,276.0,74.0,25.0,93.0,342.0,146.0,405.0,260.0,259.0,222.0,93.0,2353.0,139.0,15.0,225.0,175.0,33.0,12.0,95.0,342.0,388.0,224.0,428.0,169.0,108.0,96908.0,1683.0,1101.0,582.0,1764.0,1133.0,16.0,334.0,177.0,0.0,4.0,51.0,49.0,0.0,0.0,1683.0,1101.0,0.0,238.0,632.0,115.0,36.0,80.0,582.0,75.0,269.0,136.0,56.0,46.0,0.0,582.0,79.0,49.0,64.0,24.0,38.0,7.0,47.0,139.0,110.0,25.0,25009210600,0.19011708672355626,96908.0,0.3486394557823129,0.044563279857397504,0.0035721373288350863,0.0013891645167692002,0.7114506846596547,0.6541889483065954,5039.0,0.07759476086525104,0.520618556701031,0.34581105169340465,0.6513605442176871
4353.0,4353.0,2566.0,1780.0,469.0,0.0,37.0,0.0,58.0,222.0,118.0,104.0,1787.0,233.0,0.0,116.0,0.0,0.0,428.0,1010.0,588.0,422.0,4353.0,545.0,271.0,0.0,0.0,0.0,24.0,0.0,0.0,164.0,0.0,25.0,10.0,13.0,0.0,35.0,274.0,0.0,0.0,0.0,0.0,38.0,0.0,22.0,0.0,70.0,103.0,21.0,12.0,8.0,3808.0,1878.0,184.0,0.0,52.0,89.0,44.0,76.0,263.0,110.0,436.0,226.0,218.0,98.0,82.0,1930.0,107.0,27.0,285.0,136.0,0.0,14.0,216.0,167.0,420.0,169.0,179.0,110.0,100.0,70669.0,1675.0,800.0,875.0,1758.0,495.0,164.0,333.0,307.0,189.0,80.0,178.0,12.0,0.0,0.0,1675.0,800.0,43.0,339.0,241.0,171.0,6.0,0.0,875.0,107.0,633.0,43.0,84.0,8.0,0.0,875.0,77.0,42.0,81.0,66.0,147.0,0.0,22.0,53.0,335.0,52.0,25009210700,0.41052147943946704,70669.0,0.6251422070534699,0.08955223880597014,0.008499885136687342,0.10774178727314496,0.40891339306225594,0.47761194029850745,4353.0,0.1252010107971514,0.4685714285714286,0.5223880597014925,0.37485779294653016
4155.0,4155.0,2837.0,2062.0,192.0,0.0,93.0,0.0,25.0,465.0,204.0,261.0,1318.0,37.0,21.0,0.0,0.0,0.0,675.0,585.0,549.0,36.0,4083.0,507.0,205.0,0.0,0.0,0.0,0.0,0.0,0.0,65.0,77.0,31.0,0.0,15.0,17.0,0.0,302.0,0.0,0.0,0.0,30.0,0.0,0.0,0.0,51.0,29.0,0.0,42.0,14.0,136.0,3576.0,1987.0,241.0,0.0,89.0,30.0,0.0,30.0,90.0,190.0,390.0,153.0,477.0,213.0,84.0,1589.0,67.0,0.0,9.0,79.0,0.0,14.0,183.0,130.0,214.0,220.0,320.0,226.0,127.0,67733.0,2120.0,979.0,1141.0,2181.0,378.0,89.0,361.0,160.0,100.0,91.0,236.0,766.0,0.0,0.0,2120.0,979.0,49.0,362.0,445.0,36.0,37.0,50.0,1141.0,218.0,564.0,319.0,9.0,31.0,0.0,1141.0,12.0,53.0,20.0,122.0,183.0,197.0,63.0,122.0,301.0,68.0,25009210800,0.317208182912154,67733.0,0.7858780375974324,0.1259433962264151,0.022382671480144403,0.046209386281588445,0.49626955475330925,0.46179245283018866,4155.0,0.12417340191036003,0.5985977212971078,0.5382075471698113,0.21412196240256762
4115.0,4115.0,3377.0,2773.0,339.0,0.0,25.0,0.0,30.0,210.0,169.0,41.0,738.0,342.0,0.0,0.0,0.0,0.0,28.0,368.0,368.0,0.0,4030.0,366.0,92.0,0.0,0.0,0.0,0.0,0.0,0.0,0.0,50.0,1.0,0.0,1.0,22.0,18.0,274.0,0.0,0.0,0.0,0.0,0.0,0.0,0.0,102.0,0.0,0.0,35.0,128.0,9.0,3664.0,1848.0,162.0,0.0,110.0,0.0,0.0,21.0,123.0,384.0,191.0,204.0,320.0,193.0,140.0,1816.0,74.0,13.0,120.0,38.0,5.0,14.0,107.0,215.0,251.0,258.0,236.0,239.0,246.0,82299.0,1827.0,938.0,889.0,1836.0,966.0,6.0,468.0,123.0,37.0,0.0,110.0,126.0,0.0,0.0,1827.0,938.0,20.0,176.0,443.0,253.0,44.0,2.0,889.0,248.0,409.0,157.0,6.0,69.0,0.0,889.0,151.0,97.0,27.0,180.0,98.0,0.0,46.0,49.0,205.0,36.0,25009210900,0.1793438639125152,82299.0,0.47058823529411764,0.14668856048166393,0.006075334143377886,0.08238153098420413,0.673876063183475,0.5134099616858238,4115.0,0.09081885856079404,0.3374578177727784,0.48659003831417624,0.5294117647058824
3890.0,3890.0,3786.0,3296.0,254.0,0.0,124.0,0.0,0.0,112.0,56.0,56.0,104.0,34.0,0.0,0.0,0.0,0.0,18.0,52.0,32.0,20.0,3621.0,384.0,136.0,0.0,0.0,0.0,0.0,0.0,45.0,0.0,0.0,37.0,7.0,32.0,15.0,0.0,248.0,0.0,0.0,0.0,0.0,0.0,21.0,59.0,12.0,0.0,35.0,56.0,39.0,26.0,3237.0,1662.0,67.0,0.0,50.0,107.0,0.0,37.0,39.0,236.0,218.0,170.0,291.0,211.0,236.0,1575.0,8.0,12.0,15.0,43.0,9.0,43.0,195.0,209.0,248.0,152.0,264.0,227.0,150.0,109310.0,1598.0,1118.0,480.0,1686.0,983.0,94.0,78.0,85.0,208.0,61.0,20.0,147.0,10.0,0.0,1598.0,1118.0,23.0,221.0,616.0,153.0,65.0,40.0,480.0,93.0,173.0,191.0,8.0,15.0,0.0,480.0,0.0,37.0,62.0,50.0,21.0,18.0,10.0,11.0,246.0,25.0,25009211100,0.02673521850899743,109310.0,0.3612099644128114,0.07259073842302878,0.031876606683804626,0.06529562982005141,0.8473007712082262,0.6996245306633292,3890.0,0.1060480530240265,0.59375,0.30037546933667086,0.6387900355871886
2887.0,2887.0,2867.0,2798.0,26.0,0.0,0.0,0.0,22.0,21.0,0.0,21.0,20.0,0.0,0.0,0.0,0.0,0.0,11.0,9.0,9.0,0.0,2887.0,49.0,11.0,0.0,0.0,0.0,0.0,0.0,0.0,0.0,0.0,0.0,0.0,11.0,0.0,0.0,38.0,0.0,0.0,0.0,0.0,0.0,0.0,0.0,0.0,0.0,0.0,0.0,0.0,38.0,2838.0,1647.0,67.0,8.0,25.0,88.0,12.0,215.0,333.0,124.0,141.0,285.0,119.0,167.0,63.0,1191.0,20.0,0.0,15.0,49.0,0.0,35.0,12.0,319.0,158.0,277.0,104.0,144.0,58.0,141193.0,1026.0,630.0,396.0,1195.0,603.0,136.0,107.0,76.0,57.0,51.0,149.0,16.0,0.0,0.0,1026.0,630.0,9.0,170.0,207.0,131.0,113.0,0.0,396.0,8.0,138.0,170.0,0.0,80.0,0.0,396.0,37.0,98.0,169.0,21.0,23.0,9.0,9.0,15.0,15.0,0.0,25009211201,0.006927606511950121,141193.0,0.3815899581589958,0.016569200779727095,0.0,0.009005888465535157,0.969172151021822,0.6140350877192983,2887.0,0.016972635954277795,0.12121212121212122,0.38596491228070173,0.6184100418410042
3951.0,3951.0,3539.0,3274.0,31.0,0.0,68.0,0.0,66.0,100.0,52.0,48.0,412.0,54.0,0.0,0.0,0.0,0.0,205.0,153.0,91.0,62.0,3938.0,353.0,106.0,0.0,0.0,20.0,16.0,0.0,9.0,0.0,0.0,2.0,0.0,17.0,6.0,36.0,247.0,0.0,21.0,42.0,21.0,0.0,18.0,11.0,0.0,45.0,8.0,9.0,38.0,34.0,3585.0,1718.0,145.0,0.0,91.0,0.0,0.0,48.0,151.0,263.0,231.0,269.0,253.0,141.0,126.0,1867.0,49.0,0.0,107.0,47.0,0.0,55.0,184.0,127.0,299.0,272.0,410.0,229.0,88.0,100099.0,1617.0,964.0,653.0,1666.0,565.0,162.0,284.0,109.0,295.0,160.0,91.0,0.0,0.0,0.0,1617.0,964.0,17.0,278.0,406.0,194.0,40.0,29.0,653.0,28.0,422.0,87.0,73.0,43.0,0.0,653.0,0.0,100.0,69.0,50.0,95.0,87.0,119.0,44.0,80.0,9.0,25009211202,0.10427739812705644,100099.0,0.563625450180072,0.027829313543599257,0.017210832700582133,0.007846114907618324,0.8286509744368514,0.5961657390228818,3951.0,0.08963941086846115,0.5053598774885145,0.4038342609771181,0.43637454981992796
7344.0,7344.0,7300.0,6823.0,141.0,0.0,75.0,45.0,0.0,216.0,123.0,93.0,44.0,23.0,0.0,16.0,0.0,0.0,5.0,0.0,0.0,0.0,7159.0,181.0,61.0,0.0,0.0,0.0,0.0,0.0,0.0,0.0,31.0,0.0,0.0,0.0,12.0,18.0,120.0,18.0,0.0,0.0,0.0,0.0,0.0,0.0,19.0,0.0,31.0,0.0,0.0,52.0,6978.0,3016.0,58.0,53.0,155.0,73.0,18.0,141.0,346.0,162.0,410.0,267.0,706.0,320.0,307.0,3962.0,291.0,77.0,320.0,78.0,0.0,162.0,164.0,270.0,542.0,441.0,779.0,441.0,397.0,134899.0,2525.0,2180.0,345.0,2525.0,2203.0,67.0,11.0,0.0,33.0,0.0,97.0,99.0,0.0,15.0,2525.0,2180.0,46.0,310.0,1007.0,427.0,361.0,29.0,345.0,162.0,105.0,36.0,42.0,0.0,0.0,345.0,26.0,0.0,0.0,64.0,0.0,45.0,21.0,13.0,161.0,15.0,25009211300,0.005991285403050109,134899.0,0.09504950495049505,0.08237623762376238,0.010212418300653595,0.01919934640522876,0.929057734204793,0.8633663366336634,7344.0,0.02528286073473949,0.6956521739130435,0.13663366336633664,0.899009900990099
4141.0,4141.0,3671.0,3483.0,21.0,0.0,54.0,0.0,58.0,55.0,9.0,46.0,470.0,73.0,8.0,0.0,0.0,0.0,129.0,260.0,153.0,107.0,4087.0,269.0,81.0,5.0,0.0,0.0,18.0,0.0,0.0,33.0,12.0,6.0,7.0,0.0,0.0,0.0,188.0,0.0,8.0,17.0,0.0,0.0,0.0,0.0,33.0,68.0,33.0,0.0,0.0,29.0,3818.0,1663.0,76.0,0.0,118.0,33.0,17.0,33.0,95.0,137.0,287.0,233.0,280.0,161.0,193.0,2155.0,55.0,30.0,119.0,104.0,52.0,34.0,69.0,268.0,440.0,304.0,281.0,212.0,187.0,107750.0,1666.0,727.0,939.0,1744.0,507.0,65.0,78.0,68.0,62.0,134.0,462.0,321.0,47.0,0.0,1666.0,727.0,45.0,210.0,279.0,152.0,41.0,0.0,939.0,109.0,354.0,425.0,51.0,0.0,0.0,939.0,14.0,64.0,138.0,88.0,70.0,151.0,68.0,167.0,158.0,21.0,25009211401,0.11349915479352814,107750.0,0.6720183486238532,0.09243697478991597,0.01304032842308621,0.005071238831200193,0.8411011832890606,0.43637454981992796,4141.0,0.06581844873990703,0.5793397231096912,0.563625450180072,0.32798165137614677
5885.0,5885.0,5395.0,4896.0,32.0,0.0,175.0,0.0,89.0,203.0,14.0,189.0,490.0,226.0,0.0,0.0,0.0,0.0,69.0,195.0,195.0,0.0,5836.0,86.0,24.0,0.0,0.0,0.0,0.0,0.0,0.0,0.0,0.0,13.0,0.0,1.0,0.0,10.0,62.0,0.0,0.0,0.0,0.0,0.0,0.0,0.0,24.0,0.0,0.0,0.0,12.0,26.0,5750.0,2681.0,115.0,0.0,87.0,0.0,23.0,89.0,130.0,518.0,372.0,205.0,401.0,582.0,159.0,3069.0,128.0,21.0,156.0,180.0,37.0,61.0,233.0,471.0,340.0,268.0,426.0,471.0,277.0,140400.0,2573.0,2000.0,573.0,2720.0,1782.0,174.0,242.0,150.0,128.0,27.0,141.0,0.0,76.0,0.0,2573.0,2000.0,9.0,720.0,709.0,374.0,148.0,40.0,573.0,74.0,318.0,169.0,12.0,0.0,0.0,573.0,96.0,162.0,21.0,56.0,61.0,0.0,0.0,107.0,59.0,11.0,25009211402,0.08326253186066271,140400.0,0.28088235294117647,0.03225806451612903,0.029736618521665252,0.005437553101104503,0.831945624468989,0.777302759424796,5885.0,0.014736120630568882,0.28970331588132636,0.22269724057520404,0.7191176470588235
4809.0,4809.0,3965.0,3446.0,148.0,3.0,283.0,1.0,29.0,55.0,24.0,31.0,844.0,111.0,11.0,0.0,0.0,0.0,109.0,613.0,348.0,265.0,3794.0,236.0,121.0,0.0,0.0,0.0,0.0,0.0,0.0,2.0,37.0,35.0,0.0,26.0,13.0,8.0,115.0,0.0,0.0,0.0,0.0,0.0,0.0,38.0,0.0,0.0,9.0,40.0,0.0,28.0,3558.0,1887.0,80.0,18.0,128.0,97.0,11.0,66.0,96.0,215.0,324.0,220.0,302.0,185.0,145.0,1671.0,87.0,0.0,85.0,28.0,9.0,9.0,122.0,175.0,220.0,202.0,344.0,133.0,257.0,164423.0,1510.0,1408.0,102.0,1638.0,1107.0,150.0,60.0,78.0,18.0,8.0,24.0,193.0,0.0,0.0,1510.0,1408.0,27.0,357.0,538.0,340.0,109.0,37.0,102.0,0.0,56.0,46.0,0.0,0.0,0.0,102.0,34.0,12.0,0.0,0.0,10.0,0.0,0.0,0.0,46.0,0.0,25009212101,0.17550426284050738,164423.0,0.2326007326007326,0.017880794701986755,0.05884799334580994,0.03077562902890414,0.7165730921189436,0.9324503311258279,4809.0,0.06220347917764892,0.45098039215686275,0.06754966887417219,0.7673992673992674
5007.0,5007.0,4972.0,4592.0,64.0,6.0,225.0,0.0,42.0,43.0,25.0,18.0,35.0,23.0,0.0,0.0,0.0,0.0,0.0,12.0,12.0,0.0,5007.0,64.0,16.0,0.0,0.0,0.0,0.0,0.0,0.0,0.0,5.0,1.0,2.0,3.0,3.0,2.0,48.0,0.0,0.0,0.0,0.0,0.0,0.0,0.0,1.0,11.0,2.0,1.0,20.0,13.0,4943.0,2678.0,137.0,70.0,170.0,185.0,0.0,56.0,280.0,287.0,305.0,296.0,419.0,178.0,295.0,2265.0,49.0,7.0,222.0,24.0,12.0,108.0,71.0,175.0,308.0,462.0,331.0,276.0,220.0,177500.0,1662.0,1534.0,128.0,1662.0,1361.0,181.0,54.0,13.0,46.0,0.0,0.0,0.0,7.0,0.0,1662.0,1534.0,10.0,192.0,783.0,210.0,292.0,47.0,128.0,0.0,32.0,86.0,10.0,0.0,0.0,128.0,10.0,39.0,0.0,0.0,66.0,0.0,13.0,0.0,0.0,0.0,25009212102,0.006990213700818854,177500.0,0.07220216606498195,0.006016847172081829,0.04493708807669263,0.012782105052925903,0.9171160375474335,0.9229843561973526,5007.0,0.012782105052925903,0.1015625,0.07701564380264742,0.927797833935018
8208.0,8208.0,8075.0,7499.0,25.0,0.0,90.0,0.0,48.0,413.0,290.0,123.0,133.0,11.0,0.0,0.0,0.0,0.0,73.0,49.0,49.0,0.0,8208.0,255.0,189.0,0.0,0.0,11.0,0.0,0.0,0.0,84.0,0.0,25.0,4.0,1.0,64.0,0.0,66.0,0.0,0.0,12.0,23.0,0.0,0.0,0.0,0.0,22.0,0.0,0.0,9.0,0.0,7953.0,4162.0,85.0,58.0,443.0,155.0,170.0,200.0,95.0,321.0,370.0,699.0,724.0,592.0,250.0,3791.0,120.0,7.0,398.0,121.0,58.0,88.0,270.0,223.0,438.0,663.0,581.0,461.0,363.0,200871.0,2762.0,2622.0,140.0,2889.0,2562.0,126.0,20.0,80.0,43.0,0.0,9.0,49.0,0.0,0.0,2762.0,2622.0,35.0,318.0,1184.0,700.0,337.0,48.0,140.0,0.0,84.0,56.0,0.0,0.0,0.0,140.0,0.0,28.0,0.0,13.0,0.0,64.0,0.0,0.0,20.0,15.0,25009213100,0.016203703703703703,200871.0,0.0695742471443406,0.012671976828385228,0.010964912280701754,0.0030458089668615983,0.9136208576998051,0.9493120926864591,8208.0,0.031067251461988302,0.6,0.05068790731354091,0.9304257528556594
6564.0,6564.0,6202.0,5690.0,86.0,0.0,306.0,0.0,0.0,120.0,16.0,104.0,362.0,116.0,0.0,0.0,34.0,0.0,10.0,202.0,202.0,0.0,6468.0,488.0,180.0,13.0,14.0,43.0,0.0,0.0,21.0,0.0,4.0,69.0,0.0,0.0,16.0,0.0,308.0,0.0,0.0,56.0,0.0,0.0,0.0,0.0,16.0,113.0,47.0,34.0,0.0,42.0,5980.0,3010.0,132.0,10.0,158.0,133.0,120.0,194.0,158.0,297.0,402.0,350.0,414.0,366.0,276.0,2970.0,289.0,53.0,184.0,98.0,29.0,84.0,90.0,354.0,412.0,306.0,395.0,416.0,260.0,195718.0,2186.0,1976.0,210.0,2263.0,1942.0,133.0,0.0,131.0,0.0,57.0,0.0,0.0,0.0,0.0,2186.0,1976.0,42.0,194.0,1094.0,568.0,54.0,24.0,210.0,0.0,162.0,25.0,23.0,0.0,0.0,210.0,44.0,25.0,0.0,0.0,53.0,57.0,0.0,31.0,0.0,0.0,25009214100,0.05514929920780012,195718.0,0.0830755634114008,0.0192131747483989,0.04661791590493602,0.013101767215112737,0.8668494820231566,0.9039341262580055,6564.0,0.07544836116264687,0.41904761904761906,0.09606587374199452,0.9169244365885992
4657.0,4657.0,4594.0,4040.0,223.0,0.0,198.0,0.0,19.0,114.0,7.0,107.0,63.0,63.0,0.0,0.0,0.0,0.0,0.0,0.0,0.0,0.0,4450.0,441.0,306.0,82.0,0.0,35.0,35.0,37.0,0.0,0.0,20.0,82.0,0.0,0.0,7.0,8.0,135.0,0.0,0.0,35.0,0.0,10.0,0.0,0.0,28.0,33.0,29.0,0.0,0.0,0.0,4009.0,1938.0,65.0,13.0,208.0,76.0,19.0,28.0,114.0,202.0,163.0,246.0,292.0,262.0,250.0,2071.0,84.0,0.0,231.0,51.0,65.0,36.0,41.0,157.0,280.0,278.0,268.0,382.0,198.0,125547.0,1581.0,1265.0,316.0,1711.0,1375.0,44.0,69.0,47.0,0.0,27.0,105.0,44.0,0.0,0.0,1581.0,1265.0,0.0,415.0,505.0,244.0,62.0,39.0,316.0,0.0,222.0,86.0,0.0,0.0,8.0,316.0,32.0,0.0,19.0,31.0,21.0,0.0,0.0,0.0,192.0,21.0,25009215101,0.013528022331973373,125547.0,0.1706604324956166,0.0,0.04251664161477346,0.047884904444921626,0.8675112733519433,0.8001265022137888,4657.0,0.09910112359550562,0.6075949367088608,0.19987349778621125,0.8293395675043834
2943.0,2943.0,2901.0,2811.0,40.0,0.0,50.0,0.0,0.0,0.0,0.0,0.0,42.0,28.0,0.0,0.0,0.0,0.0,0.0,14.0,14.0,0.0,2943.0,134.0,63.0,11.0,0.0,0.0,0.0,0.0,0.0,0.0,21.0,0.0,2.0,19.0,0.0,10.0,71.0,0.0,12.0,11.0,0.0,0.0,0.0,8.0,2.0,20.0,0.0,0.0,10.0,8.0,2809.0,1361.0,58.0,0.0,124.0,120.0,27.0,25.0,82.0,83.0,178.0,223.0,163.0,222.0,56.0,1448.0,58.0,33.0,138.0,91.0,0.0,7.0,158.0,83.0,263.0,168.0,201.0,197.0,51.0,147745.0,1063.0,974.0,89.0,1119.0,1002.0,28.0,58.0,0.0,31.0,0.0,0.0,0.0,0.0,0.0,1063.0,974.0,19.0,239.0,477.0,206.0,25.0,8.0,89.0,0.0,40.0,18.0,0.0,12.0,19.0,89.0,0.0,12.0,10.0,0.0,0.0,0.0,30.0,0.0,19.0,18.0,25009215102,0.014271151885830785,147745.0,0.07953529937444147,0.017873941674506115,0.016989466530750934,0.013591573224600747,0.9551478083588175,0.916274694261524,2943.0,0.045531770302412504,0.550561797752809,0.08372530573847602,0.9204647006255585
4929.0,4929.0,4653.0,4366.0,85.0,0.0,111.0,0.0,22.0,69.0,13.0,56.0,276.0,88.0,0.0,15.0,7.0,0.0,11.0,155.0,95.0,60.0,3675.0,135.0,61.0,0.0,0.0,0.0,0.0,5.0,0.0,0.0,22.0,0.0,18.0,7.0,9.0,0.0,74.0,0.0,0.0,0.0,0.0,0.0,0.0,1.0,22.0,0.0,0.0,5.0,25.0,21.0,3540.0,1766.0,69.0,10.0,177.0,124.0,23.0,92.0,118.0,119.0,257.0,326.0,128.0,227.0,96.0,1774.0,123.0,0.0,170.0,44.0,14.0,63.0,158.0,81.0,255.0,252.0,271.0,200.0,143.0,194781.0,1279.0,1096.0,183.0,1334.0,1046.0,80.0,53.0,24.0,82.0,8.0,6.0,35.0,0.0,0.0,1279.0,1096.0,0.0,141.0,502.0,372.0,18.0,63.0,183.0,50.0,79.0,54.0,0.0,0.0,0.0,183.0,0.0,36.0,0.0,12.0,53.0,19.0,0.0,34.0,24.0,5.0,25009216100,0.05599513085818624,194781.0,0.15592203898050974,0.039093041438623924,0.02251978088861838,0.017244877257050113,0.8857780482856563,0.8569194683346364,4929.0,0.036734693877551024,0.4207650273224044,0.14308053166536355,0.8440779610194903
4441.0,4441.0,4255.0,4039.0,60.0,0.0,45.0,0.0,12.0,99.0,18.0,81.0,186.0,14.0,0.0,36.0,125.0,0.0,3.0,8.0,8.0,0.0,4228.0,652.0,211.0,0.0,0.0,124.0,11.0,0.0,0.0,17.0,2.0,0.0,57.0,0.0,0.0,0.0,441.0,0.0,0.0,128.0,127.0,11.0,0.0,0.0,124.0,18.0,0.0,10.0,23.0,0.0,3576.0,1777.0,53.0,20.0,165.0,129.0,13.0,11.0,174.0,144.0,374.0,156.0,267.0,190.0,81.0,1799.0,100.0,41.0,193.0,70.0,49.0,87.0,91.0,232.0,246.0,213.0,233.0,173.0,71.0,131899.0,1579.0,1090.0,489.0,1727.0,1058.0,246.0,26.0,70.0,73.0,66.0,77.0,111.0,0.0,0.0,1579.0,1090.0,9.0,260.0,540.0,156.0,84.0,41.0,489.0,220.0,121.0,148.0,0.0,0.0,0.0,489.0,33.0,21.0,26.0,15.0,28.0,25.0,42.0,144.0,109.0,46.0,25009217101,0.04188245890565188,131899.0,0.2449334105385061,0.14502849905003168,0.01013285296104481,0.013510470614726412,0.909479846881333,0.6903103229892337,4441.0,0.15421002838221382,0.65439672801636,0.30968967701076633,0.755066589461494
3013.0,3013.0,2703.0,2208.0,339.0,16.0,45.0,0.0,0.0,95.0,63.0,32.0,310.0,0.0,0.0,0.0,0.0,0.0,220.0,90.0,90.0,0.0,2962.0,118.0,55.0,0.0,8.0,0.0,0.0,0.0,0.0,0.0,0.0,3.0,11.0,11.0,0.0,22.0,63.0,0.0,0.0,0.0,0.0,0.0,24.0,0.0,3.0,0.0,0.0,0.0,2.0,34.0,2844.0,1288.0,25.0,8.0,129.0,0.0,31.0,0.0,11.0,211.0,87.0,329.0,261.0,35.0,161.0,1556.0,123.0,15.0,65.0,21.0,0.0,126.0,93.0,151.0,254.0,94.0,222.0,163.0,229.0,96667.0,1260.0,602.0,658.0,1260.0,554.0,76.0,72.0,49.0,87.0,115.0,76.0,231.0,0.0,0.0,1260.0,602.0,43.0,199.0,256.0,93.0,0.0,11.0,658.0,97.0,456.0,105.0,0.0,0.0,0.0,658.0,0.0,0.0,80.0,47.0,167.0,68.0,58.0,7.0,203.0,28.0,25009217102,0.10288748755393295,96667.0,0.5,0.1111111111111111,0.014935280451377365,0.11251244606704282,0.732824427480916,0.4777777777777778,3013.0,0.039837947332883185,0.5106382978723404,0.5222222222222223,0.5
4306.0,4306.0,4146.0,3814.0,17.0,0.0,62.0,0.0,26.0,227.0,115.0,112.0,160.0,74.0,0.0,0.0,15.0,0.0,16.0,55.0,55.0,0.0,4306.0,157.0,88.0,0.0,0.0,0.0,0.0,0.0,0.0,4.0,3.0,0.0,11.0,0.0,70.0,0.0,69.0,0.0,0.0,0.0,0.0,0.0,0.0,0.0,12.0,0.0,0.0,33.0,8.0,16.0,4149.0,2030.0,141.0,22.0,209.0,106.0,0.0,21.0,54.0,309.0,322.0,246.0,287.0,247.0,66.0,2119.0,113.0,27.0,150.0,51.0,45.0,35.0,109.0,359.0,327.0,147.0,381.0,195.0,180.0,129167.0,1750.0,1213.0,537.0,1784.0,1150.0,11.0,0.0,46.0,197.0,218.0,62.0,100.0,0.0,0.0,1750.0,1213.0,0.0,253.0,689.0,199.0,51.0,21.0,537.0,26.0,386.0,112.0,13.0,0.0,0.0,537.0,6.0,38.0,0.0,102.0,139.0,84.0,0.0,48.0,104.0,16.0,25009217201,0.03715745471435207,129167.0,0.3492152466367713,0.014857142857142857,0.014398513701811427,0.003947979563399907,0.8857408267533674,0.6931428571428572,4306.0,0.03646075243845796,0.43947858472998136,0.3068571428571429,0.6507847533632287
3550.0,3550.0,3477.0,3184.0,84.0,0.0,28.0,0.0,0.0,181.0,40.0,141.0,73.0,38.0,9.0,0.0,0.0,0.0,0.0,26.0,10.0,16.0,3550.0,89.0,52.0,0.0,0.0,0.0,0.0,0.0,0.0,0.0,0.0,0.0,0.0,0.0,52.0,0.0,37.0,0.0,0.0,0.0,0.0,0.0,0.0,0.0,0.0,0.0,0.0,0.0,37.0,0.0,3461.0,1779.0,132.0,18.0,184.0,51.0,29.0,14.0,48.0,147.0,313.0,115.0,319.0,195.0,214.0,1682.0,214.0,20.0,95.0,35.0,0.0,0.0,56.0,206.0,235.0,109.0,316.0,305.0,91.0,147344.0,1397.0,1249.0,148.0,1461.0,1219.0,7.0,119.0,9.0,0.0,0.0,57.0,50.0,0.0,0.0,1397.0,1249.0,29.0,165.0,875.0,103.0,77.0,0.0,148.0,68.0,54.0,26.0,0.0,0.0,0.0,148.0,0.0,0.0,26.0,31.0,50.0,0.0,0.0,12.0,15.0,14.0,25009217202,0.02056338028169014,147344.0,0.16084873374401096,0.06943450250536864,0.007887323943661971,0.023661971830985916,0.8969014084507042,0.8940586972083036,3550.0,0.025070422535211266,0.18243243243243243,0.10594130279169649,0.839151266255989
4996.0,4996.0,3990.0,3260.0,443.0,0.0,97.0,0.0,0.0,190.0,36.0,154.0,1006.0,284.0,0.0,249.0,0.0,0.0,87.0,386.0,147.0,239.0,4996.0,699.0,332.0,35.0,0.0,0.0,64.0,0.0,0.0,1.0,25.0,21.0,60.0,92.0,34.0,0.0,367.0,50.0,0.0,81.0,0.0,37.0,0.0,11.0,3.0,90.0,28.0,29.0,38.0,0.0,4297.0,2175.0,230.0,65.0,169.0,118.0,49.0,14.0,215.0,299.0,278.0,178.0,177.0,257.0,126.0,2122.0,99.0,0.0,197.0,101.0,33.0,67.0,131.0,370.0,407.0,245.0,143.0,184.0,145.0,92024.0,2054.0,784.0,1270.0,2123.0,637.0,92.0,209.0,528.0,131.0,27.0,267.0,232.0,0.0,0.0,2054.0,784.0,12.0,147.0,491.0,87.0,28.0,19.0,1270.0,298.0,656.0,246.0,49.0,21.0,0.0,1270.0,100.0,147.0,41.0,84.0,277.0,160.0,34.0,100.0,266.0,61.0,25009217300,0.20136108887109688,92024.0,0.6566179934055582,0.15092502434274585,0.019415532425940754,0.08867093674939952,0.6525220176140912,0.38169425511197663,4996.0,0.1399119295436349,0.4409448818897638,0.6183057448880234,0.34338200659444185
2614.0,2614.0,2358.0,2252.0,15.0,0.0,26.0,0.0,0.0,65.0,0.0,65.0,256.0,0.0,0.0,0.0,0.0,0.0,97.0,159.0,159.0,0.0,2593.0,423.0,177.0,0.0,0.0,30.0,0.0,0.0,0.0,30.0,7.0,40.0,0.0,25.0,45.0,0.0,246.0,0.0,0.0,30.0,0.0,0.0,0.0,60.0,0.0,22.0,92.0,42.0,0.0,0.0,2170.0,973.0,55.0,0.0,8.0,0.0,0.0,13.0,47.0,329.0,154.0,14.0,111.0,128.0,114.0,1197.0,19.0,0.0,25.0,0.0,37.0,0.0,175.0,234.0,115.0,60.0,165.0,231.0,136.0,71840.0,1442.0,258.0,1184.0,1493.0,158.0,32.0,150.0,392.0,179.0,201.0,49.0,332.0,0.0,0.0,1442.0,258.0,0.0,120.0,101.0,0.0,37.0,0.0,1184.0,250.0,697.0,237.0,0.0,0.0,0.0,1184.0,0.0,59.0,103.0,117.0,114.0,203.0,75.0,100.0,353.0,60.0,25009217401,0.09793420045906656,71840.0,0.8727394507702613,0.17337031900138697,0.009946442234123947,0.005738332058148432,0.8615149196633511,0.17891816920943135,2614.0,0.1631315079059005,0.6173986486486487,0.8210818307905686,0.12726054922973878
3504.0,3504.0,3350.0,2886.0,152.0,0.0,36.0,0.0,120.0,156.0,48.0,108.0,154.0,73.0,0.0,0.0,0.0,0.0,14.0,67.0,67.0,0.0,3504.0,407.0,186.0,0.0,0.0,31.0,0.0,0.0,0.0,0.0,24.0,8.0,0.0,39.0,38.0,46.0,221.0,47.0,0.0,0.0,0.0,0.0,0.0,29.0,33.0,0.0,54.0,40.0,11.0,7.0,3097.0,1520.0,74.0,0.0,71.0,16.0,0.0,0.0,96.0,446.0,266.0,140.0,131.0,155.0,125.0,1577.0,23.0,0.0,55.0,68.0,0.0,0.0,154.0,340.0,276.0,132.0,277.0,153.0,99.0,91159.0,1962.0,850.0,1112.0,1990.0,251.0,13.0,127.0,507.0,492.0,175.0,126.0,291.0,0.0,8.0,1962.0,850.0,15.0,482.0,283.0,62.0,8.0,0.0,1112.0,193.0,531.0,350.0,38.0,0.0,0.0,1112.0,15.0,80.0,84.0,118.0,149.0,94.0,82.0,43.0,263.0,184.0,25009217402,0.043949771689497714,91159.0,0.8633165829145729,0.10601427115188583,0.010273972602739725,0.04337899543378995,0.8236301369863014,0.4332313965341488,3504.0,0.11615296803652968,0.43345323741007197,0.5667686034658511,0.13266331658291458
6754.0,6754.0,6535.0,5744.0,54.0,0.0,200.0,0.0,0.0,537.0,120.0,417.0,219.0,52.0,50.0,22.0,0.0,0.0,53.0,42.0,22.0,20.0,6271.0,520.0,132.0,0.0,0.0,67.0,0.0,0.0,0.0,36.0,14.0,15.0,0.0,0.0,0.0,0.0,388.0,0.0,0.0,0.0,16.0,16.0,14.0,18.0,55.0,4.0,46.0,219.0,0.0,0.0,5751.0,3114.0,324.0,103.0,153.0,44.0,0.0,24.0,198.0,517.0,338.0,356.0,647.0,270.0,140.0,2637.0,76.0,0.0,101.0,69.0,12.0,93.0,116.0,415.0,418.0,225.0,490.0,344.0,278.0,110429.0,2840.0,1912.0,928.0,3012.0,1656.0,86.0,265.0,558.0,113.0,79.0,199.0,56.0,0.0,0.0,2840.0,1912.0,167.0,495.0,964.0,233.0,53.0,0.0,928.0,274.0,352.0,281.0,21.0,0.0,0.0,928.0,32.0,77.0,36.0,90.0,102.0,280.0,137.0,0.0,145.0,29.0,25009217500,0.032425229493633405,110429.0,0.4216467463479416,0.15528169014084506,0.029612081729345572,0.007995262066923305,0.8504589872668049,0.6732394366197183,6754.0,0.0829213841492585,0.6056034482758621,0.3267605633802817,0.5783532536520585
4157.0,4157.0,4024.0,3696.0,5.0,0.0,118.0,0.0,48.0,157.0,96.0,61.0,133.0,97.0,0.0,0.0,0.0,0.0,20.0,16.0,0.0,16.0,3952.0,380.0,176.0,0.0,7.0,58.0,0.0,0.0,0.0,0.0,0.0,7.0,34.0,10.0,40.0,20.0,204.0,0.0,0.0,0.0,0.0,0.0,0.0,23.0,0.0,27.0,0.0,27.0,18.0,109.0,3572.0,1851.0,159.0,17.0,117.0,11.0,5.0,58.0,149.0,251.0,193.0,169.0,261.0,277.0,184.0,1721.0,92.0,3.0,70.0,59.0,46.0,14.0,118.0,66.0,226.0,198.0,299.0,253.0,277.0,114940.0,1523.0,1203.0,320.0,1566.0,1241.0,48.0,47.0,11.0,10.0,9.0,64.0,136.0,0.0,0.0,1523.0,1203.0,39.0,282.0,570.0,143.0,152.0,17.0,320.0,80.0,240.0,0.0,0.0,0.0,0.0,320.0,0.0,0.0,32.0,39.0,47.0,44.0,0.0,7.0,136.0,15.0,25009217601,0.03199422660572528,114940.0,0.1768837803320562,0.07813525935653316,0.02838585518402694,0.0012027904738994466,0.889102718306471,0.7898883782009193,4157.0,0.09615384615384616,0.584375,0.21011162179908077,0.8231162196679438
5330.0,5330.0,5212.0,4889.0,40.0,22.0,58.0,0.0,8.0,195.0,77.0,118.0,118.0,67.0,6.0,0.0,0.0,0.0,36.0,9.0,8.0,1.0,2700.0,211.0,124.0,33.0,0.0,0.0,0.0,0.0,0.0,11.0,0.0,39.0,0.0,14.0,9.0,18.0,87.0,34.0,0.0,0.0,0.0,0.0,0.0,0.0,0.0,0.0,0.0,27.0,21.0,5.0,2489.0,1135.0,35.0,0.0,33.0,13.0,0.0,36.0,41.0,84.0,41.0,149.0,151.0,425.0,127.0,1354.0,43.0,16.0,35.0,31.0,0.0,0.0,47.0,109.0,131.0,163.0,568.0,147.0,64.0,240417.0,1173.0,1051.0,122.0,1214.0,978.0,22.0,55.0,32.0,38.0,79.0,0.0,10.0,0.0,0.0,1173.0,1051.0,0.0,188.0,549.0,134.0,180.0,0.0,122.0,0.0,64.0,45.0,13.0,0.0,0.0,122.0,0.0,16.0,14.0,7.0,10.0,0.0,8.0,7.0,28.0,32.0,25009217602,0.022138836772983114,240417.0,0.17627677100494235,0.0,0.010881801125703566,0.0075046904315197,0.9172607879924953,0.8959931798806479,5330.0,0.07814814814814815,0.3524590163934426,0.10400682011935208,0.8237232289950577
5403.0,5403.0,5257.0,4840.0,0.0,0.0,40.0,0.0,175.0,202.0,93.0,109.0,146.0,0.0,0.0,0.0,0.0,0.0,0.0,146.0,145.0,1.0,5403.0,111.0,98.0,0.0,0.0,0.0,0.0,0.0,0.0,0.0,5.0,0.0,12.0,0.0,0.0,81.0,13.0,0.0,0.0,0.0,0.0,0.0,0.0,0.0,0.0,1.0,12.0,0.0,0.0,0.0,5292.0,2614.0,71.0,46.0,94.0,247.0,30.0,50.0,168.0,164.0,229.0,451.0,387.0,450.0,227.0,2678.0,64.0,7.0,144.0,134.0,86.0,204.0,74.0,146.0,239.0,346.0,440.0,527.0,267.0,206389.0,2156.0,1610.0,546.0,2226.0,1635.0,119.0,113.0,155.0,204.0,0.0,0.0,0.0,0.0,0.0,2156.0,1610.0,0.0,494.0,633.0,420.0,36.0,27.0,546.0,0.0,290.0,256.0,0.0,0.0,0.0,546.0,106.0,87.0,21.0,36.0,91.0,0.0,28.0,0.0,139.0,38.0,25009218100,0.02702202480103646,206389.0,0.21203953279424978,0.0,0.007403294466037387,0.0,0.8957986303905238,0.7467532467532467,5403.0,0.020544142143253747,0.3058608058608059,0.2532467532467532,0.7879604672057502
3746.0,3746.0,3602.0,3500.0,0.0,6.0,0.0,0.0,0.0,96.0,39.0,57.0,144.0,0.0,0.0,0.0,0.0,0.0,17.0,127.0,106.0,21.0,3714.0,148.0,66.0,0.0,0.0,0.0,0.0,0.0,0.0,0.0,0.0,0.0,0.0,59.0,0.0,7.0,82.0,0.0,0.0,0.0,0.0,0.0,0.0,0.0,0.0,0.0,0.0,7.0,61.0,14.0,3566.0,1643.0,86.0,0.0,56.0,0.0,0.0,29.0,49.0,116.0,43.0,127.0,365.0,599.0,173.0,1923.0,13.0,0.0,28.0,78.0,0.0,57.0,126.0,103.0,83.0,262.0,373.0,565.0,235.0,101016.0,1881.0,1281.0,600.0,2651.0,1868.0,66.0,223.0,343.0,90.0,13.0,27.0,0.0,21.0,0.0,1881.0,1281.0,55.0,268.0,667.0,199.0,78.0,14.0,600.0,112.0,403.0,85.0,0.0,0.0,0.0,600.0,0.0,14.0,108.0,14.0,33.0,95.0,20.0,21.0,218.0,77.0,25009220101,0.03844100373731981,101016.0,0.2704639758581667,0.08878256246677299,0.0,0.0,0.9343299519487454,0.6810207336523126,3746.0,0.03984921917070544,0.59,0.3189792663476874,0.7295360241418333
3263.0,3263.0,3222.0,3118.0,40.0,0.0,14.0,0.0,0.0,50.0,28.0,22.0,41.0,5.0,0.0,0.0,0.0,0.0,0.0,36.0,36.0,0.0,3258.0,288.0,109.0,43.0,0.0,0.0,0.0,0.0,0.0,18.0,0.0,0.0,0.0,28.0,11.0,9.0,179.0,0.0,0.0,98.0,0.0,0.0,0.0,0.0,0.0,48.0,0.0,19.0,14.0,0.0,2970.0,1334.0,40.0,0.0,84.0,35.0,14.0,39.0,139.0,114.0,136.0,63.0,261.0,234.0,175.0,1636.0,16.0,39.0,68.0,27.0,85.0,29.0,65.0,121.0,173.0,157.0,308.0,381.0,167.0,94886.0,1357.0,931.0,426.0,1489.0,863.0,157.0,151.0,62.0,208.0,33.0,15.0,0.0,0.0,0.0,1357.0,931.0,36.0,254.0,447.0,147.0,37.0,10.0,426.0,47.0,253.0,110.0,6.0,10.0,0.0,426.0,0.0,9.0,29.0,32.0,30.0,54.0,74.0,29.0,151.0,18.0,25009220102,0.01256512411890898,94886.0,0.3149764942914708,0.061164333087693444,0.004290530186944529,0.01225865767698437,0.9555623659209317,0.686072218128224,3263.0,0.08839779005524862,0.7230046948356808,0.313927781871776,0.6850235057085292
3859.0,3859.0,3681.0,3526.0,31.0,0.0,6.0,0.0,45.0,73.0,36.0,37.0,178.0,48.0,36.0,0.0,0.0,0.0,0.0,94.0,48.0,46.0,3827.0,284.0,109.0,0.0,0.0,0.0,0.0,0.0,0.0,0.0,0.0,50.0,0.0,0.0,59.0,0.0,175.0,0.0,0.0,16.0,0.0,0.0,0.0,0.0,0.0,12.0,7.0,41.0,41.0,58.0,3543.0,1691.0,96.0,0.0,52.0,18.0,21.0,13.0,68.0,146.0,109.0,272.0,378.0,304.0,214.0,1852.0,19.0,18.0,55.0,38.0,7.0,27.0,135.0,87.0,175.0,211.0,339.0,431.0,310.0,86799.0,1889.0,1470.0,419.0,2173.0,1804.0,35.0,247.0,36.0,35.0,8.0,0.0,8.0,0.0,0.0,1889.0,1470.0,15.0,573.0,592.0,242.0,41.0,7.0,419.0,34.0,248.0,137.0,0.0,0.0,0.0,419.0,0.0,18.0,35.0,111.0,34.0,26.0,9.0,46.0,140.0,0.0,25009221100,0.04612593936252915,86799.0,0.15370455591348367,0.02593965060878772,0.0015548069448043534,0.008033169214822493,0.9137082145633584,0.7781895182636316,3859.0,0.07420956362686178,0.5274463007159904,0.22181048173636844,0.8462954440865164
4761.0,4761.0,4684.0,4660.0,2.0,0.0,22.0,0.0,0.0,0.0,0.0,0.0,77.0,0.0,0.0,0.0,0.0,0.0,0.0,77.0,77.0,0.0,4761.0,206.0,3.0,0.0,0.0,0.0,0.0,0.0,0.0,0.0,1.0,0.0,1.0,0.0,1.0,0.0,203.0,0.0,0.0,0.0,0.0,0.0,0.0,0.0,0.0,75.0,0.0,77.0,38.0,13.0,4555.0,2176.0,73.0,0.0,105.0,29.0,27.0,64.0,82.0,246.0,166.0,252.0,452.0,485.0,195.0,2379.0,39.0,23.0,45.0,46.0,19.0,31.0,196.0,242.0,176.0,253.0,321.0,804.0,184.0,115841.0,2299.0,1751.0,548.0,2732.0,1576.0,288.0,289.0,479.0,23.0,60.0,17.0,0.0,0.0,0.0,2299.0,1751.0,19.0,427.0,883.0,356.0,66.0,0.0,548.0,0.0,458.0,64.0,26.0,0.0,0.0,548.0,26.0,60.0,190.0,20.0,17.0,29.0,21.0,144.0,41.0,0.0,25009221300,0.016173072883847932,115841.0,0.31771595900439237,0.008264462809917356,0.004620877966813695,0.0004200798151648813,0.9787859693341735,0.76163549369291,4761.0,0.043268220961982774,0.42883211678832117,0.23836450630709005,0.6822840409956076
3921.0,3921.0,3374.0,2920.0,0.0,0.0,192.0,0.0,61.0,201.0,116.0,85.0,547.0,119.0,0.0,0.0,0.0,0.0,270.0,158.0,130.0,28.0,3921.0,546.0,245.0,32.0,0.0,36.0,0.0,0.0,0.0,13.0,8.0,38.0,8.0,36.0,41.0,33.0,301.0,52.0,0.0,36.0,0.0,0.0,17.0,41.0,54.0,74.0,10.0,0.0,0.0,17.0,3375.0,1845.0,187.0,47.0,153.0,52.0,0.0,0.0,121.0,364.0,343.0,117.0,149.0,190.0,122.0,1530.0,178.0,0.0,11.0,37.0,22.0,49.0,131.0,261.0,152.0,178.0,223.0,169.0,119.0,69830.0,1542.0,735.0,807.0,1590.0,373.0,48.0,542.0,494.0,91.0,29.0,0.0,0.0,13.0,0.0,1542.0,735.0,20.0,281.0,269.0,132.0,33.0,0.0,807.0,91.0,473.0,213.0,30.0,0.0,0.0,807.0,77.0,36.0,55.0,129.0,105.0,108.0,93.0,30.0,155.0,19.0,25009221400,0.1395052282580974,69830.0,0.7352201257861635,0.07198443579766536,0.04896710022953328,0.0,0.7447079826574854,0.4766536964980545,3921.0,0.13925019127773527,0.47831474597273854,0.5233463035019456,0.2647798742138365
2819.0,2819.0,2569.0,2442.0,14.0,0.0,96.0,0.0,0.0,17.0,17.0,0.0,250.0,119.0,0.0,0.0,0.0,0.0,129.0,2.0,2.0,0.0,2814.0,593.0,277.0,66.0,0.0,0.0,27.0,0.0,0.0,30.0,17.0,28.0,28.0,15.0,21.0,45.0,316.0,0.0,0.0,0.0,0.0,0.0,0.0,0.0,7.0,45.0,58.0,10.0,24.0,172.0,2221.0,1122.0,21.0,0.0,0.0,0.0,0.0,75.0,33.0,182.0,114.0,177.0,172.0,189.0,159.0,1099.0,14.0,15.0,19.0,88.0,10.0,10.0,101.0,85.0,162.0,90.0,183.0,207.0,115.0,53524.0,1597.0,638.0,959.0,1729.0,177.0,12.0,306.0,657.0,190.0,109.0,64.0,214.0,0.0,0.0,1597.0,638.0,75.0,269.0,212.0,73.0,0.0,9.0,959.0,298.0,464.0,188.0,9.0,0.0,0.0,959.0,59.0,34.0,70.0,63.0,73.0,27.0,73.0,54.0,460.0,46.0,25009221500,0.08868393047179851,53524.0,0.8906882591093117,0.23356293049467752,0.034054629301170626,0.004966300106420717,0.8662646328485278,0.3994990607388854,2819.0,0.2107320540156361,0.6402502606882169,0.6005009392611146,0.10931174089068826
2876.0,2876.0,2638.0,1898.0,303.0,0.0,0.0,0.0,0.0,437.0,269.0,168.0,238.0,73.0,0.0,0.0,0.0,0.0,59.0,106.0,47.0,59.0,2876.0,475.0,221.0,73.0,68.0,0.0,6.0,0.0,7.0,0.0,33.0,0.0,25.0,0.0,9.0,0.0,254.0,8.0,0.0,63.0,7.0,0.0,0.0,0.0,68.0,87.0,7.0,14.0,0.0,0.0,2401.0,1171.0,38.0,37.0,65.0,29.0,82.0,28.0,179.0,220.0,90.0,192.0,64.0,108.0,39.0,1230.0,97.0,0.0,30.0,21.0,26.0,42.0,127.0,145.0,246.0,108.0,236.0,61.0,91.0,58571.0,1114.0,561.0,553.0,1150.0,262.0,178.0,276.0,274.0,24.0,79.0,38.0,19.0,0.0,0.0,1114.0,561.0,4.0,175.0,175.0,180.0,0.0,27.0,553.0,143.0,349.0,52.0,0.0,9.0,0.0,553.0,23.0,25.0,23.0,72.0,69.0,7.0,85.0,82.0,161.0,6.0,25009221600,0.08275382475660639,58571.0,0.6173913043478261,0.1319569120287253,0.0,0.10535465924895689,0.6599443671766342,0.5035906642728905,2876.0,0.16515994436717663,0.6057866184448463,0.4964093357271095,0.3826086956521739
2883.0,2883.0,2852.0,2843.0,0.0,0.0,9.0,0.0,0.0,0.0,0.0,0.0,31.0,21.0,0.0,0.0,0.0,0.0,0.0,10.0,10.0,0.0,2883.0,249.0,63.0,39.0,0.0,0.0,0.0,0.0,12.0,0.0,0.0,0.0,0.0,12.0,0.0,0.0,186.0,14.0,0.0,0.0,0.0,0.0,0.0,66.0,16.0,0.0,7.0,19.0,52.0,12.0,2634.0,1124.0,33.0,0.0,102.0,15.0,32.0,0.0,38.0,73.0,192.0,39.0,177.0,336.0,87.0,1510.0,66.0,0.0,23.0,15.0,0.0,16.0,211.0,133.0,71.0,289.0,231.0,314.0,141.0,79762.0,1292.0,620.0,672.0,1352.0,385.0,99.0,391.0,458.0,0.0,19.0,0.0,0.0,0.0,0.0,1292.0,620.0,22.0,228.0,263.0,93.0,11.0,3.0,672.0,30.0,385.0,236.0,0.0,21.0,0.0,672.0,44.0,104.0,71.0,15.0,31.0,35.0,7.0,44.0,247.0,74.0,25009221700,0.010752688172043012,79762.0,0.6420118343195266,0.04024767801857585,0.003121748178980229,0.0,0.9861255636489767,0.47987616099071206,2883.0,0.08636836628511967,0.4955357142857143,0.5201238390092879,0.35798816568047337
1808.0,1808.0,1788.0,1658.0,33.0,0.0,34.0,0.0,0.0,63.0,63.0,0.0,20.0,0.0,0.0,0.0,0.0,0.0,11.0,9.0,9.0,0.0,1639.0,97.0,42.0,0.0,0.0,0.0,10.0,0.0,0.0,0.0,5.0,2.0,11.0,0.0,6.0,8.0,55.0,0.0,0.0,11.0,0.0,0.0,0.0,0.0,2.0,14.0,0.0,0.0,16.0,12.0,1542.0,743.0,18.0,17.0,18.0,10.0,3.0,0.0,70.0,60.0,77.0,65.0,226.0,124.0,55.0,799.0,54.0,16.0,4.0,7.0,10.0,10.0,28.0,58.0,101.0,44.0,238.0,124.0,105.0,106705.0,673.0,592.0,81.0,724.0,577.0,37.0,86.0,17.0,0.0,0.0,0.0,0.0,7.0,0.0,673.0,592.0,0.0,168.0,261.0,116.0,30.0,17.0,81.0,7.0,61.0,13.0,0.0,0.0,0.0,81.0,0.0,0.0,3.0,36.0,0.0,0.0,4.0,0.0,26.0,12.0,25009221800,0.011061946902654867,106705.0,0.15193370165745856,0.010401188707280832,0.018805309734513276,0.01825221238938053,0.9170353982300885,0.8796433878157504,1808.0,0.059182428309945086,0.37037037037037035,0.12035661218424963,0.8480662983425414
3473.0,3473.0,3403.0,3169.0,0.0,0.0,150.0,0.0,0.0,84.0,29.0,55.0,70.0,0.0,0.0,0.0,0.0,0.0,11.0,59.0,59.0,0.0,3473.0,114.0,37.0,0.0,0.0,0.0,0.0,0.0,0.0,0.0,0.0,0.0,0.0,19.0,10.0,8.0,77.0,0.0,0.0,0.0,0.0,0.0,8.0,0.0,9.0,19.0,0.0,0.0,18.0,23.0,3359.0,1784.0,52.0,51.0,141.0,53.0,10.0,46.0,96.0,202.0,244.0,215.0,323.0,236.0,115.0,1575.0,64.0,19.0,67.0,9.0,0.0,30.0,73.0,135.0,217.0,157.0,280.0,331.0,193.0,116250.0,1461.0,1096.0,365.0,1554.0,949.0,48.0,160.0,91.0,76.0,74.0,147.0,0.0,9.0,0.0,1461.0,1096.0,58.0,302.0,469.0,121.0,110.0,36.0,365.0,20.0,257.0,77.0,11.0,0.0,0.0,365.0,0.0,46.0,50.0,31.0,36.0,33.0,0.0,47.0,82.0,40.0,25009221901,0.020155485171321624,116250.0,0.3584298584298584,0.053388090349075976,0.04319032536711777,0.0,0.9124676072559746,0.7501711156741958,3473.0,0.0328246472790095,0.4438356164383562,0.24982888432580425,0.6415701415701416
3675.0,3675.0,3496.0,3410.0,22.0,0.0,0.0,0.0,0.0,64.0,54.0,10.0,179.0,0.0,0.0,0.0,0.0,0.0,147.0,32.0,32.0,0.0,3675.0,302.0,148.0,0.0,0.0,0.0,0.0,0.0,10.0,9.0,0.0,8.0,31.0,77.0,0.0,13.0,154.0,0.0,0.0,0.0,0.0,0.0,0.0,0.0,8.0,10.0,47.0,59.0,15.0,15.0,3373.0,1834.0,140.0,71.0,73.0,47.0,0.0,12.0,259.0,176.0,236.0,138.0,274.0,288.0,120.0,1539.0,42.0,0.0,74.0,61.0,0.0,0.0,48.0,141.0,294.0,59.0,390.0,279.0,151.0,94145.0,1577.0,1134.0,443.0,1863.0,1245.0,60.0,142.0,28.0,9.0,89.0,243.0,47.0,0.0,0.0,1577.0,1134.0,37.0,340.0,455.0,155.0,116.0,31.0,443.0,141.0,207.0,95.0,0.0,0.0,0.0,443.0,20.0,43.0,18.0,49.0,49.0,38.0,0.0,0.0,188.0,38.0,25009221902,0.04870748299319728,94145.0,0.2995169082125604,0.1128725428027901,0.0,0.00598639455782313,0.927891156462585,0.7190868738110336,3675.0,0.08217687074829932,0.510158013544018,0.2809131261889664,0.7004830917874396
3701.0,3701.0,3661.0,3597.0,0.0,0.0,31.0,0.0,0.0,33.0,10.0,23.0,40.0,9.0,0.0,0.0,0.0,0.0,31.0,0.0,0.0,0.0,3701.0,299.0,112.0,0.0,0.0,0.0,35.0,5.0,20.0,0.0,11.0,0.0,0.0,0.0,21.0,20.0,187.0,0.0,12.0,0.0,30.0,20.0,9.0,0.0,0.0,83.0,9.0,0.0,6.0,18.0,3402.0,1720.0,91.0,48.0,71.0,79.0,15.0,21.0,68.0,140.0,243.0,361.0,281.0,167.0,135.0,1682.0,142.0,0.0,82.0,23.0,65.0,118.0,67.0,134.0,218.0,254.0,322.0,161.0,96.0,157147.0,1359.0,1019.0,340.0,1549.0,1113.0,85.0,169.0,100.0,71.0,11.0,0.0,0.0,0.0,0.0,1359.0,1019.0,6.0,134.0,512.0,283.0,55.0,29.0,340.0,10.0,169.0,139.0,22.0,0.0,0.0,340.0,0.0,13.0,65.0,67.0,14.0,50.0,10.0,20.0,89.0,12.0,25009222100,0.010807889759524453,157147.0,0.22659780503550678,0.01177336276674025,0.008376114563631451,0.0,0.9718994866252364,0.7498160412067697,3701.0,0.08078897595244529,0.4970588235294118,0.2501839587932303,0.7734021949644933
4162.0,4162.0,4073.0,3926.0,24.0,7.0,73.0,0.0,0.0,43.0,23.0,20.0,89.0,33.0,0.0,0.0,0.0,0.0,13.0,43.0,41.0,2.0,4114.0,283.0,93.0,0.0,0.0,5.0,0.0,10.0,31.0,0.0,4.0,0.0,8.0,26.0,9.0,0.0,190.0,0.0,0.0,11.0,0.0,0.0,8.0,19.0,26.0,11.0,14.0,16.0,22.0,63.0,3831.0,1885.0,48.0,0.0,170.0,6.0,50.0,28.0,151.0,119.0,170.0,227.0,382.0,314.0,220.0,1946.0,99.0,0.0,175.0,157.0,8.0,17.0,32.0,84.0,248.0,247.0,296.0,347.0,236.0,136815.0,1751.0,1340.0,411.0,1990.0,1373.0,192.0,20.0,204.0,17.0,40.0,74.0,70.0,0.0,0.0,1751.0,1340.0,39.0,226.0,724.0,282.0,69.0,0.0,411.0,110.0,229.0,62.0,10.0,0.0,0.0,411.0,0.0,24.0,44.0,21.0,44.0,56.0,27.0,36.0,129.0,30.0,25009223100,0.02138395002402691,136815.0,0.2135678391959799,0.08509423186750428,0.017539644401729938,0.005766458433445459,0.9432964920711197,0.7652769845802398,4162.0,0.06878949927078269,0.6034063260340633,0.23472301541976015,0.7864321608040201
4047.0,4047.0,3850.0,3595.0,1.0,0.0,132.0,0.0,0.0,122.0,98.0,24.0,197.0,0.0,0.0,0.0,0.0,0.0,14.0,183.0,138.0,45.0,4047.0,206.0,114.0,0.0,0.0,0.0,0.0,0.0,0.0,0.0,14.0,11.0,66.0,11.0,12.0,0.0,92.0,0.0,0.0,0.0,0.0,0.0,0.0,0.0,9.0,57.0,0.0,0.0,18.0,8.0,3841.0,1755.0,61.0,0.0,77.0,62.0,12.0,56.0,175.0,212.0,367.0,382.0,167.0,105.0,79.0,2086.0,91.0,65.0,90.0,72.0,22.0,64.0,136.0,251.0,289.0,288.0,364.0,202.0,152.0,102188.0,1800.0,1018.0,782.0,1834.0,684.0,171.0,216.0,361.0,330.0,53.0,19.0,0.0,0.0,0.0,1800.0,1018.0,11.0,380.0,335.0,221.0,33.0,38.0,782.0,99.0,298.0,306.0,0.0,35.0,44.0,782.0,101.0,133.0,107.0,57.0,78.0,46.0,10.0,10.0,222.0,18.0,25009223200,0.04867803311094638,102188.0,0.5338058887677208,0.06111111111111111,0.03261675315048184,0.00024709661477637757,0.8883123301210774,0.5655555555555556,4047.0,0.05090190264393378,0.36828644501278773,0.43444444444444447,0.46619411123227916
5721.0,5721.0,5656.0,5297.0,0.0,0.0,57.0,0.0,0.0,302.0,45.0,257.0,65.0,0.0,0.0,0.0,0.0,0.0,53.0,12.0,12.0,0.0,5721.0,309.0,192.0,0.0,0.0,33.0,0.0,20.0,10.0,0.0,0.0,8.0,12.0,24.0,55.0,30.0,117.0,0.0,0.0,22.0,18.0,0.0,0.0,1.0,0.0,19.0,36.0,0.0,21.0,0.0,5412.0,2543.0,129.0,41.0,93.0,62.0,0.0,26.0,428.0,218.0,282.0,369.0,313.0,371.0,211.0,2869.0,162.0,42.0,284.0,44.0,46.0,71.0,109.0,299.0,261.0,527.0,454.0,297.0,273.0,159510.0,2158.0,1888.0,270.0,2400.0,1639.0,375.0,127.0,46.0,47.0,0.0,70.0,96.0,0.0,0.0,2158.0,1888.0,13.0,355.0,815.0,436.0,183.0,86.0,270.0,31.0,186.0,35.0,0.0,18.0,0.0,270.0,0.0,18.0,26.0,0.0,28.0,31.0,0.0,20.0,135.0,12.0,25009223300,0.011361650061178116,159510.0,0.16083333333333333,0.020389249304911955,0.009963293130571578,0.0,0.9258870826778535,0.8748841519925857,5721.0,0.0540115364446775,0.6888888888888889,0.12511584800741427,0.8391666666666666
5295.0,5295.0,763.0,442.0,180.0,0.0,0.0,0.0,50.0,91.0,48.0,43.0,4532.0,341.0,65.0,0.0,0.0,0.0,2950.0,1176.0,1176.0,0.0,5232.0,1243.0,499.0,74.0,0.0,79.0,22.0,0.0,0.0,9.0,29.0,179.0,0.0,52.0,22.0,33.0,744.0,0.0,0.0,8.0,82.0,0.0,20.0,24.0,32.0,35.0,87.0,243.0,139.0,74.0,3989.0,1604.0,76.0,0.0,328.0,0.0,51.0,92.0,65.0,501.0,168.0,102.0,98.0,72.0,51.0,2385.0,274.0,142.0,182.0,67.0,20.0,0.0,299.0,586.0,244.0,291.0,162.0,74.0,44.0,44310.0,2305.0,0.0,2305.0,2334.0,0.0,0.0,0.0,64.0,63.0,282.0,512.0,1413.0,0.0,0.0,2305.0,0.0,0.0,0.0,0.0,0.0,0.0,0.0,2305.0,618.0,1102.0,575.0,10.0,0.0,0.0,2305.0,10.0,86.0,113.0,459.0,293.0,218.0,281.0,237.0,519.0,89.0,25009250100,0.8559017941454202,44310.0,1.0,0.26811279826464207,0.0,0.0339943342776204,0.08347497639282342,0.0,5295.0,0.23757645259938837,0.544468546637744,1.0,0.0
6225.0,6225.0,1039.0,610.0,3.0,1.0,64.0,0.0,1.0,360.0,331.0,29.0,5186.0,270.0,156.0,2.0,0.0,0.0,2605.0,2153.0,1811.0,342.0,6136.0,534.0,309.0,0.0,0.0,48.0,48.0,0.0,38.0,126.0,0.0,0.0,8.0,18.0,23.0,0.0,225.0,0.0,0.0,0.0,14.0,0.0,0.0,0.0,131.0,19.0,3.0,52.0,0.0,6.0,5602.0,3106.0,336.0,64.0,246.0,139.0,25.0,43.0,201.0,799.0,387.0,341.0,273.0,180.0,72.0,2496.0,184.0,99.0,205.0,49.0,0.0,99.0,257.0,338.0,400.0,381.0,286.0,181.0,17.0,81449.0,1898.0,911.0,987.0,1963.0,790.0,41.0,657.0,475.0,0.0,0.0,0.0,0.0,0.0,0.0,1898.0,911.0,9.0,176.0,546.0,31.0,129.0,20.0,987.0,108.0,435.0,412.0,32.0,0.0,0.0,987.0,26.0,49.0,78.0,57.0,77.0,161.0,62.0,184.0,291.0,2.0,25009250200,0.8330923694779117,81449.0,0.5766683647478349,0.06164383561643835,0.010281124497991968,0.00048192771084337347,0.09799196787148594,0.47997892518440466,6225.0,0.08702737940026076,0.707193515704154,0.5200210748155953,0.42333163525216505
2662.0,2662.0,160.0,81.0,48.0,0.0,0.0,0.0,0.0,31.0,0.0,31.0,2502.0,123.0,2.0,0.0,0.0,0.0,1582.0,795.0,750.0,45.0,2662.0,672.0,262.0,25.0,25.0,25.0,0.0,0.0,10.0,7.0,70.0,17.0,47.0,36.0,0.0,0.0,410.0,41.0,9.0,102.0,6.0,11.0,0.0,21.0,15.0,98.0,48.0,23.0,30.0,6.0,1990.0,936.0,99.0,6.0,40.0,3.0,6.0,5.0,141.0,233.0,262.0,51.0,42.0,30.0,18.0,1054.0,47.0,25.0,33.0,38.0,2.0,26.0,113.0,233.0,118.0,256.0,84.0,61.0,18.0,62917.0,887.0,124.0,763.0,964.0,79.0,175.0,234.0,195.0,83.0,34.0,9.0,155.0,0.0,0.0,887.0,124.0,0.0,33.0,34.0,16.0,41.0,0.0,763.0,138.0,351.0,237.0,37.0,0.0,0.0,763.0,47.0,16.0,44.0,93.0,54.0,149.0,74.0,22.0,264.0,0.0,25009250300,0.9398948159278738,62917.0,0.7365145228215768,0.1555806087936866,0.0,0.018031555221637866,0.0304282494365139,0.13979706877113868,2662.0,0.25244177310293014,0.6671035386631717,0.8602029312288614,0.26348547717842324
4392.0,4392.0,283.0,201.0,82.0,0.0,0.0,0.0,0.0,0.0,0.0,0.0,4109.0,124.0,63.0,0.0,0.0,0.0,2210.0,1712.0,1712.0,0.0,4392.0,425.0,148.0,0.0,0.0,0.0,0.0,48.0,0.0,0.0,0.0,0.0,0.0,42.0,26.0,32.0,277.0,0.0,0.0,0.0,0.0,0.0,0.0,0.0,55.0,0.0,62.0,65.0,65.0,30.0,3967.0,2077.0,321.0,0.0,99.0,47.0,0.0,133.0,324.0,358.0,264.0,155.0,207.0,122.0,47.0,1890.0,150.0,60.0,174.0,85.0,0.0,23.0,349.0,279.0,286.0,74.0,259.0,92.0,59.0,51961.0,1387.0,182.0,1205.0,1425.0,160.0,67.0,264.0,585.0,52.0,58.0,115.0,110.0,14.0,0.0,1387.0,182.0,44.0,36.0,44.0,23.0,0.0,35.0,1205.0,287.0,420.0,408.0,90.0,0.0,0.0,1205.0,56.0,14.0,79.0,123.0,139.0,127.0,110.0,240.0,267.0,50.0,25009250400,0.9355646630236795,51961.0,0.840701754385965,0.23864455659697187,0.0,0.018670309653916212,0.045765027322404374,0.13121845710165825,4392.0,0.09676684881602915,0.6174273858921162,0.8687815428983418,0.15929824561403508
4464.0,4464.0,414.0,342.0,0.0,0.0,0.0,0.0,37.0,35.0,0.0,35.0,4050.0,273.0,249.0,30.0,0.0,0.0,2929.0,569.0,474.0,95.0,4430.0,878.0,458.0,0.0,0.0,245.0,0.0,0.0,0.0,17.0,121.0,22.0,20.0,13.0,20.0,0.0,420.0,34.0,0.0,0.0,16.0,14.0,116.0,36.0,31.0,66.0,59.0,17.0,15.0,16.0,3552.0,1663.0,85.0,0.0,87.0,118.0,23.0,24.0,331.0,307.0,113.0,238.0,140.0,130.0,67.0,1889.0,60.0,40.0,77.0,57.0,17.0,47.0,391.0,358.0,195.0,315.0,100.0,154.0,78.0,61339.0,1285.0,242.0,1043.0,1300.0,135.0,69.0,108.0,959.0,29.0,0.0,0.0,0.0,0.0,0.0,1285.0,242.0,0.0,61.0,135.0,24.0,22.0,0.0,1043.0,255.0,438.0,226.0,124.0,0.0,0.0,1043.0,36.0,63.0,73.0,173.0,118.0,99.0,24.0,81.0,356.0,20.0,25009250500,0.907258064516129,61339.0,0.8430769230769231,0.19844357976653695,0.0,0.0,0.07661290322580645,0.18832684824902723,4464.0,0.1981941309255079,0.5369127516778524,0.8116731517509728,0.15692307692307692
6142.0,6142.0,1122.0,830.0,207.0,0.0,0.0,0.0,0.0,85.0,37.0,48.0,5020.0,233.0,205.0,0.0,212.0,0.0,3329.0,1041.0,1041.0,0.0,6111.0,536.0,187.0,33.0,0.0,0.0,0.0,0.0,0.0,17.0,20.0,51.0,19.0,47.0,0.0,0.0,349.0,98.0,24.0,21.0,0.0,0.0,0.0,91.0,53.0,0.0,0.0,30.0,16.0,16.0,5575.0,2994.0,116.0,89.0,288.0,101.0,19.0,13.0,409.0,570.0,545.0,349.0,206.0,159.0,130.0,2581.0,195.0,15.0,245.0,138.0,97.0,54.0,150.0,284.0,418.0,452.0,151.0,267.0,115.0,56836.0,2007.0,973.0,1034.0,2066.0,440.0,259.0,489.0,712.0,0.0,25.0,73.0,68.0,0.0,0.0,2007.0,973.0,96.0,328.0,386.0,102.0,61.0,0.0,1034.0,177.0,510.0,256.0,86.0,5.0,0.0,1034.0,0.0,72.0,104.0,98.0,35.0,196.0,61.0,67.0,352.0,49.0,25009250600,0.8173233474438294,56836.0,0.6616650532429816,0.13602391629297458,0.0,0.03370237707587105,0.13513513513513514,0.48480318883906326,6142.0,0.08771068564882997,0.6537717601547389,0.5151968111609367,0.3383349467570184
5425.0,5425.0,463.0,430.0,33.0,0.0,0.0,0.0,0.0,0.0,0.0,0.0,4962.0,449.0,26.0,0.0,0.0,0.0,3350.0,1137.0,1137.0,0.0,5425.0,809.0,401.0,59.0,23.0,51.0,54.0,0.0,20.0,45.0,2.0,27.0,42.0,0.0,55.0,23.0,408.0,32.0,27.0,12.0,0.0,10.0,0.0,0.0,89.0,146.0,0.0,41.0,9.0,42.0,4616.0,2314.0,47.0,82.0,64.0,268.0,95.0,45.0,336.0,474.0,233.0,270.0,261.0,84.0,55.0,2302.0,54.0,64.0,186.0,105.0,0.0,60.0,373.0,296.0,301.0,524.0,225.0,43.0,71.0,58433.0,1653.0,339.0,1314.0,1680.0,253.0,46.0,359.0,807.0,151.0,26.0,38.0,0.0,0.0,0.0,1653.0,339.0,0.0,110.0,119.0,72.0,38.0,0.0,1314.0,340.0,600.0,266.0,70.0,38.0,0.0,1314.0,0.0,70.0,110.0,83.0,67.0,27.0,108.0,330.0,519.0,0.0,25009250700,0.9146543778801843,58433.0,0.8220238095238095,0.205686630369026,0.0,0.00608294930875576,0.0792626728110599,0.20508166969147004,5425.0,0.14912442396313363,0.7488584474885844,0.79491833030853,0.17797619047619048
8554.0,8554.0,1565.0,1133.0,117.0,0.0,252.0,0.0,41.0,22.0,22.0,0.0,6989.0,413.0,51.0,0.0,0.0,0.0,4674.0,1851.0,1424.0,427.0,8341.0,1256.0,620.0,31.0,0.0,47.0,150.0,17.0,0.0,0.0,69.0,0.0,36.0,171.0,23.0,76.0,636.0,93.0,0.0,96.0,91.0,0.0,0.0,19.0,21.0,79.0,30.0,0.0,94.0,113.0,7085.0,3165.0,181.0,105.0,465.0,228.0,0.0,202.0,459.0,530.0,214.0,346.0,319.0,84.0,32.0,3920.0,241.0,10.0,314.0,198.0,47.0,117.0,334.0,926.0,623.0,380.0,456.0,184.0,90.0,68807.0,2770.0,1403.0,1367.0,2802.0,825.0,259.0,661.0,666.0,210.0,0.0,45.0,136.0,0.0,0.0,2770.0,1403.0,204.0,427.0,435.0,132.0,184.0,21.0,1367.0,201.0,813.0,295.0,58.0,0.0,0.0,1367.0,0.0,229.0,84.0,128.0,65.0,0.0,123.0,140.0,577.0,21.0,25009250800,0.8170446574701894,68807.0,0.6131334760885082,0.14620938628158844,0.029459901800327332,0.013677811550151976,0.13245265372924947,0.5064981949458484,8554.0,0.15058146505215203,0.6144842721287491,0.49350180505415164,0.3868665239114918
2384.0,2384.0,58.0,58.0,0.0,0.0,0.0,0.0,0.0,0.0,0.0,0.0,2326.0,238.0,0.0,59.0,0.0,0.0,1238.0,791.0,655.0,136.0,2356.0,703.0,212.0,0.0,0.0,55.0,38.0,0.0,0.0,23.0,16.0,13.0,0.0,49.0,18.0,0.0,491.0,173.0,0.0,4.0,0.0,0.0,0.0,36.0,50.0,36.0,0.0,74.0,72.0,46.0,1653.0,833.0,39.0,8.0,19.0,102.0,0.0,6.0,53.0,29.0,152.0,240.0,64.0,76.0,45.0,820.0,37.0,0.0,99.0,80.0,0.0,32.0,76.0,16.0,159.0,122.0,69.0,98.0,32.0,42250.0,838.0,121.0,717.0,859.0,69.0,112.0,142.0,327.0,17.0,56.0,5.0,124.0,7.0,0.0,838.0,121.0,25.0,47.0,10.0,31.0,8.0,0.0,717.0,254.0,300.0,139.0,24.0,0.0,0.0,717.0,5.0,11.0,57.0,107.0,105.0,90.0,47.0,13.0,282.0,0.0,25009250900,0.9756711409395973,42250.0,0.789289871944121,0.3329355608591885,0.0,0.0,0.024328859060402684,0.14439140811455847,2384.0,0.29838709677419356,0.602510460251046,0.8556085918854416,0.21071012805587894
1931.0,1931.0,143.0,99.0,44.0,0.0,0.0,0.0,0.0,0.0,0.0,0.0,1788.0,8.0,17.0,0.0,15.0,0.0,1521.0,227.0,85.0,142.0,1924.0,450.0,203.0,17.0,0.0,21.0,3.0,13.0,24.0,38.0,12.0,12.0,24.0,16.0,23.0,0.0,247.0,0.0,0.0,26.0,19.0,6.0,0.0,7.0,20.0,49.0,35.0,58.0,24.0,3.0,1474.0,589.0,35.0,25.0,38.0,42.0,0.0,19.0,31.0,168.0,57.0,90.0,31.0,28.0,25.0,885.0,98.0,0.0,19.0,18.0,0.0,34.0,130.0,89.0,141.0,87.0,119.0,65.0,85.0,42250.0,613.0,40.0,573.0,632.0,10.0,77.0,17.0,270.0,62.0,129.0,9.0,47.0,11.0,0.0,613.0,40.0,0.0,0.0,18.0,10.0,12.0,0.0,573.0,251.0,177.0,101.0,27.0,17.0,0.0,573.0,10.0,42.0,75.0,84.0,26.0,22.0,35.0,38.0,212.0,29.0,25009251000,0.92594510616261,42250.0,0.8623417721518988,0.4094616639477977,0.0,0.02278612118073537,0.05126877265665458,0.06525285481239804,1931.0,0.2338877338877339,0.5357766143106457,0.9347471451876019,0.13765822784810128
3020.0,3020.0,493.0,419.0,74.0,0.0,0.0,0.0,0.0,0.0,0.0,0.0,2527.0,155.0,97.0,0.0,0.0,0.0,1542.0,733.0,672.0,61.0,2854.0,868.0,352.0,46.0,0.0,10.0,0.0,0.0,8.0,38.0,12.0,0.0,0.0,99.0,45.0,94.0,516.0,41.0,32.0,11.0,0.0,0.0,0.0,0.0,39.0,21.0,58.0,128.0,116.0,70.0,1986.0,1015.0,89.0,0.0,49.0,96.0,0.0,18.0,99.0,165.0,80.0,93.0,23.0,98.0,205.0,971.0,206.0,0.0,32.0,0.0,0.0,0.0,186.0,112.0,68.0,57.0,96.0,56.0,158.0,20545.0,1326.0,95.0,1231.0,1356.0,37.0,101.0,185.0,271.0,145.0,157.0,52.0,408.0,0.0,0.0,1326.0,95.0,0.0,35.0,9.0,23.0,28.0,0.0,1231.0,856.0,309.0,47.0,19.0,0.0,0.0,1231.0,26.0,106.0,22.0,114.0,211.0,145.0,117.0,67.0,377.0,46.0,25009251100,0.8367549668874172,20545.0,0.8982300884955752,0.6455505279034691,0.0,0.024503311258278145,0.13874172185430464,0.07164404223227752,3020.0,0.3041345480028031,0.5735174654752234,0.9283559577677225,0.10176991150442478
1614.0,1614.0,104.0,87.0,0.0,0.0,1.0,0.0,0.0,16.0,0.0,16.0,1510.0,95.0,15.0,0.0,0.0,0.0,853.0,547.0,532.0,15.0,1594.0,443.0,163.0,0.0,0.0,0.0,11.0,0.0,0.0,1.0,63.0,12.0,0.0,49.0,27.0,0.0,280.0,0.0,0.0,11.0,17.0,0.0,19.0,22.0,0.0,18.0,24.0,123.0,20.0,26.0,1151.0,485.0,25.0,0.0,39.0,18.0,16.0,0.0,93.0,104.0,8.0,126.0,10.0,46.0,0.0,666.0,54.0,11.0,27.0,31.0,7.0,38.0,61.0,90.0,77.0,75.0,147.0,43.0,5.0,31094.0,754.0,29.0,725.0,764.0,0.0,0.0,45.0,207.0,301.0,118.0,60.0,33.0,0.0,0.0,754.0,29.0,0.0,7.0,0.0,22.0,0.0,0.0,725.0,315.0,289.0,121.0,0.0,0.0,0.0,725.0,0.0,48.0,39.0,65.0,121.0,73.0,95.0,32.0,235.0,17.0,25009251200,0.9355638166047088,31094.0,1.0,0.4177718832891247,0.0006195786864931846,0.0,0.05390334572490706,0.038461538461538464,1614.0,0.2779171894604768,0.6,0.9615384615384616,0.0
3700.0,3700.0,158.0,85.0,31.0,0.0,21.0,0.0,0.0,21.0,0.0,21.0,3542.0,365.0,0.0,0.0,0.0,0.0,1922.0,1255.0,1064.0,191.0,3686.0,927.0,499.0,66.0,23.0,76.0,0.0,23.0,68.0,79.0,26.0,30.0,34.0,16.0,22.0,36.0,428.0,0.0,0.0,7.0,17.0,67.0,10.0,11.0,60.0,133.0,37.0,12.0,52.0,22.0,2759.0,1421.0,139.0,120.0,107.0,0.0,49.0,61.0,126.0,74.0,365.0,169.0,145.0,65.0,1.0,1338.0,61.0,81.0,31.0,118.0,0.0,40.0,138.0,102.0,354.0,110.0,131.0,114.0,58.0,43011.0,1239.0,215.0,1024.0,1253.0,158.0,52.0,57.0,530.0,354.0,67.0,20.0,15.0,0.0,0.0,1239.0,215.0,0.0,181.0,6.0,4.0,0.0,24.0,1024.0,435.0,328.0,178.0,63.0,20.0,0.0,1024.0,71.0,49.0,15.0,53.0,154.0,88.0,36.0,149.0,407.0,2.0,25009251300,0.9572972972972973,43011.0,0.8324022346368715,0.35108958837772397,0.005675675675675676,0.008378378378378378,0.022972972972972974,0.1735270379338176,3700.0,0.25149213239283774,0.6640625,0.8264729620661824,0.16759776536312848
5483.0,5483.0,999.0,469.0,293.0,1.0,108.0,0.0,77.0,51.0,51.0,0.0,4484.0,223.0,129.0,16.0,0.0,0.0,2402.0,1714.0,1693.0,21.0,5407.0,1673.0,850.0,31.0,72.0,37.0,237.0,10.0,24.0,30.0,0.0,94.0,171.0,22.0,79.0,43.0,823.0,292.0,0.0,22.0,56.0,0.0,0.0,32.0,148.0,76.0,30.0,97.0,51.0,19.0,3734.0,1915.0,115.0,0.0,135.0,131.0,0.0,77.0,250.0,202.0,306.0,219.0,303.0,177.0,0.0,1819.0,98.0,0.0,61.0,24.0,51.0,95.0,256.0,381.0,200.0,291.0,224.0,25.0,113.0,62455.0,1673.0,717.0,956.0,1707.0,442.0,239.0,445.0,388.0,96.0,61.0,7.0,29.0,0.0,0.0,1673.0,717.0,45.0,247.0,243.0,140.0,31.0,11.0,956.0,192.0,556.0,91.0,77.0,40.0,0.0,956.0,53.0,7.0,150.0,75.0,123.0,63.0,74.0,76.0,335.0,0.0,25009251400,0.8178004741929601,62455.0,0.6010544815465729,0.14166168559474,0.01969724603319351,0.05343789896042313,0.08553711471821995,0.42857142857142855,5483.0,0.30941372295172925,0.5732217573221757,0.5714285714285714,0.3989455184534271
6913.0,6913.0,1363.0,797.0,385.0,12.0,169.0,0.0,0.0,0.0,0.0,0.0,5550.0,970.0,69.0,70.0,0.0,0.0,2636.0,1805.0,1801.0,4.0,6859.0,1211.0,320.0,21.0,0.0,60.0,0.0,0.0,23.0,0.0,0.0,34.0,95.0,0.0,16.0,71.0,891.0,76.0,41.0,83.0,41.0,119.0,38.0,35.0,0.0,75.0,47.0,36.0,251.0,49.0,5648.0,2512.0,73.0,108.0,115.0,156.0,64.0,69.0,371.0,646.0,179.0,364.0,316.0,5.0,46.0,3136.0,122.0,0.0,218.0,248.0,58.0,217.0,519.0,230.0,638.0,475.0,272.0,84.0,55.0,55625.0,2507.0,421.0,2086.0,2573.0,434.0,155.0,280.0,963.0,154.0,270.0,219.0,71.0,27.0,0.0,2507.0,421.0,9.0,178.0,151.0,52.0,31.0,0.0,2086.0,633.0,789.0,388.0,276.0,0.0,0.0,2086.0,57.0,138.0,171.0,318.0,190.0,369.0,244.0,91.0,508.0,0.0,25009251500,0.8028352379574715,55625.0,0.7710843373493976,0.2560829676904667,0.02444669463329958,0.055692174164617386,0.1152900332706495,0.1679297965696051,6913.0,0.1765563493220586,0.5810162991371045,0.8320702034303948,0.2289156626506024
6847.0,6847.0,1342.0,731.0,237.0,0.0,271.0,0.0,0.0,103.0,0.0,103.0,5505.0,242.0,174.0,0.0,0.0,0.0,3170.0,1919.0,1184.0,735.0,6847.0,919.0,471.0,39.0,39.0,144.0,0.0,0.0,31.0,106.0,0.0,66.0,0.0,0.0,46.0,0.0,448.0,0.0,0.0,0.0,0.0,10.0,35.0,0.0,55.0,56.0,124.0,45.0,46.0,77.0,5928.0,3484.0,208.0,13.0,378.0,108.0,0.0,64.0,352.0,774.0,731.0,337.0,448.0,71.0,0.0,2444.0,32.0,25.0,178.0,162.0,33.0,0.0,440.0,615.0,313.0,172.0,200.0,202.0,72.0,66636.0,2775.0,499.0,2276.0,2823.0,360.0,186.0,389.0,680.0,323.0,59.0,41.0,785.0,0.0,0.0,2775.0,499.0,59.0,116.0,207.0,45.0,42.0,30.0,2276.0,391.0,1336.0,460.0,41.0,0.0,48.0,2276.0,14.0,169.0,67.0,135.0,443.0,196.0,85.0,392.0,601.0,174.0,25009251600,0.8040017525923763,66636.0,0.8065887353878852,0.16216216216216217,0.03957937782970644,0.03461369943040748,0.10676208558492771,0.17981981981981981,6847.0,0.13421936614575727,0.5597539543057997,0.8201801801801801,0.19341126461211477
5702.0,5702.0,904.0,591.0,18.0,0.0,166.0,0.0,27.0,102.0,95.0,7.0,4798.0,343.0,330.0,0.0,0.0,0.0,2898.0,1227.0,1209.0,18.0,5640.0,1217.0,758.0,20.0,0.0,31.0,306.0,0.0,0.0,49.0,207.0,70.0,64.0,11.0,0.0,0.0,459.0,0.0,0.0,32.0,43.0,29.0,0.0,40.0,46.0,66.0,28.0,51.0,107.0,17.0,4423.0,2337.0,73.0,49.0,117.0,28.0,117.0,29.0,198.0,524.0,398.0,291.0,290.0,210.0,13.0,2086.0,134.0,0.0,0.0,244.0,0.0,47.0,196.0,311.0,273.0,327.0,326.0,55.0,173.0,79167.0,2198.0,440.0,1758.0,2209.0,235.0,303.0,234.0,605.0,511.0,149.0,17.0,155.0,0.0,0.0,2198.0,440.0,24.0,106.0,205.0,80.0,7.0,18.0,1758.0,234.0,944.0,396.0,153.0,0.0,31.0,1758.0,43.0,96.0,464.0,90.0,82.0,168.0,38.0,146.0,365.0,266.0,25009251700,0.8414591371448614,79167.0,0.7564508827523766,0.11737943585077343,0.02911259207295686,0.003156787092248334,0.10364784286215363,0.20018198362147407,5702.0,0.21578014184397162,0.40784982935153585,0.7998180163785259,0.24354911724762335
7983.0,7983.0,3512.0,2860.0,23.0,0.0,425.0,0.0,149.0,55.0,55.0,0.0,4471.0,1654.0,109.0,0.0,0.0,0.0,2165.0,543.0,535.0,8.0,7983.0,702.0,456.0,155.0,0.0,106.0,0.0,0.0,0.0,98.0,15.0,0.0,0.0,68.0,14.0,0.0,246.0,0.0,110.0,0.0,21.0,0.0,0.0,11.0,0.0,21.0,0.0,29.0,12.0,42.0,7281.0,3414.0,195.0,0.0,306.0,125.0,0.0,63.0,426.0,296.0,538.0,505.0,509.0,325.0,126.0,3867.0,341.0,18.0,265.0,116.0,0.0,93.0,278.0,474.0,593.0,649.0,514.0,249.0,277.0,79541.0,3027.0,1987.0,1040.0,3135.0,1668.0,305.0,377.0,388.0,0.0,37.0,360.0,0.0,0.0,0.0,3027.0,1987.0,17.0,621.0,860.0,288.0,122.0,79.0,1040.0,107.0,879.0,43.0,11.0,0.0,0.0,1040.0,0.0,27.0,40.0,165.0,266.0,132.0,30.0,181.0,187.0,12.0,25009251800,0.5600651384191406,79541.0,0.37065390749601274,0.04096465147010241,0.05323813102843543,0.00288112238506827,0.35826130527370664,0.6564255037991411,7983.0,0.08793686583990981,0.5096153846153846,0.34357449620085895,0.6293460925039872
3570.0,3570.0,2437.0,2052.0,181.0,0.0,45.0,0.0,95.0,64.0,54.0,10.0,1133.0,9.0,0.0,0.0,0.0,0.0,851.0,273.0,273.0,0.0,3514.0,343.0,177.0,21.0,0.0,0.0,0.0,0.0,0.0,0.0,15.0,2.0,12.0,66.0,35.0,26.0,166.0,0.0,0.0,0.0,14.0,0.0,0.0,0.0,12.0,37.0,3.0,12.0,23.0,65.0,3171.0,1444.0,26.0,0.0,71.0,34.0,80.0,10.0,100.0,206.0,295.0,171.0,218.0,155.0,78.0,1727.0,51.0,0.0,210.0,99.0,36.0,75.0,180.0,220.0,270.0,125.0,190.0,127.0,144.0,81894.0,1400.0,907.0,493.0,1400.0,728.0,100.0,128.0,201.0,85.0,42.0,80.0,36.0,0.0,0.0,1400.0,907.0,40.0,308.0,359.0,144.0,56.0,0.0,493.0,106.0,178.0,209.0,0.0,0.0,0.0,493.0,0.0,60.0,31.0,19.0,115.0,46.0,31.0,0.0,183.0,8.0,25009252101,0.31736694677871147,81894.0,0.4085714285714286,0.10428571428571429,0.012605042016806723,0.05070028011204482,0.5747899159663865,0.6478571428571429,3570.0,0.09760956175298804,0.5273833671399595,0.35214285714285715,0.5914285714285714
4631.0,4631.0,4055.0,3072.0,645.0,0.0,107.0,0.0,6.0,225.0,104.0,121.0,576.0,7.0,0.0,0.0,0.0,0.0,490.0,79.0,65.0,14.0,4631.0,63.0,23.0,0.0,0.0,0.0,0.0,0.0,0.0,2.0,3.0,4.0,1.0,1.0,12.0,0.0,40.0,0.0,0.0,0.0,0.0,0.0,0.0,0.0,0.0,0.0,0.0,0.0,11.0,29.0,4568.0,2230.0,68.0,46.0,361.0,61.0,23.0,0.0,198.0,222.0,271.0,219.0,343.0,270.0,148.0,2338.0,88.0,0.0,123.0,73.0,22.0,120.0,260.0,210.0,218.0,480.0,320.0,274.0,150.0,134776.0,1545.0,1366.0,179.0,1545.0,1376.0,123.0,15.0,31.0,0.0,0.0,0.0,0.0,0.0,0.0,1545.0,1366.0,56.0,276.0,644.0,266.0,116.0,8.0,179.0,0.0,40.0,78.0,18.0,43.0,0.0,179.0,0.0,54.0,0.0,9.0,18.0,8.0,0.0,0.0,85.0,5.0,25009252102,0.12437918376160656,134776.0,0.02977346278317152,0.036245954692556634,0.023105160872381774,0.139278773483049,0.6633556467285684,0.8841423948220065,4631.0,0.013603973223925718,0.5195530726256983,0.11585760517799353,0.9702265372168285
3374.0,3374.0,2003.0,1949.0,0.0,0.0,0.0,0.0,0.0,54.0,0.0,54.0,1371.0,138.0,0.0,0.0,0.0,0.0,790.0,443.0,443.0,0.0,3369.0,330.0,145.0,23.0,0.0,0.0,16.0,0.0,42.0,0.0,0.0,49.0,0.0,0.0,15.0,0.0,185.0,0.0,0.0,22.0,0.0,0.0,0.0,105.0,11.0,6.0,15.0,0.0,7.0,19.0,3039.0,1549.0,14.0,9.0,16.0,125.0,37.0,53.0,162.0,263.0,176.0,173.0,318.0,96.0,107.0,1490.0,71.0,16.0,77.0,81.0,0.0,52.0,151.0,190.0,195.0,275.0,159.0,80.0,143.0,102067.0,1199.0,926.0,273.0,1270.0,1010.0,63.0,85.0,9.0,0.0,27.0,23.0,53.0,0.0,0.0,1199.0,926.0,8.0,221.0,421.0,148.0,102.0,26.0,273.0,15.0,66.0,154.0,38.0,0.0,0.0,273.0,0.0,0.0,38.0,8.0,16.0,13.0,7.0,107.0,84.0,0.0,25009252201,0.4063426200355661,102067.0,0.15511811023622046,0.019182652210175146,0.0,0.0,0.5776526378186129,0.7723102585487907,3374.0,0.09795191451469279,0.7728937728937729,0.22768974145120935,0.8448818897637795
3297.0,3297.0,2756.0,2448.0,188.0,2.0,12.0,0.0,0.0,106.0,63.0,43.0,541.0,68.0,0.0,0.0,0.0,0.0,279.0,194.0,179.0,15.0,3261.0,54.0,23.0,0.0,0.0,0.0,0.0,0.0,0.0,2.0,2.0,0.0,0.0,9.0,10.0,0.0,31.0,0.0,0.0,0.0,0.0,0.0,0.0,0.0,0.0,0.0,0.0,9.0,0.0,22.0,3207.0,1589.0,45.0,13.0,207.0,35.0,12.0,14.0,91.0,229.0,233.0,251.0,229.0,176.0,54.0,1618.0,45.0,0.0,221.0,38.0,7.0,13.0,90.0,115.0,171.0,319.0,227.0,296.0,76.0,121908.0,1153.0,1083.0,70.0,1196.0,1143.0,13.0,18.0,0.0,0.0,0.0,9.0,0.0,0.0,13.0,1153.0,1083.0,35.0,182.0,513.0,226.0,100.0,27.0,70.0,0.0,59.0,11.0,0.0,0.0,0.0,70.0,10.0,40.0,0.0,0.0,0.0,0.0,0.0,0.0,9.0,11.0,25009252202,0.1640885653624507,121908.0,0.0225752508361204,0.030355594102341718,0.003639672429481347,0.0570215347285411,0.7424931756141947,0.9392888117953165,3297.0,0.01655933762649494,0.12857142857142856,0.060711188204683436,0.9665551839464883
7609.0,7609.0,4085.0,3249.0,309.0,0.0,278.0,0.0,23.0,226.0,190.0,36.0,3524.0,237.0,128.0,123.0,0.0,0.0,1981.0,1055.0,1011.0,44.0,7401.0,1095.0,290.0,19.0,0.0,13.0,12.0,0.0,0.0,19.0,47.0,19.0,23.0,25.0,113.0,0.0,805.0,87.0,0.0,58.0,0.0,0.0,35.0,0.0,78.0,96.0,107.0,90.0,96.0,158.0,6306.0,3522.0,176.0,62.0,159.0,67.0,0.0,123.0,470.0,884.0,295.0,296.0,602.0,233.0,155.0,2784.0,169.0,0.0,193.0,71.0,0.0,34.0,165.0,563.0,191.0,398.0,403.0,342.0,255.0,76667.0,2936.0,1654.0,1282.0,2936.0,989.0,297.0,314.0,540.0,284.0,194.0,163.0,155.0,0.0,0.0,2936.0,1654.0,15.0,543.0,541.0,354.0,165.0,36.0,1282.0,390.0,651.0,185.0,56.0,0.0,0.0,1282.0,231.0,37.0,47.0,160.0,319.0,158.0,16.0,76.0,226.0,12.0,25009252300,0.4631357602838744,76667.0,0.5619891008174387,0.13794277929155313,0.03653568142988566,0.040609804179261404,0.42699434879747666,0.5633514986376021,7609.0,0.14795297932711796,0.3712948517940718,0.4366485013623978,0.4380108991825613
4752.0,4752.0,1430.0,1104.0,147.0,0.0,108.0,0.0,62.0,9.0,0.0,9.0,3322.0,272.0,36.0,92.0,0.0,0.0,2034.0,888.0,789.0,99.0,4752.0,739.0,306.0,0.0,0.0,0.0,0.0,0.0,37.0,41.0,21.0,23.0,67.0,20.0,46.0,51.0,433.0,39.0,0.0,51.0,62.0,0.0,0.0,49.0,32.0,73.0,30.0,39.0,23.0,35.0,4013.0,1938.0,34.0,0.0,134.0,160.0,90.0,41.0,216.0,321.0,267.0,409.0,146.0,83.0,37.0,2075.0,141.0,26.0,166.0,66.0,50.0,73.0,188.0,373.0,235.0,438.0,137.0,148.0,34.0,83646.0,1507.0,647.0,860.0,1583.0,368.0,174.0,388.0,474.0,39.0,67.0,41.0,32.0,0.0,0.0,1507.0,647.0,14.0,151.0,153.0,233.0,43.0,53.0,860.0,183.0,270.0,283.0,57.0,57.0,10.0,860.0,31.0,10.0,177.0,76.0,24.0,86.0,46.0,35.0,344.0,31.0,25009252400,0.6990740740740741,83646.0,0.6576121288692356,0.13072329130723293,0.022727272727272728,0.030934343434343436,0.23232323232323232,0.42932979429329793,4752.0,0.15551346801346802,0.5941860465116279,0.570670205706702,0.34238787113076435
5318.0,5318.0,2933.0,2310.0,209.0,0.0,266.0,0.0,49.0,99.0,90.0,9.0,2385.0,136.0,28.0,0.0,62.0,0.0,1242.0,917.0,832.0,85.0,5241.0,551.0,248.0,6.0,16.0,18.0,15.0,5.0,5.0,53.0,49.0,30.0,32.0,0.0,6.0,13.0,303.0,0.0,26.0,37.0,23.0,0.0,0.0,74.0,34.0,40.0,25.0,35.0,9.0,0.0,4690.0,2269.0,123.0,43.0,226.0,50.0,67.0,9.0,201.0,351.0,446.0,277.0,228.0,161.0,87.0,2421.0,198.0,123.0,310.0,95.0,13.0,11.0,268.0,352.0,225.0,295.0,174.0,301.0,56.0,102411.0,1456.0,953.0,503.0,1456.0,798.0,98.0,270.0,178.0,55.0,47.0,0.0,10.0,0.0,0.0,1456.0,953.0,35.0,189.0,369.0,236.0,114.0,10.0,503.0,3.0,134.0,219.0,147.0,0.0,0.0,503.0,0.0,62.0,22.0,83.0,0.0,46.0,0.0,0.0,227.0,63.0,25009252501,0.4484768710041369,102411.0,0.38461538461538464,0.0260989010989011,0.05001880406167732,0.03930048890560361,0.43437382474614517,0.654532967032967,5318.0,0.10513260828086243,0.5427435387673957,0.34546703296703296,0.6153846153846154
4976.0,4976.0,3206.0,2384.0,106.0,0.0,456.0,0.0,11.0,249.0,179.0,70.0,1770.0,113.0,0.0,0.0,0.0,0.0,924.0,733.0,733.0,0.0,4884.0,417.0,190.0,58.0,0.0,35.0,13.0,0.0,6.0,0.0,22.0,34.0,0.0,0.0,12.0,10.0,227.0,0.0,0.0,10.0,0.0,0.0,12.0,21.0,48.0,40.0,0.0,0.0,35.0,61.0,4467.0,2139.0,135.0,0.0,44.0,44.0,25.0,9.0,284.0,427.0,249.0,243.0,186.0,326.0,167.0,2328.0,251.0,78.0,123.0,103.0,43.0,68.0,196.0,251.0,293.0,260.0,203.0,289.0,170.0,101630.0,1615.0,1320.0,295.0,1686.0,1186.0,0.0,218.0,64.0,83.0,38.0,97.0,0.0,0.0,0.0,1615.0,1320.0,49.0,326.0,539.0,327.0,64.0,15.0,295.0,26.0,135.0,71.0,63.0,0.0,0.0,295.0,0.0,0.0,34.0,20.0,70.0,0.0,0.0,14.0,128.0,29.0,25009252502,0.3557073954983923,101630.0,0.29655990510083036,0.04643962848297214,0.09163987138263666,0.02130225080385852,0.4790996784565916,0.8173374613003096,4976.0,0.08538083538083538,0.48135593220338985,0.1826625386996904,0.7034400948991696
7261.0,7261.0,5655.0,4596.0,134.0,0.0,706.0,0.0,18.0,201.0,21.0,180.0,1606.0,250.0,0.0,0.0,0.0,0.0,634.0,722.0,722.0,0.0,7261.0,365.0,97.0,0.0,0.0,0.0,0.0,0.0,0.0,0.0,2.0,0.0,40.0,11.0,20.0,24.0,268.0,0.0,0.0,0.0,0.0,0.0,0.0,0.0,0.0,71.0,0.0,71.0,48.0,78.0,6896.0,3278.0,91.0,20.0,425.0,37.0,54.0,94.0,270.0,288.0,772.0,415.0,401.0,258.0,153.0,3618.0,243.0,0.0,269.0,324.0,10.0,78.0,175.0,352.0,728.0,360.0,461.0,410.0,208.0,114494.0,2741.0,2251.0,490.0,2768.0,1460.0,377.0,61.0,66.0,217.0,121.0,378.0,88.0,0.0,0.0,2741.0,2251.0,61.0,667.0,1152.0,257.0,93.0,21.0,490.0,0.0,306.0,184.0,0.0,0.0,0.0,490.0,62.0,95.0,0.0,60.0,13.0,0.0,26.0,46.0,70.0,118.0,25009252601,0.22118165541936372,114494.0,0.3363439306358382,0.02225465158701204,0.09723178625533672,0.01845475829775513,0.6329706651976312,0.8212331265961328,7261.0,0.05026855804985539,0.2897959183673469,0.1787668734038672,0.6636560693641619
5495.0,5495.0,4509.0,3848.0,150.0,0.0,337.0,0.0,0.0,174.0,166.0,8.0,986.0,130.0,0.0,0.0,29.0,0.0,275.0,552.0,552.0,0.0,5495.0,147.0,64.0,0.0,0.0,0.0,0.0,0.0,0.0,0.0,21.0,0.0,10.0,0.0,33.0,0.0,83.0,0.0,0.0,0.0,0.0,0.0,0.0,0.0,22.0,0.0,0.0,0.0,40.0,21.0,5348.0,2547.0,94.0,37.0,182.0,63.0,54.0,136.0,200.0,355.0,257.0,459.0,356.0,268.0,86.0,2801.0,66.0,0.0,154.0,196.0,0.0,27.0,333.0,429.0,272.0,558.0,273.0,272.0,221.0,133486.0,2076.0,1589.0,487.0,2238.0,1476.0,251.0,19.0,0.0,156.0,311.0,25.0,0.0,0.0,0.0,2076.0,1589.0,23.0,413.0,527.0,344.0,192.0,90.0,487.0,0.0,319.0,151.0,17.0,0.0,0.0,487.0,0.0,11.0,58.0,186.0,76.0,0.0,6.0,18.0,89.0,43.0,25009252602,0.17943585077343038,133486.0,0.22832886505808758,0.011078998073217727,0.061328480436760695,0.0272975432211101,0.7002729754322111,0.7654142581888247,5495.0,0.0267515923566879,0.23203285420944558,0.23458574181117534,0.7716711349419124
3192.0,3192.0,2684.0,2020.0,370.0,0.0,210.0,0.0,0.0,84.0,0.0,84.0,508.0,40.0,0.0,0.0,0.0,0.0,22.0,446.0,446.0,0.0,3192.0,58.0,13.0,0.0,0.0,0.0,0.0,0.0,0.0,0.0,0.0,0.0,0.0,0.0,0.0,13.0,45.0,0.0,0.0,0.0,0.0,0.0,0.0,0.0,0.0,0.0,0.0,10.0,35.0,0.0,3134.0,1473.0,125.0,0.0,62.0,57.0,5.0,32.0,112.0,138.0,177.0,227.0,237.0,187.0,114.0,1661.0,138.0,12.0,118.0,56.0,11.0,87.0,84.0,218.0,159.0,174.0,367.0,96.0,141.0,139688.0,1063.0,826.0,237.0,1113.0,797.0,4.0,11.0,87.0,23.0,0.0,121.0,70.0,0.0,0.0,1063.0,826.0,32.0,134.0,467.0,129.0,64.0,0.0,237.0,24.0,152.0,51.0,10.0,0.0,0.0,237.0,0.0,0.0,21.0,49.0,51.0,0.0,17.0,11.0,88.0,0.0,25009252603,0.15914786967418545,139688.0,0.2803234501347709,0.05268109125117592,0.06578947368421052,0.11591478696741854,0.6328320802005013,0.7770460959548448,3192.0,0.018170426065162906,0.48945147679324896,0.22295390404515522,0.7196765498652291
6518.0,6518.0,5692.0,4867.0,13.0,0.0,456.0,0.0,26.0,330.0,109.0,221.0,826.0,198.0,52.0,126.0,142.0,0.0,243.0,65.0,65.0,0.0,6443.0,481.0,276.0,0.0,0.0,64.0,32.0,0.0,0.0,23.0,15.0,0.0,0.0,76.0,51.0,15.0,205.0,0.0,0.0,0.0,0.0,22.0,0.0,15.0,77.0,22.0,0.0,42.0,0.0,27.0,5962.0,3174.0,303.0,0.0,590.0,126.0,17.0,31.0,204.0,611.0,444.0,222.0,360.0,194.0,72.0,2788.0,142.0,28.0,88.0,126.0,24.0,36.0,132.0,432.0,458.0,363.0,359.0,402.0,198.0,120904.0,2536.0,1424.0,1112.0,2592.0,1263.0,226.0,266.0,429.0,158.0,21.0,55.0,174.0,0.0,0.0,2536.0,1424.0,0.0,329.0,740.0,289.0,66.0,0.0,1112.0,143.0,491.0,448.0,30.0,0.0,0.0,1112.0,16.0,109.0,116.0,121.0,26.0,145.0,87.0,113.0,337.0,42.0,25009253100,0.12672598956735195,120904.0,0.4255401234567901,0.05638801261829653,0.06996011046333231,0.0019944768333844736,0.7467014421601719,0.5615141955835962,6518.0,0.0746546639764085,0.6133093525179856,0.4384858044164038,0.5744598765432098
3269.0,3269.0,2902.0,2699.0,101.0,4.0,85.0,0.0,0.0,13.0,8.0,5.0,367.0,4.0,0.0,0.0,0.0,0.0,299.0,64.0,64.0,0.0,3226.0,460.0,194.0,20.0,0.0,50.0,50.0,0.0,0.0,0.0,0.0,17.0,30.0,27.0,0.0,0.0,266.0,16.0,0.0,56.0,0.0,0.0,0.0,15.0,63.0,5.0,0.0,0.0,17.0,94.0,2766.0,1333.0,59.0,0.0,27.0,70.0,41.0,15.0,170.0,234.0,98.0,179.0,209.0,115.0,116.0,1433.0,80.0,0.0,19.0,50.0,23.0,34.0,128.0,199.0,164.0,236.0,243.0,159.0,98.0,113370.0,1412.0,835.0,577.0,1520.0,373.0,422.0,199.0,18.0,94.0,104.0,124.0,176.0,0.0,10.0,1412.0,835.0,38.0,348.0,333.0,83.0,33.0,0.0,577.0,39.0,271.0,131.0,117.0,19.0,0.0,577.0,19.0,64.0,97.0,71.0,215.0,13.0,25.0,9.0,57.0,7.0,25009253201,0.1122667482410523,113370.0,0.47039473684210525,0.05453257790368272,0.026001835423676966,0.030896298562251453,0.8256347506882838,0.5913597733711048,3269.0,0.1425914445133292,0.18024263431542462,0.4086402266288952,0.5230263157894737
7616.0,7616.0,6720.0,5532.0,474.0,0.0,457.0,0.0,0.0,257.0,141.0,116.0,896.0,241.0,12.0,46.0,0.0,0.0,291.0,306.0,306.0,0.0,6876.0,1643.0,773.0,21.0,68.0,10.0,58.0,0.0,3.0,483.0,32.0,5.0,1.0,37.0,40.0,15.0,870.0,14.0,0.0,12.0,8.0,0.0,0.0,465.0,4.0,135.0,8.0,193.0,4.0,27.0,5233.0,2650.0,42.0,14.0,186.0,100.0,83.0,40.0,403.0,359.0,269.0,357.0,380.0,295.0,122.0,2583.0,153.0,16.0,141.0,88.0,46.0,29.0,169.0,296.0,278.0,357.0,545.0,237.0,228.0,80880.0,2587.0,1458.0,1129.0,2765.0,703.0,420.0,106.0,122.0,659.0,596.0,63.0,96.0,0.0,0.0,2587.0,1458.0,18.0,459.0,669.0,312.0,0.0,0.0,1129.0,59.0,383.0,480.0,36.0,74.0,97.0,1129.0,35.0,49.0,19.0,0.0,322.0,97.0,95.0,192.0,239.0,81.0,25009253202,0.11764705882352941,80880.0,0.5938517179023508,0.029764205643602628,0.06000525210084034,0.062237394957983194,0.7263655462184874,0.563587166602242,7616.0,0.23894706224549156,0.5518157661647476,0.436412833397758,0.4061482820976492
4159.0,4159.0,4088.0,3589.0,9.0,0.0,176.0,0.0,0.0,314.0,283.0,31.0,71.0,0.0,0.0,0.0,0.0,0.0,5.0,66.0,66.0,0.0,4114.0,138.0,49.0,0.0,0.0,0.0,0.0,0.0,0.0,0.0,29.0,0.0,0.0,11.0,0.0,9.0,89.0,0.0,0.0,0.0,0.0,0.0,0.0,0.0,0.0,14.0,2.0,37.0,0.0,36.0,3976.0,1985.0,97.0,8.0,228.0,108.0,31.0,21.0,183.0,187.0,184.0,231.0,279.0,225.0,203.0,1991.0,70.0,7.0,73.0,172.0,10.0,60.0,200.0,158.0,217.0,297.0,207.0,195.0,325.0,187708.0,1454.0,1194.0,260.0,1538.0,1257.0,26.0,9.0,0.0,0.0,0.0,69.0,177.0,0.0,0.0,1454.0,1194.0,54.0,221.0,586.0,192.0,63.0,78.0,260.0,53.0,148.0,51.0,8.0,0.0,0.0,260.0,13.0,0.0,0.0,18.0,23.0,11.0,0.0,0.0,149.0,46.0,25009253203,0.017071411396970427,187708.0,0.16579973992197658,0.07359009628610728,0.04231786487136331,0.002163981726376533,0.8629478239961529,0.8211829436038515,4159.0,0.03354399611084103,0.6153846153846154,0.17881705639614856,0.8342002600780234
5852.0,5852.0,5652.0,4400.0,312.0,0.0,706.0,0.0,0.0,234.0,96.0,138.0,200.0,0.0,0.0,15.0,0.0,0.0,18.0,167.0,167.0,0.0,5745.0,111.0,96.0,0.0,0.0,0.0,0.0,0.0,0.0,0.0,0.0,23.0,24.0,0.0,49.0,0.0,15.0,0.0,0.0,0.0,0.0,0.0,0.0,0.0,0.0,0.0,15.0,0.0,0.0,0.0,5634.0,2703.0,182.0,0.0,184.0,37.0,85.0,139.0,84.0,149.0,416.0,414.0,446.0,427.0,140.0,2931.0,249.0,12.0,250.0,72.0,11.0,67.0,246.0,247.0,512.0,409.0,415.0,325.0,116.0,176911.0,2142.0,1740.0,402.0,2261.0,1508.0,223.0,16.0,56.0,17.0,0.0,131.0,310.0,0.0,0.0,2142.0,1740.0,14.0,235.0,1053.0,360.0,78.0,0.0,402.0,136.0,183.0,83.0,0.0,0.0,0.0,402.0,109.0,0.0,60.0,31.0,15.0,38.0,0.0,0.0,149.0,0.0,25009253204,0.03417634996582365,176911.0,0.2344095532950022,0.0700280112044818,0.12064251537935748,0.05331510594668489,0.7518796992481203,0.8123249299719888,5852.0,0.019321148825065273,0.4651741293532338,0.1876750700280112,0.7655904467049978
4076.0,4076.0,3958.0,3617.0,0.0,0.0,164.0,0.0,0.0,177.0,14.0,163.0,118.0,50.0,0.0,0.0,0.0,0.0,21.0,47.0,47.0,0.0,4076.0,30.0,14.0,0.0,0.0,0.0,0.0,0.0,0.0,0.0,0.0,0.0,0.0,13.0,1.0,0.0,16.0,0.0,0.0,0.0,0.0,0.0,0.0,0.0,0.0,0.0,2.0,14.0,0.0,0.0,4046.0,1864.0,92.0,8.0,159.0,48.0,47.0,38.0,47.0,142.0,238.0,282.0,431.0,219.0,113.0,2182.0,165.0,4.0,222.0,140.0,35.0,101.0,59.0,220.0,208.0,266.0,460.0,193.0,109.0,234779.0,1415.0,1407.0,8.0,1439.0,1365.0,57.0,8.0,0.0,9.0,0.0,0.0,0.0,0.0,0.0,1415.0,1407.0,0.0,146.0,790.0,325.0,88.0,58.0,8.0,0.0,0.0,8.0,0.0,0.0,0.0,8.0,8.0,0.0,0.0,0.0,0.0,0.0,0.0,0.0,0.0,0.0,25009253205,0.028949950932286556,234779.0,0.0118137595552467,0.0,0.040235525024533855,0.0,0.8873895976447498,0.9943462897526502,4076.0,0.007360157016683023,0.0,0.005653710247349823,0.9881862404447533
6077.0,6077.0,5745.0,4493.0,49.0,0.0,1027.0,0.0,0.0,176.0,70.0,106.0,332.0,121.0,0.0,35.0,0.0,0.0,35.0,141.0,141.0,0.0,6067.0,191.0,68.0,0.0,0.0,0.0,0.0,58.0,0.0,5.0,0.0,5.0,0.0,0.0,0.0,0.0,123.0,0.0,0.0,0.0,0.0,0.0,0.0,0.0,0.0,0.0,0.0,22.0,46.0,55.0,5876.0,2730.0,190.0,17.0,308.0,25.0,36.0,45.0,69.0,246.0,453.0,365.0,519.0,272.0,185.0,3146.0,139.0,50.0,242.0,183.0,7.0,163.0,95.0,118.0,487.0,512.0,515.0,320.0,315.0,140334.0,2557.0,2193.0,364.0,2754.0,1639.0,140.0,95.0,251.0,111.0,248.0,141.0,114.0,15.0,0.0,2557.0,2193.0,0.0,638.0,1099.0,374.0,44.0,38.0,364.0,73.0,184.0,55.0,52.0,0.0,0.0,364.0,0.0,23.0,0.0,142.0,83.0,50.0,0.0,17.0,32.0,17.0,25009254100,0.054632219845318415,140334.0,0.3540305010893246,0.028549080954243255,0.16899786078657233,0.008063189073556031,0.7393450715813724,0.8576456785295268,6077.0,0.031481786715015656,0.27197802197802196,0.14235432147047322,0.6459694989106753
5379.0,5379.0,4963.0,4153.0,128.0,18.0,440.0,0.0,0.0,224.0,159.0,65.0,416.0,87.0,39.0,0.0,0.0,0.0,131.0,159.0,159.0,0.0,4029.0,272.0,87.0,0.0,7.0,8.0,0.0,0.0,0.0,0.0,1.0,9.0,2.0,13.0,39.0,8.0,185.0,7.0,8.0,0.0,0.0,0.0,0.0,8.0,0.0,16.0,20.0,19.0,77.0,30.0,3757.0,1725.0,53.0,6.0,123.0,73.0,11.0,100.0,145.0,153.0,184.0,194.0,354.0,269.0,60.0,2032.0,71.0,23.0,157.0,32.0,27.0,42.0,150.0,142.0,357.0,280.0,414.0,195.0,142.0,120774.0,1953.0,1106.0,847.0,2179.0,787.0,352.0,138.0,302.0,274.0,42.0,68.0,216.0,0.0,0.0,1953.0,1106.0,32.0,262.0,642.0,103.0,30.0,37.0,847.0,295.0,284.0,209.0,52.0,0.0,7.0,847.0,24.0,103.0,69.0,141.0,109.0,53.0,65.0,85.0,137.0,61.0,25009254200,0.07733779512920617,120774.0,0.4772831574116567,0.1674347158218126,0.081799591002045,0.02379624465514036,0.7720765941624838,0.5663082437275986,5379.0,0.06751054852320675,0.4014167650531287,0.4336917562724014,0.5227168425883433
4556.0,4556.0,4427.0,3699.0,27.0,0.0,552.0,0.0,9.0,140.0,122.0,18.0,129.0,0.0,37.0,0.0,0.0,0.0,33.0,59.0,59.0,0.0,4400.0,76.0,16.0,0.0,0.0,0.0,0.0,0.0,0.0,0.0,0.0,0.0,13.0,3.0,0.0,0.0,60.0,0.0,0.0,0.0,0.0,0.0,0.0,0.0,36.0,10.0,0.0,14.0,0.0,0.0,4324.0,2206.0,69.0,15.0,147.0,125.0,37.0,113.0,241.0,69.0,213.0,428.0,420.0,252.0,77.0,2118.0,80.0,19.0,213.0,104.0,52.0,81.0,118.0,106.0,267.0,497.0,323.0,167.0,91.0,250001.0,1374.0,1227.0,147.0,1419.0,1371.0,32.0,0.0,6.0,10.0,0.0,0.0,0.0,0.0,0.0,1374.0,1227.0,1.0,125.0,752.0,284.0,54.0,11.0,147.0,0.0,46.0,90.0,11.0,0.0,0.0,147.0,0.0,11.0,23.0,17.0,0.0,0.0,12.0,13.0,10.0,61.0,25009254301,0.028314310798946446,250001.0,0.01127554615926709,0.000727802037845706,0.12115891132572432,0.005926251097453907,0.8118964003511853,0.8930131004366813,4556.0,0.017272727272727273,0.23809523809523808,0.10698689956331878,0.9887244538407329
4792.0,4792.0,4582.0,3299.0,76.0,20.0,678.0,0.0,282.0,227.0,139.0,88.0,210.0,21.0,0.0,0.0,0.0,0.0,32.0,157.0,157.0,0.0,4792.0,147.0,104.0,0.0,0.0,9.0,0.0,0.0,0.0,0.0,0.0,0.0,64.0,20.0,11.0,0.0,43.0,0.0,0.0,13.0,0.0,0.0,0.0,0.0,10.0,3.0,8.0,0.0,9.0,0.0,4645.0,2361.0,139.0,40.0,180.0,147.0,39.0,93.0,163.0,140.0,275.0,343.0,481.0,168.0,153.0,2284.0,100.0,10.0,90.0,106.0,34.0,70.0,154.0,230.0,312.0,314.0,401.0,330.0,133.0,218466.0,1714.0,1514.0,200.0,1770.0,1518.0,23.0,0.0,0.0,48.0,181.0,0.0,0.0,0.0,0.0,1714.0,1514.0,10.0,277.0,823.0,290.0,49.0,65.0,200.0,0.0,74.0,91.0,21.0,14.0,0.0,200.0,0.0,40.0,14.0,17.0,20.0,0.0,0.0,0.0,0.0,109.0,25009254302,0.04382303839732888,218466.0,0.12937853107344632,0.005834305717619603,0.14148580968280466,0.015859766277128547,0.6884390651085142,0.8833138856476079,4792.0,0.030676126878130216,0.0,0.11668611435239207,0.8706214689265537
3633.0,3633.0,3137.0,2577.0,0.0,0.0,377.0,0.0,0.0,183.0,97.0,86.0,496.0,215.0,0.0,0.0,0.0,0.0,78.0,203.0,196.0,7.0,3633.0,122.0,40.0,25.0,0.0,0.0,0.0,0.0,0.0,0.0,0.0,0.0,9.0,6.0,0.0,0.0,82.0,0.0,29.0,0.0,0.0,0.0,0.0,0.0,0.0,36.0,17.0,0.0,0.0,0.0,3511.0,1788.0,180.0,9.0,96.0,56.0,37.0,141.0,162.0,214.0,230.0,176.0,280.0,127.0,80.0,1723.0,90.0,8.0,163.0,56.0,9.0,133.0,112.0,214.0,197.0,199.0,307.0,143.0,92.0,181250.0,1319.0,955.0,364.0,1373.0,964.0,0.0,13.0,8.0,0.0,0.0,58.0,330.0,0.0,0.0,1319.0,955.0,9.0,175.0,546.0,150.0,58.0,17.0,364.0,0.0,166.0,176.0,22.0,0.0,0.0,364.0,0.0,11.0,56.0,90.0,71.0,20.0,24.0,47.0,45.0,0.0,25009254401,0.13652628681530415,181250.0,0.29788783685360526,0.006823351023502654,0.10377098816405175,0.0,0.7093311312964492,0.7240333586050038,3633.0,0.03358106248279659,0.37362637362637363,0.2759666413949962,0.7021121631463948
8197.0,8197.0,7641.0,4829.0,577.0,0.0,1995.0,0.0,43.0,197.0,33.0,164.0,556.0,126.0,0.0,0.0,0.0,0.0,83.0,347.0,225.0,122.0,8197.0,178.0,34.0,0.0,0.0,0.0,0.0,0.0,0.0,0.0,19.0,13.0,2.0,0.0,0.0,0.0,144.0,0.0,0.0,0.0,0.0,25.0,54.0,0.0,31.0,0.0,0.0,0.0,0.0,34.0,8019.0,4203.0,346.0,21.0,252.0,293.0,21.0,158.0,400.0,357.0,466.0,889.0,554.0,284.0,162.0,3816.0,266.0,53.0,261.0,181.0,98.0,101.0,140.0,343.0,554.0,630.0,535.0,435.0,219.0,174185.0,3057.0,2435.0,622.0,3057.0,2218.0,31.0,0.0,0.0,27.0,139.0,227.0,396.0,19.0,0.0,3057.0,2435.0,19.0,353.0,1293.0,578.0,192.0,0.0,622.0,0.0,431.0,191.0,0.0,0.0,0.0,622.0,0.0,18.0,101.0,4.0,205.0,53.0,37.0,81.0,108.0,15.0,25009254402,0.06782969379041112,174185.0,0.2643114164213281,0.0062152437029767745,0.24338172502134928,0.0703916066853727,0.5891179699890203,0.7965325482499183,8197.0,0.021715261681102844,0.44855305466237944,0.20346745175008177,0.735688583578672
4018.0,4018.0,3826.0,2985.0,0.0,0.0,602.0,0.0,37.0,202.0,100.0,102.0,192.0,0.0,0.0,1.0,0.0,0.0,92.0,99.0,99.0,0.0,3968.0,41.0,5.0,0.0,0.0,0.0,0.0,0.0,0.0,0.0,0.0,3.0,1.0,0.0,1.0,0.0,36.0,0.0,0.0,0.0,0.0,0.0,0.0,1.0,0.0,1.0,12.0,0.0,11.0,11.0,3927.0,2016.0,178.0,14.0,285.0,60.0,24.0,104.0,119.0,148.0,238.0,305.0,229.0,250.0,62.0,1911.0,171.0,0.0,193.0,55.0,56.0,13.0,91.0,174.0,217.0,359.0,203.0,227.0,152.0,215221.0,1324.0,1192.0,132.0,1347.0,996.0,173.0,55.0,38.0,35.0,32.0,18.0,0.0,0.0,0.0,1324.0,1192.0,0.0,285.0,523.0,271.0,77.0,36.0,132.0,0.0,117.0,10.0,0.0,0.0,5.0,132.0,0.0,0.0,25.0,33.0,5.0,0.0,32.0,19.0,18.0,0.0,25009254403,0.047784967645594825,215221.0,0.1321455085374907,0.0,0.14982578397212543,0.0,0.7429069188651071,0.9003021148036254,4018.0,0.01033266129032258,0.5227272727272727,0.09969788519637462,0.8678544914625093
5551.0,5551.0,2705.0,2332.0,237.0,0.0,16.0,0.0,0.0,120.0,0.0,120.0,2846.0,441.0,0.0,0.0,0.0,0.0,727.0,1678.0,1572.0,106.0,5512.0,2018.0,733.0,33.0,0.0,166.0,38.0,0.0,0.0,18.0,100.0,71.0,106.0,98.0,41.0,62.0,1285.0,134.0,0.0,127.0,78.0,0.0,0.0,51.0,402.0,130.0,164.0,106.0,41.0,52.0,3494.0,1854.0,9.0,0.0,143.0,303.0,0.0,113.0,184.0,496.0,140.0,122.0,111.0,113.0,120.0,1640.0,139.0,0.0,141.0,15.0,0.0,41.0,79.0,541.0,190.0,116.0,161.0,121.0,96.0,44384.0,2487.0,282.0,2205.0,2826.0,146.0,54.0,339.0,309.0,202.0,304.0,396.0,1076.0,0.0,0.0,2487.0,282.0,20.0,90.0,149.0,20.0,0.0,3.0,2205.0,618.0,1221.0,323.0,43.0,0.0,0.0,2205.0,11.0,15.0,133.0,156.0,339.0,318.0,292.0,226.0,680.0,35.0,25009260100,0.5127004143397585,44384.0,0.9292285916489739,0.2565339766787294,0.002882363538101243,0.042695009908124665,0.42010448567825615,0.11338962605548854,5551.0,0.3661103047895501,0.6875283446712018,0.8866103739445115,0.07077140835102619
3935.0,3935.0,3034.0,2273.0,154.0,3.0,104.0,0.0,82.0,418.0,139.0,279.0,901.0,97.0,17.0,9.0,47.0,0.0,209.0,522.0,478.0,44.0,3814.0,569.0,217.0,0.0,0.0,12.0,13.0,0.0,0.0,33.0,47.0,10.0,20.0,32.0,9.0,41.0,352.0,0.0,0.0,27.0,27.0,0.0,0.0,0.0,28.0,13.0,46.0,59.0,51.0,101.0,3245.0,1537.0,40.0,23.0,129.0,78.0,74.0,0.0,173.0,195.0,353.0,124.0,135.0,143.0,70.0,1708.0,255.0,11.0,76.0,56.0,11.0,10.0,67.0,371.0,181.0,191.0,89.0,217.0,173.0,52065.0,1664.0,465.0,1199.0,1734.0,206.0,59.0,373.0,421.0,260.0,37.0,48.0,330.0,0.0,0.0,1664.0,465.0,48.0,144.0,161.0,95.0,0.0,17.0,1199.0,356.0,576.0,232.0,35.0,0.0,0.0,1199.0,7.0,115.0,118.0,95.0,43.0,78.0,184.0,175.0,367.0,17.0,25009260200,0.2289707750952986,52065.0,0.8471741637831603,0.24278846153846154,0.026429479034307497,0.039135959339263025,0.5776365946632783,0.27944711538461536,3935.0,0.14918720503408495,0.6705587989991659,0.7205528846153846,0.15282583621683968
4600.0,4600.0,3770.0,3534.0,35.0,0.0,33.0,0.0,0.0,168.0,86.0,82.0,830.0,160.0,35.0,0.0,0.0,0.0,348.0,287.0,287.0,0.0,4548.0,477.0,239.0,48.0,0.0,0.0,18.0,0.0,0.0,0.0,0.0,106.0,0.0,46.0,0.0,21.0,238.0,42.0,34.0,28.0,0.0,0.0,9.0,10.0,42.0,8.0,9.0,9.0,39.0,8.0,4071.0,1888.0,66.0,0.0,157.0,21.0,34.0,21.0,44.0,358.0,290.0,361.0,226.0,204.0,106.0,2183.0,129.0,31.0,73.0,42.0,25.0,50.0,154.0,413.0,196.0,209.0,471.0,231.0,159.0,90417.0,1911.0,1393.0,518.0,1955.0,1136.0,185.0,311.0,197.0,26.0,57.0,21.0,22.0,0.0,0.0,1911.0,1393.0,30.0,325.0,725.0,220.0,85.0,8.0,518.0,64.0,279.0,165.0,10.0,0.0,0.0,518.0,0.0,47.0,44.0,53.0,89.0,11.0,70.0,68.0,136.0,0.0,25009260301,0.18043478260869567,90417.0,0.3242966751918159,0.049188906331763475,0.007173913043478261,0.007608695652173913,0.7682608695652174,0.7289377289377289,4600.0,0.10488126649076517,0.5501930501930502,0.27106227106227104,0.6757033248081842
3320.0,3320.0,3152.0,2833.0,64.0,0.0,99.0,0.0,0.0,156.0,131.0,25.0,168.0,29.0,103.0,0.0,0.0,0.0,5.0,31.0,31.0,0.0,3180.0,107.0,76.0,0.0,0.0,0.0,19.0,0.0,0.0,27.0,11.0,0.0,11.0,0.0,8.0,0.0,31.0,0.0,0.0,0.0,0.0,0.0,7.0,0.0,0.0,0.0,8.0,0.0,16.0,0.0,3073.0,1557.0,26.0,24.0,112.0,25.0,0.0,50.0,175.0,155.0,176.0,171.0,330.0,229.0,84.0,1516.0,27.0,18.0,61.0,64.0,30.0,50.0,89.0,110.0,159.0,297.0,320.0,172.0,119.0,133036.0,1225.0,1100.0,125.0,1310.0,1041.0,47.0,56.0,21.0,63.0,36.0,17.0,29.0,0.0,0.0,1225.0,1100.0,26.0,195.0,489.0,212.0,170.0,8.0,125.0,53.0,40.0,8.0,24.0,0.0,0.0,125.0,0.0,0.0,22.0,10.0,0.0,8.0,0.0,9.0,52.0,24.0,25009260302,0.05060240963855422,133036.0,0.16946564885496182,0.06448979591836734,0.029819277108433736,0.01927710843373494,0.8533132530120482,0.8979591836734694,3320.0,0.033647798742138364,0.552,0.10204081632653061,0.8305343511450382
3928.0,3928.0,3502.0,3131.0,78.0,0.0,43.0,0.0,28.0,222.0,97.0,125.0,426.0,67.0,35.0,0.0,0.0,0.0,57.0,267.0,267.0,0.0,3919.0,326.0,79.0,0.0,0.0,0.0,10.0,0.0,0.0,23.0,0.0,0.0,13.0,10.0,12.0,11.0,247.0,0.0,0.0,0.0,11.0,0.0,23.0,56.0,33.0,45.0,33.0,0.0,35.0,11.0,3593.0,1789.0,68.0,0.0,109.0,109.0,44.0,72.0,122.0,76.0,182.0,313.0,319.0,260.0,115.0,1804.0,80.0,10.0,8.0,59.0,9.0,63.0,83.0,157.0,194.0,332.0,353.0,298.0,158.0,96711.0,1730.0,1379.0,351.0,1780.0,836.0,359.0,0.0,125.0,116.0,116.0,192.0,36.0,0.0,0.0,1730.0,1379.0,0.0,430.0,575.0,282.0,61.0,31.0,351.0,48.0,174.0,118.0,11.0,0.0,0.0,351.0,13.0,18.0,28.0,24.0,47.0,11.0,0.0,36.0,139.0,35.0,25009260401,0.10845213849287169,96711.0,0.32865168539325845,0.027745664739884393,0.01094704684317719,0.01985743380855397,0.7970977596741344,0.7971098265895954,3928.0,0.08318448583822403,0.5299145299145299,0.20289017341040463,0.6713483146067416
6890.0,6890.0,6047.0,5320.0,4.0,0.0,303.0,0.0,22.0,398.0,314.0,84.0,843.0,175.0,0.0,0.0,0.0,0.0,439.0,229.0,229.0,0.0,6881.0,706.0,316.0,0.0,0.0,71.0,0.0,0.0,57.0,0.0,0.0,79.0,86.0,23.0,0.0,0.0,390.0,0.0,0.0,0.0,74.0,0.0,0.0,0.0,19.0,19.0,190.0,75.0,0.0,13.0,6175.0,2952.0,88.0,48.0,221.0,37.0,34.0,158.0,140.0,264.0,258.0,501.0,510.0,370.0,323.0,3223.0,106.0,86.0,144.0,18.0,12.0,16.0,422.0,367.0,338.0,538.0,405.0,390.0,381.0,87115.0,2840.0,2300.0,540.0,2840.0,1557.0,430.0,65.0,0.0,196.0,254.0,152.0,170.0,16.0,0.0,2840.0,2300.0,48.0,545.0,1034.0,572.0,71.0,30.0,540.0,84.0,120.0,336.0,0.0,0.0,0.0,540.0,0.0,26.0,17.0,0.0,173.0,106.0,0.0,60.0,158.0,0.0,25009260402,0.12235123367198839,87115.0,0.3003521126760563,0.04647887323943662,0.04397677793904209,0.0005805515239477503,0.772133526850508,0.8098591549295775,6890.0,0.10260136608051156,0.6,0.19014084507042253,0.6996478873239437
3719.0,3719.0,2623.0,2458.0,28.0,0.0,57.0,0.0,21.0,59.0,52.0,7.0,1096.0,1.0,63.0,22.0,8.0,0.0,143.0,859.0,847.0,12.0,3494.0,140.0,83.0,0.0,0.0,0.0,8.0,0.0,0.0,0.0,0.0,0.0,10.0,48.0,9.0,8.0,57.0,0.0,0.0,0.0,0.0,0.0,0.0,0.0,0.0,10.0,21.0,14.0,4.0,8.0,3354.0,1796.0,148.0,0.0,100.0,83.0,0.0,63.0,255.0,56.0,388.0,166.0,265.0,167.0,105.0,1558.0,48.0,0.0,170.0,80.0,0.0,32.0,36.0,66.0,292.0,140.0,376.0,150.0,168.0,127784.0,1389.0,1221.0,168.0,1488.0,1064.0,72.0,249.0,8.0,36.0,0.0,52.0,7.0,0.0,0.0,1389.0,1221.0,53.0,328.0,460.0,355.0,25.0,0.0,168.0,57.0,85.0,16.0,10.0,0.0,0.0,168.0,0.0,0.0,10.0,0.0,13.0,37.0,0.0,0.0,89.0,19.0,25009260500,0.2947028771175047,127784.0,0.23655913978494625,0.07919366450683946,0.015326700726001613,0.007528905619790266,0.660930357623017,0.8790496760259179,3719.0,0.04006868918145392,0.75,0.12095032397408208,0.7634408602150538
3981.0,3981.0,2226.0,1960.0,143.0,0.0,0.0,0.0,16.0,107.0,46.0,61.0,1755.0,466.0,11.0,0.0,0.0,0.0,609.0,669.0,662.0,7.0,3903.0,580.0,308.0,33.0,0.0,20.0,54.0,36.0,0.0,39.0,11.0,40.0,0.0,31.0,23.0,21.0,272.0,16.0,0.0,0.0,0.0,16.0,0.0,18.0,0.0,136.0,28.0,35.0,5.0,18.0,3323.0,1599.0,94.0,0.0,99.0,91.0,61.0,11.0,205.0,230.0,183.0,356.0,130.0,127.0,12.0,1724.0,93.0,0.0,71.0,150.0,54.0,29.0,259.0,301.0,219.0,239.0,197.0,41.0,71.0,90469.0,1438.0,843.0,595.0,1528.0,530.0,180.0,256.0,336.0,121.0,31.0,47.0,27.0,0.0,0.0,1438.0,843.0,0.0,150.0,485.0,168.0,40.0,0.0,595.0,20.0,259.0,264.0,17.0,35.0,0.0,595.0,0.0,57.0,80.0,0.0,47.0,150.0,41.0,10.0,157.0,53.0,25009260600,0.440844009042954,90469.0,0.5353403141361257,0.013908205841446454,0.0,0.035920622959055515,0.4923386083898518,0.586230876216968,3981.0,0.14860363822700487,0.6016806722689075,0.413769123783032,0.46465968586387435
5390.0,5390.0,3749.0,3131.0,220.0,0.0,24.0,0.0,135.0,239.0,195.0,44.0,1641.0,151.0,69.0,0.0,0.0,0.0,548.0,873.0,819.0,54.0,5267.0,606.0,356.0,25.0,11.0,43.0,79.0,0.0,49.0,41.0,11.0,9.0,17.0,53.0,0.0,18.0,250.0,23.0,33.0,18.0,0.0,0.0,3.0,0.0,33.0,35.0,28.0,15.0,62.0,0.0,4661.0,2193.0,185.0,16.0,115.0,47.0,40.0,8.0,281.0,332.0,389.0,249.0,276.0,135.0,120.0,2468.0,116.0,14.0,303.0,107.0,8.0,70.0,379.0,292.0,306.0,349.0,317.0,129.0,78.0,91467.0,1815.0,1124.0,691.0,1905.0,865.0,323.0,223.0,302.0,42.0,10.0,134.0,6.0,0.0,0.0,1815.0,1124.0,22.0,339.0,392.0,263.0,62.0,46.0,691.0,77.0,298.0,291.0,25.0,0.0,0.0,691.0,0.0,91.0,57.0,41.0,142.0,77.0,53.0,31.0,189.0,10.0,25009260700,0.3044526901669759,91467.0,0.3763779527559055,0.05454545454545454,0.0044526901669758815,0.04081632653061224,0.5808905380333952,0.6192837465564738,5390.0,0.11505600911334726,0.5065123010130246,0.38071625344352616,0.6236220472440945
5723.0,5723.0,2552.0,2105.0,124.0,0.0,0.0,0.0,31.0,292.0,210.0,82.0,3171.0,328.0,0.0,40.0,0.0,0.0,1638.0,1165.0,1136.0,29.0,5709.0,807.0,278.0,0.0,0.0,36.0,0.0,0.0,0.0,12.0,69.0,14.0,0.0,61.0,80.0,6.0,529.0,125.0,0.0,41.0,23.0,0.0,20.0,55.0,199.0,20.0,30.0,0.0,7.0,9.0,4902.0,2654.0,181.0,128.0,45.0,114.0,41.0,0.0,82.0,945.0,278.0,332.0,239.0,269.0,0.0,2248.0,302.0,0.0,26.0,82.0,0.0,60.0,256.0,431.0,267.0,206.0,465.0,112.0,41.0,64032.0,2299.0,825.0,1474.0,2518.0,368.0,82.0,828.0,715.0,278.0,84.0,25.0,138.0,0.0,0.0,2299.0,825.0,56.0,301.0,321.0,107.0,22.0,18.0,1474.0,107.0,676.0,673.0,18.0,0.0,0.0,1474.0,74.0,2.0,157.0,225.0,228.0,171.0,85.0,246.0,286.0,0.0,25009260800,0.554080027957365,64032.0,0.8212867355043686,0.07090039147455415,0.0,0.021666957889218942,0.367814083522628,0.3588516746411483,5723.0,0.14135575407251708,0.5345997286295794,0.6411483253588517,0.17871326449563146
5879.0,5879.0,4123.0,3477.0,58.0,0.0,109.0,0.0,0.0,479.0,199.0,280.0,1756.0,304.0,13.0,0.0,0.0,0.0,1023.0,416.0,373.0,43.0,5858.0,565.0,229.0,0.0,0.0,22.0,0.0,0.0,0.0,23.0,14.0,0.0,142.0,28.0,0.0,0.0,336.0,73.0,0.0,0.0,23.0,0.0,0.0,47.0,19.0,0.0,0.0,67.0,107.0,0.0,5293.0,2438.0,115.0,81.0,192.0,66.0,13.0,0.0,89.0,485.0,281.0,500.0,277.0,118.0,221.0,2855.0,162.0,7.0,162.0,144.0,168.0,12.0,256.0,280.0,417.0,250.0,546.0,188.0,263.0,85753.0,2179.0,1533.0,646.0,2239.0,930.0,254.0,439.0,304.0,207.0,35.0,65.0,0.0,5.0,0.0,2179.0,1533.0,110.0,414.0,728.0,168.0,14.0,99.0,646.0,210.0,345.0,91.0,0.0,0.0,0.0,646.0,19.0,5.0,56.0,107.0,141.0,0.0,10.0,56.0,141.0,111.0,25009260900,0.29869025344446337,85753.0,0.4711924966502903,0.14685635612666362,0.018540568123830585,0.009865623405341044,0.5914271134546691,0.7035337310692978,5879.0,0.09644930010242403,0.3204334365325077,0.29646626893070216,0.5288075033497097
4758.0,4758.0,3617.0,2883.0,271.0,0.0,13.0,0.0,144.0,306.0,190.0,116.0,1141.0,51.0,0.0,0.0,0.0,0.0,595.0,495.0,494.0,1.0,4727.0,222.0,137.0,0.0,0.0,14.0,12.0,22.0,4.0,8.0,1.0,12.0,20.0,9.0,11.0,24.0,85.0,0.0,0.0,0.0,0.0,0.0,0.0,15.0,0.0,21.0,8.0,22.0,0.0,19.0,4505.0,2512.0,55.0,38.0,165.0,64.0,78.0,74.0,369.0,392.0,336.0,322.0,465.0,96.0,58.0,1993.0,119.0,82.0,133.0,29.0,7.0,36.0,199.0,273.0,302.0,222.0,324.0,162.0,105.0,103849.0,1774.0,992.0,782.0,1824.0,618.0,154.0,509.0,277.0,135.0,16.0,115.0,0.0,0.0,0.0,1774.0,992.0,79.0,312.0,282.0,273.0,17.0,29.0,782.0,68.0,342.0,324.0,48.0,0.0,0.0,782.0,30.0,27.0,154.0,136.0,0.0,109.0,81.0,117.0,106.0,22.0,25009261000,0.2398066414459857,103849.0,0.5767543859649122,0.08286358511837655,0.00273224043715847,0.0569567044976881,0.6059268600252207,0.5591882750845547,4758.0,0.046964247937381,0.5281329923273658,0.44081172491544535,0.4232456140350877
5482.0,5482.0,5237.0,4719.0,273.0,0.0,51.0,0.0,0.0,194.0,4.0,190.0,245.0,101.0,0.0,0.0,0.0,0.0,60.0,84.0,84.0,0.0,5399.0,90.0,37.0,0.0,0.0,0.0,0.0,0.0,0.0,0.0,0.0,0.0,10.0,19.0,0.0,8.0,53.0,0.0,0.0,0.0,0.0,0.0,5.0,1.0,0.0,0.0,3.0,30.0,4.0,10.0,5309.0,2750.0,122.0,23.0,418.0,75.0,64.0,144.0,147.0,204.0,376.0,370.0,358.0,273.0,176.0,2559.0,112.0,0.0,180.0,99.0,0.0,32.0,130.0,359.0,356.0,445.0,390.0,233.0,223.0,144318.0,1938.0,1812.0,126.0,1954.0,1611.0,123.0,147.0,50.0,15.0,8.0,0.0,0.0,0.0,0.0,1938.0,1812.0,5.0,413.0,813.0,448.0,125.0,8.0,126.0,0.0,67.0,24.0,26.0,9.0,0.0,126.0,0.0,0.0,14.0,0.0,0.0,38.0,0.0,65.0,0.0,9.0,25009261101,0.0446917183509668,144318.0,0.11258955987717502,0.0025799793601651187,0.009303174024078804,0.04979934330536301,0.8608172199927034,0.934984520123839,5482.0,0.016669753658084832,0.8174603174603174,0.06501547987616099,0.887410440122825
4542.0,4542.0,3439.0,3083.0,123.0,0.0,91.0,0.0,36.0,106.0,80.0,26.0,1103.0,184.0,0.0,0.0,3.0,0.0,169.0,747.0,497.0,250.0,4542.0,353.0,122.0,0.0,0.0,19.0,0.0,0.0,26.0,0.0,0.0,0.0,21.0,56.0,0.0,0.0,231.0,22.0,0.0,24.0,0.0,0.0,20.0,70.0,0.0,43.0,37.0,0.0,0.0,15.0,4189.0,1997.0,111.0,44.0,110.0,157.0,15.0,10.0,208.0,387.0,285.0,220.0,258.0,144.0,48.0,2192.0,229.0,2.0,79.0,44.0,6.0,86.0,132.0,390.0,260.0,418.0,294.0,188.0,64.0,111890.0,1856.0,1397.0,459.0,1991.0,534.0,536.0,83.0,126.0,323.0,255.0,56.0,78.0,0.0,0.0,1856.0,1397.0,10.0,550.0,625.0,129.0,49.0,34.0,459.0,0.0,247.0,212.0,0.0,0.0,0.0,459.0,0.0,14.0,83.0,94.0,39.0,25.0,0.0,29.0,154.0,21.0,25009261102,0.24284456186701894,111890.0,0.4625816172777499,0.005387931034482759,0.020035226772346985,0.027080581241743725,0.6787758696609423,0.7526939655172413,4542.0,0.0777190664905328,0.4531590413943355,0.24730603448275862,0.5374183827222502
6748.0,6748.0,6587.0,6159.0,0.0,0.0,37.0,0.0,0.0,391.0,339.0,52.0,161.0,136.0,0.0,0.0,0.0,0.0,1.0,24.0,24.0,0.0,6741.0,637.0,297.0,250.0,0.0,0.0,0.0,11.0,0.0,0.0,1.0,0.0,10.0,0.0,25.0,0.0,340.0,0.0,0.0,0.0,9.0,0.0,0.0,0.0,124.0,0.0,15.0,60.0,80.0,52.0,6104.0,3357.0,107.0,34.0,356.0,49.0,10.0,0.0,158.0,529.0,307.0,345.0,598.0,589.0,275.0,2747.0,40.0,64.0,88.0,15.0,47.0,32.0,255.0,297.0,227.0,362.0,542.0,485.0,293.0,123054.0,2815.0,2288.0,527.0,2899.0,1790.0,307.0,62.0,269.0,83.0,15.0,105.0,67.0,201.0,0.0,2815.0,2288.0,62.0,568.0,1132.0,331.0,81.0,114.0,527.0,22.0,294.0,211.0,0.0,0.0,0.0,527.0,14.0,79.0,0.0,88.0,27.0,233.0,0.0,14.0,56.0,16.0,25009262100,0.023858921161825725,123054.0,0.27664711969644706,0.02984014209591474,0.005483106105512744,0.0,0.9127148784825133,0.8127886323268206,6748.0,0.09449636552440291,0.5749525616698292,0.1872113676731794,0.7233528803035529
4591.0,4591.0,4349.0,3806.0,0.0,0.0,81.0,0.0,0.0,462.0,305.0,157.0,242.0,7.0,0.0,31.0,0.0,0.0,37.0,167.0,167.0,0.0,4576.0,73.0,26.0,0.0,0.0,0.0,0.0,0.0,0.0,0.0,15.0,9.0,0.0,0.0,2.0,0.0,47.0,8.0,0.0,0.0,0.0,0.0,0.0,0.0,18.0,0.0,0.0,6.0,7.0,8.0,4503.0,2182.0,81.0,0.0,97.0,87.0,16.0,37.0,133.0,261.0,200.0,300.0,464.0,358.0,148.0,2321.0,122.0,9.0,177.0,100.0,19.0,130.0,88.0,148.0,320.0,306.0,445.0,400.0,57.0,179500.0,1684.0,1613.0,71.0,1798.0,1650.0,108.0,15.0,8.0,7.0,10.0,0.0,0.0,0.0,0.0,1684.0,1613.0,0.0,201.0,842.0,339.0,157.0,74.0,71.0,6.0,23.0,17.0,25.0,0.0,0.0,71.0,0.0,9.0,0.0,0.0,0.0,26.0,0.0,0.0,11.0,25.0,25009263100,0.05271182748856458,179500.0,0.02224694104560623,0.0035629453681710215,0.017643214985841864,0.0,0.8290132868656066,0.9578384798099763,4591.0,0.015952797202797204,0.5211267605633803,0.042161520190023755,0.9777530589543938
6777.0,6777.0,6492.0,6144.0,0.0,0.0,152.0,0.0,35.0,161.0,114.0,47.0,285.0,95.0,11.0,0.0,0.0,0.0,86.0,93.0,83.0,10.0,6749.0,216.0,69.0,0.0,0.0,0.0,0.0,0.0,0.0,0.0,0.0,0.0,32.0,19.0,0.0,18.0,147.0,0.0,0.0,45.0,0.0,0.0,0.0,0.0,0.0,0.0,43.0,39.0,0.0,20.0,6533.0,3125.0,205.0,0.0,288.0,110.0,44.0,96.0,182.0,184.0,683.0,234.0,437.0,376.0,286.0,3408.0,129.0,0.0,298.0,142.0,30.0,30.0,204.0,351.0,653.0,306.0,505.0,509.0,251.0,141487.0,2639.0,2384.0,255.0,2751.0,2050.0,230.0,198.0,127.0,32.0,0.0,0.0,114.0,0.0,0.0,2639.0,2384.0,0.0,538.0,1289.0,396.0,85.0,76.0,255.0,20.0,111.0,75.0,49.0,0.0,0.0,255.0,0.0,88.0,0.0,0.0,33.0,0.0,56.0,18.0,43.0,17.0,25009264100,0.04205400619743249,141487.0,0.17121046892039257,0.007578628268283441,0.02242880330529733,0.0,0.9065958388667552,0.9033724895793861,6777.0,0.03200474144317677,0.4588235294117647,0.09662751042061386,0.8287895310796074
4072.0,4072.0,3807.0,3543.0,0.0,0.0,125.0,0.0,0.0,139.0,109.0,30.0,265.0,71.0,19.0,0.0,0.0,0.0,0.0,175.0,106.0,69.0,4062.0,185.0,67.0,0.0,0.0,0.0,0.0,40.0,0.0,0.0,0.0,0.0,0.0,0.0,27.0,0.0,118.0,0.0,0.0,0.0,0.0,0.0,0.0,0.0,0.0,0.0,62.0,21.0,26.0,9.0,3877.0,1890.0,122.0,0.0,208.0,65.0,28.0,53.0,70.0,267.0,226.0,220.0,339.0,210.0,82.0,1987.0,179.0,37.0,136.0,69.0,11.0,134.0,110.0,277.0,243.0,212.0,292.0,207.0,80.0,134674.0,1514.0,1354.0,160.0,1556.0,1314.0,55.0,55.0,90.0,31.0,11.0,0.0,0.0,0.0,0.0,1514.0,1354.0,24.0,158.0,760.0,275.0,87.0,50.0,160.0,21.0,60.0,71.0,8.0,0.0,0.0,160.0,9.0,0.0,8.0,30.0,9.0,12.0,36.0,24.0,18.0,14.0,25009265101,0.06507858546168958,134674.0,0.12017994858611825,0.029722589167767502,0.030697445972495088,0.0,0.8700884086444007,0.8943196829590488,4072.0,0.04554406696208764,0.5625,0.10568031704095113,0.8798200514138818
4402.0,4402.0,4367.0,3920.0,69.0,0.0,61.0,0.0,30.0,287.0,36.0,251.0,35.0,0.0,0.0,0.0,0.0,0.0,0.0,35.0,35.0,0.0,4402.0,139.0,69.0,0.0,0.0,0.0,0.0,0.0,0.0,0.0,2.0,37.0,15.0,0.0,2.0,13.0,70.0,0.0,5.0,0.0,0.0,0.0,0.0,0.0,0.0,0.0,4.0,12.0,1.0,48.0,4263.0,2130.0,164.0,20.0,107.0,92.0,12.0,66.0,144.0,161.0,265.0,317.0,432.0,121.0,229.0,2133.0,92.0,10.0,179.0,72.0,5.0,74.0,134.0,160.0,308.0,244.0,339.0,246.0,270.0,166711.0,1713.0,1356.0,357.0,1719.0,1354.0,70.0,36.0,17.0,0.0,173.0,53.0,16.0,0.0,0.0,1713.0,1356.0,42.0,165.0,675.0,377.0,97.0,0.0,357.0,114.0,130.0,113.0,0.0,0.0,0.0,357.0,13.0,57.0,35.0,28.0,44.0,11.0,0.0,36.0,133.0,0.0,25009265102,0.007950931394820535,166711.0,0.17161140197789412,0.09106830122591944,0.013857337573830078,0.01567469332121763,0.8905043162199,0.7915936952714536,4402.0,0.0315765561108587,0.5042016806722689,0.2084063047285464,0.8283885980221058
4555.0,4555.0,4407.0,3940.0,3.0,3.0,73.0,0.0,18.0,370.0,124.0,246.0,148.0,23.0,0.0,0.0,0.0,8.0,36.0,81.0,81.0,0.0,4465.0,187.0,72.0,0.0,0.0,0.0,0.0,0.0,0.0,0.0,2.0,12.0,0.0,33.0,10.0,15.0,115.0,0.0,0.0,0.0,0.0,0.0,0.0,0.0,0.0,3.0,0.0,52.0,35.0,25.0,4278.0,2159.0,209.0,12.0,118.0,93.0,32.0,59.0,166.0,218.0,379.0,252.0,321.0,210.0,90.0,2119.0,21.0,0.0,120.0,98.0,10.0,40.0,130.0,224.0,248.0,485.0,372.0,223.0,148.0,103975.0,1892.0,1486.0,406.0,1976.0,1245.0,170.0,34.0,93.0,19.0,204.0,186.0,15.0,0.0,10.0,1892.0,1486.0,44.0,535.0,535.0,239.0,101.0,32.0,406.0,8.0,307.0,73.0,9.0,0.0,9.0,406.0,0.0,9.0,72.0,11.0,29.0,54.0,68.0,30.0,72.0,61.0,25009266100,0.03249176728869374,103975.0,0.27884615384615385,0.02748414376321353,0.016026344676180023,0.0006586169045005489,0.8649835345773875,0.7854122621564482,4555.0,0.04188129899216125,0.5517241379310345,0.21458773784355178,0.7160931174089069
5305.0,5305.0,5172.0,4648.0,247.0,0.0,32.0,0.0,0.0,245.0,83.0,162.0,133.0,62.0,0.0,0.0,0.0,0.0,6.0,65.0,65.0,0.0,5199.0,303.0,42.0,14.0,0.0,0.0,0.0,0.0,0.0,0.0,0.0,0.0,0.0,16.0,12.0,0.0,261.0,18.0,0.0,0.0,0.0,0.0,0.0,0.0,11.0,53.0,38.0,52.0,56.0,33.0,4896.0,2535.0,159.0,30.0,242.0,86.0,0.0,107.0,128.0,145.0,421.0,558.0,305.0,231.0,123.0,2361.0,190.0,16.0,176.0,34.0,20.0,8.0,51.0,265.0,395.0,480.0,287.0,244.0,195.0,97759.0,2292.0,1539.0,753.0,2451.0,981.0,387.0,203.0,140.0,185.0,322.0,219.0,0.0,14.0,0.0,2292.0,1539.0,136.0,367.0,747.0,258.0,31.0,0.0,753.0,137.0,477.0,139.0,0.0,0.0,0.0,753.0,0.0,18.0,52.0,70.0,33.0,34.0,86.0,148.0,302.0,10.0,25009266200,0.025070688030160226,97759.0,0.4418604651162791,0.11910994764397906,0.006032045240339303,0.04655984919886899,0.8761545711592837,0.6714659685863874,5305.0,0.058280438545874204,0.7569721115537849,0.3285340314136126,0.5581395348837209
3953.0,3953.0,3467.0,3138.0,176.0,0.0,49.0,0.0,30.0,74.0,30.0,44.0,486.0,81.0,0.0,0.0,0.0,0.0,131.0,274.0,274.0,0.0,3885.0,271.0,120.0,0.0,0.0,0.0,0.0,0.0,11.0,69.0,9.0,0.0,21.0,10.0,0.0,0.0,151.0,0.0,0.0,0.0,0.0,8.0,19.0,29.0,8.0,8.0,19.0,9.0,13.0,38.0,3614.0,1672.0,79.0,36.0,101.0,24.0,18.0,59.0,70.0,353.0,119.0,290.0,265.0,189.0,69.0,1942.0,119.0,8.0,88.0,132.0,0.0,56.0,45.0,334.0,304.0,228.0,363.0,172.0,93.0,129044.0,1801.0,1231.0,570.0,1864.0,747.0,233.0,191.0,98.0,101.0,145.0,174.0,175.0,0.0,0.0,1801.0,1231.0,16.0,272.0,638.0,273.0,10.0,22.0,570.0,65.0,348.0,120.0,37.0,0.0,0.0,570.0,9.0,20.0,63.0,52.0,130.0,17.0,36.0,106.0,137.0,0.0,25009266300,0.12294459903870478,129044.0,0.4742489270386266,0.044975013881177126,0.012395648874272705,0.04452314697697951,0.7938274728054642,0.6835091615769017,3953.0,0.06975546975546976,0.519298245614035,0.3164908384230983,0.5257510729613734
3590.0,3590.0,3547.0,3225.0,41.0,0.0,25.0,0.0,0.0,256.0,0.0,256.0,43.0,13.0,0.0,0.0,0.0,0.0,19.0,11.0,11.0,0.0,3579.0,451.0,246.0,0.0,0.0,112.0,35.0,0.0,0.0,0.0,0.0,89.0,10.0,0.0,0.0,0.0,205.0,0.0,0.0,0.0,34.0,0.0,0.0,51.0,7.0,34.0,34.0,8.0,29.0,8.0,3128.0,1536.0,27.0,12.0,138.0,71.0,19.0,33.0,106.0,261.0,214.0,153.0,146.0,260.0,96.0,1592.0,56.0,0.0,98.0,61.0,6.0,16.0,47.0,323.0,193.0,127.0,286.0,248.0,131.0,81964.0,1601.0,948.0,653.0,1632.0,798.0,45.0,220.0,206.0,53.0,113.0,197.0,0.0,0.0,0.0,1601.0,948.0,6.0,248.0,546.0,87.0,61.0,0.0,653.0,26.0,411.0,182.0,18.0,6.0,10.0,653.0,16.0,39.0,69.0,45.0,33.0,82.0,172.0,5.0,192.0,0.0,25009266400,0.011977715877437326,81964.0,0.4834558823529412,0.019987507807620236,0.006963788300835654,0.011420612813370474,0.8983286908077994,0.5921299188007495,3590.0,0.12601285275216542,0.6906584992343032,0.40787008119925044,0.5165441176470589
5366.0,5366.0,5008.0,4334.0,99.0,6.0,99.0,0.0,144.0,326.0,217.0,109.0,358.0,32.0,0.0,0.0,0.0,0.0,104.0,222.0,222.0,0.0,5345.0,200.0,133.0,0.0,0.0,0.0,0.0,0.0,0.0,23.0,18.0,0.0,27.0,51.0,0.0,14.0,67.0,0.0,0.0,0.0,0.0,0.0,6.0,0.0,0.0,26.0,0.0,0.0,0.0,35.0,5145.0,2665.0,187.0,2.0,65.0,13.0,20.0,130.0,326.0,445.0,296.0,279.0,493.0,255.0,154.0,2480.0,35.0,14.0,60.0,62.0,74.0,119.0,207.0,264.0,193.0,341.0,523.0,246.0,342.0,104138.0,1968.0,1594.0,374.0,2006.0,1481.0,105.0,178.0,105.0,7.0,0.0,0.0,0.0,130.0,0.0,1968.0,1594.0,15.0,433.0,584.0,396.0,133.0,33.0,374.0,0.0,251.0,106.0,0.0,0.0,17.0,374.0,42.0,9.0,6.0,14.0,0.0,0.0,105.0,50.0,138.0,10.0,25009267102,0.0667163622810287,104138.0,0.20937188434695914,0.007621951219512195,0.018449496831904586,0.018449496831904586,0.807677972418934,0.8099593495934959,5366.0,0.037418147801683815,0.7834224598930482,0.19004065040650406,0.7906281156530409
1698.0,1698.0,1672.0,1611.0,0.0,0.0,19.0,0.0,0.0,42.0,0.0,42.0,26.0,17.0,0.0,0.0,0.0,0.0,0.0,9.0,9.0,0.0,1698.0,126.0,30.0,0.0,0.0,0.0,0.0,0.0,0.0,7.0,0.0,0.0,0.0,8.0,10.0,5.0,96.0,0.0,0.0,0.0,0.0,0.0,0.0,7.0,6.0,0.0,12.0,49.0,15.0,7.0,1572.0,761.0,14.0,0.0,24.0,0.0,6.0,7.0,38.0,116.0,57.0,53.0,177.0,143.0,126.0,811.0,0.0,0.0,15.0,21.0,0.0,13.0,40.0,140.0,10.0,112.0,180.0,205.0,75.0,95234.0,981.0,703.0,278.0,1802.0,725.0,149.0,346.0,366.0,128.0,38.0,19.0,0.0,31.0,0.0,981.0,703.0,43.0,355.0,184.0,87.0,10.0,24.0,278.0,19.0,197.0,62.0,0.0,0.0,0.0,278.0,27.0,11.0,26.0,12.0,38.0,37.0,37.0,6.0,75.0,9.0,25009267103,0.015312131919905771,95234.0,0.5149833518312985,0.06320081549439348,0.011189634864546525,0.0,0.9487632508833922,0.7166156982670744,1698.0,0.07420494699646643,0.5575539568345323,0.28338430173292556,0.48501664816870144
2217.0,2217.0,2022.0,1862.0,18.0,0.0,76.0,0.0,0.0,66.0,12.0,54.0,195.0,88.0,0.0,0.0,0.0,0.0,0.0,107.0,107.0,0.0,2217.0,139.0,74.0,0.0,0.0,0.0,0.0,0.0,0.0,0.0,11.0,7.0,0.0,0.0,14.0,42.0,65.0,0.0,0.0,0.0,0.0,0.0,0.0,0.0,0.0,0.0,6.0,53.0,0.0,6.0,2078.0,896.0,47.0,0.0,97.0,46.0,0.0,18.0,14.0,105.0,104.0,53.0,144.0,125.0,143.0,1182.0,35.0,0.0,49.0,29.0,0.0,6.0,187.0,123.0,129.0,120.0,97.0,271.0,136.0,86073.0,1199.0,655.0,544.0,1232.0,399.0,240.0,19.0,10.0,42.0,45.0,219.0,223.0,35.0,0.0,1199.0,655.0,11.0,219.0,306.0,71.0,36.0,12.0,544.0,146.0,262.0,136.0,0.0,0.0,0.0,544.0,63.0,0.0,86.0,11.0,104.0,36.0,40.0,42.0,162.0,0.0,25009267104,0.08795669824086604,86073.0,0.48133116883116883,0.13094245204336946,0.034280559314388816,0.008119079837618403,0.839873703202526,0.5462885738115096,2217.0,0.06269733874605322,0.5147058823529411,0.4537114261884904,0.5186688311688312
2671.0,2671.0,2626.0,2391.0,1.0,0.0,55.0,0.0,7.0,172.0,45.0,127.0,45.0,22.0,0.0,0.0,0.0,0.0,6.0,17.0,17.0,0.0,2671.0,152.0,88.0,27.0,0.0,8.0,0.0,0.0,0.0,0.0,16.0,0.0,30.0,2.0,0.0,5.0,64.0,8.0,0.0,0.0,0.0,0.0,0.0,0.0,15.0,23.0,0.0,7.0,6.0,5.0,2519.0,1186.0,70.0,24.0,68.0,80.0,26.0,7.0,77.0,90.0,116.0,226.0,218.0,122.0,62.0,1333.0,39.0,0.0,54.0,58.0,25.0,69.0,115.0,185.0,113.0,213.0,261.0,139.0,62.0,250001.0,949.0,936.0,13.0,949.0,946.0,0.0,3.0,0.0,0.0,0.0,0.0,0.0,0.0,0.0,949.0,936.0,36.0,142.0,429.0,213.0,46.0,70.0,13.0,0.0,7.0,6.0,0.0,0.0,0.0,13.0,0.0,0.0,0.0,0.0,0.0,0.0,0.0,13.0,0.0,0.0,25009268100,0.01684762261325346,250001.0,0.003161222339304531,0.037934668071654375,0.02059153874953201,0.00037439161362785476,0.8951703481842007,0.9863013698630136,2671.0,0.05690752527143392,1.0,0.0136986301369863,0.9968387776606955
7177.0,7177.0,7052.0,6557.0,40.0,0.0,55.0,0.0,104.0,296.0,223.0,73.0,125.0,0.0,2.0,0.0,0.0,0.0,55.0,68.0,68.0,0.0,6938.0,446.0,227.0,10.0,0.0,39.0,9.0,0.0,0.0,22.0,82.0,11.0,36.0,9.0,9.0,0.0,219.0,0.0,0.0,16.0,0.0,22.0,0.0,0.0,46.0,22.0,20.0,5.0,47.0,41.0,6492.0,2585.0,84.0,16.0,319.0,144.0,0.0,22.0,18.0,278.0,349.0,265.0,584.0,332.0,174.0,3907.0,66.0,75.0,408.0,399.0,20.0,21.0,286.0,235.0,483.0,414.0,611.0,392.0,497.0,121339.0,2933.0,2277.0,656.0,2969.0,1525.0,448.0,244.0,138.0,117.0,69.0,285.0,143.0,0.0,0.0,2933.0,2277.0,11.0,803.0,963.0,407.0,93.0,0.0,656.0,98.0,425.0,86.0,36.0,0.0,11.0,656.0,20.0,32.0,17.0,78.0,73.0,20.0,34.0,78.0,254.0,50.0,25009268200,0.017416747944823743,121339.0,0.33546648703267096,0.03716331401295602,0.007663369095722447,0.005573359342343598,0.9136129301936743,0.7763382202523014,7177.0,0.06428365523205534,0.5884146341463414,0.2236617797476986,0.6645335129673291
4211.0,4211.0,4022.0,3846.0,0.0,0.0,19.0,0.0,0.0,157.0,16.0,141.0,189.0,0.0,0.0,0.0,0.0,0.0,23.0,166.0,166.0,0.0,4211.0,199.0,116.0,0.0,0.0,0.0,0.0,0.0,0.0,2.0,23.0,0.0,6.0,71.0,12.0,2.0,83.0,0.0,0.0,0.0,0.0,0.0,0.0,15.0,19.0,0.0,21.0,23.0,5.0,0.0,4012.0,1864.0,24.0,0.0,93.0,141.0,44.0,29.0,186.0,147.0,117.0,233.0,336.0,227.0,287.0,2148.0,68.0,12.0,26.0,33.0,60.0,31.0,83.0,289.0,93.0,301.0,507.0,412.0,233.0,126029.0,2132.0,1438.0,694.0,2402.0,543.0,505.0,370.0,486.0,148.0,82.0,43.0,225.0,0.0,0.0,2132.0,1438.0,0.0,565.0,739.0,134.0,0.0,0.0,694.0,170.0,337.0,145.0,42.0,0.0,0.0,694.0,33.0,41.0,200.0,64.0,28.0,91.0,12.0,47.0,151.0,27.0,25009268300,0.04488245072429352,126029.0,0.5636969192339717,0.07973733583489681,0.004511992400854904,0.0,0.9133222512467347,0.6744840525328331,4211.0,0.04725718356684873,0.43371757925072046,0.325515947467167,0.4363030807660283
4593.0,4593.0,4457.0,4185.0,25.0,0.0,41.0,0.0,14.0,192.0,100.0,92.0,136.0,0.0,0.0,0.0,0.0,0.0,0.0,136.0,110.0,26.0,4546.0,122.0,21.0,0.0,0.0,0.0,0.0,0.0,0.0,0.0,2.0,0.0,16.0,0.0,3.0,0.0,101.0,0.0,0.0,0.0,0.0,0.0,0.0,0.0,0.0,0.0,0.0,35.0,0.0,66.0,4424.0,1944.0,48.0,0.0,122.0,64.0,45.0,12.0,46.0,186.0,221.0,282.0,376.0,365.0,177.0,2480.0,111.0,19.0,249.0,109.0,0.0,87.0,115.0,149.0,235.0,352.0,397.0,464.0,193.0,128224.0,2093.0,1628.0,465.0,2390.0,1461.0,321.0,176.0,204.0,107.0,0.0,0.0,121.0,0.0,0.0,2093.0,1628.0,26.0,571.0,777.0,222.0,32.0,0.0,465.0,127.0,133.0,174.0,31.0,0.0,0.0,465.0,14.0,98.0,91.0,89.0,60.0,15.0,16.0,82.0,0.0,0.0,25009268400,0.029610276507729152,128224.0,0.25439330543933053,0.07310081223124701,0.008926627476594819,0.0054430655345090355,0.9111691704768126,0.7778308647873865,4593.0,0.026836779586449627,0.24301075268817204,0.22216913521261347,0.7456066945606694
6777.0,6777.0,6633.0,6344.0,0.0,0.0,44.0,0.0,30.0,215.0,21.0,194.0,144.0,61.0,0.0,0.0,0.0,0.0,27.0,56.0,56.0,0.0,6776.0,296.0,110.0,0.0,0.0,0.0,0.0,0.0,0.0,27.0,27.0,9.0,0.0,13.0,0.0,34.0,186.0,0.0,0.0,9.0,0.0,0.0,0.0,0.0,0.0,0.0,53.0,11.0,71.0,42.0,6480.0,3261.0,120.0,95.0,81.0,83.0,58.0,111.0,191.0,243.0,368.0,352.0,796.0,412.0,351.0,3219.0,79.0,40.0,299.0,61.0,31.0,88.0,141.0,220.0,420.0,175.0,776.0,527.0,362.0,174868.0,2774.0,2380.0,394.0,3169.0,2468.0,509.0,16.0,0.0,26.0,0.0,72.0,0.0,78.0,0.0,2774.0,2380.0,65.0,513.0,1273.0,202.0,220.0,107.0,394.0,0.0,157.0,142.0,95.0,0.0,0.0,394.0,0.0,0.0,91.0,0.0,51.0,56.0,23.0,0.0,81.0,92.0,25009269100,0.021248339973439574,174868.0,0.06058693594193752,0.02343186733958183,0.006492548325217648,0.0,0.9361074221631991,0.8579668348954578,6777.0,0.043683589138134596,0.40609137055837563,0.14203316510454217,0.9394130640580625
6251.0,6251.0,6237.0,5831.0,0.0,0.0,135.0,0.0,0.0,271.0,250.0,21.0,14.0,0.0,0.0,0.0,0.0,0.0,0.0,14.0,14.0,0.0,6225.0,193.0,50.0,0.0,0.0,0.0,0.0,0.0,0.0,0.0,0.0,0.0,0.0,15.0,18.0,17.0,143.0,15.0,0.0,0.0,0.0,15.0,0.0,13.0,29.0,15.0,0.0,26.0,1.0,29.0,6032.0,3065.0,104.0,120.0,153.0,171.0,0.0,60.0,218.0,393.0,340.0,275.0,729.0,348.0,154.0,2967.0,81.0,34.0,250.0,17.0,46.0,137.0,136.0,223.0,304.0,277.0,701.0,458.0,303.0,132734.0,2447.0,1998.0,449.0,2447.0,1713.0,296.0,61.0,110.0,59.0,112.0,25.0,71.0,0.0,0.0,2447.0,1998.0,30.0,302.0,1001.0,494.0,81.0,90.0,449.0,89.0,218.0,114.0,28.0,0.0,0.0,449.0,19.0,47.0,33.0,14.0,71.0,87.0,0.0,74.0,90.0,14.0,25009270100,0.0022396416573348264,132734.0,0.1789946873722926,0.04863097670617082,0.02159654455287154,0.0,0.9328107502799552,0.81651001225991,6251.0,0.03100401606425703,0.5590200445434298,0.1834899877400899,0.8210053126277074
0.0,0.0,0.0,0.0,0.0,0.0,0.0,0.0,0.0,0.0,0.0,0.0,0.0,0.0,0.0,0.0,0.0,0.0,0.0,0.0,0.0,0.0,0.0,0.0,0.0,0.0,0.0,0.0,0.0,0.0,0.0,0.0,0.0,0.0,0.0,0.0,0.0,0.0,0.0,0.0,0.0,0.0,0.0,0.0,0.0,0.0,0.0,0.0,0.0,0.0,0.0,0.0,0.0,0.0,0.0,0.0,0.0,0.0,0.0,0.0,0.0,0.0,0.0,0.0,0.0,0.0,0.0,0.0,0.0,0.0,0.0,0.0,0.0,0.0,0.0,0.0,0.0,0.0,0.0,0.0,0.0,,0.0,0.0,0.0,0.0,0.0,0.0,0.0,0.0,0.0,0.0,0.0,0.0,0.0,0.0,0.0,0.0,0.0,0.0,0.0,0.0,0.0,0.0,0.0,0.0,0.0,0.0,0.0,0.0,0.0,0.0,0.0,0.0,0.0,0.0,0.0,0.0,0.0,0.0,0.0,0.0,25009990100,,nan,,,,,,,0.0,,,,
3211.0,3211.0,3060.0,2970.0,0.0,0.0,5.0,0.0,10.0,75.0,16.0,59.0,151.0,22.0,5.0,0.0,0.0,0.0,28.0,96.0,87.0,9.0,3192.0,84.0,33.0,0.0,0.0,6.0,0.0,0.0,0.0,0.0,0.0,6.0,0.0,3.0,12.0,6.0,51.0,0.0,0.0,5.0,5.0,0.0,0.0,0.0,2.0,15.0,0.0,10.0,8.0,6.0,3108.0,1532.0,16.0,9.0,65.0,58.0,0.0,49.0,149.0,108.0,169.0,254.0,343.0,255.0,57.0,1576.0,39.0,14.0,74.0,112.0,19.0,55.0,64.0,96.0,200.0,227.0,329.0,252.0,95.0,115598.0,1261.0,1204.0,57.0,1321.0,1263.0,29.0,0.0,17.0,0.0,0.0,0.0,0.0,6.0,6.0,1261.0,1204.0,10.0,301.0,466.0,224.0,141.0,62.0,57.0,0.0,14.0,34.0,9.0,0.0,0.0,57.0,5.0,0.0,0.0,14.0,9.0,10.0,6.0,0.0,0.0,13.0,25017300100,0.047025848645281844,115598.0,0.0174110522331567,0.007930214115781126,0.0015571473061351605,0.0,0.9249454998442853,0.9547977795400476,3211.0,0.02631578947368421,0.2807017543859649,0.04520222045995242,0.9780469341408025
4015.0,4015.0,3812.0,3284.0,134.0,0.0,257.0,0.0,0.0,137.0,28.0,109.0,203.0,45.0,0.0,0.0,0.0,0.0,52.0,106.0,106.0,0.0,4005.0,456.0,282.0,48.0,0.0,15.0,0.0,0.0,26.0,25.0,1.0,27.0,99.0,31.0,1.0,9.0,174.0,0.0,0.0,0.0,0.0,0.0,11.0,73.0,14.0,0.0,55.0,13.0,0.0,8.0,3549.0,1662.0,84.0,39.0,125.0,51.0,30.0,13.0,97.0,331.0,211.0,122.0,331.0,176.0,52.0,1887.0,103.0,12.0,145.0,104.0,0.0,74.0,159.0,195.0,299.0,147.0,313.0,263.0,73.0,97042.0,1541.0,1111.0,430.0,1574.0,1127.0,28.0,125.0,0.0,16.0,128.0,82.0,68.0,0.0,0.0,1541.0,1111.0,19.0,277.0,517.0,203.0,63.0,32.0,430.0,60.0,105.0,176.0,31.0,42.0,16.0,430.0,31.0,10.0,34.0,43.0,83.0,69.0,28.0,0.0,81.0,51.0,25017301101,0.05056039850560398,97042.0,0.2662007623888183,0.05126541207008436,0.06400996264009963,0.033374844333748446,0.8179327521793275,0.7209604153147307,4015.0,0.11385767790262172,0.413953488372093,0.2790395846852693,0.7337992376111817
5085.0,5085.0,4883.0,4600.0,35.0,0.0,32.0,0.0,0.0,216.0,81.0,135.0,202.0,63.0,0.0,0.0,0.0,0.0,64.0,75.0,70.0,5.0,5060.0,353.0,113.0,0.0,0.0,0.0,0.0,27.0,0.0,0.0,0.0,35.0,0.0,30.0,7.0,14.0,240.0,0.0,0.0,54.0,13.0,0.0,0.0,21.0,49.0,25.0,0.0,47.0,27.0,4.0,4707.0,2296.0,111.0,28.0,209.0,45.0,45.0,86.0,186.0,209.0,307.0,227.0,440.0,311.0,92.0,2411.0,98.0,11.0,203.0,48.0,5.0,14.0,250.0,174.0,384.0,429.0,279.0,379.0,137.0,126549.0,1798.0,1628.0,170.0,1830.0,1690.0,48.0,9.0,0.0,0.0,55.0,28.0,0.0,0.0,0.0,1798.0,1628.0,0.0,281.0,792.0,317.0,105.0,133.0,170.0,0.0,63.0,20.0,66.0,21.0,0.0,170.0,0.0,0.0,20.0,39.0,8.0,12.0,36.0,9.0,39.0,7.0,25017301102,0.039724680432645036,126549.0,0.05027322404371585,0.0,0.006293018682399214,0.00688298918387414,0.904621435594887,0.9054505005561735,5085.0,0.06976284584980237,0.5647058823529412,0.09454949944382647,0.9497267759562842
3760.0,3760.0,2711.0,1816.0,484.0,0.0,168.0,0.0,124.0,119.0,35.0,84.0,1049.0,178.0,42.0,0.0,0.0,0.0,430.0,399.0,399.0,0.0,3551.0,793.0,370.0,0.0,10.0,19.0,0.0,0.0,73.0,9.0,58.0,39.0,37.0,66.0,29.0,30.0,423.0,0.0,0.0,0.0,38.0,0.0,0.0,10.0,11.0,8.0,103.0,35.0,164.0,54.0,2758.0,1301.0,131.0,0.0,136.0,46.0,0.0,0.0,39.0,367.0,321.0,17.0,180.0,38.0,26.0,1457.0,54.0,15.0,138.0,23.0,0.0,98.0,125.0,329.0,305.0,75.0,164.0,73.0,58.0,63393.0,1791.0,390.0,1401.0,1891.0,7.0,19.0,0.0,88.0,161.0,137.0,230.0,1249.0,0.0,0.0,1791.0,390.0,8.0,308.0,74.0,0.0,0.0,0.0,1401.0,415.0,639.0,347.0,0.0,0.0,0.0,1401.0,59.0,102.0,201.0,148.0,103.0,152.0,202.0,145.0,277.0,12.0,25017310101,0.2789893617021277,63393.0,0.9862506610259122,0.23618090452261306,0.04468085106382979,0.12872340425531914,0.4829787234042553,0.21775544388609716,3760.0,0.22331737538721486,0.5538900785153462,0.7822445561139029,0.013749338974087784
2608.0,2608.0,1835.0,1276.0,188.0,0.0,232.0,0.0,0.0,139.0,123.0,16.0,773.0,193.0,0.0,0.0,0.0,0.0,251.0,329.0,273.0,56.0,2608.0,1038.0,470.0,111.0,16.0,0.0,0.0,0.0,0.0,0.0,81.0,78.0,22.0,97.0,52.0,13.0,568.0,68.0,38.0,51.0,0.0,0.0,0.0,0.0,128.0,83.0,10.0,88.0,82.0,20.0,1570.0,944.0,48.0,0.0,13.0,18.0,0.0,17.0,72.0,188.0,174.0,31.0,187.0,126.0,70.0,626.0,0.0,0.0,38.0,30.0,0.0,0.0,34.0,136.0,179.0,49.0,123.0,25.0,12.0,38885.0,1351.0,263.0,1088.0,1416.0,9.0,0.0,15.0,68.0,161.0,89.0,346.0,728.0,0.0,0.0,1351.0,263.0,24.0,113.0,126.0,0.0,0.0,0.0,1088.0,361.0,661.0,57.0,9.0,0.0,0.0,1088.0,0.0,20.0,95.0,138.0,171.0,147.0,93.0,79.0,345.0,0.0,25017310102,0.2963957055214724,38885.0,0.9936440677966102,0.2849740932642487,0.08895705521472393,0.07208588957055215,0.4892638036809816,0.19467061435973354,2608.0,0.39800613496932513,0.6102941176470589,0.8053293856402665,0.006355932203389831
7273.0,7273.0,4871.0,2555.0,1107.0,0.0,827.0,5.0,258.0,119.0,44.0,75.0,2402.0,624.0,63.0,0.0,16.0,0.0,1133.0,566.0,547.0,19.0,7106.0,1352.0,520.0,117.0,0.0,96.0,62.0,0.0,0.0,0.0,110.0,6.0,84.0,22.0,23.0,0.0,832.0,187.0,0.0,154.0,136.0,0.0,37.0,38.0,183.0,0.0,61.0,20.0,0.0,16.0,5754.0,2825.0,141.0,8.0,231.0,230.0,69.0,104.0,444.0,437.0,473.0,258.0,225.0,108.0,97.0,2929.0,130.0,10.0,94.0,224.0,0.0,105.0,436.0,311.0,540.0,371.0,313.0,224.0,171.0,91192.0,2346.0,1184.0,1162.0,2405.0,932.0,45.0,932.0,264.0,129.0,73.0,0.0,30.0,0.0,0.0,2346.0,1184.0,82.0,391.0,243.0,373.0,95.0,0.0,1162.0,326.0,495.0,214.0,127.0,0.0,0.0,1162.0,0.0,0.0,157.0,187.0,73.0,63.0,107.0,75.0,416.0,84.0,25017310200,0.3302626151519318,91192.0,0.5937629937629938,0.17391304347826086,0.1137082359411522,0.1522067922452908,0.35129932627526467,0.5046888320545609,7273.0,0.19026175063326767,0.5688468158347676,0.49531116794543906,0.40623700623700626
6737.0,6737.0,4446.0,2541.0,738.0,0.0,895.0,0.0,130.0,142.0,33.0,109.0,2291.0,602.0,0.0,0.0,0.0,0.0,590.0,1099.0,1099.0,0.0,6737.0,528.0,119.0,24.0,0.0,0.0,0.0,0.0,0.0,3.0,0.0,20.0,23.0,49.0,0.0,0.0,409.0,54.0,0.0,65.0,0.0,0.0,0.0,5.0,100.0,54.0,0.0,73.0,45.0,13.0,6209.0,3213.0,332.0,26.0,212.0,108.0,76.0,180.0,198.0,672.0,482.0,271.0,428.0,110.0,118.0,2996.0,159.0,19.0,129.0,229.0,166.0,0.0,169.0,319.0,701.0,302.0,420.0,249.0,134.0,69297.0,2558.0,1374.0,1184.0,2583.0,1092.0,101.0,555.0,220.0,123.0,242.0,203.0,47.0,0.0,0.0,2558.0,1374.0,0.0,493.0,592.0,173.0,116.0,0.0,1184.0,182.0,559.0,334.0,89.0,20.0,0.0,1184.0,14.0,69.0,177.0,23.0,100.0,131.0,85.0,129.0,438.0,18.0,25017310300,0.3400623422888526,69297.0,0.538133952768099,0.07114933541829555,0.13284844886447975,0.10954430755529167,0.37717084755826036,0.5371383893666928,6737.0,0.07837316312898916,0.6613175675675675,0.4628616106333073,0.4618660472319009
3730.0,3730.0,2471.0,1451.0,560.0,0.0,194.0,0.0,0.0,266.0,164.0,102.0,1259.0,76.0,0.0,0.0,0.0,0.0,510.0,673.0,673.0,0.0,3717.0,1244.0,541.0,59.0,20.0,11.0,23.0,42.0,23.0,47.0,44.0,115.0,24.0,37.0,25.0,71.0,703.0,26.0,35.0,85.0,49.0,28.0,65.0,16.0,45.0,137.0,115.0,89.0,13.0,0.0,2473.0,1317.0,27.0,84.0,164.0,89.0,28.0,46.0,196.0,150.0,238.0,99.0,132.0,64.0,0.0,1156.0,106.0,18.0,128.0,9.0,14.0,0.0,157.0,169.0,152.0,141.0,167.0,70.0,25.0,51830.0,1185.0,441.0,744.0,1233.0,431.0,41.0,257.0,212.0,183.0,53.0,0.0,0.0,56.0,0.0,1185.0,441.0,14.0,169.0,252.0,0.0,6.0,0.0,744.0,227.0,308.0,135.0,43.0,31.0,0.0,744.0,30.0,15.0,59.0,0.0,21.0,132.0,41.0,86.0,319.0,41.0,25017310400,0.3375335120643432,51830.0,0.6171938361719383,0.20337552742616033,0.05201072386058981,0.15013404825737264,0.3890080428954424,0.3721518987341772,3730.0,0.3346785041700296,0.7768817204301075,0.6278481012658228,0.38280616382806165
3899.0,3899.0,3018.0,2065.0,353.0,0.0,301.0,0.0,36.0,263.0,175.0,88.0,881.0,232.0,0.0,0.0,87.0,0.0,268.0,294.0,210.0,84.0,3805.0,774.0,593.0,0.0,0.0,0.0,0.0,0.0,0.0,343.0,96.0,0.0,153.0,1.0,0.0,0.0,181.0,0.0,0.0,0.0,22.0,0.0,0.0,78.0,52.0,0.0,14.0,0.0,15.0,0.0,3031.0,1606.0,0.0,0.0,29.0,64.0,73.0,35.0,515.0,392.0,122.0,154.0,121.0,72.0,29.0,1425.0,102.0,0.0,160.0,108.0,0.0,23.0,180.0,267.0,131.0,195.0,95.0,148.0,16.0,73628.0,1419.0,503.0,916.0,1486.0,381.0,93.0,338.0,517.0,75.0,69.0,0.0,13.0,0.0,0.0,1419.0,503.0,45.0,120.0,206.0,63.0,37.0,32.0,916.0,56.0,366.0,248.0,82.0,145.0,19.0,916.0,0.0,100.0,110.0,63.0,146.0,0.0,61.0,74.0,362.0,0.0,25017310500,0.22595537317260836,73628.0,0.6810228802153432,0.0711768851303735,0.07719928186714542,0.09053603488073865,0.5296229802513465,0.3544749823819591,3899.0,0.20341655716162943,0.5425764192139738,0.6455250176180408,0.3189771197846568
6322.0,6322.0,4898.0,3395.0,337.0,0.0,1089.0,0.0,0.0,77.0,29.0,48.0,1424.0,488.0,0.0,0.0,0.0,0.0,625.0,311.0,238.0,73.0,6092.0,466.0,176.0,16.0,0.0,35.0,14.0,0.0,0.0,14.0,8.0,0.0,24.0,1.0,4.0,60.0,290.0,0.0,0.0,0.0,0.0,0.0,0.0,18.0,21.0,52.0,74.0,47.0,68.0,10.0,5626.0,2226.0,51.0,50.0,176.0,216.0,19.0,11.0,174.0,73.0,470.0,328.0,306.0,132.0,220.0,3400.0,164.0,77.0,260.0,195.0,0.0,68.0,373.0,535.0,606.0,214.0,372.0,303.0,233.0,78667.0,2088.0,1400.0,688.0,2167.0,1080.0,109.0,63.0,64.0,291.0,348.0,107.0,105.0,0.0,0.0,2088.0,1400.0,97.0,448.0,349.0,378.0,128.0,0.0,688.0,182.0,316.0,180.0,0.0,10.0,0.0,688.0,68.0,52.0,49.0,34.0,197.0,136.0,28.0,21.0,69.0,34.0,25017310601,0.22524517557734894,78667.0,0.4513151822796493,0.1336206896551724,0.17225561531161024,0.05330591584941474,0.5370136032900981,0.6704980842911877,6322.0,0.07649376231122784,0.3691860465116279,0.32950191570881227,0.5486848177203507
6537.0,6537.0,5998.0,3059.0,1197.0,4.0,1556.0,0.0,0.0,182.0,38.0,144.0,539.0,46.0,5.0,0.0,67.0,0.0,100.0,321.0,321.0,0.0,6396.0,531.0,389.0,0.0,0.0,26.0,0.0,0.0,0.0,28.0,0.0,221.0,68.0,24.0,22.0,0.0,142.0,0.0,0.0,0.0,0.0,0.0,0.0,2.0,6.0,41.0,27.0,27.0,17.0,22.0,5865.0,3179.0,157.0,154.0,170.0,91.0,15.0,131.0,107.0,651.0,433.0,318.0,417.0,348.0,187.0,2686.0,194.0,0.0,286.0,0.0,21.0,17.0,115.0,443.0,530.0,229.0,467.0,249.0,135.0,101842.0,2530.0,1237.0,1293.0,2656.0,824.0,420.0,408.0,117.0,125.0,152.0,291.0,290.0,29.0,0.0,2530.0,1237.0,0.0,407.0,550.0,125.0,116.0,39.0,1293.0,27.0,535.0,621.0,110.0,0.0,0.0,1293.0,28.0,0.0,315.0,296.0,177.0,162.0,82.0,0.0,206.0,27.0,25017310602,0.08245372495028301,101842.0,0.5316265060240963,0.010671936758893281,0.23802967722196727,0.18311151904543368,0.467951659782775,0.4889328063241107,6537.0,0.08302063789868667,0.3480278422273782,0.5110671936758894,0.4683734939759036
4246.0,4246.0,3660.0,1872.0,529.0,0.0,1058.0,5.0,27.0,169.0,115.0,54.0,586.0,218.0,0.0,0.0,0.0,0.0,139.0,229.0,209.0,20.0,3879.0,609.0,246.0,0.0,0.0,9.0,0.0,0.0,10.0,127.0,40.0,18.0,0.0,0.0,0.0,42.0,363.0,9.0,0.0,36.0,50.0,0.0,0.0,47.0,6.0,16.0,53.0,82.0,15.0,49.0,3270.0,1767.0,11.0,0.0,38.0,143.0,20.0,0.0,327.0,398.0,77.0,96.0,247.0,325.0,85.0,1503.0,85.0,13.0,106.0,0.0,54.0,25.0,117.0,157.0,303.0,127.0,132.0,321.0,63.0,63015.0,1493.0,446.0,1047.0,1595.0,324.0,164.0,377.0,322.0,171.0,0.0,36.0,201.0,0.0,0.0,1493.0,446.0,64.0,200.0,145.0,37.0,0.0,0.0,1047.0,265.0,438.0,204.0,78.0,15.0,47.0,1047.0,103.0,25.0,168.0,15.0,96.0,116.0,129.0,83.0,295.0,17.0,25017310700,0.13801224682053698,63015.0,0.6940438871473354,0.2203616878767582,0.2491756947715497,0.12458784738577484,0.44088553933113517,0.29872739450770264,4246.0,0.15699922660479504,0.5950334288443171,0.7012726054922974,0.30595611285266455
2534.0,2534.0,2093.0,1034.0,447.0,4.0,469.0,0.0,9.0,130.0,72.0,58.0,441.0,71.0,20.0,0.0,0.0,0.0,109.0,241.0,167.0,74.0,2486.0,658.0,307.0,7.0,0.0,12.0,13.0,3.0,29.0,53.0,27.0,29.0,28.0,85.0,21.0,0.0,351.0,27.0,0.0,17.0,17.0,0.0,15.0,33.0,65.0,83.0,9.0,70.0,15.0,0.0,1828.0,854.0,84.0,0.0,47.0,29.0,15.0,26.0,63.0,209.0,137.0,91.0,107.0,33.0,13.0,974.0,35.0,0.0,22.0,11.0,29.0,9.0,122.0,242.0,199.0,108.0,143.0,39.0,15.0,77768.0,1073.0,192.0,881.0,1100.0,27.0,96.0,169.0,211.0,86.0,107.0,144.0,260.0,0.0,0.0,1073.0,192.0,58.0,55.0,30.0,38.0,7.0,4.0,881.0,174.0,489.0,204.0,6.0,8.0,0.0,881.0,0.0,109.0,155.0,70.0,54.0,117.0,53.0,62.0,221.0,40.0,25017311100,0.17403314917127072,77768.0,0.8881818181818182,0.21621621621621623,0.1850828729281768,0.17640094711917917,0.4080505130228887,0.17893755824790308,2534.0,0.26468222043443285,0.5141884222474461,0.821062441752097,0.11181818181818182
3198.0,3198.0,2402.0,566.0,118.0,0.0,1376.0,0.0,0.0,342.0,332.0,10.0,796.0,242.0,0.0,0.0,0.0,0.0,402.0,152.0,141.0,11.0,3177.0,801.0,469.0,0.0,0.0,0.0,0.0,0.0,0.0,0.0,49.0,24.0,75.0,200.0,121.0,0.0,332.0,0.0,0.0,6.0,36.0,0.0,0.0,0.0,39.0,14.0,92.0,106.0,28.0,11.0,2376.0,995.0,0.0,0.0,55.0,20.0,35.0,11.0,241.0,119.0,115.0,194.0,101.0,40.0,64.0,1381.0,165.0,22.0,95.0,13.0,0.0,7.0,290.0,180.0,210.0,154.0,135.0,105.0,5.0,46250.0,1388.0,314.0,1074.0,1484.0,172.0,185.0,298.0,127.0,528.0,135.0,0.0,39.0,0.0,0.0,1388.0,314.0,62.0,103.0,110.0,5.0,34.0,0.0,1074.0,337.0,531.0,135.0,41.0,20.0,10.0,1074.0,0.0,132.0,86.0,237.0,30.0,20.0,47.0,0.0,522.0,0.0,25017311200,0.2489055659787367,46250.0,0.7594339622641509,0.28746397694524495,0.43026891807379614,0.03689806128830519,0.17698561601000626,0.22622478386167147,3198.0,0.2521246458923513,0.5484171322160148,0.7737752161383286,0.24056603773584906
4875.0,4875.0,4095.0,1368.0,809.0,0.0,1519.0,0.0,0.0,399.0,82.0,317.0,780.0,228.0,46.0,0.0,0.0,0.0,416.0,90.0,74.0,16.0,4247.0,1345.0,707.0,23.0,0.0,259.0,55.0,0.0,0.0,0.0,94.0,94.0,60.0,0.0,49.0,73.0,638.0,64.0,0.0,110.0,70.0,0.0,0.0,17.0,110.0,191.0,0.0,14.0,0.0,62.0,2902.0,1430.0,174.0,0.0,86.0,46.0,9.0,24.0,110.0,298.0,184.0,32.0,348.0,79.0,40.0,1472.0,44.0,31.0,137.0,24.0,38.0,0.0,103.0,249.0,224.0,123.0,397.0,74.0,28.0,71450.0,1393.0,410.0,983.0,1430.0,312.0,87.0,213.0,200.0,322.0,102.0,77.0,117.0,0.0,0.0,1393.0,410.0,9.0,86.0,83.0,119.0,87.0,26.0,983.0,166.0,450.0,253.0,114.0,0.0,0.0,983.0,78.0,0.0,89.0,164.0,43.0,132.0,16.0,73.0,359.0,29.0,25017311300,0.16,71450.0,0.720979020979021,0.12562814070351758,0.3115897435897436,0.16594871794871796,0.2806153846153846,0.29432878679109836,4875.0,0.3166941370379091,0.590030518819939,0.7056712132089017,0.279020979020979
6245.0,6245.0,5413.0,2262.0,1247.0,0.0,1690.0,0.0,0.0,214.0,43.0,171.0,832.0,186.0,0.0,6.0,0.0,0.0,519.0,121.0,121.0,0.0,6183.0,687.0,290.0,0.0,0.0,24.0,24.0,0.0,0.0,52.0,50.0,24.0,24.0,45.0,27.0,20.0,397.0,0.0,0.0,24.0,0.0,0.0,0.0,22.0,60.0,109.0,42.0,11.0,68.0,61.0,5496.0,2819.0,192.0,25.0,268.0,165.0,8.0,28.0,294.0,511.0,492.0,340.0,248.0,131.0,117.0,2677.0,223.0,0.0,221.0,58.0,17.0,21.0,133.0,805.0,591.0,110.0,223.0,178.0,97.0,94174.0,2604.0,875.0,1729.0,2731.0,658.0,187.0,227.0,85.0,119.0,638.0,757.0,60.0,0.0,0.0,2604.0,875.0,27.0,286.0,477.0,85.0,0.0,0.0,1729.0,160.0,842.0,703.0,24.0,0.0,0.0,1729.0,17.0,263.0,236.0,348.0,130.0,90.0,145.0,114.0,317.0,69.0,25017311400,0.13322658126501202,94174.0,0.690589527645551,0.0718125960061444,0.27061649319455566,0.19967974379503603,0.3622097678142514,0.33602150537634407,6245.0,0.1111111111111111,0.38519375361480623,0.6639784946236559,0.3094104723544489
3343.0,3343.0,2990.0,1007.0,148.0,0.0,1600.0,0.0,193.0,42.0,0.0,42.0,353.0,32.0,18.0,0.0,0.0,0.0,0.0,303.0,228.0,75.0,3317.0,444.0,210.0,0.0,0.0,0.0,0.0,0.0,13.0,63.0,49.0,14.0,44.0,11.0,16.0,0.0,234.0,1.0,0.0,0.0,36.0,0.0,0.0,0.0,45.0,12.0,99.0,12.0,29.0,0.0,2873.0,1458.0,245.0,0.0,85.0,9.0,0.0,0.0,27.0,253.0,397.0,112.0,200.0,111.0,19.0,1415.0,127.0,16.0,98.0,72.0,0.0,9.0,95.0,297.0,218.0,114.0,272.0,78.0,19.0,103227.0,1183.0,649.0,534.0,1183.0,511.0,145.0,269.0,55.0,0.0,180.0,21.0,2.0,0.0,0.0,1183.0,649.0,0.0,227.0,277.0,116.0,21.0,8.0,534.0,62.0,345.0,80.0,47.0,0.0,0.0,534.0,88.0,10.0,0.0,88.0,36.0,40.0,29.0,0.0,197.0,46.0,25017311500,0.10559377804367334,103227.0,0.4454775993237532,0.052409129332206254,0.4786120251271313,0.04427161232425965,0.30122644331438825,0.5486052409129332,3343.0,0.13385589388001207,0.49812734082397003,0.4513947590870668,0.5545224006762468
6736.0,6736.0,6493.0,3150.0,107.0,0.0,2902.0,0.0,25.0,309.0,274.0,35.0,243.0,0.0,0.0,0.0,0.0,0.0,0.0,243.0,178.0,65.0,6736.0,538.0,185.0,14.0,0.0,0.0,0.0,0.0,34.0,0.0,0.0,7.0,34.0,94.0,1.0,1.0,353.0,0.0,0.0,48.0,0.0,0.0,0.0,0.0,114.0,0.0,59.0,38.0,94.0,0.0,6198.0,3074.0,225.0,28.0,269.0,57.0,70.0,79.0,156.0,499.0,604.0,449.0,304.0,228.0,106.0,3124.0,123.0,0.0,281.0,103.0,0.0,112.0,400.0,306.0,473.0,582.0,275.0,352.0,117.0,118625.0,2087.0,1370.0,717.0,2165.0,1246.0,154.0,502.0,33.0,48.0,40.0,60.0,82.0,0.0,0.0,2087.0,1370.0,31.0,309.0,616.0,289.0,76.0,49.0,717.0,49.0,191.0,319.0,66.0,92.0,0.0,717.0,16.0,26.0,125.0,81.0,168.0,117.0,7.0,49.0,87.0,41.0,25017311600,0.036074821852731594,118625.0,0.3533487297921478,0.03833253473885961,0.43081947743467935,0.01588479809976247,0.46763657957244653,0.6564446574029708,6736.0,0.07986935866983373,0.36262203626220363,0.34355534259702925,0.6466512702078522
5051.0,5051.0,4326.0,1062.0,96.0,5.0,2797.0,0.0,77.0,289.0,208.0,81.0,725.0,37.0,89.0,0.0,0.0,0.0,489.0,110.0,101.0,9.0,4958.0,847.0,493.0,30.0,38.0,57.0,57.0,30.0,22.0,0.0,0.0,43.0,32.0,37.0,61.0,86.0,354.0,0.0,0.0,35.0,0.0,0.0,0.0,39.0,53.0,100.0,0.0,81.0,46.0,0.0,4111.0,1979.0,149.0,12.0,123.0,36.0,59.0,21.0,126.0,295.0,333.0,261.0,320.0,199.0,45.0,2132.0,66.0,10.0,155.0,0.0,14.0,19.0,203.0,413.0,361.0,340.0,244.0,231.0,76.0,96250.0,1625.0,867.0,758.0,1680.0,600.0,143.0,486.0,224.0,59.0,58.0,28.0,82.0,0.0,0.0,1625.0,867.0,112.0,219.0,268.0,177.0,85.0,6.0,758.0,88.0,301.0,309.0,20.0,33.0,7.0,758.0,36.0,41.0,43.0,53.0,175.0,10.0,60.0,111.0,220.0,9.0,25017311700,0.14353593347851912,96250.0,0.5577380952380953,0.12307692307692308,0.5537517323302317,0.019006137398534944,0.2102553949712928,0.5335384615384615,5051.0,0.1708350141185962,0.5290237467018469,0.4664615384615385,0.44226190476190474
3879.0,3879.0,3269.0,836.0,404.0,0.0,1942.0,0.0,0.0,87.0,58.0,29.0,610.0,169.0,0.0,0.0,0.0,0.0,36.0,405.0,264.0,141.0,3856.0,1154.0,661.0,127.0,0.0,171.0,26.0,26.0,0.0,13.0,118.0,12.0,84.0,73.0,11.0,0.0,493.0,80.0,0.0,53.0,0.0,24.0,0.0,0.0,112.0,138.0,53.0,33.0,0.0,0.0,2702.0,1331.0,70.0,46.0,112.0,7.0,14.0,51.0,69.0,93.0,296.0,225.0,169.0,91.0,88.0,1371.0,97.0,0.0,36.0,44.0,0.0,25.0,195.0,163.0,241.0,155.0,275.0,103.0,37.0,86518.0,1092.0,505.0,587.0,1131.0,254.0,77.0,381.0,274.0,74.0,39.0,0.0,0.0,32.0,0.0,1092.0,505.0,21.0,123.0,282.0,30.0,49.0,0.0,587.0,139.0,279.0,131.0,38.0,0.0,0.0,587.0,12.0,41.0,79.0,100.0,17.0,49.0,64.0,0.0,162.0,63.0,25017311800,0.15725702500644495,86518.0,0.7073386383731212,0.14652014652014653,0.5006444960041248,0.10415055426656354,0.21551946377932457,0.4624542124542125,3879.0,0.2992738589211618,0.4684838160136286,0.5375457875457875,0.2926613616268789
2998.0,2998.0,2345.0,1030.0,331.0,0.0,553.0,0.0,127.0,304.0,268.0,36.0,653.0,84.0,0.0,0.0,0.0,0.0,376.0,193.0,193.0,0.0,2997.0,618.0,297.0,0.0,0.0,12.0,0.0,7.0,0.0,86.0,0.0,20.0,44.0,53.0,55.0,20.0,321.0,31.0,17.0,64.0,6.0,18.0,6.0,33.0,27.0,45.0,0.0,58.0,0.0,16.0,2379.0,1309.0,67.0,27.0,32.0,58.0,3.0,17.0,282.0,108.0,237.0,153.0,228.0,39.0,58.0,1070.0,0.0,5.0,40.0,6.0,0.0,52.0,64.0,202.0,202.0,162.0,174.0,64.0,99.0,45417.0,1277.0,205.0,1072.0,1364.0,138.0,56.0,180.0,155.0,132.0,188.0,422.0,70.0,23.0,0.0,1277.0,205.0,0.0,93.0,65.0,14.0,33.0,0.0,1072.0,305.0,488.0,190.0,89.0,0.0,0.0,1072.0,26.0,99.0,209.0,85.0,183.0,116.0,72.0,0.0,271.0,11.0,25017311900,0.21781187458305537,45417.0,0.8577712609970675,0.23884103367267032,0.18445630420280187,0.1104069379586391,0.34356237491661107,0.16053249804228661,2998.0,0.2062062062062062,0.4281716417910448,0.8394675019577134,0.14222873900293256
2776.0,2776.0,1802.0,1272.0,116.0,0.0,142.0,0.0,0.0,272.0,228.0,44.0,974.0,230.0,0.0,0.0,0.0,0.0,575.0,169.0,149.0,20.0,2776.0,539.0,294.0,66.0,21.0,0.0,15.0,0.0,0.0,23.0,10.0,38.0,77.0,17.0,0.0,27.0,245.0,0.0,0.0,0.0,14.0,0.0,0.0,35.0,17.0,38.0,0.0,50.0,25.0,66.0,2237.0,1148.0,0.0,36.0,15.0,50.0,50.0,44.0,141.0,159.0,173.0,169.0,135.0,76.0,100.0,1089.0,53.0,10.0,0.0,127.0,44.0,88.0,5.0,94.0,91.0,170.0,262.0,58.0,87.0,45923.0,963.0,433.0,530.0,1051.0,381.0,108.0,220.0,322.0,17.0,3.0,0.0,0.0,0.0,0.0,963.0,433.0,69.0,198.0,78.0,41.0,47.0,0.0,530.0,154.0,185.0,102.0,37.0,52.0,0.0,530.0,0.0,57.0,93.0,56.0,21.0,24.0,14.0,41.0,211.0,13.0,25017312000,0.35086455331412103,45923.0,0.5347288296860133,0.23156801661474558,0.051152737752161385,0.04178674351585014,0.45821325648414984,0.44963655244029077,2776.0,0.194164265129683,0.5471698113207547,0.5503634475597092,0.4652711703139867
3474.0,3474.0,2394.0,1363.0,446.0,0.0,285.0,0.0,177.0,123.0,12.0,111.0,1080.0,180.0,12.0,0.0,0.0,0.0,351.0,537.0,513.0,24.0,3474.0,594.0,298.0,88.0,0.0,121.0,0.0,0.0,0.0,31.0,0.0,0.0,24.0,34.0,0.0,0.0,296.0,0.0,6.0,34.0,31.0,0.0,0.0,0.0,53.0,39.0,18.0,89.0,26.0,0.0,2880.0,1462.0,173.0,0.0,15.0,79.0,0.0,154.0,83.0,231.0,214.0,245.0,154.0,80.0,34.0,1418.0,39.0,0.0,143.0,207.0,0.0,21.0,111.0,222.0,267.0,143.0,106.0,129.0,30.0,83730.0,1331.0,360.0,971.0,1359.0,215.0,112.0,61.0,309.0,33.0,168.0,74.0,375.0,0.0,12.0,1331.0,360.0,15.0,125.0,154.0,66.0,0.0,0.0,971.0,165.0,526.0,232.0,48.0,0.0,0.0,971.0,24.0,18.0,106.0,188.0,138.0,161.0,73.0,55.0,172.0,36.0,25017312100,0.31088082901554404,83730.0,0.7505518763796909,0.135236664162284,0.08203799654576857,0.12838226827864133,0.39234312032239493,0.270473328324568,3474.0,0.17098445595854922,0.4747682801235839,0.7295266716754321,0.24061810154525387
5073.0,5073.0,4415.0,2156.0,420.0,0.0,1666.0,0.0,0.0,173.0,111.0,62.0,658.0,62.0,0.0,0.0,2.0,0.0,518.0,76.0,76.0,0.0,5040.0,701.0,338.0,17.0,19.0,1.0,19.0,35.0,0.0,110.0,3.0,0.0,78.0,38.0,18.0,0.0,363.0,33.0,0.0,79.0,18.0,16.0,0.0,23.0,57.0,64.0,33.0,37.0,2.0,1.0,4339.0,2139.0,87.0,0.0,255.0,90.0,7.0,33.0,93.0,169.0,401.0,309.0,335.0,283.0,77.0,2200.0,103.0,0.0,62.0,14.0,53.0,124.0,189.0,409.0,321.0,207.0,433.0,229.0,56.0,84853.0,1788.0,1121.0,667.0,1893.0,762.0,345.0,359.0,164.0,0.0,31.0,188.0,28.0,16.0,0.0,1788.0,1121.0,42.0,356.0,438.0,209.0,22.0,54.0,667.0,32.0,408.0,227.0,0.0,0.0,0.0,667.0,0.0,81.0,60.0,39.0,120.0,86.0,34.0,68.0,163.0,16.0,25017312200,0.12970628819239108,84853.0,0.4152139461172742,0.04138702460850112,0.32840528287009657,0.08279124778237729,0.4249950719495368,0.6269574944071589,5073.0,0.1390873015873016,0.5262368815592204,0.3730425055928412,0.5847860538827259
5300.0,5300.0,4539.0,3001.0,372.0,0.0,832.0,0.0,160.0,174.0,127.0,47.0,761.0,0.0,0.0,0.0,0.0,0.0,302.0,459.0,459.0,0.0,5237.0,78.0,8.0,0.0,0.0,0.0,0.0,0.0,0.0,0.0,0.0,0.0,0.0,6.0,2.0,0.0,70.0,0.0,0.0,0.0,0.0,0.0,0.0,39.0,0.0,0.0,5.0,0.0,26.0,0.0,5159.0,2513.0,0.0,0.0,137.0,116.0,44.0,151.0,62.0,679.0,323.0,361.0,406.0,137.0,97.0,2646.0,226.0,141.0,182.0,157.0,0.0,92.0,192.0,500.0,199.0,385.0,377.0,114.0,81.0,120192.0,2137.0,1302.0,835.0,2148.0,872.0,168.0,321.0,49.0,109.0,355.0,274.0,0.0,0.0,0.0,2137.0,1302.0,0.0,457.0,512.0,140.0,193.0,0.0,835.0,0.0,504.0,331.0,0.0,0.0,0.0,835.0,17.0,15.0,293.0,39.0,243.0,32.0,68.0,71.0,57.0,0.0,25017312300,0.14358490566037735,120192.0,0.515828677839851,0.0,0.1569811320754717,0.07018867924528302,0.5662264150943396,0.6092653252222742,5300.0,0.014894023295780026,0.27305389221556886,0.3907346747777258,0.48417132216014896
2176.0,2176.0,1594.0,1194.0,117.0,0.0,199.0,0.0,43.0,41.0,0.0,41.0,582.0,121.0,0.0,14.0,0.0,0.0,191.0,256.0,256.0,0.0,2176.0,400.0,129.0,0.0,0.0,8.0,8.0,0.0,0.0,0.0,14.0,16.0,16.0,10.0,57.0,0.0,271.0,0.0,0.0,25.0,17.0,0.0,0.0,19.0,0.0,38.0,2.0,46.0,61.0,63.0,1776.0,949.0,56.0,0.0,143.0,108.0,0.0,11.0,47.0,91.0,179.0,56.0,114.0,91.0,53.0,827.0,95.0,14.0,53.0,7.0,9.0,8.0,70.0,165.0,109.0,118.0,70.0,54.0,55.0,40077.0,1020.0,101.0,919.0,1077.0,71.0,68.0,401.0,191.0,91.0,9.0,87.0,159.0,0.0,0.0,1020.0,101.0,12.0,43.0,17.0,1.0,28.0,0.0,919.0,206.0,449.0,237.0,27.0,0.0,0.0,919.0,12.0,18.0,113.0,62.0,195.0,94.0,65.0,166.0,149.0,45.0,25017312400,0.26746323529411764,40077.0,0.8709377901578459,0.21372549019607842,0.09145220588235294,0.05376838235294118,0.5487132352941176,0.09901960784313725,2176.0,0.18382352941176472,0.515778019586507,0.9009803921568628,0.12906220984215414
5204.0,5204.0,4425.0,3317.0,149.0,0.0,664.0,0.0,62.0,233.0,55.0,178.0,779.0,238.0,45.0,0.0,0.0,0.0,417.0,79.0,79.0,0.0,5202.0,695.0,259.0,15.0,0.0,68.0,0.0,0.0,0.0,0.0,39.0,31.0,0.0,30.0,76.0,0.0,436.0,146.0,12.0,121.0,0.0,0.0,0.0,0.0,80.0,36.0,0.0,11.0,0.0,30.0,4507.0,2168.0,119.0,12.0,39.0,61.0,43.0,77.0,206.0,446.0,130.0,336.0,316.0,229.0,154.0,2339.0,82.0,59.0,135.0,83.0,20.0,60.0,141.0,386.0,167.0,331.0,478.0,257.0,140.0,111850.0,1907.0,1371.0,536.0,1931.0,1220.0,103.0,52.0,210.0,179.0,100.0,67.0,0.0,0.0,0.0,1907.0,1371.0,32.0,374.0,574.0,292.0,68.0,31.0,536.0,63.0,230.0,243.0,0.0,0.0,0.0,536.0,53.0,10.0,35.0,78.0,0.0,58.0,50.0,66.0,143.0,43.0,25017312501,0.14969254419677172,111850.0,0.31486276540652514,0.04981646565285789,0.12759415833973867,0.028631821675634127,0.6373943120676403,0.718930256948086,5204.0,0.13360246059207997,0.5914179104477612,0.281069743051914,0.6851372345934749
4135.0,4135.0,3907.0,2991.0,240.0,0.0,296.0,0.0,79.0,301.0,190.0,111.0,228.0,21.0,0.0,0.0,0.0,0.0,42.0,165.0,137.0,28.0,4129.0,440.0,308.0,15.0,0.0,48.0,16.0,0.0,0.0,110.0,30.0,18.0,14.0,23.0,11.0,23.0,132.0,0.0,16.0,0.0,16.0,0.0,0.0,0.0,3.0,15.0,20.0,31.0,16.0,15.0,3689.0,1733.0,81.0,36.0,71.0,24.0,0.0,33.0,96.0,218.0,386.0,229.0,195.0,251.0,113.0,1956.0,104.0,19.0,123.0,42.0,0.0,26.0,60.0,327.0,258.0,174.0,323.0,306.0,194.0,119919.0,1672.0,1130.0,542.0,1672.0,959.0,43.0,175.0,74.0,38.0,202.0,18.0,92.0,0.0,71.0,1672.0,1130.0,10.0,258.0,604.0,200.0,39.0,19.0,542.0,51.0,396.0,95.0,0.0,0.0,0.0,542.0,0.0,52.0,76.0,93.0,100.0,44.0,31.0,13.0,126.0,7.0,25017312502,0.05513905683192261,119919.0,0.35825358851674644,0.03648325358851675,0.07158403869407497,0.05804111245465538,0.7233373639661427,0.6758373205741627,4135.0,0.10656333252603536,0.3948339483394834,0.3241626794258373,0.5992822966507177
7066.0,7066.0,6481.0,5596.0,183.0,0.0,479.0,0.0,0.0,223.0,171.0,52.0,585.0,17.0,0.0,0.0,0.0,0.0,462.0,106.0,106.0,0.0,7066.0,244.0,96.0,0.0,0.0,0.0,0.0,0.0,0.0,13.0,0.0,3.0,14.0,66.0,0.0,0.0,148.0,0.0,0.0,0.0,0.0,0.0,0.0,7.0,30.0,4.0,43.0,0.0,0.0,64.0,6822.0,3257.0,371.0,0.0,201.0,25.0,91.0,48.0,395.0,489.0,365.0,356.0,470.0,311.0,135.0,3565.0,449.0,29.0,392.0,24.0,21.0,62.0,436.0,312.0,426.0,421.0,536.0,259.0,198.0,152806.0,2305.0,2018.0,287.0,2357.0,1542.0,299.0,109.0,16.0,86.0,125.0,100.0,13.0,67.0,0.0,2305.0,2018.0,0.0,547.0,787.0,288.0,229.0,167.0,287.0,26.0,108.0,111.0,42.0,0.0,0.0,287.0,0.0,0.0,79.0,0.0,23.0,124.0,0.0,31.0,30.0,0.0,25017313101,0.08279082932352108,152806.0,0.2189223589308443,0.011279826464208243,0.06778941409566941,0.025898669685819418,0.7919615058024342,0.8754880694143167,7066.0,0.03453155958109256,0.6445993031358885,0.1245119305856833,0.7810776410691557
5484.0,5484.0,5241.0,4329.0,253.0,0.0,493.0,0.0,0.0,166.0,128.0,38.0,243.0,131.0,0.0,0.0,0.0,0.0,36.0,76.0,76.0,0.0,5403.0,577.0,166.0,26.0,0.0,0.0,0.0,0.0,0.0,117.0,2.0,0.0,18.0,0.0,3.0,0.0,411.0,0.0,0.0,38.0,106.0,106.0,0.0,2.0,0.0,121.0,0.0,0.0,20.0,18.0,4826.0,2190.0,87.0,58.0,123.0,114.0,0.0,48.0,126.0,297.0,326.0,231.0,341.0,361.0,78.0,2636.0,110.0,32.0,309.0,9.0,0.0,0.0,257.0,333.0,332.0,370.0,482.0,275.0,127.0,118633.0,1927.0,1630.0,297.0,1978.0,1442.0,235.0,102.0,38.0,0.0,19.0,64.0,17.0,61.0,0.0,1927.0,1630.0,28.0,433.0,558.0,360.0,155.0,96.0,297.0,25.0,81.0,166.0,20.0,5.0,0.0,297.0,0.0,0.0,26.0,17.0,12.0,61.0,34.0,20.0,107.0,20.0,25017313102,0.04431072210065645,118633.0,0.15217391304347827,0.027503892060197196,0.0898978847556528,0.04613420860685631,0.7893873085339168,0.8458744161909704,5484.0,0.1067925226725893,0.7474747474747475,0.15412558380902958,0.8478260869565217
7052.0,7052.0,6491.0,4551.0,660.0,0.0,448.0,0.0,0.0,832.0,188.0,644.0,561.0,0.0,0.0,0.0,0.0,0.0,55.0,506.0,414.0,92.0,7052.0,366.0,157.0,80.0,0.0,0.0,0.0,0.0,0.0,15.0,12.0,0.0,0.0,4.0,19.0,27.0,209.0,0.0,0.0,0.0,0.0,0.0,0.0,97.0,0.0,0.0,0.0,70.0,42.0,0.0,6686.0,3479.0,176.0,18.0,466.0,153.0,27.0,84.0,300.0,399.0,493.0,459.0,507.0,268.0,129.0,3207.0,104.0,35.0,332.0,30.0,65.0,47.0,408.0,237.0,506.0,269.0,452.0,352.0,370.0,120149.0,2394.0,1892.0,502.0,2440.0,1909.0,41.0,0.0,74.0,110.0,27.0,279.0,0.0,0.0,0.0,2394.0,1892.0,77.0,478.0,503.0,552.0,133.0,149.0,502.0,72.0,263.0,167.0,0.0,0.0,0.0,502.0,0.0,18.0,0.0,38.0,10.0,18.0,54.0,34.0,251.0,79.0,25017314101,0.07955190017016449,120149.0,0.20081967213114754,0.06223893065998329,0.06352807714123652,0.09359047078842882,0.6453488372093024,0.7903091060985797,7052.0,0.051900170164492346,0.7111553784860558,0.2096908939014202,0.7991803278688525
6910.0,6910.0,6189.0,5199.0,530.0,0.0,323.0,0.0,48.0,89.0,74.0,15.0,721.0,124.0,0.0,0.0,0.0,0.0,202.0,395.0,351.0,44.0,6905.0,617.0,300.0,121.0,0.0,0.0,0.0,0.0,0.0,17.0,0.0,103.0,25.0,22.0,0.0,12.0,317.0,0.0,0.0,0.0,0.0,0.0,0.0,0.0,0.0,182.0,30.0,45.0,13.0,47.0,6288.0,2721.0,53.0,57.0,94.0,141.0,96.0,35.0,90.0,452.0,345.0,425.0,318.0,264.0,351.0,3567.0,74.0,61.0,213.0,151.0,49.0,17.0,325.0,419.0,448.0,490.0,439.0,438.0,443.0,97308.0,2990.0,2321.0,669.0,3151.0,1456.0,437.0,0.0,207.0,493.0,83.0,236.0,239.0,0.0,0.0,2990.0,2321.0,47.0,842.0,954.0,321.0,139.0,18.0,669.0,90.0,288.0,188.0,64.0,39.0,0.0,669.0,16.0,15.0,67.0,126.0,39.0,110.0,63.0,84.0,76.0,73.0,25017314102,0.10434153400868307,97308.0,0.39923833703586165,0.045819397993311035,0.0467438494934877,0.07670043415340087,0.7523878437047757,0.7762541806020067,6910.0,0.0893555394641564,0.4977578475336323,0.22374581939799332,0.6007616629641384
5799.0,5799.0,5207.0,4603.0,101.0,0.0,444.0,0.0,0.0,59.0,59.0,0.0,592.0,147.0,26.0,0.0,0.0,0.0,255.0,164.0,153.0,11.0,5799.0,786.0,316.0,33.0,0.0,35.0,9.0,0.0,0.0,97.0,7.0,2.0,0.0,121.0,12.0,0.0,470.0,0.0,0.0,0.0,26.0,0.0,32.0,167.0,35.0,17.0,26.0,165.0,2.0,0.0,5013.0,2434.0,94.0,0.0,100.0,89.0,54.0,145.0,241.0,198.0,550.0,464.0,157.0,247.0,95.0,2579.0,109.0,0.0,214.0,177.0,24.0,93.0,201.0,305.0,288.0,421.0,272.0,298.0,177.0,90642.0,2049.0,1524.0,525.0,2116.0,1534.0,46.0,99.0,187.0,83.0,67.0,91.0,9.0,0.0,0.0,2049.0,1524.0,15.0,341.0,716.0,235.0,103.0,114.0,525.0,88.0,193.0,159.0,85.0,0.0,0.0,525.0,18.0,48.0,19.0,74.0,117.0,51.0,56.0,15.0,118.0,9.0,25017314200,0.10208656664942231,90642.0,0.2533081285444234,0.050268423621278674,0.07656492498706674,0.017416795999310227,0.7937575444042076,0.7437774524158126,5799.0,0.1355406104500776,0.45714285714285713,0.2562225475841874,0.7466918714555766
9130.0,9130.0,8417.0,7517.0,297.0,0.0,437.0,0.0,0.0,166.0,0.0,166.0,713.0,45.0,0.0,0.0,0.0,0.0,232.0,436.0,436.0,0.0,9115.0,682.0,347.0,62.0,0.0,19.0,19.0,0.0,0.0,86.0,82.0,0.0,19.0,1.0,34.0,25.0,335.0,42.0,8.0,0.0,0.0,0.0,0.0,33.0,86.0,15.0,18.0,29.0,0.0,104.0,8433.0,4117.0,180.0,121.0,350.0,220.0,25.0,80.0,165.0,320.0,655.0,700.0,624.0,470.0,207.0,4316.0,176.0,73.0,227.0,321.0,0.0,77.0,257.0,242.0,750.0,618.0,623.0,609.0,343.0,122563.0,3664.0,2890.0,774.0,3815.0,2285.0,410.0,197.0,94.0,146.0,275.0,117.0,271.0,20.0,0.0,3664.0,2890.0,61.0,915.0,1359.0,294.0,197.0,64.0,774.0,183.0,295.0,235.0,61.0,0.0,0.0,774.0,44.0,137.0,129.0,53.0,0.0,0.0,70.0,120.0,185.0,36.0,25017314301,0.07809419496166484,122563.0,0.29357798165137616,0.0665938864628821,0.04786418400876232,0.03253012048192771,0.8233296823658269,0.7887554585152838,9130.0,0.0748217224355458,0.4844961240310077,0.21124454148471616,0.7064220183486238
3683.0,3683.0,3430.0,3020.0,8.0,0.0,142.0,0.0,41.0,219.0,67.0,152.0,253.0,8.0,0.0,0.0,0.0,0.0,92.0,153.0,141.0,12.0,3645.0,76.0,51.0,0.0,0.0,0.0,0.0,0.0,0.0,0.0,13.0,16.0,22.0,0.0,0.0,0.0,25.0,0.0,0.0,0.0,0.0,0.0,0.0,0.0,0.0,0.0,5.0,10.0,0.0,10.0,3569.0,1772.0,90.0,84.0,138.0,87.0,22.0,32.0,89.0,133.0,214.0,324.0,292.0,207.0,60.0,1797.0,96.0,13.0,163.0,64.0,0.0,122.0,75.0,189.0,286.0,237.0,303.0,177.0,72.0,161563.0,1155.0,1146.0,9.0,1205.0,1180.0,17.0,0.0,8.0,0.0,0.0,0.0,0.0,0.0,0.0,1155.0,1146.0,15.0,91.0,623.0,263.0,126.0,28.0,9.0,0.0,9.0,0.0,0.0,0.0,0.0,9.0,0.0,0.0,0.0,0.0,0.0,0.0,0.0,0.0,9.0,0.0,25017314302,0.06869399945696443,161563.0,0.006639004149377593,0.012987012987012988,0.03855552538691284,0.0021721422753190334,0.8199837089329352,0.9922077922077922,3683.0,0.020850480109739368,1.0,0.007792207792207792,0.9933609958506224
5883.0,5883.0,5852.0,5372.0,137.0,0.0,181.0,0.0,74.0,88.0,37.0,51.0,31.0,0.0,0.0,0.0,0.0,0.0,0.0,31.0,31.0,0.0,5883.0,180.0,75.0,11.0,0.0,0.0,0.0,0.0,0.0,0.0,15.0,11.0,0.0,0.0,0.0,38.0,105.0,10.0,0.0,30.0,0.0,0.0,0.0,13.0,0.0,21.0,0.0,0.0,10.0,21.0,5703.0,2614.0,71.0,34.0,205.0,54.0,67.0,15.0,184.0,386.0,311.0,330.0,581.0,230.0,146.0,3089.0,162.0,23.0,175.0,207.0,39.0,31.0,357.0,301.0,315.0,359.0,573.0,180.0,367.0,153942.0,1953.0,1831.0,122.0,1964.0,1620.0,258.0,17.0,0.0,50.0,9.0,0.0,0.0,0.0,10.0,1953.0,1831.0,11.0,379.0,784.0,370.0,239.0,48.0,122.0,0.0,122.0,0.0,0.0,0.0,0.0,122.0,37.0,0.0,0.0,0.0,9.0,0.0,0.0,0.0,9.0,67.0,25017315100,0.005269420363759986,153942.0,0.038696537678207736,0.0056323604710701485,0.030766615672276048,0.023287438381778006,0.9131395546489887,0.937532002048131,5883.0,0.030596634370219276,0.07377049180327869,0.06246799795186892,0.9562118126272913
8912.0,8912.0,8575.0,7548.0,17.0,0.0,386.0,0.0,15.0,609.0,574.0,35.0,337.0,79.0,0.0,0.0,0.0,0.0,0.0,258.0,258.0,0.0,8788.0,207.0,56.0,22.0,0.0,0.0,0.0,0.0,0.0,0.0,24.0,0.0,6.0,1.0,0.0,3.0,151.0,0.0,0.0,0.0,0.0,0.0,0.0,0.0,30.0,20.0,22.0,0.0,14.0,65.0,8581.0,4190.0,233.0,82.0,317.0,349.0,23.0,101.0,410.0,537.0,385.0,590.0,458.0,386.0,319.0,4391.0,392.0,64.0,113.0,135.0,22.0,92.0,388.0,393.0,558.0,650.0,731.0,554.0,299.0,94677.0,3443.0,2480.0,963.0,3569.0,1800.0,507.0,67.0,78.0,24.0,182.0,281.0,456.0,174.0,0.0,3443.0,2480.0,16.0,638.0,1086.0,431.0,241.0,68.0,963.0,71.0,746.0,89.0,8.0,32.0,17.0,963.0,0.0,46.0,90.0,44.0,28.0,23.0,74.0,229.0,397.0,32.0,25017315200,0.037814183123877916,94677.0,0.35360044830484727,0.025268661051408656,0.04331238779174147,0.00190754039497307,0.8469479353680431,0.7203020621550973,8912.0,0.02355484751934456,0.7507788161993769,0.2796979378449027,0.6463995516951527
4075.0,4075.0,3910.0,3517.0,121.0,14.0,168.0,0.0,4.0,86.0,37.0,49.0,165.0,71.0,0.0,0.0,0.0,0.0,30.0,64.0,64.0,0.0,3831.0,390.0,157.0,0.0,0.0,0.0,0.0,0.0,0.0,0.0,35.0,35.0,51.0,0.0,0.0,36.0,233.0,0.0,0.0,0.0,0.0,0.0,0.0,0.0,0.0,96.0,24.0,13.0,28.0,72.0,3441.0,1558.0,113.0,0.0,61.0,0.0,0.0,16.0,82.0,188.0,160.0,243.0,290.0,241.0,164.0,1883.0,31.0,0.0,26.0,36.0,0.0,21.0,216.0,385.0,145.0,252.0,306.0,294.0,171.0,104913.0,1653.0,1206.0,447.0,1662.0,641.0,372.0,0.0,78.0,80.0,167.0,108.0,216.0,0.0,0.0,1653.0,1206.0,10.0,490.0,410.0,154.0,122.0,20.0,447.0,124.0,238.0,85.0,0.0,0.0,0.0,447.0,9.0,32.0,61.0,26.0,79.0,82.0,31.0,53.0,54.0,20.0,25017315401,0.04049079754601227,104913.0,0.3904933814681107,0.08106473079249849,0.041226993865030676,0.029693251533742332,0.8630674846625767,0.7295825771324864,4075.0,0.10180109631949882,0.49217002237136465,0.27041742286751363,0.6095066185318893
3248.0,3248.0,3132.0,2860.0,90.0,0.0,93.0,0.0,0.0,89.0,48.0,41.0,116.0,94.0,0.0,0.0,0.0,0.0,22.0,0.0,0.0,0.0,3248.0,92.0,46.0,0.0,0.0,0.0,0.0,0.0,0.0,0.0,23.0,0.0,4.0,10.0,9.0,0.0,46.0,0.0,0.0,0.0,0.0,0.0,0.0,0.0,10.0,0.0,0.0,15.0,20.0,1.0,3156.0,1417.0,70.0,14.0,20.0,37.0,0.0,31.0,112.0,148.0,101.0,236.0,320.0,228.0,100.0,1739.0,36.0,4.0,44.0,57.0,42.0,100.0,192.0,156.0,147.0,186.0,414.0,248.0,113.0,140221.0,1306.0,1203.0,103.0,1336.0,1149.0,97.0,0.0,10.0,0.0,0.0,44.0,36.0,0.0,0.0,1306.0,1203.0,0.0,204.0,658.0,194.0,115.0,32.0,103.0,0.0,22.0,81.0,0.0,0.0,0.0,103.0,0.0,0.0,59.0,10.0,0.0,0.0,10.0,0.0,13.0,11.0,25017315402,0.03571428571428571,140221.0,0.06736526946107785,0.0,0.028633004926108374,0.02770935960591133,0.8805418719211823,0.9211332312404288,3248.0,0.02832512315270936,0.22330097087378642,0.07886676875957122,0.9326347305389222
1653.0,1653.0,1586.0,1524.0,12.0,0.0,29.0,0.0,0.0,21.0,12.0,9.0,67.0,6.0,0.0,0.0,0.0,0.0,0.0,61.0,61.0,0.0,1638.0,82.0,51.0,0.0,0.0,0.0,0.0,0.0,0.0,22.0,0.0,0.0,0.0,9.0,0.0,20.0,31.0,0.0,0.0,0.0,0.0,0.0,3.0,0.0,0.0,0.0,14.0,0.0,14.0,0.0,1556.0,754.0,38.0,4.0,26.0,7.0,7.0,20.0,85.0,85.0,118.0,101.0,121.0,96.0,46.0,802.0,52.0,0.0,30.0,28.0,6.0,6.0,84.0,118.0,82.0,77.0,160.0,114.0,45.0,170625.0,552.0,539.0,13.0,552.0,519.0,11.0,6.0,11.0,0.0,0.0,0.0,5.0,0.0,0.0,552.0,539.0,0.0,88.0,224.0,159.0,41.0,27.0,13.0,0.0,7.0,0.0,6.0,0.0,0.0,13.0,0.0,0.0,0.0,7.0,0.0,0.0,0.0,0.0,0.0,6.0,25017315403,0.04053236539624924,170625.0,0.03985507246376811,0.0,0.017543859649122806,0.007259528130671506,0.9219600725952813,0.9764492753623188,1653.0,0.050061050061050064,0.0,0.02355072463768116,0.9601449275362319
7502.0,7502.0,6999.0,6227.0,149.0,0.0,332.0,0.0,50.0,241.0,84.0,157.0,503.0,293.0,0.0,0.0,0.0,0.0,0.0,210.0,210.0,0.0,7479.0,92.0,26.0,0.0,0.0,0.0,0.0,0.0,0.0,5.0,0.0,0.0,0.0,21.0,0.0,0.0,66.0,0.0,0.0,0.0,0.0,0.0,0.0,0.0,0.0,0.0,12.0,0.0,16.0,38.0,7387.0,3825.0,174.0,61.0,298.0,33.0,58.0,22.0,317.0,475.0,560.0,535.0,638.0,341.0,313.0,3562.0,305.0,35.0,90.0,142.0,43.0,106.0,69.0,524.0,369.0,501.0,650.0,465.0,263.0,145476.0,2802.0,2637.0,165.0,2891.0,2390.0,362.0,0.0,57.0,13.0,0.0,69.0,0.0,0.0,0.0,2802.0,2637.0,48.0,550.0,1320.0,466.0,238.0,15.0,165.0,12.0,99.0,54.0,0.0,0.0,0.0,165.0,0.0,47.0,0.0,39.0,67.0,0.0,0.0,0.0,12.0,0.0,25017315500,0.06704878699013596,145476.0,0.048080249048772054,0.021413276231263382,0.04425486536923487,0.019861370301252998,0.8300453212476673,0.9411134903640257,7502.0,0.012301109774033961,0.07272727272727272,0.058886509635974305,0.9519197509512279
4548.0,4548.0,4442.0,3984.0,89.0,0.0,246.0,6.0,25.0,92.0,11.0,81.0,106.0,28.0,0.0,0.0,0.0,0.0,0.0,78.0,78.0,0.0,4537.0,246.0,79.0,0.0,0.0,0.0,28.0,0.0,0.0,0.0,0.0,0.0,28.0,14.0,0.0,9.0,167.0,11.0,0.0,56.0,0.0,0.0,0.0,0.0,0.0,12.0,50.0,10.0,9.0,19.0,4291.0,2175.0,100.0,0.0,106.0,25.0,19.0,104.0,226.0,279.0,171.0,243.0,508.0,200.0,194.0,2116.0,122.0,34.0,95.0,47.0,26.0,10.0,104.0,292.0,148.0,293.0,447.0,295.0,203.0,151667.0,1570.0,1548.0,22.0,1578.0,1395.0,104.0,36.0,0.0,0.0,0.0,0.0,6.0,37.0,0.0,1570.0,1548.0,19.0,254.0,724.0,290.0,196.0,65.0,22.0,0.0,0.0,22.0,0.0,0.0,0.0,22.0,10.0,0.0,0.0,12.0,0.0,0.0,0.0,0.0,0.0,0.0,25017316101,0.023306948109058926,151667.0,0.050063371356147024,0.012101910828025478,0.05408970976253298,0.01956904133685136,0.8759894459102903,0.9859872611464968,4548.0,0.054220850782455365,0.0,0.014012738853503185,0.949936628643853
6512.0,6512.0,6345.0,5836.0,146.0,0.0,255.0,0.0,0.0,108.0,97.0,11.0,167.0,14.0,0.0,0.0,0.0,0.0,84.0,69.0,47.0,22.0,6506.0,189.0,119.0,0.0,0.0,0.0,0.0,0.0,0.0,4.0,30.0,38.0,3.0,26.0,18.0,0.0,70.0,0.0,0.0,0.0,0.0,0.0,0.0,0.0,0.0,9.0,20.0,8.0,26.0,7.0,6317.0,3154.0,38.0,62.0,196.0,41.0,14.0,116.0,396.0,417.0,465.0,426.0,534.0,294.0,155.0,3163.0,121.0,0.0,276.0,134.0,79.0,115.0,203.0,357.0,518.0,246.0,564.0,357.0,193.0,169095.0,2336.0,1784.0,552.0,2376.0,1681.0,402.0,84.0,64.0,68.0,18.0,26.0,33.0,0.0,0.0,2336.0,1784.0,13.0,199.0,935.0,395.0,145.0,97.0,552.0,54.0,197.0,301.0,0.0,0.0,0.0,552.0,0.0,17.0,273.0,0.0,54.0,12.0,83.0,71.0,0.0,42.0,25017316102,0.025644963144963145,169095.0,0.12331649831649831,0.02868150684931507,0.03915847665847666,0.02242014742014742,0.8961916461916462,0.7636986301369864,6512.0,0.029050107592991085,0.3007246376811594,0.2363013698630137,0.8766835016835017
4575.0,4575.0,4424.0,4001.0,82.0,0.0,218.0,0.0,15.0,108.0,0.0,108.0,151.0,36.0,0.0,0.0,0.0,0.0,30.0,85.0,85.0,0.0,4564.0,98.0,35.0,0.0,0.0,0.0,0.0,0.0,0.0,0.0,4.0,0.0,0.0,14.0,0.0,17.0,63.0,0.0,0.0,0.0,0.0,22.0,0.0,0.0,0.0,0.0,0.0,9.0,2.0,30.0,4466.0,2327.0,45.0,34.0,169.0,192.0,70.0,59.0,283.0,96.0,262.0,246.0,411.0,212.0,248.0,2139.0,141.0,21.0,145.0,52.0,49.0,42.0,176.0,145.0,350.0,251.0,253.0,273.0,241.0,171542.0,1491.0,1459.0,32.0,1518.0,1315.0,90.0,45.0,8.0,40.0,0.0,20.0,0.0,0.0,0.0,1491.0,1459.0,40.0,261.0,619.0,386.0,93.0,60.0,32.0,9.0,0.0,23.0,0.0,0.0,0.0,32.0,0.0,0.0,0.0,0.0,12.0,0.0,0.0,0.0,0.0,20.0,25017316201,0.03300546448087432,171542.0,0.07444005270092227,0.03286384976525822,0.047650273224043714,0.017923497267759565,0.8745355191256831,0.9785378940308518,4575.0,0.02147239263803681,0.0,0.021462105969148222,0.9255599472990778
3699.0,3699.0,3437.0,2528.0,118.0,0.0,672.0,0.0,55.0,64.0,40.0,24.0,262.0,44.0,16.0,0.0,0.0,0.0,83.0,119.0,119.0,0.0,3699.0,154.0,83.0,11.0,9.0,0.0,7.0,0.0,0.0,0.0,0.0,44.0,0.0,12.0,0.0,0.0,71.0,0.0,0.0,40.0,0.0,0.0,0.0,0.0,0.0,23.0,8.0,0.0,0.0,0.0,3545.0,1669.0,82.0,8.0,76.0,86.0,6.0,53.0,137.0,227.0,236.0,367.0,159.0,139.0,93.0,1876.0,124.0,30.0,45.0,59.0,23.0,85.0,122.0,150.0,293.0,345.0,166.0,269.0,165.0,109868.0,1322.0,1273.0,49.0,1322.0,1263.0,51.0,8.0,0.0,0.0,0.0,0.0,0.0,0.0,0.0,1322.0,1273.0,78.0,277.0,538.0,217.0,101.0,62.0,49.0,0.0,7.0,27.0,15.0,0.0,0.0,49.0,0.0,0.0,11.0,15.0,7.0,7.0,0.0,0.0,9.0,0.0,25017316202,0.07082995404163288,109868.0,0.006051437216338881,0.059001512859304085,0.1816707218167072,0.03190051365233847,0.6834279535009462,0.9629349470499243,3699.0,0.04163287374966207,0.32653061224489793,0.037065052950075644,0.9939485627836612
8669.0,8669.0,8282.0,5881.0,358.0,0.0,1376.0,0.0,17.0,650.0,451.0,199.0,387.0,173.0,0.0,0.0,0.0,0.0,103.0,111.0,111.0,0.0,8600.0,868.0,456.0,0.0,0.0,0.0,0.0,0.0,32.0,216.0,34.0,0.0,0.0,66.0,108.0,0.0,412.0,17.0,0.0,0.0,0.0,0.0,0.0,0.0,44.0,0.0,87.0,218.0,25.0,21.0,7732.0,3726.0,275.0,33.0,165.0,82.0,17.0,29.0,258.0,563.0,579.0,437.0,614.0,470.0,204.0,4006.0,168.0,115.0,124.0,30.0,35.0,98.0,253.0,788.0,357.0,643.0,633.0,642.0,120.0,114798.0,3637.0,2278.0,1359.0,3680.0,2084.0,9.0,49.0,51.0,51.0,266.0,917.0,253.0,0.0,0.0,3637.0,2278.0,32.0,547.0,1183.0,419.0,83.0,14.0,1359.0,171.0,711.0,462.0,15.0,0.0,0.0,1359.0,0.0,191.0,266.0,124.0,128.0,73.0,105.0,88.0,284.0,100.0,25017316300,0.04464182720036913,114798.0,0.43125,0.05581523233434149,0.1587264967124236,0.041296573999307876,0.6783942784634907,0.6263403904316744,8669.0,0.10093023255813953,0.4047093451066961,0.37365960956832556,0.56875
7131.0,7131.0,6712.0,5543.0,187.0,0.0,534.0,0.0,8.0,440.0,241.0,199.0,419.0,0.0,0.0,0.0,0.0,0.0,419.0,0.0,0.0,0.0,6342.0,214.0,84.0,25.0,0.0,0.0,0.0,0.0,0.0,0.0,0.0,16.0,1.0,41.0,1.0,0.0,130.0,0.0,0.0,0.0,0.0,0.0,0.0,0.0,2.0,0.0,0.0,96.0,32.0,0.0,6128.0,3094.0,156.0,0.0,332.0,104.0,25.0,32.0,107.0,514.0,514.0,315.0,448.0,383.0,164.0,3034.0,50.0,63.0,121.0,127.0,41.0,18.0,181.0,707.0,429.0,259.0,510.0,302.0,226.0,168088.0,2548.0,2050.0,498.0,2548.0,1934.0,119.0,0.0,34.0,17.0,0.0,297.0,147.0,0.0,0.0,2548.0,2050.0,33.0,443.0,1035.0,415.0,90.0,34.0,498.0,52.0,113.0,199.0,134.0,0.0,0.0,498.0,23.0,0.0,139.0,134.0,0.0,17.0,19.0,23.0,143.0,0.0,25017316400,0.05875753751227037,168088.0,0.19427001569858712,0.033359497645211934,0.07488430795119899,0.026223531061562194,0.7773103351563596,0.804552590266876,7131.0,0.033743298643960896,0.40562248995983935,0.19544740973312402,0.8057299843014128
6869.0,6869.0,5813.0,4240.0,234.0,0.0,638.0,0.0,88.0,613.0,261.0,352.0,1056.0,70.0,0.0,0.0,0.0,0.0,473.0,513.0,484.0,29.0,6675.0,447.0,317.0,0.0,0.0,0.0,0.0,0.0,25.0,0.0,147.0,11.0,71.0,0.0,63.0,0.0,130.0,0.0,0.0,0.0,0.0,0.0,0.0,24.0,13.0,0.0,0.0,55.0,38.0,0.0,6228.0,3270.0,101.0,41.0,90.0,83.0,62.0,132.0,378.0,274.0,467.0,380.0,751.0,244.0,267.0,2958.0,85.0,74.0,228.0,110.0,123.0,220.0,160.0,417.0,355.0,351.0,405.0,320.0,110.0,119432.0,2598.0,1910.0,688.0,2610.0,1788.0,130.0,144.0,112.0,0.0,111.0,144.0,140.0,41.0,0.0,2598.0,1910.0,72.0,413.0,591.0,480.0,135.0,219.0,688.0,72.0,353.0,236.0,27.0,0.0,0.0,688.0,0.0,65.0,64.0,89.0,115.0,121.0,0.0,53.0,174.0,7.0,25017316500,0.15373416800116466,119432.0,0.26513409961685824,0.05542725173210162,0.09288105983403698,0.03406609404571262,0.6172659775804338,0.7351809083910701,6869.0,0.06696629213483146,0.5058139534883721,0.26481909160892997,0.7348659003831418
6315.0,6315.0,5581.0,4457.0,101.0,0.0,792.0,6.0,0.0,225.0,193.0,32.0,734.0,45.0,0.0,5.0,0.0,0.0,341.0,343.0,343.0,0.0,6315.0,496.0,313.0,0.0,0.0,12.0,8.0,0.0,7.0,0.0,8.0,1.0,54.0,149.0,54.0,20.0,183.0,0.0,0.0,25.0,0.0,0.0,0.0,0.0,0.0,18.0,18.0,101.0,0.0,21.0,5819.0,2512.0,181.0,23.0,142.0,52.0,57.0,104.0,127.0,352.0,292.0,365.0,387.0,297.0,133.0,3307.0,152.0,13.0,213.0,50.0,52.0,59.0,166.0,579.0,314.0,525.0,408.0,425.0,351.0,105344.0,3004.0,1907.0,1097.0,3122.0,1249.0,275.0,84.0,64.0,61.0,266.0,455.0,403.0,265.0,0.0,3004.0,1907.0,16.0,551.0,1087.0,219.0,34.0,0.0,1097.0,215.0,623.0,173.0,86.0,0.0,0.0,1097.0,0.0,92.0,85.0,174.0,122.0,52.0,55.0,134.0,284.0,99.0,25017317101,0.11623119556611243,105344.0,0.5118513773222293,0.07689747003994674,0.12541567695961994,0.01599366587490103,0.7057798891528108,0.6348202396804261,6315.0,0.07854315122723673,0.4785779398359161,0.3651797603195739,0.48814862267777065
5287.0,5287.0,5183.0,4028.0,114.0,42.0,742.0,0.0,10.0,247.0,125.0,122.0,104.0,13.0,0.0,8.0,0.0,0.0,0.0,83.0,83.0,0.0,5233.0,403.0,50.0,0.0,0.0,24.0,12.0,0.0,0.0,0.0,3.0,4.0,7.0,0.0,0.0,0.0,353.0,24.0,0.0,12.0,11.0,0.0,0.0,112.0,52.0,40.0,27.0,59.0,8.0,8.0,4830.0,2344.0,199.0,39.0,165.0,98.0,37.0,49.0,182.0,372.0,371.0,280.0,196.0,204.0,152.0,2486.0,170.0,134.0,262.0,55.0,25.0,37.0,35.0,541.0,364.0,177.0,365.0,208.0,113.0,130750.0,1782.0,1334.0,448.0,1998.0,1463.0,132.0,42.0,17.0,0.0,136.0,134.0,60.0,0.0,14.0,1782.0,1334.0,14.0,268.0,635.0,201.0,200.0,16.0,448.0,44.0,248.0,156.0,0.0,0.0,0.0,448.0,6.0,23.0,115.0,53.0,7.0,25.0,7.0,43.0,133.0,36.0,25017317102,0.01967089086438434,130750.0,0.1946946946946947,0.03254769921436588,0.14034424059012673,0.021562322678267448,0.7618687346321165,0.7485970819304153,5287.0,0.07701127460347792,0.4642857142857143,0.25140291806958476,0.7982982982982983
4998.0,4998.0,4898.0,4025.0,291.0,0.0,446.0,0.0,28.0,108.0,40.0,68.0,100.0,0.0,0.0,0.0,0.0,0.0,62.0,38.0,17.0,21.0,4998.0,257.0,36.0,0.0,0.0,0.0,0.0,0.0,11.0,0.0,5.0,0.0,3.0,10.0,2.0,5.0,221.0,0.0,0.0,0.0,0.0,0.0,0.0,131.0,3.0,8.0,50.0,7.0,10.0,12.0,4741.0,2543.0,89.0,0.0,145.0,91.0,57.0,157.0,226.0,186.0,361.0,290.0,434.0,285.0,222.0,2198.0,63.0,8.0,191.0,62.0,8.0,50.0,115.0,171.0,326.0,313.0,403.0,202.0,286.0,167614.0,1711.0,1685.0,26.0,1735.0,1727.0,0.0,0.0,8.0,0.0,0.0,0.0,0.0,0.0,0.0,1711.0,1685.0,40.0,194.0,881.0,380.0,110.0,80.0,26.0,8.0,9.0,9.0,0.0,0.0,0.0,26.0,0.0,0.0,0.0,9.0,0.0,0.0,9.0,0.0,0.0,8.0,25017317103,0.020008003201280513,167614.0,0.004610951008645533,0.028053769725306838,0.08923569427771108,0.05822328931572629,0.8053221288515406,0.9848042080654588,4998.0,0.051420568227290915,0.34615384615384615,0.015195791934541203,0.9953890489913545
2691.0,2691.0,2526.0,2028.0,0.0,12.0,326.0,0.0,16.0,144.0,64.0,80.0,165.0,22.0,0.0,0.0,0.0,0.0,28.0,115.0,115.0,0.0,2691.0,78.0,51.0,22.0,0.0,0.0,0.0,0.0,0.0,0.0,0.0,12.0,1.0,0.0,11.0,5.0,27.0,0.0,0.0,0.0,0.0,0.0,0.0,0.0,7.0,10.0,0.0,1.0,9.0,0.0,2613.0,1341.0,73.0,0.0,138.0,46.0,28.0,43.0,97.0,96.0,94.0,198.0,201.0,192.0,135.0,1272.0,19.0,0.0,45.0,65.0,14.0,34.0,90.0,152.0,106.0,239.0,201.0,166.0,141.0,182153.0,883.0,883.0,0.0,883.0,883.0,0.0,0.0,0.0,0.0,0.0,0.0,0.0,0.0,0.0,883.0,883.0,26.0,166.0,448.0,101.0,137.0,5.0,0.0,0.0,0.0,0.0,0.0,0.0,0.0,0.0,0.0,0.0,0.0,0.0,0.0,0.0,0.0,0.0,0.0,0.0,25017317201,0.06131549609810479,182153.0,0.0,0.02944507361268403,0.12114455592716462,0.0,0.7536231884057971,1.0,2691.0,0.028985507246376812,,0.0,1.0
4219.0,4219.0,4197.0,3658.0,0.0,0.0,292.0,0.0,125.0,122.0,88.0,34.0,22.0,10.0,0.0,0.0,0.0,0.0,12.0,0.0,0.0,0.0,4210.0,27.0,12.0,0.0,0.0,0.0,0.0,0.0,0.0,0.0,0.0,0.0,0.0,0.0,12.0,0.0,15.0,0.0,0.0,0.0,0.0,0.0,0.0,0.0,0.0,0.0,0.0,0.0,0.0,15.0,4183.0,2226.0,180.0,37.0,243.0,90.0,12.0,111.0,290.0,86.0,244.0,406.0,209.0,157.0,161.0,1957.0,33.0,21.0,244.0,184.0,14.0,12.0,82.0,117.0,410.0,351.0,145.0,174.0,170.0,190938.0,1328.0,1300.0,28.0,1328.0,1292.0,8.0,0.0,4.0,9.0,15.0,0.0,0.0,0.0,0.0,1328.0,1300.0,7.0,183.0,589.0,407.0,73.0,41.0,28.0,0.0,19.0,9.0,0.0,0.0,0.0,28.0,9.0,0.0,0.0,0.0,0.0,0.0,4.0,0.0,15.0,0.0,25017317202,0.0052145058070632855,190938.0,0.02108433734939759,0.005271084337349397,0.0692107134392036,0.0,0.8670301019198863,0.9789156626506024,4219.0,0.006413301662707839,0.6785714285714286,0.02108433734939759,0.9789156626506024
3803.0,3803.0,3373.0,2907.0,3.0,0.0,343.0,0.0,7.0,113.0,35.0,78.0,430.0,259.0,0.0,0.0,0.0,0.0,0.0,171.0,171.0,0.0,3710.0,160.0,53.0,11.0,0.0,10.0,13.0,0.0,0.0,0.0,0.0,11.0,0.0,7.0,1.0,0.0,107.0,0.0,0.0,0.0,0.0,12.0,0.0,29.0,3.0,10.0,12.0,0.0,0.0,41.0,3550.0,1648.0,110.0,14.0,168.0,44.0,0.0,16.0,171.0,101.0,274.0,341.0,196.0,137.0,76.0,1902.0,87.0,25.0,75.0,114.0,6.0,11.0,202.0,249.0,235.0,329.0,246.0,187.0,136.0,143935.0,1377.0,1225.0,152.0,1469.0,997.0,93.0,57.0,26.0,42.0,85.0,127.0,42.0,0.0,0.0,1377.0,1225.0,80.0,294.0,445.0,289.0,60.0,57.0,152.0,24.0,93.0,29.0,6.0,0.0,0.0,152.0,0.0,0.0,35.0,21.0,37.0,13.0,0.0,12.0,34.0,0.0,25017317203,0.11306863002892453,143935.0,0.25799863852961197,0.07552650689905592,0.09019195372074677,0.0007888509071785432,0.7643965290560084,0.8896151053013798,3803.0,0.0431266846361186,0.3881578947368421,0.11038489469862019,0.742001361470388
3456.0,3456.0,3274.0,2397.0,181.0,0.0,692.0,3.0,0.0,1.0,0.0,1.0,182.0,7.0,1.0,8.0,0.0,0.0,94.0,72.0,72.0,0.0,3370.0,128.0,59.0,0.0,0.0,0.0,0.0,1.0,0.0,13.0,0.0,0.0,0.0,13.0,29.0,3.0,69.0,0.0,0.0,0.0,0.0,13.0,12.0,0.0,0.0,0.0,8.0,9.0,17.0,10.0,3242.0,1600.0,65.0,21.0,88.0,66.0,92.0,0.0,117.0,311.0,205.0,153.0,179.0,178.0,125.0,1642.0,115.0,0.0,245.0,50.0,11.0,28.0,123.0,149.0,214.0,179.0,218.0,134.0,176.0,128625.0,1099.0,902.0,197.0,1099.0,765.0,68.0,75.0,11.0,0.0,82.0,90.0,8.0,0.0,0.0,1099.0,902.0,10.0,186.0,393.0,183.0,106.0,24.0,197.0,8.0,61.0,96.0,25.0,7.0,0.0,197.0,0.0,0.0,0.0,15.0,15.0,7.0,25.0,61.0,63.0,11.0,25017317301,0.052662037037037035,128625.0,0.24203821656050956,0.01637852593266606,0.20023148148148148,0.05237268518518518,0.6935763888888888,0.8207461328480437,3456.0,0.03798219584569733,0.7918781725888325,0.17925386715195632,0.7579617834394905
5677.0,5677.0,5198.0,4611.0,15.0,0.0,301.0,0.0,14.0,257.0,140.0,117.0,479.0,19.0,0.0,0.0,0.0,0.0,80.0,380.0,333.0,47.0,5677.0,167.0,36.0,11.0,0.0,0.0,0.0,0.0,0.0,0.0,3.0,0.0,13.0,0.0,9.0,0.0,131.0,0.0,0.0,0.0,0.0,0.0,0.0,0.0,0.0,0.0,26.0,71.0,21.0,13.0,5510.0,2810.0,115.0,10.0,226.0,68.0,20.0,262.0,230.0,279.0,429.0,416.0,437.0,222.0,96.0,2700.0,136.0,0.0,209.0,38.0,20.0,76.0,269.0,335.0,262.0,435.0,475.0,275.0,170.0,147596.0,2266.0,1813.0,453.0,2308.0,926.0,538.0,118.0,89.0,250.0,277.0,88.0,22.0,0.0,0.0,2266.0,1813.0,20.0,681.0,687.0,253.0,93.0,79.0,453.0,155.0,145.0,114.0,13.0,26.0,0.0,453.0,18.0,43.0,53.0,62.0,92.0,15.0,0.0,24.0,146.0,0.0,25017317302,0.08437555046679585,147596.0,0.36568457538994803,0.07722859664607237,0.0530209617755857,0.0026422406200457987,0.8122247666020785,0.8000882612533098,5677.0,0.029416945569843228,0.4083885209713024,0.19991173874669022,0.634315424610052
6886.0,6886.0,6673.0,5029.0,1.0,0.0,1414.0,0.0,20.0,209.0,18.0,191.0,213.0,18.0,0.0,0.0,0.0,0.0,138.0,57.0,57.0,0.0,6832.0,99.0,54.0,0.0,0.0,0.0,0.0,0.0,0.0,0.0,1.0,2.0,26.0,13.0,12.0,0.0,45.0,0.0,0.0,0.0,0.0,0.0,0.0,0.0,19.0,0.0,0.0,12.0,14.0,0.0,6733.0,3536.0,425.0,39.0,144.0,163.0,88.0,130.0,217.0,320.0,421.0,425.0,601.0,306.0,257.0,3197.0,136.0,31.0,100.0,134.0,26.0,186.0,306.0,304.0,372.0,456.0,563.0,205.0,378.0,175588.0,2390.0,2202.0,188.0,2562.0,2420.0,113.0,0.0,17.0,12.0,0.0,0.0,0.0,0.0,0.0,2390.0,2202.0,0.0,452.0,1179.0,438.0,72.0,61.0,188.0,49.0,12.0,110.0,17.0,0.0,0.0,188.0,6.0,0.0,68.0,0.0,17.0,0.0,0.0,36.0,12.0,49.0,25017318100,0.03093232645948301,175588.0,0.01131928181108509,0.020502092050209204,0.20534417659018298,0.00014522218995062446,0.7303223932616904,0.9213389121338912,6886.0,0.014490632318501171,0.2553191489361702,0.07866108786610879,0.9886807181889149
4980.0,4980.0,4915.0,3005.0,23.0,0.0,1600.0,0.0,12.0,275.0,58.0,217.0,65.0,9.0,30.0,0.0,0.0,0.0,16.0,10.0,10.0,0.0,4980.0,224.0,131.0,0.0,0.0,26.0,5.0,0.0,8.0,0.0,21.0,27.0,0.0,5.0,39.0,0.0,93.0,12.0,0.0,13.0,0.0,0.0,0.0,0.0,32.0,36.0,0.0,0.0,0.0,0.0,4756.0,2483.0,76.0,14.0,270.0,136.0,73.0,32.0,159.0,222.0,365.0,468.0,392.0,187.0,89.0,2273.0,117.0,47.0,180.0,168.0,34.0,93.0,135.0,185.0,359.0,328.0,347.0,225.0,55.0,162321.0,1933.0,1602.0,331.0,1977.0,1507.0,154.0,149.0,20.0,44.0,0.0,17.0,86.0,0.0,0.0,1933.0,1602.0,9.0,317.0,851.0,330.0,70.0,25.0,331.0,0.0,163.0,136.0,23.0,9.0,0.0,331.0,3.0,46.0,16.0,0.0,17.0,66.0,21.0,36.0,96.0,30.0,25017318200,0.013052208835341365,162321.0,0.15983813859382903,0.0046559751681324365,0.321285140562249,0.004618473895582329,0.6034136546184738,0.8287635799275738,4980.0,0.04497991967871486,0.6616314199395771,0.1712364200724263,0.840161861406171
8288.0,8288.0,7837.0,6169.0,15.0,0.0,1303.0,0.0,21.0,329.0,16.0,313.0,451.0,88.0,0.0,0.0,0.0,0.0,322.0,41.0,41.0,0.0,8288.0,199.0,84.0,0.0,0.0,0.0,0.0,0.0,0.0,16.0,1.0,1.0,2.0,53.0,11.0,0.0,115.0,10.0,0.0,0.0,0.0,0.0,0.0,0.0,18.0,0.0,12.0,65.0,10.0,0.0,8089.0,3841.0,142.0,30.0,305.0,122.0,78.0,151.0,340.0,236.0,426.0,657.0,796.0,358.0,200.0,4248.0,168.0,20.0,510.0,440.0,59.0,95.0,147.0,259.0,564.0,713.0,698.0,369.0,206.0,218359.0,2808.0,2551.0,257.0,2948.0,2279.0,341.0,0.0,20.0,18.0,14.0,137.0,134.0,5.0,0.0,2808.0,2551.0,0.0,364.0,1466.0,549.0,124.0,48.0,257.0,31.0,100.0,112.0,14.0,0.0,0.0,257.0,15.0,17.0,48.0,0.0,61.0,0.0,29.0,28.0,44.0,15.0,25017318300,0.05441602316602317,218359.0,0.1112618724559023,0.01103988603988604,0.15721525096525096,0.00180984555984556,0.7443291505791506,0.9084757834757835,8288.0,0.02401061776061776,0.39299610894941633,0.09152421652421652,0.8887381275440976
4536.0,4536.0,4378.0,3106.0,12.0,0.0,1048.0,0.0,63.0,149.0,71.0,78.0,158.0,0.0,0.0,0.0,0.0,0.0,158.0,0.0,0.0,0.0,4448.0,275.0,92.0,0.0,0.0,1.0,0.0,0.0,10.0,0.0,13.0,0.0,6.0,17.0,37.0,8.0,183.0,0.0,0.0,0.0,0.0,41.0,0.0,22.0,22.0,40.0,9.0,27.0,13.0,9.0,4173.0,2089.0,63.0,32.0,319.0,76.0,36.0,29.0,144.0,123.0,363.0,188.0,450.0,199.0,67.0,2084.0,160.0,82.0,195.0,126.0,9.0,53.0,77.0,100.0,420.0,258.0,327.0,167.0,110.0,155909.0,1664.0,1202.0,462.0,1754.0,1111.0,120.0,12.0,17.0,131.0,84.0,200.0,79.0,0.0,0.0,1664.0,1202.0,0.0,162.0,758.0,184.0,58.0,40.0,462.0,29.0,337.0,96.0,0.0,0.0,0.0,462.0,10.0,11.0,24.0,53.0,114.0,64.0,12.0,27.0,122.0,25.0,25017318400,0.034832451499118164,155909.0,0.29817559863169896,0.017427884615384616,0.2310405643738977,0.0026455026455026454,0.6847442680776014,0.7223557692307693,4536.0,0.06182553956834532,0.487012987012987,0.2776442307692308,0.701824401368301
5542.0,5542.0,5438.0,4229.0,30.0,0.0,888.0,0.0,59.0,232.0,20.0,212.0,104.0,0.0,0.0,13.0,0.0,0.0,46.0,45.0,11.0,34.0,5533.0,53.0,43.0,0.0,0.0,0.0,0.0,0.0,0.0,0.0,0.0,0.0,13.0,0.0,30.0,0.0,10.0,0.0,0.0,0.0,10.0,0.0,0.0,0.0,0.0,0.0,0.0,0.0,0.0,0.0,5480.0,2991.0,118.0,40.0,398.0,153.0,83.0,115.0,204.0,232.0,373.0,500.0,454.0,282.0,39.0,2489.0,84.0,28.0,261.0,196.0,68.0,45.0,111.0,90.0,433.0,465.0,346.0,208.0,154.0,237411.0,1890.0,1804.0,86.0,1921.0,1702.0,116.0,8.0,77.0,18.0,0.0,0.0,0.0,0.0,0.0,1890.0,1804.0,36.0,347.0,963.0,325.0,110.0,23.0,86.0,0.0,57.0,0.0,29.0,0.0,0.0,86.0,0.0,6.0,0.0,30.0,0.0,29.0,0.0,21.0,0.0,0.0,25017320102,0.018765788523998555,237411.0,0.05361790733992712,0.01904761904761905,0.1602309635510646,0.0054132082280765065,0.7630819198845182,0.9544973544973545,5542.0,0.00957889029459606,0.5813953488372093,0.0455026455026455,0.9463820926600729
2535.0,2535.0,2435.0,1932.0,2.0,0.0,369.0,0.0,0.0,132.0,65.0,67.0,100.0,0.0,0.0,0.0,0.0,0.0,84.0,16.0,16.0,0.0,2504.0,92.0,46.0,0.0,0.0,7.0,0.0,7.0,0.0,0.0,12.0,7.0,0.0,7.0,6.0,0.0,46.0,0.0,0.0,0.0,0.0,0.0,0.0,0.0,0.0,6.0,0.0,18.0,22.0,0.0,2412.0,1303.0,83.0,55.0,174.0,71.0,22.0,27.0,61.0,55.0,166.0,229.0,169.0,93.0,98.0,1109.0,63.0,3.0,89.0,65.0,13.0,63.0,48.0,100.0,148.0,234.0,127.0,81.0,75.0,166667.0,932.0,743.0,189.0,939.0,589.0,104.0,43.0,44.0,96.0,14.0,8.0,41.0,0.0,0.0,932.0,743.0,0.0,119.0,406.0,105.0,100.0,13.0,189.0,22.0,127.0,19.0,4.0,0.0,17.0,189.0,0.0,0.0,36.0,10.0,44.0,11.0,17.0,0.0,64.0,7.0,25017320105,0.03944773175542406,166667.0,0.26198083067092653,0.023605150214592276,0.1455621301775148,0.0007889546351084812,0.762130177514793,0.7972103004291845,2535.0,0.036741214057507986,0.48677248677248675,0.20278969957081544,0.7380191693290735
6573.0,6573.0,6080.0,4830.0,29.0,0.0,638.0,0.0,145.0,438.0,272.0,166.0,493.0,217.0,0.0,0.0,0.0,0.0,56.0,220.0,220.0,0.0,6502.0,195.0,81.0,0.0,0.0,0.0,0.0,0.0,0.0,21.0,0.0,0.0,0.0,0.0,21.0,39.0,114.0,0.0,0.0,0.0,0.0,0.0,13.0,0.0,13.0,0.0,0.0,6.0,27.0,55.0,6307.0,2842.0,175.0,18.0,371.0,141.0,16.0,16.0,132.0,124.0,391.0,710.0,448.0,175.0,125.0,3465.0,239.0,0.0,303.0,159.0,68.0,307.0,224.0,162.0,528.0,658.0,427.0,312.0,78.0,226689.0,2181.0,1914.0,267.0,2319.0,1741.0,237.0,18.0,54.0,39.0,17.0,101.0,112.0,0.0,0.0,2181.0,1914.0,55.0,296.0,874.0,599.0,77.0,13.0,267.0,0.0,206.0,61.0,0.0,0.0,0.0,267.0,18.0,14.0,57.0,0.0,0.0,32.0,17.0,45.0,84.0,0.0,25017320106,0.07500380343830823,226689.0,0.14704614057783527,0.02521779000458505,0.09706374562604594,0.004411988437547543,0.7348242811501597,0.8775790921595599,6573.0,0.029990772070132267,0.6666666666666666,0.12242090784044017,0.8529538594221647
4708.0,4708.0,4655.0,2283.0,0.0,0.0,2116.0,0.0,30.0,226.0,9.0,217.0,53.0,14.0,0.0,0.0,0.0,0.0,30.0,9.0,9.0,0.0,4708.0,147.0,66.0,23.0,0.0,0.0,0.0,0.0,0.0,0.0,24.0,3.0,0.0,16.0,0.0,0.0,81.0,0.0,0.0,0.0,0.0,0.0,0.0,15.0,59.0,5.0,0.0,2.0,0.0,0.0,4561.0,2416.0,142.0,21.0,485.0,203.0,15.0,19.0,51.0,156.0,506.0,376.0,224.0,177.0,41.0,2145.0,206.0,0.0,234.0,74.0,29.0,64.0,112.0,196.0,602.0,189.0,201.0,162.0,76.0,193594.0,1657.0,1310.0,347.0,1757.0,839.0,524.0,63.0,0.0,0.0,98.0,169.0,64.0,0.0,0.0,1657.0,1310.0,0.0,257.0,747.0,253.0,53.0,0.0,347.0,38.0,201.0,99.0,9.0,0.0,0.0,347.0,10.0,9.0,26.0,26.0,13.0,107.0,9.0,8.0,97.0,42.0,25017320107,0.011257434154630416,193594.0,0.2242458736482641,0.022933011466505733,0.4494477485131691,0.0,0.4849192863211555,0.7905853952926977,4708.0,0.031223449447748512,0.6368876080691642,0.20941460470730236,0.7757541263517359
6976.0,6976.0,6083.0,3899.0,195.0,0.0,790.0,0.0,52.0,1147.0,738.0,409.0,893.0,259.0,49.0,0.0,0.0,0.0,392.0,193.0,95.0,98.0,6904.0,485.0,246.0,87.0,0.0,38.0,0.0,0.0,0.0,0.0,61.0,6.0,13.0,18.0,9.0,14.0,239.0,0.0,13.0,0.0,19.0,0.0,0.0,0.0,74.0,10.0,45.0,0.0,15.0,63.0,6419.0,3097.0,268.0,0.0,223.0,56.0,0.0,77.0,352.0,418.0,475.0,210.0,504.0,344.0,170.0,3322.0,322.0,18.0,258.0,71.0,16.0,57.0,139.0,379.0,273.0,476.0,559.0,492.0,262.0,86250.0,2985.0,2004.0,981.0,3024.0,1526.0,209.0,45.0,13.0,31.0,327.0,294.0,385.0,194.0,0.0,2985.0,2004.0,0.0,734.0,966.0,218.0,78.0,8.0,981.0,242.0,479.0,260.0,0.0,0.0,0.0,981.0,0.0,45.0,0.0,77.0,29.0,173.0,98.0,108.0,421.0,30.0,25017321100,0.12801032110091742,86250.0,0.4262566137566138,0.08107202680067002,0.11324541284403669,0.027952981651376146,0.5589162844036697,0.671356783919598,6976.0,0.07024913093858633,0.8154943934760448,0.32864321608040203,0.5737433862433863
7442.0,7442.0,6487.0,4762.0,28.0,20.0,174.0,0.0,853.0,650.0,419.0,231.0,955.0,94.0,0.0,0.0,0.0,0.0,586.0,275.0,227.0,48.0,7359.0,519.0,120.0,18.0,19.0,0.0,0.0,0.0,0.0,0.0,61.0,17.0,0.0,5.0,0.0,0.0,399.0,0.0,0.0,0.0,0.0,0.0,47.0,86.0,29.0,44.0,0.0,60.0,0.0,133.0,6840.0,3398.0,209.0,63.0,174.0,59.0,0.0,132.0,556.0,439.0,515.0,395.0,547.0,200.0,109.0,3442.0,364.0,9.0,232.0,128.0,85.0,0.0,185.0,731.0,352.0,451.0,532.0,211.0,162.0,96164.0,2730.0,1605.0,1125.0,2730.0,1191.0,207.0,213.0,89.0,180.0,302.0,116.0,173.0,259.0,0.0,2730.0,1605.0,63.0,380.0,642.0,180.0,276.0,64.0,1125.0,60.0,623.0,405.0,24.0,13.0,0.0,1125.0,57.0,95.0,67.0,95.0,107.0,151.0,22.0,145.0,353.0,33.0,25017321200,0.12832571889277075,96164.0,0.4879120879120879,0.045054945054945054,0.023380811609782316,0.0037624294544477293,0.6398817522171459,0.5879120879120879,7442.0,0.07052588666938443,0.5964444444444444,0.41208791208791207,0.512087912087912
4687.0,4687.0,2736.0,1876.0,104.0,0.0,56.0,0.0,28.0,672.0,462.0,210.0,1951.0,41.0,0.0,56.0,0.0,0.0,761.0,1093.0,486.0,607.0,4641.0,916.0,495.0,28.0,0.0,31.0,0.0,0.0,0.0,92.0,29.0,4.0,49.0,151.0,111.0,0.0,421.0,0.0,69.0,0.0,0.0,0.0,0.0,117.0,43.0,65.0,0.0,15.0,46.0,66.0,3725.0,1928.0,34.0,15.0,162.0,75.0,10.0,36.0,164.0,457.0,252.0,277.0,301.0,86.0,59.0,1797.0,178.0,0.0,100.0,9.0,0.0,18.0,310.0,344.0,228.0,300.0,169.0,83.0,58.0,72143.0,2044.0,571.0,1473.0,2156.0,502.0,190.0,407.0,371.0,107.0,60.0,175.0,344.0,0.0,0.0,2044.0,571.0,0.0,168.0,182.0,121.0,97.0,3.0,1473.0,364.0,521.0,549.0,30.0,9.0,0.0,1473.0,0.0,95.0,75.0,261.0,124.0,130.0,128.0,300.0,359.0,1.0,25017321301,0.41625773415831024,72143.0,0.6790352504638218,0.1780821917808219,0.011947941113718797,0.022189033496906336,0.4002560273095797,0.2793542074363992,4687.0,0.1973712561947856,0.6225390359809911,0.7206457925636007,0.3209647495361781
3017.0,3017.0,2706.0,2017.0,119.0,0.0,373.0,0.0,48.0,149.0,94.0,55.0,311.0,0.0,0.0,0.0,0.0,0.0,73.0,238.0,104.0,134.0,3017.0,403.0,149.0,29.0,17.0,14.0,0.0,0.0,0.0,49.0,0.0,0.0,29.0,0.0,11.0,0.0,254.0,0.0,0.0,26.0,0.0,0.0,14.0,31.0,25.0,28.0,74.0,20.0,29.0,7.0,2614.0,1481.0,47.0,0.0,55.0,35.0,0.0,27.0,118.0,274.0,176.0,309.0,158.0,214.0,68.0,1133.0,40.0,0.0,63.0,14.0,0.0,41.0,66.0,215.0,122.0,178.0,170.0,149.0,75.0,100227.0,1388.0,806.0,582.0,1555.0,611.0,151.0,197.0,254.0,47.0,175.0,69.0,51.0,0.0,0.0,1388.0,806.0,0.0,293.0,277.0,155.0,66.0,15.0,582.0,185.0,271.0,118.0,8.0,0.0,0.0,582.0,31.0,193.0,73.0,65.0,50.0,0.0,27.0,0.0,123.0,20.0,25017321302,0.10308253231687106,100227.0,0.509967845659164,0.13328530259365995,0.12363274776267816,0.03944315545243619,0.6685449121644017,0.5806916426512968,3017.0,0.1335764003977461,0.25773195876288657,0.41930835734870314,0.490032154340836
4466.0,4466.0,4057.0,2433.0,598.0,0.0,205.0,0.0,93.0,728.0,495.0,233.0,409.0,33.0,0.0,0.0,0.0,0.0,185.0,191.0,181.0,10.0,4291.0,276.0,120.0,0.0,0.0,0.0,0.0,12.0,0.0,30.0,35.0,10.0,23.0,10.0,0.0,0.0,156.0,0.0,0.0,0.0,22.0,0.0,0.0,41.0,38.0,0.0,55.0,0.0,0.0,0.0,4015.0,1901.0,82.0,8.0,221.0,22.0,0.0,30.0,64.0,241.0,437.0,222.0,271.0,211.0,92.0,2114.0,251.0,12.0,170.0,75.0,7.0,0.0,63.0,367.0,362.0,264.0,233.0,139.0,171.0,116532.0,1822.0,1008.0,814.0,1871.0,954.0,105.0,43.0,47.0,106.0,165.0,189.0,262.0,0.0,0.0,1822.0,1008.0,29.0,196.0,511.0,182.0,58.0,32.0,814.0,147.0,425.0,242.0,0.0,0.0,0.0,814.0,0.0,21.0,151.0,220.0,75.0,73.0,36.0,85.0,120.0,33.0,25017321400,0.0915808329601433,116532.0,0.4339925173703902,0.09659714599341383,0.04590237348858039,0.13390058217644424,0.544782803403493,0.5532381997804611,4466.0,0.06432067117222093,0.3857493857493858,0.446761800219539,0.5660074826296099
7561.0,7561.0,6016.0,4035.0,82.0,0.0,262.0,0.0,2.0,1635.0,1149.0,486.0,1545.0,159.0,0.0,0.0,0.0,0.0,592.0,794.0,692.0,102.0,7437.0,812.0,386.0,0.0,24.0,0.0,0.0,17.0,18.0,64.0,40.0,80.0,27.0,20.0,96.0,0.0,426.0,24.0,0.0,23.0,0.0,63.0,0.0,59.0,57.0,89.0,23.0,8.0,63.0,17.0,6625.0,3106.0,187.0,88.0,164.0,6.0,0.0,31.0,193.0,506.0,759.0,345.0,417.0,254.0,156.0,3519.0,395.0,22.0,329.0,90.0,12.0,9.0,203.0,609.0,695.0,292.0,419.0,244.0,200.0,107912.0,2927.0,1584.0,1343.0,3063.0,1008.0,372.0,563.0,502.0,21.0,126.0,194.0,277.0,0.0,0.0,2927.0,1584.0,28.0,448.0,854.0,206.0,38.0,10.0,1343.0,132.0,609.0,351.0,203.0,0.0,48.0,1343.0,0.0,81.0,202.0,208.0,143.0,60.0,61.0,179.0,385.0,24.0,25017321500,0.20433805052241766,107912.0,0.5494613124387855,0.05466347796378545,0.03465150112418992,0.010845126306044174,0.5336595688401005,0.5411684318414759,7561.0,0.10918381067634798,0.5100521221146687,0.4588315681585241,0.4505386875612145
7498.0,7498.0,6085.0,3493.0,403.0,0.0,354.0,0.0,539.0,1296.0,542.0,754.0,1413.0,143.0,34.0,0.0,0.0,0.0,889.0,347.0,276.0,71.0,7483.0,537.0,327.0,0.0,0.0,0.0,13.0,0.0,19.0,0.0,7.0,14.0,118.0,123.0,22.0,11.0,210.0,0.0,0.0,0.0,0.0,0.0,95.0,24.0,53.0,13.0,0.0,0.0,25.0,0.0,6946.0,3543.0,260.0,143.0,211.0,235.0,3.0,68.0,221.0,729.0,409.0,372.0,412.0,179.0,301.0,3403.0,332.0,0.0,233.0,164.0,16.0,52.0,464.0,369.0,473.0,349.0,447.0,297.0,207.0,104375.0,2769.0,1758.0,1011.0,2848.0,1721.0,37.0,152.0,74.0,276.0,370.0,101.0,18.0,99.0,0.0,2769.0,1758.0,36.0,372.0,938.0,167.0,185.0,60.0,1011.0,63.0,562.0,373.0,13.0,0.0,0.0,1011.0,57.0,47.0,53.0,37.0,109.0,77.0,94.0,93.0,410.0,34.0,25017321600,0.1884502534009069,104375.0,0.3827247191011236,0.035752979414951244,0.0472125900240064,0.053747666044278476,0.4658575620165377,0.6348862405200434,7498.0,0.0717626620339436,0.6666666666666666,0.36511375947995667,0.6172752808988764
4856.0,4856.0,4557.0,3701.0,1.0,0.0,397.0,13.0,79.0,366.0,174.0,192.0,299.0,0.0,0.0,0.0,0.0,0.0,18.0,281.0,281.0,0.0,4856.0,55.0,23.0,0.0,0.0,0.0,0.0,0.0,0.0,0.0,0.0,0.0,0.0,12.0,0.0,11.0,32.0,0.0,0.0,0.0,0.0,0.0,0.0,0.0,0.0,0.0,11.0,9.0,12.0,0.0,4801.0,2400.0,107.0,17.0,238.0,145.0,43.0,79.0,142.0,294.0,371.0,338.0,293.0,236.0,97.0,2401.0,175.0,72.0,311.0,42.0,21.0,32.0,94.0,309.0,368.0,265.0,264.0,268.0,180.0,165023.0,1609.0,1598.0,11.0,1716.0,1535.0,55.0,22.0,104.0,0.0,0.0,0.0,0.0,0.0,0.0,1609.0,1598.0,10.0,288.0,840.0,259.0,109.0,92.0,11.0,11.0,0.0,0.0,0.0,0.0,0.0,11.0,0.0,0.0,0.0,0.0,0.0,0.0,0.0,0.0,0.0,11.0,25017322100,0.06157331136738056,165023.0,0.07342657342657342,0.01305158483530143,0.08175453047775948,0.00020593080724876442,0.7621499176276771,0.9931634555624611,4856.0,0.011326194398682043,0.0,0.006836544437538844,0.9265734265734266
4533.0,4533.0,4396.0,3453.0,10.0,22.0,346.0,0.0,152.0,413.0,198.0,215.0,137.0,39.0,0.0,21.0,0.0,0.0,0.0,77.0,77.0,0.0,4533.0,267.0,115.0,19.0,0.0,0.0,0.0,0.0,3.0,43.0,2.0,0.0,0.0,12.0,16.0,20.0,152.0,14.0,0.0,20.0,0.0,0.0,0.0,18.0,19.0,0.0,7.0,24.0,39.0,11.0,4266.0,2201.0,189.0,15.0,62.0,113.0,17.0,49.0,240.0,217.0,306.0,426.0,174.0,192.0,201.0,2065.0,50.0,16.0,114.0,20.0,5.0,28.0,94.0,209.0,343.0,323.0,316.0,334.0,213.0,112891.0,2010.0,1388.0,622.0,2129.0,899.0,419.0,142.0,88.0,97.0,47.0,98.0,339.0,0.0,0.0,2010.0,1388.0,7.0,369.0,660.0,323.0,29.0,0.0,622.0,59.0,367.0,196.0,0.0,0.0,0.0,622.0,0.0,85.0,0.0,153.0,42.0,32.0,36.0,100.0,111.0,63.0,25017322200,0.030222810500772114,112891.0,0.3809300140911226,0.03283582089552239,0.07632914184866535,0.0022060445621001545,0.7617471872931834,0.690547263681592,4533.0,0.05890138980807412,0.44855305466237944,0.309452736318408,0.6190699859088774
5907.0,5907.0,5295.0,4417.0,119.0,0.0,134.0,0.0,63.0,562.0,460.0,102.0,612.0,180.0,0.0,121.0,0.0,0.0,255.0,56.0,35.0,21.0,5891.0,545.0,227.0,0.0,0.0,0.0,0.0,0.0,18.0,18.0,71.0,49.0,18.0,53.0,0.0,0.0,318.0,0.0,0.0,0.0,8.0,0.0,0.0,74.0,13.0,24.0,0.0,111.0,47.0,41.0,5346.0,2545.0,261.0,0.0,99.0,26.0,142.0,53.0,130.0,269.0,411.0,210.0,439.0,289.0,216.0,2801.0,104.0,71.0,51.0,23.0,0.0,71.0,139.0,390.0,476.0,280.0,330.0,263.0,603.0,67616.0,2712.0,1779.0,933.0,2918.0,1376.0,70.0,222.0,206.0,61.0,320.0,211.0,144.0,308.0,0.0,2712.0,1779.0,42.0,497.0,1016.0,67.0,104.0,53.0,933.0,122.0,550.0,239.0,22.0,0.0,0.0,933.0,48.0,0.0,149.0,69.0,235.0,49.0,54.0,73.0,218.0,38.0,25017322300,0.10360589131538853,67616.0,0.5044551062371487,0.06047197640117994,0.022684950059251734,0.020145589977992213,0.7477568985948875,0.6559734513274337,5907.0,0.09251400441351214,0.42229367631296894,0.3440265486725664,0.49554489376285127
4781.0,4781.0,4384.0,4015.0,56.0,0.0,20.0,0.0,70.0,223.0,131.0,92.0,397.0,61.0,0.0,0.0,0.0,0.0,336.0,0.0,0.0,0.0,4781.0,198.0,65.0,0.0,0.0,0.0,16.0,0.0,0.0,0.0,0.0,16.0,0.0,0.0,13.0,20.0,133.0,0.0,0.0,16.0,0.0,0.0,13.0,0.0,0.0,0.0,28.0,0.0,62.0,14.0,4583.0,2160.0,71.0,16.0,178.0,62.0,0.0,87.0,130.0,309.0,391.0,282.0,329.0,163.0,142.0,2423.0,190.0,15.0,114.0,106.0,14.0,18.0,135.0,245.0,358.0,399.0,495.0,161.0,173.0,122839.0,2031.0,1352.0,679.0,2095.0,959.0,89.0,101.0,351.0,83.0,145.0,123.0,244.0,0.0,0.0,2031.0,1352.0,48.0,380.0,656.0,184.0,79.0,5.0,679.0,8.0,289.0,367.0,7.0,8.0,0.0,679.0,46.0,108.0,162.0,84.0,49.0,18.0,13.0,15.0,130.0,54.0,25017322400,0.08303702154361012,122839.0,0.49976133651551313,0.027572624322993598,0.00418322526668061,0.01171303074670571,0.8397824722861326,0.6656819300837026,4781.0,0.04141393014013805,0.25920471281296026,0.33431806991629737,0.5002386634844869
3687.0,3687.0,3534.0,3323.0,167.0,0.0,32.0,0.0,0.0,12.0,0.0,12.0,153.0,0.0,0.0,0.0,0.0,0.0,10.0,143.0,143.0,0.0,3687.0,104.0,0.0,0.0,0.0,0.0,0.0,0.0,0.0,0.0,0.0,0.0,0.0,0.0,0.0,0.0,104.0,0.0,0.0,0.0,0.0,0.0,0.0,10.0,0.0,0.0,2.0,83.0,0.0,9.0,3583.0,1991.0,84.0,88.0,70.0,59.0,67.0,49.0,120.0,300.0,201.0,225.0,352.0,271.0,105.0,1592.0,83.0,0.0,181.0,16.0,10.0,40.0,45.0,133.0,178.0,151.0,309.0,266.0,180.0,175220.0,1500.0,1152.0,348.0,1547.0,1101.0,47.0,37.0,108.0,77.0,0.0,26.0,151.0,0.0,0.0,1500.0,1152.0,14.0,280.0,439.0,312.0,79.0,28.0,348.0,47.0,163.0,138.0,0.0,0.0,0.0,348.0,0.0,107.0,0.0,10.0,10.0,84.0,16.0,51.0,70.0,0.0,25017323101,0.04149715215622457,175220.0,0.2579185520361991,0.04066666666666666,0.008679142934635205,0.04529427719012748,0.9012747491185246,0.768,3687.0,0.028207214537564414,0.6350574712643678,0.232,0.7420814479638009
3478.0,3478.0,3424.0,2773.0,64.0,0.0,407.0,0.0,9.0,171.0,23.0,148.0,54.0,0.0,0.0,0.0,0.0,0.0,0.0,54.0,44.0,10.0,3467.0,265.0,73.0,0.0,0.0,0.0,55.0,0.0,0.0,0.0,9.0,0.0,0.0,0.0,9.0,0.0,192.0,0.0,0.0,0.0,0.0,67.0,0.0,0.0,9.0,88.0,9.0,9.0,10.0,0.0,3202.0,1685.0,147.0,11.0,150.0,59.0,0.0,56.0,77.0,211.0,269.0,92.0,353.0,138.0,122.0,1517.0,70.0,38.0,108.0,70.0,8.0,0.0,68.0,136.0,214.0,166.0,377.0,176.0,86.0,221146.0,1273.0,1215.0,58.0,1273.0,1147.0,97.0,18.0,0.0,11.0,0.0,0.0,0.0,0.0,0.0,1273.0,1215.0,0.0,243.0,727.0,186.0,50.0,9.0,58.0,0.0,18.0,40.0,0.0,0.0,0.0,58.0,0.0,11.0,8.0,9.0,0.0,9.0,0.0,0.0,0.0,21.0,25017323102,0.015526164462334674,221146.0,0.022780832678711706,0.0,0.11702127659574468,0.018401380103507763,0.7972972972972973,0.9544383346425765,3478.0,0.07643495817709836,0.15517241379310345,0.04556166535742341,0.9772191673212883
5677.0,5677.0,5502.0,4553.0,62.0,0.0,719.0,0.0,23.0,145.0,96.0,49.0,175.0,18.0,0.0,0.0,0.0,0.0,52.0,105.0,105.0,0.0,5554.0,214.0,80.0,0.0,0.0,0.0,0.0,0.0,0.0,0.0,2.0,3.0,3.0,54.0,18.0,0.0,134.0,0.0,0.0,0.0,25.0,0.0,0.0,0.0,0.0,26.0,8.0,73.0,0.0,2.0,5340.0,2531.0,190.0,17.0,124.0,137.0,32.0,23.0,145.0,217.0,496.0,475.0,339.0,231.0,105.0,2809.0,165.0,40.0,271.0,66.0,18.0,131.0,103.0,314.0,365.0,366.0,367.0,433.0,170.0,135147.0,2164.0,1847.0,317.0,2297.0,1991.0,42.0,22.0,58.0,82.0,0.0,52.0,50.0,0.0,0.0,2164.0,1847.0,75.0,313.0,1060.0,160.0,217.0,22.0,317.0,0.0,192.0,125.0,0.0,0.0,0.0,317.0,0.0,10.0,0.0,28.0,73.0,15.0,24.0,12.0,119.0,36.0,25017324101,0.030826140567200986,135147.0,0.11493252067914671,0.03465804066543438,0.12665140038752862,0.010921261229522635,0.8020081028712348,0.8535120147874307,5677.0,0.03853078862081383,0.5362776025236593,0.1464879852125693,0.8850674793208533
4603.0,4603.0,4444.0,3670.0,110.0,25.0,338.0,0.0,35.0,266.0,151.0,115.0,159.0,92.0,0.0,11.0,0.0,0.0,3.0,53.0,38.0,15.0,4590.0,351.0,129.0,0.0,0.0,20.0,0.0,0.0,0.0,0.0,2.0,0.0,66.0,41.0,0.0,0.0,222.0,15.0,0.0,19.0,0.0,0.0,0.0,0.0,113.0,0.0,12.0,29.0,9.0,25.0,4239.0,2301.0,168.0,35.0,194.0,128.0,0.0,70.0,215.0,197.0,337.0,279.0,301.0,227.0,150.0,1938.0,97.0,24.0,102.0,47.0,9.0,82.0,132.0,155.0,221.0,349.0,375.0,163.0,182.0,167422.0,1640.0,1335.0,305.0,1678.0,1339.0,79.0,12.0,8.0,22.0,36.0,86.0,16.0,80.0,0.0,1640.0,1335.0,37.0,151.0,688.0,317.0,89.0,53.0,305.0,29.0,135.0,69.0,72.0,0.0,0.0,305.0,0.0,44.0,16.0,7.0,42.0,28.0,24.0,0.0,55.0,89.0,25017324102,0.034542689550293285,167422.0,0.15494636471990464,0.04024390243902439,0.07343037149684987,0.023897458179448185,0.7973061047143167,0.8140243902439024,4603.0,0.07647058823529412,0.35081967213114756,0.18597560975609756,0.8450536352800954
4195.0,4195.0,3672.0,2995.0,158.0,0.0,285.0,0.0,0.0,234.0,100.0,134.0,523.0,96.0,9.0,148.0,0.0,0.0,0.0,270.0,234.0,36.0,4195.0,308.0,179.0,0.0,0.0,62.0,31.0,0.0,0.0,44.0,20.0,0.0,0.0,12.0,10.0,0.0,129.0,0.0,0.0,0.0,29.0,0.0,0.0,25.0,26.0,11.0,8.0,19.0,11.0,0.0,3887.0,2057.0,45.0,30.0,164.0,58.0,130.0,57.0,272.0,262.0,311.0,144.0,351.0,188.0,45.0,1830.0,44.0,7.0,170.0,39.0,23.0,15.0,136.0,213.0,389.0,261.0,322.0,169.0,42.0,148258.0,1658.0,1320.0,338.0,1775.0,1016.0,328.0,115.0,53.0,27.0,68.0,168.0,0.0,0.0,0.0,1658.0,1320.0,54.0,430.0,527.0,218.0,66.0,25.0,338.0,0.0,123.0,215.0,0.0,0.0,0.0,338.0,42.0,61.0,0.0,73.0,15.0,81.0,0.0,18.0,48.0,0.0,25017325101,0.12467222884386174,148258.0,0.2428169014084507,0.032569360675512665,0.06793802145411204,0.03766388557806913,0.7139451728247914,0.7961399276236429,4195.0,0.0734207389749702,0.4349112426035503,0.20386007237635706,0.7571830985915493
4450.0,4450.0,3683.0,2993.0,301.0,0.0,223.0,0.0,0.0,166.0,52.0,114.0,767.0,61.0,78.0,0.0,0.0,0.0,268.0,360.0,110.0,250.0,4283.0,598.0,306.0,19.0,0.0,0.0,9.0,0.0,14.0,69.0,9.0,128.0,48.0,0.0,10.0,0.0,292.0,14.0,0.0,50.0,0.0,0.0,16.0,63.0,48.0,41.0,0.0,29.0,12.0,19.0,3685.0,1696.0,80.0,0.0,98.0,19.0,9.0,94.0,71.0,302.0,201.0,143.0,362.0,257.0,60.0,1989.0,13.0,8.0,88.0,75.0,11.0,118.0,71.0,287.0,232.0,142.0,551.0,174.0,219.0,74973.0,1996.0,1207.0,789.0,2116.0,974.0,77.0,253.0,356.0,217.0,67.0,67.0,61.0,44.0,0.0,1996.0,1207.0,42.0,396.0,464.0,223.0,56.0,26.0,789.0,44.0,618.0,127.0,0.0,0.0,0.0,789.0,25.0,153.0,58.0,53.0,107.0,187.0,31.0,12.0,106.0,57.0,25017325102,0.17235955056179775,74973.0,0.5033081285444234,0.04308617234468938,0.0501123595505618,0.06764044943820224,0.6725842696629214,0.6047094188376754,4450.0,0.13962176044828392,0.42585551330798477,0.39529058116232463,0.4966918714555766
5126.0,5126.0,4930.0,4039.0,172.0,0.0,459.0,0.0,14.0,246.0,122.0,124.0,196.0,70.0,0.0,0.0,0.0,0.0,40.0,86.0,86.0,0.0,4952.0,174.0,98.0,0.0,0.0,11.0,0.0,0.0,0.0,32.0,0.0,0.0,12.0,0.0,43.0,0.0,76.0,0.0,0.0,12.0,0.0,0.0,0.0,0.0,33.0,11.0,0.0,0.0,20.0,0.0,4778.0,2614.0,95.0,12.0,433.0,457.0,38.0,28.0,134.0,162.0,411.0,200.0,344.0,212.0,88.0,2164.0,104.0,0.0,117.0,153.0,39.0,75.0,122.0,178.0,347.0,376.0,263.0,235.0,155.0,181250.0,1552.0,1350.0,202.0,1621.0,1312.0,98.0,30.0,39.0,43.0,0.0,22.0,77.0,0.0,0.0,1552.0,1350.0,26.0,120.0,807.0,270.0,82.0,45.0,202.0,23.0,92.0,81.0,6.0,0.0,0.0,202.0,9.0,43.0,15.0,20.0,31.0,0.0,7.0,36.0,25.0,16.0,25017326101,0.03823644166991806,181250.0,0.13016656384947564,0.03157216494845361,0.08954350370659384,0.03355442840421381,0.7879438158408115,0.8698453608247423,5126.0,0.035137318255250405,0.33663366336633666,0.13015463917525774,0.8698334361505243
6264.0,6264.0,5933.0,5297.0,27.0,0.0,313.0,0.0,31.0,265.0,122.0,143.0,331.0,6.0,17.0,0.0,0.0,0.0,0.0,308.0,292.0,16.0,6127.0,252.0,109.0,0.0,0.0,13.0,0.0,0.0,0.0,8.0,0.0,0.0,23.0,39.0,26.0,0.0,143.0,14.0,0.0,0.0,0.0,22.0,0.0,0.0,0.0,0.0,49.0,0.0,58.0,0.0,5875.0,2875.0,73.0,13.0,211.0,126.0,73.0,47.0,284.0,217.0,322.0,404.0,574.0,327.0,204.0,3000.0,175.0,18.0,399.0,133.0,102.0,95.0,111.0,201.0,414.0,459.0,373.0,286.0,234.0,197335.0,2153.0,1939.0,214.0,2197.0,1737.0,125.0,166.0,38.0,0.0,0.0,99.0,32.0,0.0,0.0,2153.0,1939.0,9.0,337.0,777.0,583.0,223.0,10.0,214.0,14.0,114.0,74.0,12.0,0.0,0.0,214.0,0.0,30.0,27.0,42.0,0.0,0.0,0.0,0.0,101.0,14.0,25017326102,0.05284163473818646,197335.0,0.1524806554392353,0.010682768230376219,0.04996807151979566,0.004310344827586207,0.8456257982120051,0.9006038086391083,6264.0,0.04112942712583646,0.4719626168224299,0.09939619136089178,0.8475193445607647
4050.0,4050.0,3927.0,3557.0,174.0,0.0,55.0,0.0,16.0,125.0,92.0,33.0,123.0,65.0,0.0,0.0,0.0,0.0,7.0,51.0,51.0,0.0,4000.0,162.0,93.0,0.0,0.0,0.0,0.0,0.0,0.0,14.0,26.0,0.0,0.0,27.0,26.0,0.0,69.0,0.0,0.0,0.0,0.0,0.0,0.0,15.0,22.0,0.0,22.0,0.0,10.0,0.0,3838.0,1973.0,107.0,0.0,90.0,77.0,38.0,116.0,203.0,162.0,293.0,180.0,361.0,272.0,74.0,1865.0,250.0,14.0,82.0,138.0,0.0,88.0,73.0,189.0,228.0,233.0,345.0,178.0,47.0,152344.0,1301.0,1243.0,58.0,1366.0,1242.0,25.0,47.0,0.0,0.0,0.0,9.0,0.0,43.0,0.0,1301.0,1243.0,0.0,253.0,518.0,277.0,92.0,103.0,58.0,0.0,16.0,30.0,0.0,12.0,0.0,58.0,7.0,10.0,25.0,12.0,0.0,0.0,0.0,0.0,0.0,4.0,25017327101,0.03037037037037037,152344.0,0.07247437774524158,0.0,0.013580246913580247,0.04296296296296296,0.8782716049382716,0.9554189085318986,4050.0,0.0405,0.0,0.044581091468101464,0.9275256222547584
3881.0,3881.0,3679.0,3293.0,53.0,0.0,266.0,0.0,4.0,63.0,0.0,63.0,202.0,91.0,0.0,0.0,0.0,0.0,49.0,62.0,35.0,27.0,3865.0,200.0,45.0,0.0,0.0,29.0,0.0,0.0,0.0,0.0,16.0,0.0,0.0,0.0,0.0,0.0,155.0,0.0,0.0,29.0,0.0,0.0,0.0,21.0,43.0,28.0,20.0,0.0,2.0,12.0,3665.0,1693.0,83.0,10.0,116.0,51.0,39.0,12.0,87.0,220.0,311.0,211.0,254.0,248.0,51.0,1972.0,34.0,32.0,155.0,61.0,7.0,26.0,95.0,388.0,272.0,243.0,365.0,246.0,48.0,117688.0,1547.0,1241.0,306.0,1547.0,1053.0,189.0,99.0,72.0,73.0,48.0,0.0,0.0,0.0,13.0,1547.0,1241.0,13.0,328.0,546.0,236.0,100.0,18.0,306.0,9.0,97.0,192.0,8.0,0.0,0.0,306.0,0.0,23.0,42.0,69.0,49.0,11.0,39.0,9.0,46.0,18.0,25017327102,0.0520484411234218,117688.0,0.1887524240465417,0.014221073044602456,0.06853903633084257,0.013656274156145324,0.8484926565318217,0.8021978021978022,3881.0,0.0517464424320828,0.3431372549019608,0.1978021978021978,0.8028442146089205
3732.0,3732.0,3596.0,2905.0,209.0,0.0,360.0,0.0,0.0,122.0,104.0,18.0,136.0,24.0,0.0,0.0,0.0,0.0,15.0,97.0,82.0,15.0,3716.0,567.0,259.0,38.0,10.0,31.0,0.0,0.0,0.0,57.0,6.0,0.0,55.0,40.0,0.0,22.0,308.0,21.0,0.0,7.0,24.0,0.0,33.0,0.0,50.0,23.0,1.0,98.0,39.0,12.0,3149.0,1701.0,46.0,0.0,84.0,69.0,32.0,11.0,184.0,260.0,142.0,257.0,234.0,276.0,106.0,1448.0,41.0,25.0,30.0,22.0,26.0,40.0,115.0,85.0,135.0,204.0,288.0,331.0,106.0,101557.0,1486.0,1171.0,315.0,1559.0,1181.0,20.0,30.0,59.0,76.0,10.0,0.0,108.0,75.0,0.0,1486.0,1171.0,17.0,191.0,414.0,342.0,116.0,91.0,315.0,59.0,247.0,9.0,0.0,0.0,0.0,315.0,0.0,0.0,40.0,66.0,18.0,14.0,43.0,0.0,134.0,0.0,25017327103,0.03644158628081458,101557.0,0.22963438101347017,0.05114401076716016,0.09646302250803858,0.0560021436227224,0.7784030010718114,0.7880215343203231,3732.0,0.15258342303552205,0.6063492063492063,0.211978465679677,0.7703656189865298
3408.0,3408.0,3217.0,3044.0,32.0,0.0,79.0,0.0,0.0,62.0,20.0,42.0,191.0,14.0,0.0,0.0,0.0,0.0,27.0,150.0,129.0,21.0,3408.0,18.0,6.0,0.0,0.0,0.0,0.0,0.0,0.0,0.0,0.0,0.0,0.0,6.0,0.0,0.0,12.0,0.0,0.0,0.0,0.0,0.0,0.0,2.0,0.0,0.0,0.0,10.0,0.0,0.0,3390.0,1735.0,101.0,26.0,137.0,56.0,20.0,64.0,148.0,122.0,256.0,238.0,291.0,227.0,49.0,1655.0,63.0,23.0,118.0,73.0,16.0,67.0,143.0,164.0,211.0,262.0,281.0,187.0,47.0,208512.0,1117.0,1078.0,39.0,1141.0,1094.0,14.0,8.0,21.0,0.0,0.0,0.0,4.0,0.0,0.0,1117.0,1078.0,14.0,79.0,562.0,268.0,105.0,50.0,39.0,0.0,32.0,7.0,0.0,0.0,0.0,39.0,0.0,5.0,0.0,0.0,9.0,16.0,5.0,0.0,0.0,4.0,25017328100,0.05604460093896713,208512.0,0.028921998247151623,0.012533572068039392,0.02318075117370892,0.009389671361502348,0.8931924882629108,0.9650850492390332,3408.0,0.00528169014084507,0.5384615384615384,0.03491495076096687,0.9710780017528484
3546.0,3546.0,3447.0,3041.0,0.0,0.0,157.0,0.0,72.0,177.0,66.0,111.0,99.0,21.0,0.0,0.0,0.0,0.0,0.0,78.0,78.0,0.0,3546.0,62.0,18.0,0.0,0.0,6.0,0.0,0.0,0.0,0.0,0.0,0.0,0.0,3.0,0.0,9.0,44.0,0.0,0.0,0.0,0.0,0.0,0.0,0.0,23.0,8.0,0.0,3.0,0.0,10.0,3484.0,1636.0,98.0,29.0,108.0,107.0,5.0,82.0,95.0,109.0,274.0,257.0,238.0,139.0,95.0,1848.0,118.0,21.0,185.0,5.0,57.0,26.0,174.0,152.0,197.0,253.0,305.0,140.0,215.0,207750.0,1170.0,1147.0,23.0,1170.0,998.0,149.0,0.0,23.0,0.0,0.0,0.0,0.0,0.0,0.0,1170.0,1147.0,9.0,227.0,501.0,266.0,116.0,28.0,23.0,0.0,0.0,23.0,0.0,0.0,0.0,23.0,0.0,0.0,0.0,0.0,0.0,0.0,0.0,23.0,0.0,0.0,25017330101,0.027918781725888325,207750.0,0.019658119658119658,0.007692307692307693,0.04427523970671179,0.0,0.8575860124083474,0.9803418803418803,3546.0,0.01748448956570784,1.0,0.019658119658119658,0.9803418803418803
5286.0,5286.0,5199.0,4376.0,2.0,0.0,219.0,0.0,276.0,326.0,222.0,104.0,87.0,37.0,0.0,0.0,0.0,0.0,0.0,50.0,50.0,0.0,5286.0,133.0,52.0,0.0,0.0,0.0,0.0,0.0,0.0,0.0,0.0,4.0,3.0,43.0,2.0,0.0,81.0,0.0,0.0,0.0,0.0,0.0,0.0,0.0,0.0,0.0,15.0,15.0,39.0,12.0,5153.0,2576.0,144.0,55.0,349.0,50.0,54.0,56.0,91.0,238.0,293.0,515.0,364.0,236.0,131.0,2577.0,77.0,69.0,227.0,110.0,9.0,153.0,107.0,172.0,319.0,398.0,404.0,295.0,237.0,156875.0,1823.0,1649.0,174.0,1823.0,1551.0,128.0,65.0,24.0,19.0,0.0,36.0,0.0,0.0,0.0,1823.0,1649.0,53.0,271.0,752.0,301.0,229.0,43.0,174.0,117.0,57.0,0.0,0.0,0.0,0.0,174.0,0.0,0.0,0.0,11.0,0.0,0.0,0.0,19.0,144.0,0.0,25017330102,0.016458569807037457,156875.0,0.07899067471201317,0.09325287986834888,0.041430192962542564,0.00037835792659856227,0.8278471433976542,0.904552934722984,5286.0,0.02516080211880439,0.9367816091954023,0.09544706527701591,0.9210093252879868
3086.0,3086.0,3055.0,2704.0,11.0,0.0,247.0,0.0,22.0,71.0,25.0,46.0,31.0,29.0,0.0,0.0,0.0,0.0,2.0,0.0,0.0,0.0,3006.0,49.0,13.0,0.0,0.0,0.0,0.0,0.0,0.0,0.0,0.0,0.0,9.0,2.0,2.0,0.0,36.0,0.0,0.0,0.0,0.0,0.0,0.0,0.0,2.0,0.0,2.0,27.0,5.0,0.0,2957.0,1491.0,81.0,13.0,61.0,76.0,0.0,32.0,186.0,297.0,212.0,213.0,167.0,69.0,84.0,1466.0,166.0,12.0,79.0,53.0,19.0,10.0,74.0,241.0,206.0,187.0,226.0,128.0,65.0,141118.0,1163.0,1043.0,120.0,1167.0,783.0,63.0,17.0,0.0,44.0,69.0,152.0,0.0,39.0,0.0,1163.0,1043.0,21.0,239.0,472.0,243.0,54.0,14.0,120.0,0.0,101.0,19.0,0.0,0.0,0.0,120.0,0.0,0.0,5.0,27.0,8.0,0.0,0.0,0.0,74.0,6.0,25017330201,0.010045366169799093,141118.0,0.2750642673521851,0.018056749785038694,0.08003888528839923,0.0035644847699287103,0.8762151652624757,0.8968185726569218,3086.0,0.016300731869594146,0.6166666666666667,0.10318142734307825,0.7249357326478149
3847.0,3847.0,3727.0,3498.0,42.0,0.0,172.0,0.0,0.0,15.0,0.0,15.0,120.0,0.0,0.0,0.0,29.0,0.0,0.0,91.0,91.0,0.0,3847.0,175.0,138.0,0.0,0.0,0.0,0.0,0.0,0.0,0.0,21.0,0.0,0.0,117.0,0.0,0.0,37.0,0.0,0.0,0.0,0.0,0.0,0.0,19.0,18.0,0.0,0.0,0.0,0.0,0.0,3672.0,1940.0,87.0,46.0,130.0,100.0,32.0,92.0,201.0,170.0,271.0,261.0,263.0,201.0,86.0,1732.0,53.0,15.0,36.0,92.0,29.0,9.0,83.0,225.0,331.0,263.0,233.0,243.0,120.0,93385.0,1669.0,1073.0,596.0,1773.0,1039.0,0.0,8.0,6.0,6.0,306.0,318.0,90.0,0.0,0.0,1669.0,1073.0,46.0,240.0,581.0,164.0,26.0,16.0,596.0,66.0,290.0,240.0,0.0,0.0,0.0,596.0,0.0,65.0,0.0,29.0,69.0,32.0,69.0,106.0,193.0,33.0,25017330202,0.031193137509747854,93385.0,0.41398759165256627,0.06710605152786099,0.044710163763971925,0.010917598128411749,0.90927995840915,0.6428999400838825,3847.0,0.04548999220171562,0.6711409395973155,0.35710005991611743,0.5860124083474337
3272.0,3272.0,3208.0,2872.0,97.0,0.0,88.0,0.0,0.0,151.0,52.0,99.0,64.0,0.0,0.0,0.0,0.0,0.0,0.0,64.0,36.0,28.0,3253.0,166.0,96.0,0.0,0.0,15.0,0.0,0.0,0.0,0.0,0.0,0.0,17.0,36.0,19.0,9.0,70.0,0.0,0.0,0.0,0.0,0.0,15.0,0.0,0.0,0.0,34.0,0.0,11.0,10.0,3087.0,1561.0,88.0,9.0,97.0,74.0,0.0,76.0,151.0,184.0,216.0,184.0,270.0,145.0,67.0,1526.0,52.0,38.0,88.0,104.0,13.0,103.0,60.0,57.0,234.0,197.0,249.0,212.0,119.0,161364.0,1216.0,965.0,251.0,1258.0,922.0,63.0,0.0,0.0,56.0,132.0,85.0,0.0,0.0,0.0,1216.0,965.0,0.0,197.0,547.0,123.0,67.0,31.0,251.0,9.0,95.0,146.0,1.0,0.0,0.0,251.0,8.0,18.0,105.0,0.0,9.0,18.0,0.0,6.0,87.0,0.0,25017331101,0.019559902200488997,161364.0,0.21701112877583467,0.007401315789473684,0.02689486552567237,0.029645476772616138,0.8777506112469438,0.7935855263157895,3272.0,0.05102981862895788,0.44223107569721115,0.20641447368421054,0.7829888712241654
7252.0,7252.0,7150.0,6722.0,8.0,0.0,170.0,0.0,0.0,250.0,137.0,113.0,102.0,8.0,0.0,10.0,11.0,0.0,18.0,55.0,55.0,0.0,7022.0,213.0,20.0,0.0,0.0,0.0,0.0,0.0,0.0,0.0,0.0,8.0,1.0,2.0,1.0,8.0,193.0,0.0,0.0,0.0,0.0,0.0,79.0,0.0,0.0,23.0,79.0,0.0,0.0,12.0,6809.0,3614.0,161.0,42.0,427.0,146.0,0.0,40.0,277.0,269.0,447.0,340.0,888.0,260.0,317.0,3195.0,153.0,0.0,322.0,14.0,76.0,64.0,274.0,220.0,466.0,429.0,596.0,350.0,231.0,184625.0,2394.0,2192.0,202.0,2465.0,2117.0,48.0,25.0,12.0,55.0,177.0,0.0,31.0,0.0,0.0,2394.0,2192.0,37.0,396.0,1102.0,387.0,246.0,24.0,202.0,31.0,139.0,32.0,0.0,0.0,0.0,202.0,14.0,0.0,14.0,18.0,0.0,0.0,0.0,24.0,53.0,79.0,25017331102,0.014065085493656922,184625.0,0.12170385395537525,0.028404344193817876,0.02344180915609487,0.0011031439602868175,0.9269167126309984,0.9156223893065998,7252.0,0.03033323839362005,0.3811881188118812,0.08437761069340016,0.8782961460446247
5637.0,5637.0,5439.0,4822.0,63.0,0.0,190.0,0.0,115.0,249.0,23.0,226.0,198.0,26.0,0.0,0.0,0.0,0.0,28.0,144.0,120.0,24.0,5604.0,128.0,48.0,0.0,0.0,0.0,0.0,0.0,0.0,13.0,0.0,5.0,14.0,0.0,11.0,5.0,80.0,0.0,0.0,0.0,0.0,0.0,0.0,0.0,3.0,33.0,11.0,12.0,21.0,0.0,5476.0,2822.0,153.0,37.0,268.0,150.0,43.0,60.0,299.0,205.0,407.0,528.0,364.0,186.0,122.0,2654.0,101.0,25.0,259.0,94.0,10.0,95.0,161.0,268.0,442.0,447.0,345.0,309.0,98.0,160119.0,1926.0,1767.0,159.0,1964.0,1804.0,20.0,29.0,0.0,30.0,71.0,0.0,10.0,0.0,0.0,1926.0,1767.0,69.0,304.0,927.0,334.0,116.0,17.0,159.0,7.0,65.0,10.0,77.0,0.0,0.0,159.0,0.0,0.0,27.0,0.0,10.0,0.0,11.0,51.0,31.0,29.0,25017331200,0.03512506652474721,160119.0,0.07128309572301425,0.03946002076843198,0.03370587191768671,0.011176157530601383,0.8554195494057123,0.9174454828660437,5637.0,0.022840827980014276,0.5849056603773585,0.08255451713395638,0.9287169042769857
7175.0,7175.0,6975.0,5796.0,57.0,0.0,426.0,0.0,21.0,675.0,62.0,613.0,200.0,109.0,0.0,0.0,0.0,0.0,0.0,91.0,44.0,47.0,7175.0,373.0,181.0,0.0,0.0,0.0,0.0,31.0,12.0,16.0,1.0,23.0,46.0,52.0,0.0,0.0,192.0,0.0,0.0,0.0,0.0,13.0,0.0,18.0,0.0,83.0,12.0,62.0,4.0,0.0,6802.0,3554.0,290.0,7.0,237.0,241.0,25.0,179.0,440.0,396.0,385.0,234.0,573.0,394.0,153.0,3248.0,296.0,17.0,128.0,101.0,78.0,53.0,242.0,323.0,458.0,532.0,611.0,264.0,145.0,165833.0,2390.0,2055.0,335.0,2390.0,1979.0,124.0,32.0,102.0,0.0,0.0,31.0,122.0,0.0,0.0,2390.0,2055.0,54.0,310.0,1111.0,381.0,141.0,58.0,335.0,129.0,107.0,82.0,17.0,0.0,0.0,335.0,0.0,0.0,87.0,0.0,0.0,184.0,0.0,18.0,0.0,46.0,25017331300,0.027874564459930314,165833.0,0.1200836820083682,0.07656903765690376,0.059372822299651566,0.00794425087108014,0.8078048780487805,0.8598326359832636,7175.0,0.05198606271777004,0.6029850746268657,0.1401673640167364,0.8799163179916318
5851.0,5851.0,5792.0,4702.0,14.0,0.0,866.0,0.0,0.0,210.0,154.0,56.0,59.0,0.0,0.0,0.0,0.0,0.0,0.0,59.0,59.0,0.0,5841.0,77.0,74.0,0.0,0.0,0.0,0.0,0.0,0.0,0.0,4.0,0.0,4.0,0.0,55.0,11.0,3.0,0.0,0.0,0.0,0.0,0.0,0.0,0.0,0.0,0.0,3.0,0.0,0.0,0.0,5764.0,2753.0,191.0,29.0,131.0,18.0,23.0,31.0,247.0,255.0,351.0,505.0,373.0,217.0,382.0,3011.0,68.0,78.0,354.0,125.0,46.0,35.0,114.0,223.0,323.0,528.0,418.0,287.0,412.0,190978.0,1918.0,1820.0,98.0,1992.0,1884.0,59.0,25.0,24.0,0.0,0.0,0.0,0.0,0.0,0.0,1918.0,1820.0,53.0,211.0,938.0,439.0,164.0,15.0,98.0,0.0,14.0,44.0,13.0,27.0,0.0,98.0,0.0,0.0,14.0,0.0,0.0,0.0,0.0,0.0,31.0,53.0,25017332100,0.010083746368142198,190978.0,0.02459839357429719,0.027632950990615225,0.1480088873696804,0.002392753375491369,0.8036233122543155,0.948905109489051,5851.0,0.013182674199623353,0.3163265306122449,0.051094890510948905,0.9754016064257028
2240.0,2240.0,2024.0,1721.0,2.0,0.0,232.0,0.0,0.0,69.0,23.0,46.0,216.0,120.0,0.0,0.0,4.0,0.0,13.0,79.0,30.0,49.0,2240.0,156.0,44.0,0.0,0.0,0.0,0.0,0.0,0.0,16.0,11.0,1.0,0.0,16.0,0.0,0.0,112.0,16.0,0.0,0.0,0.0,0.0,0.0,34.0,0.0,13.0,2.0,7.0,1.0,39.0,2084.0,1004.0,52.0,8.0,39.0,64.0,0.0,27.0,127.0,114.0,77.0,82.0,85.0,300.0,29.0,1080.0,62.0,0.0,36.0,44.0,8.0,13.0,21.0,133.0,82.0,107.0,121.0,349.0,104.0,103440.0,920.0,613.0,307.0,950.0,597.0,48.0,18.0,8.0,0.0,37.0,218.0,24.0,0.0,0.0,920.0,613.0,8.0,141.0,206.0,203.0,35.0,20.0,307.0,22.0,234.0,41.0,10.0,0.0,0.0,307.0,0.0,0.0,25.0,31.0,31.0,12.0,8.0,151.0,32.0,17.0,25017332201,0.09642857142857143,103440.0,0.32105263157894737,0.03260869565217391,0.10357142857142858,0.0008928571428571428,0.7683035714285714,0.6663043478260869,2240.0,0.06964285714285715,0.6612377850162866,0.33369565217391306,0.6789473684210526
6841.0,6841.0,6750.0,4964.0,252.0,9.0,1183.0,0.0,35.0,307.0,134.0,173.0,91.0,73.0,0.0,0.0,0.0,0.0,0.0,18.0,0.0,18.0,6841.0,468.0,149.0,0.0,0.0,35.0,0.0,0.0,0.0,36.0,20.0,0.0,41.0,0.0,17.0,0.0,319.0,0.0,0.0,0.0,17.0,0.0,0.0,0.0,36.0,16.0,15.0,169.0,28.0,38.0,6373.0,3232.0,129.0,0.0,135.0,151.0,0.0,37.0,309.0,450.0,285.0,552.0,760.0,151.0,273.0,3141.0,73.0,21.0,220.0,97.0,52.0,0.0,264.0,505.0,414.0,408.0,515.0,284.0,288.0,126641.0,2900.0,1592.0,1308.0,2958.0,1569.0,128.0,156.0,75.0,326.0,89.0,111.0,504.0,0.0,0.0,2900.0,1592.0,0.0,307.0,796.0,341.0,77.0,71.0,1308.0,164.0,495.0,529.0,0.0,52.0,68.0,1308.0,28.0,88.0,153.0,245.0,198.0,47.0,138.0,53.0,306.0,52.0,25017332202,0.013302148808653706,126641.0,0.42630155510480056,0.05655172413793103,0.17292793451249816,0.036836719777810265,0.7256249086390879,0.5489655172413793,6841.0,0.06841105101593334,0.41590214067278286,0.4510344827586207,0.5736984448951995
7031.0,7031.0,6421.0,5171.0,186.0,0.0,747.0,8.0,0.0,309.0,111.0,198.0,610.0,0.0,0.0,0.0,0.0,0.0,543.0,67.0,67.0,0.0,7030.0,453.0,175.0,0.0,0.0,63.0,0.0,0.0,0.0,0.0,0.0,0.0,0.0,0.0,0.0,112.0,278.0,0.0,0.0,0.0,82.0,0.0,59.0,0.0,0.0,57.0,0.0,17.0,23.0,40.0,6577.0,3316.0,236.0,0.0,407.0,52.0,27.0,36.0,286.0,460.0,635.0,354.0,337.0,366.0,120.0,3261.0,111.0,104.0,167.0,84.0,39.0,51.0,221.0,461.0,413.0,578.0,348.0,398.0,286.0,154750.0,2498.0,2251.0,247.0,2622.0,2208.0,22.0,57.0,0.0,0.0,136.0,174.0,25.0,0.0,0.0,2498.0,2251.0,0.0,433.0,1368.0,271.0,140.0,39.0,247.0,25.0,143.0,79.0,0.0,0.0,0.0,247.0,0.0,0.0,25.0,48.0,24.0,0.0,0.0,111.0,39.0,0.0,25017332300,0.08675864030721092,154750.0,0.14950419527078565,0.010008006405124099,0.10624377755653534,0.026454273929739723,0.7354572607026028,0.9011208967173739,7031.0,0.06443812233285917,0.6072874493927125,0.0988791032826261,0.8504958047292144
2502.0,2502.0,2206.0,1646.0,23.0,0.0,413.0,0.0,0.0,124.0,8.0,116.0,296.0,0.0,0.0,0.0,0.0,0.0,174.0,122.0,122.0,0.0,2383.0,131.0,62.0,0.0,0.0,0.0,0.0,6.0,0.0,0.0,5.0,26.0,19.0,0.0,6.0,0.0,69.0,0.0,0.0,0.0,6.0,0.0,0.0,27.0,0.0,0.0,7.0,16.0,0.0,13.0,2252.0,1223.0,62.0,0.0,84.0,40.0,18.0,17.0,87.0,85.0,125.0,165.0,263.0,58.0,219.0,1029.0,23.0,0.0,31.0,45.0,15.0,31.0,75.0,70.0,106.0,156.0,244.0,82.0,151.0,142986.0,879.0,819.0,60.0,882.0,792.0,42.0,0.0,0.0,9.0,0.0,19.0,20.0,0.0,0.0,879.0,819.0,12.0,286.0,307.0,124.0,66.0,24.0,60.0,14.0,17.0,0.0,14.0,10.0,5.0,60.0,0.0,10.0,0.0,0.0,0.0,7.0,0.0,9.0,20.0,14.0,25017332401,0.11830535571542766,142986.0,0.05442176870748299,0.02957906712172924,0.1650679456434852,0.009192645883293365,0.6578737010391686,0.931740614334471,2502.0,0.05497272345782627,0.6,0.06825938566552901,0.9455782312925171
1809.0,1809.0,1762.0,1337.0,8.0,0.0,366.0,0.0,0.0,51.0,0.0,51.0,47.0,16.0,0.0,0.0,0.0,0.0,31.0,0.0,0.0,0.0,1809.0,247.0,76.0,0.0,0.0,0.0,0.0,0.0,0.0,0.0,3.0,12.0,0.0,12.0,42.0,7.0,171.0,0.0,0.0,0.0,0.0,0.0,0.0,21.0,5.0,0.0,0.0,0.0,49.0,96.0,1562.0,678.0,18.0,0.0,0.0,11.0,0.0,0.0,76.0,147.0,77.0,68.0,189.0,47.0,45.0,884.0,56.0,0.0,11.0,0.0,0.0,0.0,106.0,146.0,113.0,94.0,102.0,122.0,134.0,155417.0,859.0,307.0,552.0,967.0,264.0,55.0,0.0,9.0,65.0,67.0,106.0,401.0,0.0,0.0,859.0,307.0,0.0,58.0,134.0,68.0,35.0,12.0,552.0,41.0,294.0,206.0,11.0,0.0,0.0,552.0,32.0,0.0,119.0,97.0,40.0,39.0,22.0,52.0,151.0,0.0,25017332402,0.025981205085682697,155417.0,0.6701137538779731,0.047729918509895226,0.2023217247097844,0.004422332780541736,0.7390823659480376,0.3573923166472643,1809.0,0.13653952459922608,0.4782608695652174,0.6426076833527358,0.3298862461220269
7458.0,7458.0,7146.0,5543.0,613.0,0.0,617.0,0.0,85.0,288.0,127.0,161.0,312.0,68.0,0.0,0.0,0.0,0.0,121.0,123.0,123.0,0.0,7444.0,382.0,198.0,5.0,0.0,28.0,0.0,0.0,0.0,0.0,23.0,0.0,5.0,62.0,5.0,70.0,184.0,13.0,15.0,29.0,0.0,0.0,0.0,0.0,0.0,11.0,9.0,24.0,44.0,39.0,7062.0,3613.0,157.0,0.0,199.0,112.0,50.0,76.0,172.0,635.0,477.0,549.0,438.0,390.0,358.0,3449.0,134.0,33.0,148.0,10.0,67.0,86.0,243.0,388.0,521.0,485.0,472.0,422.0,440.0,122917.0,3030.0,2203.0,827.0,3126.0,1745.0,430.0,89.0,184.0,201.0,38.0,98.0,323.0,18.0,0.0,3030.0,2203.0,61.0,673.0,917.0,478.0,52.0,22.0,827.0,182.0,367.0,220.0,20.0,38.0,0.0,827.0,0.0,89.0,117.0,142.0,53.0,52.0,77.0,38.0,211.0,48.0,25017333100,0.0418342719227675,122917.0,0.30422264875239924,0.0801980198019802,0.08272995441137034,0.08219361759184768,0.7432287476535264,0.7270627062706271,7458.0,0.051316496507254165,0.4570737605804111,0.2729372937293729,0.6957773512476008
5402.0,5402.0,5152.0,4456.0,68.0,0.0,223.0,0.0,45.0,360.0,229.0,131.0,250.0,163.0,0.0,0.0,0.0,0.0,87.0,0.0,0.0,0.0,5391.0,610.0,291.0,19.0,0.0,0.0,20.0,26.0,49.0,75.0,0.0,0.0,63.0,19.0,20.0,0.0,319.0,0.0,0.0,26.0,26.0,0.0,0.0,0.0,0.0,29.0,65.0,54.0,17.0,102.0,4781.0,2459.0,25.0,13.0,156.0,69.0,83.0,41.0,473.0,405.0,241.0,326.0,299.0,243.0,85.0,2322.0,67.0,22.0,195.0,34.0,32.0,10.0,192.0,294.0,314.0,390.0,420.0,268.0,84.0,94673.0,2019.0,1162.0,857.0,2063.0,1166.0,118.0,304.0,163.0,51.0,91.0,119.0,51.0,0.0,0.0,2019.0,1162.0,0.0,346.0,584.0,132.0,31.0,69.0,857.0,205.0,185.0,208.0,68.0,191.0,0.0,857.0,0.0,57.0,241.0,37.0,21.0,11.0,47.0,157.0,227.0,59.0,25017333200,0.04627915586819696,94673.0,0.37760542898691224,0.10153541357107479,0.041281007034431695,0.012587930396149574,0.8248796741947427,0.5755324418028727,5402.0,0.11315154887775923,0.5157526254375729,0.4244675581971273,0.6223945710130877
4233.0,4233.0,3681.0,3026.0,134.0,0.0,67.0,0.0,18.0,436.0,138.0,298.0,552.0,19.0,0.0,0.0,0.0,0.0,277.0,256.0,7.0,249.0,4233.0,456.0,212.0,51.0,0.0,12.0,0.0,0.0,0.0,1.0,1.0,26.0,12.0,83.0,16.0,10.0,244.0,0.0,0.0,33.0,0.0,0.0,0.0,17.0,42.0,31.0,10.0,13.0,56.0,42.0,3777.0,1609.0,72.0,35.0,21.0,15.0,120.0,0.0,174.0,264.0,216.0,373.0,193.0,96.0,30.0,2168.0,135.0,0.0,195.0,64.0,17.0,43.0,216.0,439.0,314.0,306.0,198.0,168.0,73.0,110833.0,1690.0,895.0,795.0,1822.0,588.0,257.0,433.0,236.0,95.0,135.0,78.0,0.0,0.0,0.0,1690.0,895.0,8.0,248.0,479.0,79.0,66.0,15.0,795.0,43.0,489.0,150.0,86.0,27.0,0.0,795.0,41.0,41.0,136.0,70.0,160.0,24.0,20.0,60.0,213.0,30.0,25017333300,0.13040396881644223,110833.0,0.5362239297475302,0.03017751479289941,0.015828017954169618,0.031656035908339236,0.714859437751004,0.5295857988165681,4233.0,0.10772501771793054,0.3987421383647799,0.47041420118343197,0.4637760702524698
6633.0,6633.0,6034.0,4878.0,4.0,0.0,578.0,0.0,93.0,481.0,242.0,239.0,599.0,64.0,0.0,0.0,0.0,0.0,35.0,500.0,369.0,131.0,6622.0,694.0,145.0,0.0,0.0,0.0,0.0,0.0,0.0,99.0,1.0,0.0,11.0,14.0,19.0,1.0,549.0,117.0,0.0,66.0,29.0,0.0,34.0,0.0,57.0,87.0,117.0,0.0,0.0,42.0,5928.0,2962.0,12.0,55.0,108.0,35.0,0.0,81.0,255.0,537.0,535.0,337.0,631.0,178.0,198.0,2966.0,149.0,94.0,221.0,98.0,42.0,84.0,165.0,482.0,224.0,452.0,482.0,114.0,359.0,111012.0,2528.0,1471.0,1057.0,2528.0,1455.0,159.0,282.0,72.0,60.0,86.0,188.0,226.0,0.0,0.0,2528.0,1471.0,30.0,411.0,395.0,406.0,205.0,24.0,1057.0,102.0,402.0,335.0,199.0,19.0,0.0,1057.0,88.0,29.0,105.0,82.0,115.0,126.0,88.0,98.0,238.0,88.0,25017333400,0.09030604552992613,111012.0,0.3615506329113924,0.05221518987341772,0.08714005728931103,0.0006030453791647821,0.7354138398914518,0.5818829113924051,6633.0,0.10480217456961644,0.5203405865657521,0.41811708860759494,0.6384493670886076
5131.0,5131.0,4792.0,3444.0,413.0,0.0,260.0,0.0,87.0,588.0,12.0,576.0,339.0,73.0,0.0,10.0,0.0,0.0,87.0,169.0,152.0,17.0,5110.0,181.0,38.0,0.0,0.0,0.0,0.0,0.0,0.0,0.0,1.0,8.0,13.0,6.0,10.0,0.0,143.0,0.0,0.0,0.0,0.0,0.0,0.0,39.0,0.0,35.0,0.0,30.0,0.0,39.0,4929.0,2395.0,306.0,16.0,222.0,36.0,0.0,36.0,193.0,370.0,349.0,193.0,272.0,305.0,97.0,2534.0,82.0,38.0,173.0,119.0,70.0,128.0,64.0,338.0,378.0,237.0,395.0,365.0,147.0,107234.0,1911.0,1342.0,569.0,1911.0,1184.0,123.0,166.0,137.0,38.0,12.0,123.0,128.0,0.0,0.0,1911.0,1342.0,45.0,339.0,675.0,185.0,85.0,13.0,569.0,0.0,372.0,183.0,6.0,8.0,0.0,569.0,0.0,17.0,16.0,44.0,51.0,124.0,6.0,129.0,75.0,107.0,25017333501,0.06606899239914246,107234.0,0.3160648874934589,0.023547880690737835,0.05067238355096473,0.08049113233287858,0.6712141882673943,0.7022501308215594,5131.0,0.035420743639921724,0.5869947275922671,0.2977498691784406,0.683935112506541
3578.0,3578.0,2755.0,2085.0,60.0,0.0,195.0,0.0,119.0,296.0,149.0,147.0,823.0,97.0,0.0,0.0,0.0,0.0,515.0,211.0,211.0,0.0,3469.0,454.0,268.0,0.0,0.0,0.0,0.0,0.0,0.0,212.0,35.0,1.0,9.0,0.0,11.0,0.0,186.0,31.0,29.0,19.0,9.0,9.0,0.0,8.0,33.0,23.0,0.0,3.0,11.0,11.0,3015.0,1319.0,36.0,10.0,61.0,9.0,63.0,85.0,79.0,163.0,331.0,205.0,152.0,65.0,60.0,1696.0,169.0,0.0,93.0,68.0,48.0,16.0,204.0,188.0,232.0,212.0,253.0,149.0,64.0,105313.0,1351.0,564.0,787.0,1435.0,523.0,224.0,229.0,222.0,83.0,71.0,9.0,74.0,0.0,0.0,1351.0,564.0,3.0,109.0,358.0,83.0,0.0,11.0,787.0,58.0,537.0,192.0,0.0,0.0,0.0,787.0,48.0,55.0,38.0,28.0,47.0,260.0,11.0,30.0,255.0,15.0,25017333502,0.23001676914477362,105313.0,0.4794425087108014,0.04515173945225759,0.05449972051425377,0.016769144773616546,0.582727780883175,0.41746854182087345,3578.0,0.13087345056212166,0.7064803049555273,0.5825314581791265,0.5205574912891986
2251.0,2251.0,1969.0,1463.0,149.0,0.0,304.0,0.0,0.0,53.0,0.0,53.0,282.0,195.0,0.0,0.0,0.0,0.0,62.0,25.0,25.0,0.0,2251.0,220.0,70.0,0.0,0.0,35.0,0.0,35.0,0.0,0.0,0.0,0.0,0.0,0.0,0.0,0.0,150.0,0.0,0.0,0.0,34.0,0.0,0.0,43.0,15.0,0.0,41.0,17.0,0.0,0.0,2031.0,1029.0,55.0,0.0,0.0,21.0,0.0,0.0,74.0,399.0,241.0,43.0,142.0,54.0,0.0,1002.0,30.0,11.0,12.0,27.0,0.0,8.0,124.0,288.0,195.0,57.0,65.0,83.0,102.0,125278.0,1100.0,135.0,965.0,1167.0,140.0,16.0,91.0,10.0,88.0,29.0,214.0,579.0,0.0,0.0,1100.0,135.0,0.0,50.0,65.0,20.0,0.0,0.0,965.0,25.0,393.0,467.0,62.0,18.0,0.0,965.0,58.0,93.0,170.0,41.0,67.0,95.0,69.0,58.0,289.0,25.0,25017333601,0.12527765437583296,125278.0,0.8663239074550129,0.022727272727272728,0.13505108840515326,0.06619280319857841,0.6499333629498001,0.12272727272727273,2251.0,0.09773434029320302,0.5295336787564767,0.8772727272727273,0.13367609254498714
7253.0,7253.0,7013.0,5174.0,416.0,17.0,1121.0,51.0,117.0,117.0,0.0,117.0,240.0,32.0,0.0,0.0,0.0,0.0,153.0,55.0,47.0,8.0,7253.0,303.0,119.0,0.0,0.0,15.0,0.0,0.0,0.0,33.0,37.0,0.0,24.0,10.0,0.0,0.0,184.0,0.0,0.0,15.0,0.0,0.0,0.0,18.0,1.0,14.0,29.0,63.0,42.0,2.0,6950.0,3552.0,163.0,47.0,121.0,237.0,0.0,20.0,468.0,803.0,387.0,541.0,429.0,246.0,90.0,3398.0,180.0,65.0,176.0,39.0,34.0,22.0,445.0,447.0,518.0,311.0,626.0,258.0,277.0,102531.0,2803.0,1374.0,1429.0,2993.0,1131.0,225.0,618.0,53.0,263.0,26.0,162.0,515.0,0.0,0.0,2803.0,1374.0,0.0,192.0,782.0,253.0,62.0,85.0,1429.0,148.0,926.0,320.0,20.0,15.0,0.0,1429.0,13.0,75.0,271.0,168.0,149.0,270.0,152.0,101.0,215.0,15.0,25017333602,0.03308975596304977,102531.0,0.5469428666889409,0.05280057081698181,0.1545567351440783,0.057355577002619604,0.7133599889700813,0.49018908312522297,7253.0,0.04177581690335034,0.516445066480056,0.509810916874777,0.4530571333110591
7037.0,7037.0,6628.0,6099.0,0.0,0.0,311.0,0.0,10.0,208.0,42.0,166.0,409.0,140.0,0.0,16.0,0.0,0.0,0.0,253.0,253.0,0.0,7037.0,86.0,41.0,0.0,0.0,0.0,0.0,0.0,0.0,17.0,0.0,0.0,0.0,8.0,0.0,16.0,45.0,0.0,0.0,0.0,0.0,0.0,0.0,0.0,0.0,0.0,0.0,7.0,0.0,38.0,6951.0,3403.0,162.0,74.0,270.0,127.0,144.0,82.0,267.0,469.0,370.0,570.0,365.0,274.0,229.0,3548.0,153.0,61.0,234.0,249.0,16.0,127.0,238.0,261.0,375.0,492.0,541.0,369.0,432.0,184205.0,2602.0,2116.0,486.0,2742.0,1735.0,192.0,57.0,76.0,18.0,161.0,295.0,208.0,0.0,0.0,2602.0,2116.0,20.0,645.0,953.0,296.0,145.0,57.0,486.0,15.0,202.0,175.0,29.0,54.0,11.0,486.0,54.0,46.0,92.0,134.0,77.0,0.0,15.0,0.0,68.0,0.0,25017334100,0.058121358533465964,184205.0,0.29722830051057625,0.013451191391237509,0.04419496944720762,0.0,0.8667045616029558,0.8132205995388163,7037.0,0.012221116953247122,0.17078189300411523,0.18677940046118371,0.7027716994894238
4252.0,4252.0,4233.0,3923.0,0.0,0.0,59.0,0.0,11.0,240.0,124.0,116.0,19.0,11.0,0.0,0.0,0.0,0.0,0.0,8.0,8.0,0.0,4199.0,114.0,13.0,0.0,0.0,0.0,0.0,0.0,0.0,0.0,0.0,5.0,0.0,1.0,7.0,0.0,101.0,0.0,7.0,8.0,0.0,0.0,27.0,0.0,0.0,47.0,2.0,0.0,10.0,0.0,4085.0,1946.0,103.0,0.0,219.0,112.0,11.0,23.0,87.0,94.0,359.0,343.0,323.0,175.0,97.0,2139.0,165.0,22.0,183.0,76.0,9.0,83.0,138.0,162.0,409.0,234.0,240.0,272.0,146.0,145536.0,1733.0,1180.0,553.0,1733.0,1074.0,17.0,88.0,96.0,200.0,50.0,156.0,52.0,0.0,0.0,1733.0,1180.0,0.0,305.0,623.0,216.0,26.0,10.0,553.0,75.0,366.0,112.0,0.0,0.0,0.0,553.0,10.0,31.0,55.0,118.0,153.0,10.0,32.0,59.0,75.0,10.0,25017334200,0.004468485418626529,145536.0,0.3704558568955568,0.04327755337564916,0.013875823142050799,0.0,0.9226246472248354,0.6809001731102136,4252.0,0.027149321266968326,0.3182640144665461,0.3190998268897865,0.6295441431044432
7560.0,7560.0,7065.0,6615.0,31.0,0.0,160.0,0.0,80.0,179.0,50.0,129.0,495.0,84.0,0.0,0.0,0.0,0.0,3.0,408.0,390.0,18.0,7490.0,274.0,99.0,0.0,0.0,0.0,0.0,0.0,0.0,0.0,19.0,20.0,2.0,5.0,46.0,7.0,175.0,0.0,0.0,0.0,0.0,0.0,0.0,0.0,18.0,0.0,23.0,0.0,70.0,64.0,7216.0,3633.0,246.0,111.0,299.0,98.0,30.0,51.0,279.0,294.0,555.0,411.0,578.0,410.0,271.0,3583.0,209.0,34.0,259.0,135.0,44.0,214.0,98.0,325.0,549.0,456.0,529.0,400.0,331.0,164671.0,2773.0,2567.0,206.0,2792.0,2611.0,48.0,29.0,0.0,16.0,88.0,0.0,0.0,0.0,0.0,2773.0,2567.0,16.0,475.0,1317.0,632.0,107.0,20.0,206.0,17.0,143.0,46.0,0.0,0.0,0.0,206.0,0.0,0.0,63.0,0.0,50.0,18.0,32.0,0.0,43.0,0.0,25017334300,0.06547619047619048,164671.0,0.047636103151862466,0.011900468806346917,0.021164021164021163,0.0041005291005291,0.875,0.9257122250270465,7560.0,0.03658210947930574,0.45145631067961167,0.07428777497295348,0.9523638968481375
6763.0,6763.0,6255.0,4948.0,91.0,0.0,1081.0,0.0,0.0,135.0,85.0,50.0,508.0,69.0,0.0,0.0,0.0,0.0,139.0,300.0,300.0,0.0,6746.0,330.0,90.0,0.0,0.0,0.0,0.0,0.0,0.0,0.0,0.0,11.0,0.0,60.0,19.0,0.0,240.0,0.0,0.0,0.0,0.0,0.0,0.0,31.0,0.0,4.0,35.0,48.0,22.0,100.0,6416.0,3110.0,211.0,14.0,396.0,70.0,51.0,17.0,140.0,500.0,209.0,443.0,477.0,409.0,173.0,3306.0,249.0,0.0,189.0,30.0,13.0,74.0,287.0,386.0,378.0,384.0,507.0,482.0,327.0,161181.0,2632.0,2165.0,467.0,2684.0,1665.0,53.0,203.0,151.0,52.0,139.0,167.0,254.0,0.0,0.0,2632.0,2165.0,104.0,623.0,1132.0,236.0,70.0,0.0,467.0,132.0,108.0,227.0,0.0,0.0,0.0,467.0,19.0,32.0,53.0,169.0,73.0,33.0,32.0,56.0,0.0,0.0,25017334400,0.07511459411503771,161181.0,0.35991058122205666,0.08966565349544073,0.15984030755581843,0.01345556705604022,0.7316279757504066,0.8225683890577508,6763.0,0.048917877260598874,0.25910064239828695,0.17743161094224924,0.6400894187779433
6215.0,6215.0,6184.0,5503.0,0.0,0.0,552.0,0.0,67.0,62.0,21.0,41.0,31.0,0.0,0.0,0.0,0.0,0.0,16.0,15.0,15.0,0.0,6213.0,293.0,210.0,0.0,0.0,0.0,0.0,0.0,0.0,0.0,0.0,45.0,41.0,58.0,66.0,0.0,83.0,0.0,0.0,0.0,0.0,0.0,0.0,30.0,17.0,0.0,0.0,20.0,0.0,16.0,5920.0,2798.0,142.0,22.0,117.0,43.0,0.0,0.0,176.0,405.0,450.0,550.0,339.0,300.0,254.0,3122.0,141.0,72.0,175.0,260.0,0.0,35.0,220.0,458.0,374.0,424.0,338.0,283.0,342.0,120725.0,2692.0,1747.0,945.0,2919.0,1232.0,192.0,572.0,388.0,51.0,128.0,218.0,138.0,0.0,0.0,2692.0,1747.0,29.0,569.0,773.0,295.0,63.0,18.0,945.0,59.0,581.0,277.0,28.0,0.0,0.0,945.0,62.0,0.0,159.0,128.0,90.0,165.0,32.0,50.0,243.0,16.0,25017335100,0.00498793242156074,120725.0,0.5121616992120589,0.03268945022288262,0.08881737731295253,0.0,0.8854384553499598,0.6489598811292719,6215.0,0.04715918235956865,0.5185185185185185,0.35104011887072806,0.48783830078794105
6589.0,6589.0,6323.0,5540.0,36.0,0.0,202.0,0.0,89.0,456.0,251.0,205.0,266.0,173.0,0.0,0.0,0.0,0.0,27.0,66.0,39.0,27.0,6462.0,289.0,122.0,0.0,0.0,15.0,0.0,0.0,0.0,10.0,10.0,22.0,0.0,46.0,19.0,0.0,167.0,0.0,0.0,0.0,40.0,0.0,12.0,7.0,9.0,33.0,0.0,10.0,11.0,45.0,6173.0,3072.0,264.0,22.0,310.0,50.0,70.0,106.0,107.0,391.0,536.0,410.0,292.0,292.0,222.0,3101.0,219.0,89.0,155.0,140.0,0.0,29.0,78.0,549.0,461.0,338.0,451.0,299.0,293.0,143008.0,2660.0,1658.0,1002.0,2660.0,1302.0,70.0,393.0,159.0,41.0,166.0,318.0,211.0,0.0,0.0,2660.0,1658.0,25.0,465.0,992.0,154.0,14.0,8.0,1002.0,45.0,606.0,338.0,13.0,0.0,0.0,1002.0,32.0,15.0,224.0,122.0,242.0,56.0,46.0,30.0,142.0,93.0,25017335200,0.040370314159963575,143008.0,0.4842105263157895,0.02631578947368421,0.030657155865837,0.005463651540446198,0.8407952648353316,0.6233082706766917,6589.0,0.04472299597647787,0.27345309381237526,0.37669172932330824,0.5157894736842106
4537.0,4537.0,4403.0,3840.0,78.0,0.0,269.0,0.0,0.0,216.0,38.0,178.0,134.0,59.0,15.0,0.0,0.0,0.0,11.0,49.0,49.0,0.0,4488.0,219.0,41.0,8.0,0.0,0.0,0.0,0.0,0.0,6.0,23.0,0.0,0.0,0.0,0.0,4.0,178.0,0.0,0.0,0.0,0.0,0.0,0.0,0.0,12.0,0.0,12.0,52.0,55.0,47.0,4269.0,2341.0,183.0,23.0,173.0,110.0,0.0,62.0,172.0,349.0,251.0,387.0,283.0,240.0,108.0,1928.0,123.0,0.0,114.0,0.0,33.0,13.0,62.0,469.0,262.0,276.0,234.0,165.0,177.0,118984.0,1933.0,1296.0,637.0,1976.0,761.0,232.0,469.0,189.0,176.0,33.0,116.0,0.0,0.0,0.0,1933.0,1296.0,84.0,382.0,572.0,174.0,49.0,35.0,637.0,145.0,221.0,189.0,82.0,0.0,0.0,637.0,0.0,89.0,92.0,126.0,60.0,41.0,31.0,67.0,110.0,21.0,25017335301,0.029534934979061053,118984.0,0.4974696356275304,0.11846870150025866,0.05929027992065242,0.017191977077363897,0.8463742561163765,0.6704604242110709,4537.0,0.04879679144385027,0.39089481946624804,0.3295395757889291,0.5025303643724697
5054.0,5054.0,4909.0,4321.0,62.0,0.0,209.0,0.0,38.0,279.0,186.0,93.0,145.0,0.0,0.0,0.0,0.0,0.0,145.0,0.0,0.0,0.0,5053.0,287.0,185.0,0.0,0.0,0.0,35.0,0.0,0.0,52.0,0.0,25.0,8.0,30.0,34.0,1.0,102.0,0.0,0.0,22.0,0.0,0.0,0.0,0.0,0.0,23.0,21.0,0.0,36.0,0.0,4766.0,2458.0,158.0,38.0,51.0,78.0,41.0,283.0,100.0,219.0,483.0,192.0,399.0,215.0,201.0,2308.0,155.0,72.0,116.0,17.0,19.0,15.0,141.0,228.0,314.0,226.0,496.0,298.0,211.0,158889.0,2014.0,1545.0,469.0,2184.0,1378.0,17.0,108.0,20.0,133.0,23.0,54.0,441.0,10.0,0.0,2014.0,1545.0,27.0,418.0,775.0,251.0,63.0,11.0,469.0,10.0,359.0,100.0,0.0,0.0,0.0,469.0,24.0,61.0,33.0,146.0,0.0,10.0,10.0,58.0,127.0,0.0,25017335302,0.028690146418678276,158889.0,0.36126373626373626,0.018371400198609732,0.041353383458646614,0.01226751088246933,0.8549663632766126,0.7671300893743793,5054.0,0.05679794181674253,0.43710021321961623,0.23286991062562065,0.6387362637362637
5398.0,5398.0,5219.0,4553.0,16.0,0.0,356.0,0.0,15.0,279.0,165.0,114.0,179.0,72.0,0.0,13.0,7.0,0.0,47.0,40.0,40.0,0.0,5258.0,253.0,62.0,0.0,0.0,11.0,0.0,12.0,0.0,15.0,1.0,0.0,0.0,13.0,0.0,10.0,191.0,0.0,0.0,0.0,0.0,0.0,0.0,99.0,12.0,23.0,0.0,44.0,11.0,2.0,5005.0,2529.0,231.0,7.0,177.0,141.0,0.0,71.0,196.0,252.0,396.0,277.0,387.0,296.0,98.0,2476.0,118.0,16.0,153.0,64.0,31.0,20.0,146.0,389.0,378.0,329.0,461.0,258.0,113.0,147031.0,1971.0,1722.0,249.0,2011.0,1654.0,49.0,112.0,55.0,9.0,29.0,103.0,0.0,0.0,0.0,1971.0,1722.0,11.0,562.0,816.0,232.0,76.0,25.0,249.0,0.0,146.0,89.0,14.0,0.0,0.0,249.0,0.0,39.0,0.0,8.0,12.0,25.0,8.0,80.0,37.0,40.0,25017335400,0.03316042978881067,147031.0,0.1531576330183988,0.005580923389142567,0.06595035198221563,0.0029640607632456465,0.8434605409410892,0.8736681887366818,5398.0,0.04811715481171548,0.6024096385542169,0.1263318112633181,0.8468423669816012
5684.0,5684.0,5406.0,4243.0,114.0,0.0,492.0,0.0,24.0,533.0,384.0,149.0,278.0,29.0,0.0,0.0,0.0,0.0,214.0,35.0,35.0,0.0,5684.0,248.0,58.0,0.0,0.0,0.0,0.0,0.0,18.0,0.0,0.0,0.0,19.0,0.0,0.0,21.0,190.0,0.0,0.0,0.0,0.0,0.0,0.0,0.0,15.0,0.0,0.0,42.0,0.0,133.0,5436.0,2568.0,96.0,9.0,265.0,70.0,33.0,66.0,41.0,260.0,370.0,612.0,342.0,195.0,209.0,2868.0,125.0,62.0,224.0,38.0,11.0,82.0,157.0,277.0,416.0,359.0,456.0,412.0,249.0,114605.0,2676.0,1629.0,1047.0,2767.0,1287.0,155.0,384.0,70.0,34.0,140.0,203.0,494.0,0.0,0.0,2676.0,1629.0,57.0,665.0,728.0,147.0,32.0,0.0,1047.0,382.0,532.0,133.0,0.0,0.0,0.0,1047.0,68.0,31.0,31.0,77.0,203.0,123.0,63.0,23.0,316.0,112.0,25017336100,0.048909218859957776,114605.0,0.4788579689194073,0.164050822122571,0.08655876143560873,0.020056298381421533,0.7464813511611541,0.6087443946188341,5684.0,0.043631245601688955,0.501432664756447,0.39125560538116594,0.5211420310805926
2958.0,2958.0,2853.0,2619.0,71.0,0.0,73.0,0.0,0.0,90.0,50.0,40.0,105.0,8.0,0.0,31.0,0.0,0.0,31.0,35.0,0.0,35.0,2958.0,75.0,13.0,0.0,0.0,0.0,0.0,0.0,0.0,0.0,0.0,0.0,2.0,11.0,0.0,0.0,62.0,0.0,0.0,0.0,0.0,0.0,0.0,0.0,0.0,0.0,0.0,10.0,8.0,44.0,2883.0,1376.0,52.0,46.0,30.0,108.0,8.0,0.0,87.0,36.0,125.0,244.0,351.0,158.0,131.0,1507.0,39.0,0.0,133.0,27.0,28.0,82.0,74.0,55.0,188.0,373.0,120.0,153.0,235.0,182404.0,1214.0,1128.0,86.0,1225.0,1103.0,24.0,11.0,0.0,0.0,0.0,0.0,43.0,44.0,0.0,1214.0,1128.0,0.0,224.0,689.0,204.0,11.0,0.0,86.0,0.0,8.0,35.0,43.0,0.0,0.0,86.0,0.0,11.0,43.0,8.0,0.0,0.0,0.0,0.0,0.0,24.0,25017336201,0.035496957403651115,182404.0,0.08,0.0,0.024678837052062204,0.024002704530087897,0.8853955375253549,0.929159802306425,2958.0,0.02535496957403651,0.0,0.07084019769357495,0.92
3223.0,3223.0,3177.0,2945.0,6.0,0.0,54.0,0.0,50.0,122.0,114.0,8.0,46.0,0.0,0.0,0.0,0.0,0.0,0.0,46.0,46.0,0.0,3139.0,61.0,24.0,0.0,0.0,0.0,0.0,0.0,0.0,0.0,0.0,0.0,10.0,6.0,0.0,8.0,37.0,0.0,0.0,0.0,0.0,0.0,0.0,0.0,0.0,0.0,0.0,0.0,15.0,22.0,3078.0,1460.0,74.0,18.0,84.0,41.0,20.0,59.0,44.0,77.0,255.0,234.0,172.0,131.0,251.0,1618.0,174.0,9.0,127.0,62.0,26.0,13.0,87.0,80.0,290.0,244.0,196.0,98.0,212.0,138750.0,1291.0,1113.0,178.0,1301.0,837.0,68.0,192.0,51.0,22.0,13.0,0.0,118.0,0.0,0.0,1291.0,1113.0,14.0,424.0,496.0,166.0,13.0,0.0,178.0,0.0,121.0,57.0,0.0,0.0,0.0,178.0,0.0,13.0,0.0,66.0,31.0,40.0,4.0,9.0,15.0,0.0,25017336202,0.01427241700279243,138750.0,0.30438124519600307,0.010844306738962044,0.016754576481538937,0.001861619609059882,0.9137449581135588,0.8621223857474826,3223.0,0.019432940426887545,0.38202247191011235,0.13787761425251743,0.6956187548039969
6916.0,6916.0,6651.0,5724.0,39.0,0.0,722.0,1.0,0.0,165.0,43.0,122.0,265.0,29.0,0.0,0.0,0.0,0.0,31.0,205.0,180.0,25.0,6874.0,280.0,148.0,0.0,0.0,0.0,61.0,0.0,0.0,0.0,0.0,0.0,29.0,0.0,0.0,58.0,132.0,0.0,0.0,0.0,0.0,0.0,0.0,26.0,0.0,14.0,44.0,0.0,0.0,48.0,6594.0,3253.0,152.0,48.0,313.0,146.0,10.0,111.0,91.0,344.0,925.0,371.0,415.0,154.0,173.0,3341.0,239.0,57.0,355.0,99.0,14.0,90.0,161.0,101.0,663.0,457.0,459.0,303.0,343.0,166760.0,2573.0,2267.0,306.0,2605.0,2081.0,53.0,286.0,92.0,22.0,17.0,0.0,54.0,0.0,0.0,2573.0,2267.0,100.0,785.0,1012.0,300.0,47.0,23.0,306.0,35.0,112.0,159.0,0.0,0.0,0.0,306.0,16.0,156.0,15.0,60.0,19.0,0.0,0.0,7.0,14.0,19.0,25017336300,0.03831694621168305,166760.0,0.18080614203454895,0.05246793626117373,0.1043956043956044,0.005639097744360902,0.8276460381723539,0.8810726778080062,6916.0,0.04073319755600815,0.06862745098039216,0.11892732219199378,0.8191938579654511
5070.0,5070.0,4905.0,3628.0,0.0,0.0,1006.0,0.0,0.0,271.0,77.0,194.0,165.0,31.0,0.0,0.0,0.0,0.0,84.0,50.0,37.0,13.0,4981.0,155.0,108.0,0.0,0.0,0.0,0.0,0.0,0.0,19.0,0.0,23.0,16.0,33.0,0.0,17.0,47.0,0.0,0.0,0.0,0.0,0.0,0.0,0.0,0.0,0.0,0.0,10.0,20.0,17.0,4826.0,2195.0,104.0,0.0,37.0,144.0,24.0,58.0,364.0,350.0,354.0,298.0,172.0,208.0,82.0,2631.0,102.0,0.0,211.0,71.0,114.0,176.0,38.0,255.0,420.0,328.0,283.0,217.0,416.0,104327.0,1989.0,1129.0,860.0,2097.0,699.0,64.0,206.0,228.0,103.0,255.0,177.0,258.0,107.0,0.0,1989.0,1129.0,97.0,445.0,445.0,142.0,0.0,0.0,860.0,306.0,484.0,49.0,21.0,0.0,0.0,860.0,38.0,62.0,132.0,58.0,31.0,80.0,41.0,197.0,221.0,0.0,25017336402,0.03254437869822485,104327.0,0.6361468764902242,0.20261437908496732,0.19842209072978303,0.0,0.7155818540433925,0.567621920563097,5070.0,0.03111824934752058,0.6267441860465116,0.432378079436903,0.3638531235097759
3344.0,3344.0,2997.0,2107.0,237.0,0.0,535.0,0.0,33.0,85.0,40.0,45.0,347.0,48.0,0.0,9.0,13.0,0.0,64.0,213.0,157.0,56.0,3309.0,170.0,70.0,17.0,0.0,0.0,0.0,0.0,0.0,0.0,7.0,26.0,0.0,14.0,0.0,6.0,100.0,5.0,0.0,0.0,0.0,0.0,0.0,11.0,28.0,16.0,0.0,9.0,21.0,10.0,3139.0,1773.0,72.0,0.0,104.0,0.0,22.0,0.0,29.0,459.0,357.0,232.0,118.0,169.0,211.0,1366.0,62.0,13.0,55.0,57.0,0.0,43.0,44.0,409.0,175.0,123.0,64.0,176.0,145.0,135054.0,1607.0,405.0,1202.0,1689.0,263.0,31.0,100.0,40.0,150.0,288.0,371.0,396.0,0.0,50.0,1607.0,405.0,11.0,122.0,236.0,27.0,9.0,0.0,1202.0,98.0,694.0,384.0,26.0,0.0,0.0,1202.0,21.0,127.0,196.0,180.0,169.0,21.0,152.0,59.0,251.0,26.0,25017336403,0.10376794258373205,135054.0,0.7963291888691534,0.06782825140012445,0.15998803827751196,0.0708732057416268,0.6300837320574163,0.2520224019912881,3344.0,0.05137503777576307,0.4018302828618968,0.7479775980087119,0.17406749555950266
2455.0,2455.0,2129.0,1526.0,0.0,0.0,369.0,0.0,32.0,202.0,25.0,177.0,326.0,147.0,0.0,0.0,0.0,0.0,0.0,179.0,179.0,0.0,2455.0,126.0,60.0,0.0,0.0,14.0,0.0,0.0,0.0,0.0,0.0,0.0,0.0,20.0,26.0,0.0,66.0,0.0,0.0,0.0,0.0,0.0,0.0,0.0,14.0,0.0,12.0,0.0,40.0,0.0,2329.0,1276.0,24.0,11.0,31.0,58.0,0.0,64.0,152.0,165.0,268.0,106.0,230.0,152.0,15.0,1053.0,62.0,44.0,43.0,33.0,0.0,0.0,17.0,156.0,133.0,150.0,182.0,161.0,72.0,95586.0,1051.0,657.0,394.0,1087.0,502.0,67.0,137.0,13.0,120.0,109.0,89.0,50.0,0.0,0.0,1051.0,657.0,34.0,230.0,299.0,87.0,7.0,0.0,394.0,138.0,161.0,95.0,0.0,0.0,0.0,394.0,31.0,11.0,8.0,23.0,0.0,46.0,78.0,55.0,142.0,0.0,25017336404,0.13279022403258656,95586.0,0.4765409383624655,0.1636536631779258,0.15030549898167006,0.0,0.6215885947046843,0.6251189343482397,2455.0,0.05132382892057027,0.8147208121827412,0.3748810656517602,0.5234590616375345
2907.0,2907.0,2830.0,2516.0,0.0,7.0,122.0,0.0,129.0,56.0,56.0,0.0,77.0,0.0,70.0,0.0,0.0,0.0,0.0,7.0,7.0,0.0,2907.0,185.0,58.0,0.0,0.0,0.0,19.0,0.0,0.0,0.0,0.0,10.0,0.0,19.0,10.0,0.0,127.0,0.0,0.0,18.0,22.0,0.0,0.0,0.0,0.0,19.0,0.0,18.0,11.0,39.0,2722.0,1271.0,31.0,25.0,55.0,58.0,10.0,39.0,65.0,145.0,162.0,134.0,228.0,180.0,139.0,1451.0,55.0,0.0,69.0,24.0,0.0,36.0,181.0,160.0,184.0,113.0,330.0,159.0,140.0,118958.0,1208.0,946.0,262.0,1243.0,826.0,44.0,90.0,133.0,32.0,26.0,92.0,0.0,0.0,0.0,1208.0,946.0,33.0,249.0,353.0,196.0,70.0,45.0,262.0,74.0,126.0,42.0,20.0,0.0,0.0,262.0,12.0,29.0,42.0,22.0,58.0,20.0,24.0,0.0,55.0,0.0,25017337101,0.026487788097695218,118958.0,0.3000804505229284,0.08857615894039735,0.04196766425868593,0.0,0.8654970760233918,0.7831125827814569,2907.0,0.06363949088407293,0.37786259541984735,0.21688741721854304,0.6999195494770716
5693.0,5693.0,5536.0,4810.0,94.0,0.0,293.0,0.0,0.0,339.0,80.0,259.0,157.0,15.0,0.0,0.0,0.0,0.0,142.0,0.0,0.0,0.0,5642.0,262.0,70.0,0.0,0.0,0.0,0.0,0.0,0.0,0.0,0.0,0.0,19.0,0.0,22.0,29.0,192.0,0.0,0.0,0.0,0.0,0.0,0.0,0.0,17.0,23.0,1.0,41.0,109.0,1.0,5380.0,2604.0,216.0,35.0,230.0,116.0,0.0,30.0,64.0,244.0,425.0,385.0,390.0,278.0,191.0,2776.0,345.0,0.0,185.0,166.0,0.0,108.0,160.0,345.0,499.0,293.0,290.0,175.0,210.0,140313.0,2107.0,1815.0,292.0,2341.0,1453.0,66.0,149.0,31.0,20.0,54.0,391.0,177.0,0.0,0.0,2107.0,1815.0,22.0,656.0,913.0,141.0,44.0,39.0,292.0,11.0,76.0,196.0,9.0,0.0,0.0,292.0,0.0,76.0,38.0,13.0,66.0,0.0,12.0,11.0,20.0,56.0,25017337102,0.027577727033198666,140313.0,0.3511319948739855,0.01566207878500237,0.05146671350781662,0.016511505357456525,0.8448972422272967,0.8614143331751305,5693.0,0.04643743353420773,0.14726027397260275,0.13858566682486947,0.6488680051260145
3317.0,3317.0,3195.0,2688.0,10.0,0.0,136.0,0.0,12.0,349.0,246.0,103.0,122.0,0.0,0.0,0.0,0.0,0.0,95.0,27.0,27.0,0.0,3317.0,288.0,190.0,44.0,0.0,46.0,0.0,0.0,0.0,0.0,4.0,49.0,0.0,0.0,25.0,22.0,98.0,0.0,0.0,0.0,0.0,0.0,0.0,0.0,0.0,43.0,0.0,0.0,39.0,16.0,3029.0,1485.0,25.0,7.0,178.0,52.0,39.0,17.0,0.0,163.0,282.0,267.0,180.0,135.0,140.0,1544.0,22.0,22.0,49.0,105.0,37.0,16.0,59.0,199.0,259.0,273.0,176.0,131.0,196.0,96080.0,1509.0,975.0,534.0,1538.0,726.0,36.0,34.0,0.0,148.0,157.0,142.0,295.0,0.0,0.0,1509.0,975.0,32.0,354.0,471.0,104.0,14.0,0.0,534.0,47.0,381.0,100.0,6.0,0.0,0.0,534.0,25.0,21.0,0.0,81.0,40.0,69.0,42.0,32.0,214.0,10.0,25017337201,0.03678022309315647,96080.0,0.5045513654096229,0.052352551358515576,0.041000904431715404,0.0030147723846849564,0.8103708170033163,0.6461232604373758,3317.0,0.08682544467892674,0.6685393258426966,0.3538767395626243,0.49544863459037713
4935.0,4935.0,4677.0,3938.0,32.0,0.0,259.0,0.0,0.0,448.0,71.0,377.0,258.0,0.0,0.0,0.0,0.0,0.0,69.0,189.0,189.0,0.0,4917.0,207.0,75.0,0.0,0.0,0.0,0.0,0.0,0.0,0.0,0.0,2.0,2.0,2.0,0.0,69.0,132.0,0.0,0.0,0.0,0.0,0.0,0.0,0.0,11.0,11.0,0.0,70.0,0.0,40.0,4710.0,2197.0,164.0,77.0,216.0,0.0,0.0,68.0,150.0,255.0,328.0,241.0,337.0,168.0,193.0,2513.0,249.0,29.0,204.0,35.0,0.0,0.0,134.0,270.0,518.0,236.0,191.0,263.0,384.0,125766.0,2149.0,1521.0,628.0,2247.0,1333.0,88.0,116.0,39.0,0.0,126.0,186.0,359.0,0.0,0.0,2149.0,1521.0,65.0,390.0,790.0,109.0,95.0,72.0,628.0,65.0,299.0,247.0,17.0,0.0,0.0,628.0,39.0,16.0,118.0,61.0,40.0,16.0,56.0,0.0,223.0,59.0,25017337202,0.052279635258358666,125766.0,0.367601246105919,0.0604932526756631,0.0524822695035461,0.006484295845997973,0.7979736575481257,0.7077710563052583,4935.0,0.042098840756558877,0.4697452229299363,0.2922289436947417,0.632398753894081
6503.0,6503.0,6019.0,4961.0,136.0,0.0,784.0,0.0,0.0,138.0,18.0,120.0,484.0,177.0,0.0,0.0,0.0,0.0,115.0,192.0,118.0,74.0,6456.0,302.0,147.0,0.0,0.0,0.0,20.0,0.0,0.0,0.0,0.0,0.0,0.0,20.0,74.0,33.0,155.0,0.0,0.0,0.0,22.0,44.0,0.0,1.0,0.0,0.0,34.0,21.0,18.0,15.0,6154.0,2990.0,170.0,21.0,238.0,127.0,41.0,12.0,122.0,578.0,610.0,304.0,367.0,222.0,178.0,3164.0,124.0,91.0,100.0,55.0,38.0,106.0,123.0,632.0,427.0,400.0,424.0,333.0,311.0,109361.0,2776.0,1666.0,1110.0,2827.0,1193.0,178.0,396.0,210.0,95.0,273.0,188.0,294.0,0.0,0.0,2776.0,1666.0,19.0,719.0,571.0,222.0,72.0,63.0,1110.0,15.0,465.0,612.0,0.0,0.0,18.0,1110.0,38.0,78.0,110.0,331.0,215.0,88.0,43.0,0.0,207.0,0.0,25017337300,0.07442718745194525,109361.0,0.5150336045277679,0.012247838616714697,0.12055974165769645,0.020913424573273873,0.7628786713824389,0.6001440922190202,6503.0,0.04677819083023544,0.3045045045045045,0.39985590778097985,0.484966395472232
3471.0,3471.0,3055.0,2294.0,0.0,0.0,626.0,0.0,0.0,135.0,49.0,86.0,416.0,14.0,0.0,0.0,4.0,0.0,4.0,394.0,394.0,0.0,3471.0,122.0,62.0,0.0,0.0,0.0,0.0,0.0,16.0,21.0,0.0,0.0,0.0,16.0,9.0,0.0,60.0,0.0,0.0,0.0,0.0,16.0,0.0,0.0,0.0,0.0,15.0,19.0,10.0,0.0,3349.0,1554.0,21.0,0.0,89.0,167.0,80.0,61.0,41.0,127.0,290.0,250.0,197.0,168.0,63.0,1795.0,144.0,91.0,169.0,79.0,27.0,40.0,62.0,121.0,254.0,253.0,205.0,167.0,183.0,227083.0,1162.0,989.0,173.0,1175.0,924.0,70.0,162.0,0.0,19.0,0.0,0.0,0.0,0.0,0.0,1162.0,989.0,13.0,194.0,599.0,128.0,51.0,4.0,173.0,0.0,33.0,118.0,0.0,22.0,0.0,173.0,40.0,17.0,0.0,14.0,38.0,10.0,16.0,10.0,19.0,9.0,25017338100,0.1198501872659176,227083.0,0.15404255319148935,0.011187607573149742,0.18035148372227025,0.0,0.6609046384327283,0.851118760757315,3471.0,0.03514837222702391,0.3179190751445087,0.14888123924268504,0.8459574468085106
4290.0,4290.0,4272.0,2201.0,441.0,0.0,1229.0,0.0,55.0,346.0,248.0,98.0,18.0,0.0,0.0,0.0,0.0,0.0,10.0,8.0,8.0,0.0,4098.0,152.0,85.0,0.0,0.0,32.0,0.0,0.0,0.0,0.0,0.0,0.0,28.0,7.0,18.0,0.0,67.0,0.0,0.0,0.0,0.0,0.0,4.0,12.0,11.0,11.0,9.0,0.0,7.0,13.0,3946.0,1815.0,90.0,0.0,182.0,90.0,85.0,53.0,113.0,255.0,362.0,284.0,178.0,80.0,43.0,2131.0,130.0,11.0,130.0,146.0,9.0,51.0,126.0,228.0,366.0,361.0,231.0,245.0,97.0,139833.0,1586.0,1129.0,457.0,1598.0,639.0,312.0,152.0,17.0,57.0,36.0,8.0,341.0,36.0,0.0,1586.0,1129.0,19.0,344.0,674.0,79.0,13.0,0.0,457.0,52.0,194.0,200.0,0.0,11.0,0.0,457.0,11.0,161.0,52.0,43.0,101.0,0.0,33.0,11.0,45.0,0.0,25017338200,0.004195804195804196,139833.0,0.4048811013767209,0.04476670870113493,0.28648018648018647,0.1027972027972028,0.5130536130536131,0.7118537200504413,4290.0,0.03709126403123475,0.19474835886214442,0.28814627994955866,0.595118898623279
3459.0,3459.0,3209.0,2792.0,50.0,0.0,267.0,0.0,7.0,93.0,47.0,46.0,250.0,75.0,0.0,0.0,0.0,0.0,0.0,175.0,175.0,0.0,3423.0,131.0,33.0,0.0,0.0,0.0,0.0,0.0,0.0,23.0,0.0,0.0,0.0,10.0,0.0,0.0,98.0,0.0,0.0,0.0,0.0,0.0,0.0,0.0,0.0,0.0,40.0,0.0,0.0,58.0,3292.0,1508.0,39.0,33.0,157.0,93.0,84.0,22.0,23.0,73.0,208.0,270.0,196.0,174.0,136.0,1784.0,112.0,0.0,205.0,75.0,42.0,32.0,60.0,38.0,296.0,251.0,242.0,119.0,312.0,205040.0,1420.0,1012.0,408.0,1471.0,849.0,92.0,21.0,62.0,68.0,64.0,71.0,244.0,0.0,0.0,1420.0,1012.0,31.0,245.0,465.0,263.0,8.0,0.0,408.0,185.0,194.0,0.0,0.0,29.0,0.0,408.0,9.0,53.0,27.0,35.0,45.0,17.0,0.0,12.0,192.0,18.0,25017338300,0.07227522405319456,205040.0,0.3602991162474507,0.15211267605633802,0.07718993928881179,0.014455044810638912,0.8071697022260769,0.7126760563380282,3459.0,0.03827052293309962,0.5416666666666666,0.28732394366197184,0.6397008837525493
6004.0,6004.0,5973.0,4318.0,123.0,33.0,1010.0,0.0,81.0,408.0,39.0,369.0,31.0,0.0,0.0,0.0,0.0,0.0,0.0,31.0,0.0,31.0,6004.0,65.0,46.0,0.0,0.0,0.0,0.0,0.0,0.0,0.0,31.0,0.0,0.0,0.0,0.0,15.0,19.0,0.0,0.0,0.0,0.0,0.0,0.0,0.0,0.0,0.0,0.0,0.0,0.0,19.0,5939.0,2945.0,83.0,80.0,227.0,149.0,61.0,146.0,146.0,168.0,343.0,593.0,318.0,349.0,282.0,2994.0,141.0,27.0,266.0,200.0,19.0,112.0,161.0,184.0,295.0,528.0,389.0,394.0,278.0,250001.0,2250.0,2030.0,220.0,2292.0,1948.0,192.0,0.0,43.0,74.0,0.0,0.0,35.0,0.0,0.0,2250.0,2030.0,18.0,557.0,990.0,267.0,63.0,135.0,220.0,0.0,60.0,160.0,0.0,0.0,0.0,220.0,0.0,84.0,0.0,0.0,0.0,0.0,0.0,0.0,107.0,29.0,25017338400,0.005163224516988674,250001.0,0.06631762652705062,0.008,0.16822118587608262,0.020486342438374418,0.7191872085276483,0.9022222222222223,6004.0,0.010826115922718187,0.4863636363636364,0.09777777777777778,0.9336823734729494
6182.0,6182.0,5982.0,4901.0,85.0,36.0,518.0,0.0,12.0,430.0,281.0,149.0,200.0,22.0,0.0,0.0,0.0,0.0,158.0,20.0,1.0,19.0,6182.0,609.0,244.0,0.0,0.0,51.0,0.0,0.0,0.0,34.0,0.0,50.0,100.0,0.0,1.0,8.0,365.0,0.0,0.0,63.0,32.0,0.0,50.0,0.0,0.0,79.0,0.0,25.0,19.0,97.0,5573.0,2578.0,282.0,48.0,221.0,53.0,55.0,82.0,148.0,132.0,439.0,326.0,468.0,195.0,129.0,2995.0,257.0,154.0,224.0,192.0,30.0,242.0,188.0,68.0,440.0,413.0,466.0,198.0,123.0,250001.0,1922.0,1651.0,271.0,1985.0,1515.0,61.0,192.0,31.0,74.0,48.0,64.0,0.0,0.0,0.0,1922.0,1651.0,75.0,241.0,993.0,265.0,77.0,0.0,271.0,31.0,127.0,101.0,0.0,0.0,12.0,271.0,52.0,13.0,46.0,43.0,10.0,31.0,61.0,0.0,15.0,0.0,25017338500,0.03235198964736331,250001.0,0.20604534005037783,0.055150884495317375,0.08379165318667098,0.013749595600129408,0.792785506308638,0.8590010405827263,6182.0,0.09851180847622129,0.3948339483394834,0.14099895941727367,0.7939546599496222
3191.0,3191.0,2778.0,2116.0,268.0,0.0,331.0,0.0,1.0,62.0,14.0,48.0,413.0,106.0,0.0,0.0,0.0,0.0,71.0,236.0,220.0,16.0,3173.0,524.0,254.0,0.0,0.0,19.0,0.0,0.0,0.0,17.0,0.0,33.0,107.0,0.0,59.0,19.0,270.0,21.0,0.0,0.0,0.0,0.0,0.0,0.0,28.0,0.0,39.0,14.0,22.0,146.0,2649.0,1144.0,22.0,9.0,18.0,10.0,0.0,0.0,18.0,255.0,212.0,168.0,191.0,161.0,80.0,1505.0,57.0,0.0,118.0,0.0,0.0,15.0,124.0,347.0,99.0,97.0,197.0,314.0,137.0,77386.0,1769.0,999.0,770.0,1882.0,378.0,40.0,33.0,52.0,0.0,141.0,278.0,960.0,0.0,0.0,1769.0,999.0,79.0,510.0,358.0,19.0,24.0,9.0,770.0,353.0,326.0,80.0,11.0,0.0,0.0,770.0,27.0,41.0,73.0,108.0,222.0,73.0,66.0,23.0,89.0,48.0,25017339101,0.12942651206518332,77386.0,0.7778958554729012,0.24420576596947427,0.10372923848323409,0.08398621121905359,0.6631150109683485,0.5647258338044092,3191.0,0.16514339741569492,0.32597402597402597,0.43527416619559073,0.22210414452709884
3371.0,3371.0,3298.0,3040.0,0.0,0.0,145.0,0.0,16.0,97.0,38.0,59.0,73.0,10.0,0.0,0.0,0.0,0.0,0.0,63.0,9.0,54.0,3166.0,68.0,38.0,0.0,0.0,0.0,0.0,0.0,0.0,0.0,0.0,0.0,29.0,0.0,9.0,0.0,30.0,0.0,0.0,0.0,0.0,0.0,0.0,0.0,0.0,0.0,7.0,0.0,23.0,0.0,3098.0,1403.0,79.0,0.0,152.0,48.0,0.0,25.0,39.0,120.0,210.0,165.0,271.0,194.0,100.0,1695.0,93.0,11.0,163.0,38.0,12.0,14.0,103.0,244.0,205.0,236.0,259.0,171.0,146.0,154620.0,1253.0,1146.0,107.0,1253.0,1085.0,77.0,66.0,19.0,0.0,6.0,0.0,0.0,0.0,0.0,1253.0,1146.0,15.0,338.0,616.0,146.0,31.0,0.0,107.0,0.0,50.0,23.0,34.0,0.0,0.0,107.0,0.0,50.0,0.0,0.0,9.0,14.0,0.0,0.0,34.0,0.0,25017339102,0.021655295164639574,154620.0,0.07262569832402235,0.011971268954509178,0.04301394245031148,0.0,0.9018095520617028,0.9146049481245012,3371.0,0.02147820593809223,0.4485981308411215,0.0853950518754988,0.9273743016759777
5614.0,5614.0,5198.0,4616.0,27.0,0.0,393.0,0.0,0.0,162.0,0.0,162.0,416.0,38.0,0.0,19.0,0.0,0.0,68.0,291.0,224.0,67.0,5507.0,219.0,82.0,0.0,0.0,0.0,0.0,0.0,0.0,35.0,25.0,0.0,22.0,0.0,0.0,0.0,137.0,0.0,0.0,0.0,0.0,0.0,0.0,0.0,93.0,0.0,22.0,20.0,1.0,1.0,5288.0,2576.0,92.0,0.0,75.0,112.0,0.0,90.0,95.0,425.0,434.0,527.0,243.0,292.0,191.0,2712.0,111.0,36.0,41.0,85.0,0.0,101.0,410.0,240.0,286.0,574.0,328.0,351.0,149.0,197500.0,2172.0,1639.0,533.0,2333.0,1605.0,43.0,573.0,64.0,36.0,0.0,0.0,12.0,0.0,0.0,2172.0,1639.0,20.0,372.0,998.0,222.0,20.0,7.0,533.0,63.0,153.0,218.0,61.0,38.0,0.0,533.0,11.0,71.0,90.0,129.0,23.0,101.0,0.0,29.0,27.0,52.0,25017339200,0.07410046312789455,197500.0,0.2936133733390484,0.03821362799263352,0.07000356252226576,0.004809405058781618,0.8222301389383684,0.7546040515653776,5614.0,0.0397675685491193,0.2945590994371482,0.24539594843462248,0.7063866266609515
3142.0,3142.0,2944.0,1805.0,660.0,0.0,160.0,0.0,86.0,233.0,0.0,233.0,198.0,13.0,0.0,0.0,0.0,0.0,10.0,175.0,175.0,0.0,3138.0,162.0,50.0,0.0,0.0,0.0,0.0,0.0,0.0,0.0,0.0,1.0,0.0,32.0,17.0,0.0,112.0,0.0,0.0,0.0,0.0,0.0,0.0,27.0,3.0,0.0,24.0,8.0,25.0,25.0,2976.0,1347.0,10.0,46.0,87.0,5.0,17.0,83.0,163.0,344.0,119.0,181.0,121.0,101.0,70.0,1629.0,43.0,0.0,45.0,86.0,17.0,0.0,256.0,211.0,250.0,256.0,135.0,195.0,135.0,122011.0,1213.0,661.0,552.0,1213.0,396.0,111.0,444.0,38.0,14.0,7.0,89.0,114.0,0.0,0.0,1213.0,661.0,30.0,231.0,269.0,81.0,50.0,0.0,552.0,80.0,293.0,130.0,9.0,40.0,0.0,552.0,39.0,100.0,81.0,48.0,39.0,95.0,45.0,7.0,48.0,50.0,25017339300,0.06301718650541056,122011.0,0.5820280296784831,0.09068425391591096,0.050922978994271166,0.21005728835136855,0.5744748567791216,0.5449299258037923,3142.0,0.05162523900573614,0.3532608695652174,0.45507007419620776,0.4179719703215169
3657.0,3657.0,3474.0,2657.0,152.0,0.0,394.0,0.0,8.0,263.0,65.0,198.0,183.0,24.0,0.0,0.0,1.0,0.0,72.0,86.0,86.0,0.0,3601.0,307.0,63.0,0.0,0.0,0.0,0.0,0.0,0.0,35.0,11.0,0.0,0.0,0.0,17.0,0.0,244.0,0.0,0.0,0.0,0.0,0.0,0.0,144.0,7.0,0.0,4.0,13.0,19.0,57.0,3294.0,1809.0,11.0,10.0,58.0,19.0,17.0,0.0,150.0,730.0,203.0,132.0,266.0,136.0,77.0,1485.0,32.0,0.0,73.0,62.0,0.0,13.0,69.0,457.0,184.0,104.0,282.0,142.0,67.0,141563.0,1437.0,692.0,745.0,1495.0,267.0,181.0,673.0,156.0,49.0,110.0,17.0,21.0,21.0,0.0,1437.0,692.0,35.0,244.0,225.0,27.0,20.0,141.0,745.0,125.0,276.0,242.0,53.0,49.0,0.0,745.0,18.0,168.0,88.0,115.0,85.0,11.0,36.0,11.0,185.0,28.0,25017339400,0.05004101722723544,141563.0,0.7003344481605351,0.11134307585247043,0.10773858353841947,0.04156412359857807,0.7265518184304074,0.4815588030619346,3657.0,0.085254096084421,0.3261744966442953,0.5184411969380655,0.29966555183946486
5440.0,5440.0,5122.0,3926.0,106.0,0.0,509.0,13.0,137.0,431.0,162.0,269.0,318.0,82.0,10.0,0.0,0.0,0.0,87.0,139.0,90.0,49.0,3654.0,426.0,154.0,0.0,0.0,9.0,0.0,0.0,59.0,29.0,41.0,16.0,0.0,0.0,0.0,0.0,272.0,12.0,0.0,14.0,50.0,0.0,0.0,122.0,12.0,22.0,0.0,0.0,9.0,31.0,3228.0,1559.0,61.0,22.0,78.0,53.0,0.0,44.0,51.0,350.0,197.0,168.0,263.0,176.0,96.0,1669.0,23.0,0.0,41.0,0.0,0.0,17.0,246.0,342.0,198.0,242.0,233.0,207.0,120.0,105625.0,1674.0,776.0,898.0,1806.0,535.0,163.0,817.0,137.0,13.0,56.0,19.0,9.0,57.0,0.0,1674.0,776.0,38.0,371.0,332.0,34.0,1.0,0.0,898.0,152.0,434.0,235.0,41.0,36.0,0.0,898.0,23.0,28.0,162.0,122.0,54.0,66.0,112.0,96.0,197.0,38.0,25017339500,0.05845588235294118,105625.0,0.6135105204872646,0.1135005973715651,0.09356617647058824,0.01948529411764706,0.7216911764705882,0.4635603345280765,5440.0,0.11658456486042693,0.5244988864142539,0.5364396654719236,0.3864894795127353
5431.0,5431.0,4349.0,3300.0,262.0,0.0,482.0,0.0,65.0,240.0,132.0,108.0,1082.0,66.0,25.0,0.0,0.0,0.0,911.0,80.0,27.0,53.0,5431.0,414.0,165.0,0.0,0.0,0.0,10.0,0.0,28.0,95.0,0.0,0.0,0.0,6.0,13.0,13.0,249.0,0.0,0.0,11.0,0.0,0.0,0.0,67.0,52.0,66.0,0.0,0.0,53.0,0.0,5017.0,2684.0,0.0,0.0,76.0,18.0,0.0,16.0,400.0,1016.0,398.0,340.0,293.0,127.0,0.0,2333.0,34.0,0.0,60.0,43.0,69.0,11.0,305.0,718.0,404.0,98.0,331.0,118.0,142.0,150074.0,2213.0,790.0,1423.0,2314.0,232.0,307.0,1208.0,301.0,0.0,101.0,96.0,69.0,0.0,0.0,2213.0,790.0,68.0,435.0,203.0,84.0,0.0,0.0,1423.0,287.0,592.0,458.0,69.0,17.0,0.0,1423.0,117.0,179.0,244.0,273.0,130.0,74.0,63.0,57.0,210.0,76.0,25017339600,0.19922666175658257,150074.0,0.7670700086430423,0.16041572525982828,0.0887497698398085,0.04824157613699134,0.6076229055422574,0.3569814731134207,5431.0,0.07622905542257412,0.2839072382290935,0.6430185268865793,0.23292999135695766
3807.0,3807.0,3421.0,2443.0,454.0,0.0,353.0,0.0,62.0,109.0,75.0,34.0,386.0,10.0,0.0,0.0,6.0,0.0,88.0,282.0,189.0,93.0,3807.0,393.0,148.0,0.0,0.0,0.0,0.0,0.0,0.0,23.0,17.0,64.0,20.0,0.0,21.0,3.0,245.0,0.0,0.0,0.0,18.0,0.0,0.0,102.0,0.0,0.0,49.0,0.0,18.0,58.0,3414.0,1599.0,145.0,12.0,0.0,74.0,0.0,0.0,101.0,435.0,271.0,240.0,146.0,99.0,76.0,1815.0,36.0,0.0,39.0,38.0,20.0,0.0,256.0,583.0,81.0,238.0,111.0,301.0,112.0,92809.0,1786.0,821.0,965.0,1866.0,290.0,212.0,1047.0,276.0,0.0,0.0,35.0,6.0,0.0,0.0,1786.0,821.0,99.0,288.0,398.0,36.0,0.0,0.0,965.0,150.0,523.0,161.0,131.0,0.0,0.0,965.0,97.0,99.0,119.0,129.0,52.0,58.0,170.0,44.0,134.0,63.0,25017339700,0.10139217231415813,92809.0,0.7309753483386924,0.13941769316909294,0.09272392960336223,0.11925400577882847,0.641712634620436,0.4596864501679731,3807.0,0.10323089046493301,0.42072538860103625,0.5403135498320268,0.2690246516613076
4757.0,4757.0,4179.0,2639.0,420.0,0.0,901.0,0.0,114.0,105.0,0.0,105.0,578.0,452.0,38.0,0.0,0.0,0.0,0.0,88.0,87.0,1.0,4757.0,180.0,33.0,0.0,0.0,0.0,0.0,0.0,0.0,0.0,1.0,13.0,0.0,0.0,19.0,0.0,147.0,0.0,0.0,0.0,0.0,0.0,0.0,0.0,22.0,0.0,60.0,16.0,35.0,14.0,4577.0,1705.0,93.0,0.0,23.0,31.0,22.0,9.0,113.0,426.0,275.0,391.0,141.0,115.0,66.0,2872.0,252.0,78.0,91.0,132.0,0.0,140.0,359.0,673.0,382.0,211.0,161.0,262.0,131.0,125000.0,2160.0,969.0,1191.0,2421.0,596.0,116.0,150.0,190.0,0.0,92.0,69.0,1208.0,0.0,0.0,2160.0,969.0,84.0,463.0,347.0,57.0,18.0,0.0,1191.0,248.0,595.0,348.0,0.0,0.0,0.0,1191.0,64.0,57.0,146.0,221.0,95.0,77.0,0.0,199.0,303.0,29.0,25017339802,0.12150515030481396,125000.0,0.7059066501445683,0.1537037037037037,0.18940508723985705,0.08829093966785789,0.5547614042463738,0.4486111111111111,4757.0,0.03783897414336767,0.48614609571788414,0.5513888888888889,0.2940933498554316
3699.0,3699.0,3675.0,2139.0,89.0,0.0,1406.0,0.0,13.0,28.0,0.0,28.0,24.0,16.0,8.0,0.0,0.0,0.0,0.0,0.0,0.0,0.0,3699.0,412.0,263.0,0.0,0.0,0.0,0.0,0.0,0.0,131.0,63.0,15.0,37.0,0.0,17.0,0.0,149.0,0.0,0.0,0.0,0.0,0.0,0.0,61.0,77.0,0.0,0.0,0.0,11.0,0.0,3287.0,1642.0,89.0,0.0,0.0,0.0,66.0,11.0,48.0,759.0,427.0,51.0,95.0,15.0,81.0,1645.0,24.0,0.0,0.0,0.0,33.0,0.0,114.0,814.0,219.0,165.0,150.0,110.0,16.0,124756.0,1926.0,370.0,1556.0,2081.0,0.0,10.0,62.0,19.0,22.0,0.0,144.0,1824.0,0.0,0.0,1926.0,370.0,105.0,124.0,141.0,0.0,0.0,0.0,1556.0,134.0,1162.0,197.0,63.0,0.0,0.0,1556.0,0.0,231.0,291.0,215.0,99.0,135.0,23.0,158.0,220.0,184.0,25017339803,0.006488240064882401,124756.0,0.9951946179721288,0.1240913811007269,0.380102730467694,0.024060556907272237,0.578264395782644,0.1921079958463136,3699.0,0.11138145444714788,0.3444730077120823,0.8078920041536864,0.004805382027871216
2733.0,2733.0,2546.0,1277.0,289.0,0.0,644.0,0.0,110.0,226.0,14.0,212.0,187.0,0.0,21.0,0.0,29.0,0.0,25.0,112.0,112.0,0.0,2733.0,32.0,21.0,0.0,0.0,0.0,0.0,0.0,0.0,0.0,0.0,0.0,0.0,21.0,0.0,0.0,11.0,0.0,0.0,0.0,0.0,0.0,0.0,0.0,5.0,0.0,0.0,0.0,0.0,6.0,2701.0,1411.0,50.0,0.0,90.0,42.0,0.0,71.0,123.0,363.0,168.0,142.0,208.0,109.0,45.0,1290.0,86.0,7.0,13.0,15.0,0.0,8.0,110.0,284.0,253.0,228.0,112.0,72.0,102.0,124434.0,1085.0,645.0,440.0,1085.0,215.0,151.0,471.0,147.0,43.0,13.0,28.0,17.0,0.0,0.0,1085.0,645.0,17.0,223.0,211.0,122.0,72.0,0.0,440.0,17.0,267.0,68.0,88.0,0.0,0.0,440.0,70.0,122.0,41.0,51.0,52.0,14.0,19.0,24.0,37.0,10.0,25017339804,0.06842297841200147,124434.0,0.6626728110599078,0.03133640552995392,0.23563849249908525,0.1057446030003659,0.46725210391511157,0.5944700460829493,2733.0,0.011708744968898645,0.21363636363636362,0.4055299539170507,0.33732718894009217
5221.0,5221.0,4654.0,2947.0,641.0,0.0,799.0,0.0,0.0,267.0,231.0,36.0,567.0,156.0,69.0,0.0,0.0,0.0,10.0,332.0,317.0,15.0,5221.0,873.0,390.0,0.0,94.0,29.0,0.0,104.0,0.0,4.0,0.0,97.0,0.0,38.0,24.0,0.0,483.0,0.0,0.0,186.0,0.0,0.0,0.0,31.0,181.0,0.0,62.0,1.0,0.0,22.0,4348.0,1938.0,109.0,0.0,70.0,17.0,36.0,29.0,304.0,416.0,265.0,185.0,329.0,71.0,107.0,2410.0,144.0,0.0,82.0,21.0,30.0,0.0,332.0,395.0,337.0,318.0,352.0,276.0,123.0,109100.0,2072.0,1143.0,929.0,2206.0,692.0,194.0,748.0,262.0,203.0,85.0,22.0,0.0,0.0,0.0,2072.0,1143.0,114.0,410.0,338.0,266.0,15.0,0.0,929.0,213.0,392.0,289.0,12.0,23.0,0.0,929.0,51.0,39.0,179.0,174.0,98.0,90.0,60.0,11.0,217.0,10.0,25017339900,0.10859988507948669,109100.0,0.5983680870353582,0.1578185328185328,0.15303581689331547,0.12277341505458725,0.564451254548937,0.5516409266409267,5221.0,0.16720934686841601,0.4068891280947255,0.4483590733590734,0.4016319129646419
2707.0,2707.0,2420.0,1653.0,258.0,0.0,469.0,0.0,0.0,40.0,11.0,29.0,287.0,46.0,51.0,0.0,0.0,0.0,13.0,177.0,164.0,13.0,2707.0,99.0,64.0,0.0,0.0,0.0,0.0,0.0,0.0,7.0,0.0,0.0,16.0,41.0,0.0,0.0,35.0,0.0,0.0,0.0,0.0,0.0,0.0,0.0,12.0,0.0,0.0,0.0,9.0,14.0,2608.0,1393.0,144.0,27.0,66.0,64.0,12.0,29.0,122.0,402.0,254.0,25.0,103.0,118.0,27.0,1215.0,12.0,0.0,37.0,35.0,0.0,47.0,42.0,520.0,154.0,104.0,101.0,54.0,109.0,117988.0,998.0,480.0,518.0,1033.0,223.0,47.0,409.0,171.0,51.0,74.0,37.0,21.0,0.0,0.0,998.0,480.0,33.0,168.0,165.0,64.0,50.0,0.0,518.0,20.0,204.0,229.0,65.0,0.0,0.0,518.0,4.0,78.0,73.0,73.0,106.0,22.0,50.0,25.0,37.0,50.0,25017340000,0.1060214259327669,117988.0,0.7386253630203291,0.0531062124248497,0.17325452530476543,0.09530845954931659,0.6106390838566679,0.48096192384769537,2707.0,0.0365718507572959,0.25868725868725867,0.5190380761523046,0.26137463697967084
6584.0,6584.0,6147.0,4630.0,119.0,0.0,757.0,13.0,285.0,343.0,173.0,170.0,437.0,114.0,0.0,0.0,0.0,0.0,200.0,123.0,106.0,17.0,6452.0,233.0,148.0,0.0,0.0,0.0,0.0,22.0,0.0,57.0,13.0,1.0,15.0,15.0,2.0,23.0,85.0,0.0,0.0,0.0,0.0,0.0,14.0,0.0,0.0,0.0,0.0,23.0,0.0,48.0,6219.0,3144.0,24.0,72.0,111.0,103.0,0.0,91.0,153.0,555.0,594.0,530.0,423.0,320.0,168.0,3075.0,99.0,0.0,292.0,92.0,0.0,34.0,135.0,442.0,522.0,471.0,502.0,250.0,236.0,165893.0,2581.0,2028.0,553.0,2599.0,2134.0,60.0,228.0,0.0,0.0,19.0,72.0,86.0,0.0,0.0,2581.0,2028.0,108.0,686.0,984.0,219.0,31.0,0.0,553.0,136.0,162.0,86.0,45.0,124.0,0.0,553.0,66.0,35.0,0.0,20.0,0.0,25.0,181.0,35.0,191.0,0.0,25017340100,0.06637302551640341,165893.0,0.15582916506348596,0.09453700116234018,0.11497569866342648,0.01807411907654921,0.7032199270959902,0.785741960480434,6584.0,0.0361128332300062,0.7811934900542495,0.21425803951956607,0.844170834936514
3819.0,3819.0,3601.0,1889.0,355.0,0.0,1132.0,0.0,84.0,141.0,8.0,133.0,218.0,5.0,0.0,14.0,0.0,0.0,39.0,160.0,130.0,30.0,3815.0,331.0,176.0,0.0,0.0,0.0,0.0,0.0,0.0,1.0,137.0,1.0,0.0,0.0,37.0,0.0,155.0,11.0,0.0,0.0,0.0,0.0,0.0,27.0,55.0,20.0,0.0,0.0,36.0,6.0,3484.0,1843.0,42.0,85.0,107.0,20.0,31.0,56.0,118.0,257.0,323.0,164.0,360.0,174.0,106.0,1641.0,47.0,0.0,112.0,54.0,0.0,29.0,35.0,278.0,308.0,170.0,332.0,155.0,121.0,136125.0,1408.0,1037.0,371.0,1529.0,787.0,60.0,383.0,236.0,31.0,0.0,32.0,0.0,0.0,0.0,1408.0,1037.0,29.0,417.0,489.0,98.0,4.0,0.0,371.0,115.0,150.0,67.0,39.0,0.0,0.0,371.0,0.0,42.0,21.0,61.0,30.0,83.0,16.0,41.0,72.0,5.0,25017341101,0.057083006022518985,136125.0,0.4460431654676259,0.10227272727272728,0.2964126734747316,0.09295627127520294,0.4946321026446714,0.7365056818181818,3819.0,0.08676277850589777,0.5714285714285714,0.2634943181818182,0.5539568345323741
5739.0,5739.0,4962.0,2803.0,360.0,0.0,1556.0,0.0,4.0,239.0,153.0,86.0,777.0,71.0,19.0,69.0,0.0,0.0,310.0,308.0,253.0,55.0,5739.0,851.0,503.0,0.0,0.0,24.0,25.0,35.0,35.0,95.0,203.0,0.0,25.0,0.0,61.0,0.0,348.0,0.0,0.0,0.0,0.0,0.0,0.0,40.0,63.0,84.0,51.0,60.0,0.0,50.0,4888.0,2645.0,153.0,19.0,23.0,173.0,38.0,66.0,307.0,525.0,355.0,534.0,113.0,300.0,39.0,2243.0,132.0,0.0,47.0,61.0,0.0,77.0,351.0,333.0,436.0,273.0,208.0,209.0,116.0,99662.0,2384.0,1005.0,1379.0,2504.0,493.0,66.0,475.0,202.0,120.0,183.0,571.0,394.0,0.0,0.0,2384.0,1005.0,31.0,312.0,629.0,33.0,0.0,0.0,1379.0,443.0,582.0,196.0,81.0,77.0,0.0,1379.0,0.0,113.0,158.0,304.0,169.0,102.0,163.0,34.0,235.0,101.0,25017341102,0.1353894406691061,99662.0,0.7767571884984026,0.1988255033557047,0.2711273741069873,0.06272869837950862,0.48841261543822967,0.42156040268456374,5739.0,0.14828367311378288,0.38723712835387963,0.5784395973154363,0.22324281150159744
6569.0,6569.0,6373.0,2407.0,499.0,0.0,2368.0,0.0,393.0,706.0,645.0,61.0,196.0,0.0,0.0,0.0,0.0,0.0,0.0,196.0,196.0,0.0,6569.0,933.0,441.0,0.0,0.0,145.0,0.0,0.0,0.0,89.0,50.0,140.0,0.0,4.0,13.0,0.0,492.0,0.0,0.0,0.0,0.0,0.0,43.0,0.0,0.0,158.0,11.0,57.0,46.0,177.0,5636.0,2840.0,34.0,120.0,112.0,85.0,0.0,47.0,406.0,534.0,481.0,548.0,262.0,147.0,64.0,2796.0,128.0,75.0,188.0,234.0,0.0,72.0,124.0,351.0,386.0,397.0,317.0,268.0,256.0,87668.0,2660.0,1280.0,1380.0,2855.0,687.0,281.0,993.0,339.0,0.0,30.0,210.0,315.0,0.0,0.0,2660.0,1280.0,63.0,546.0,394.0,222.0,36.0,19.0,1380.0,366.0,610.0,311.0,93.0,0.0,0.0,1380.0,126.0,206.0,73.0,91.0,163.0,236.0,49.0,167.0,216.0,53.0,25017341200,0.029837113715938498,87668.0,0.6609457092819615,0.1612781954887218,0.3604810473435835,0.0759628558380271,0.3664180240523672,0.48120300751879697,6569.0,0.14203075049474806,0.48405797101449277,0.518796992481203,0.33905429071803855
4305.0,4305.0,4121.0,1120.0,427.0,0.0,2422.0,0.0,55.0,97.0,0.0,97.0,184.0,35.0,0.0,0.0,0.0,0.0,33.0,116.0,116.0,0.0,4303.0,664.0,397.0,0.0,0.0,0.0,0.0,0.0,0.0,88.0,200.0,0.0,25.0,0.0,68.0,16.0,267.0,0.0,0.0,0.0,0.0,0.0,0.0,100.0,51.0,4.0,0.0,0.0,97.0,15.0,3639.0,1937.0,49.0,21.0,128.0,15.0,0.0,17.0,42.0,849.0,300.0,234.0,155.0,18.0,109.0,1702.0,182.0,15.0,36.0,17.0,18.0,62.0,76.0,649.0,314.0,97.0,97.0,139.0,0.0,91076.0,2177.0,157.0,2020.0,2334.0,140.0,20.0,16.0,156.0,79.0,118.0,441.0,1364.0,0.0,0.0,2177.0,157.0,15.0,36.0,86.0,20.0,0.0,0.0,2020.0,937.0,838.0,245.0,0.0,0.0,0.0,2020.0,0.0,265.0,303.0,222.0,273.0,227.0,99.0,134.0,314.0,183.0,25017341301,0.042740998838559814,91076.0,0.9314481576692374,0.43729903536977494,0.5626016260162602,0.0991869918699187,0.2601626016260163,0.07211759301791457,4305.0,0.15431094585173136,0.3831683168316832,0.9278824069820855,0.06855184233076264
2598.0,2598.0,2123.0,1162.0,168.0,0.0,757.0,0.0,0.0,36.0,33.0,3.0,475.0,8.0,101.0,0.0,0.0,0.0,87.0,279.0,261.0,18.0,2598.0,247.0,143.0,0.0,36.0,0.0,0.0,0.0,32.0,16.0,26.0,0.0,25.0,7.0,1.0,0.0,104.0,0.0,0.0,0.0,0.0,0.0,0.0,7.0,25.0,38.0,0.0,5.0,8.0,21.0,2351.0,1152.0,24.0,16.0,42.0,11.0,0.0,17.0,29.0,325.0,119.0,100.0,314.0,135.0,20.0,1199.0,26.0,4.0,45.0,10.0,1.0,35.0,42.0,217.0,164.0,168.0,336.0,105.0,46.0,121813.0,1187.0,212.0,975.0,1228.0,212.0,17.0,474.0,157.0,49.0,73.0,170.0,76.0,0.0,0.0,1187.0,212.0,23.0,113.0,33.0,43.0,0.0,0.0,975.0,171.0,418.0,369.0,17.0,0.0,0.0,975.0,17.0,60.0,407.0,81.0,84.0,139.0,13.0,9.0,137.0,28.0,25017341302,0.18283294842186298,121813.0,0.8135179153094463,0.16343723673125526,0.2913779830638953,0.06466512702078522,0.4472671285604311,0.17860151642796968,2598.0,0.09507313317936875,0.30564102564102563,0.8213984835720304,0.18648208469055375
6908.0,6908.0,6226.0,2220.0,785.0,0.0,2069.0,0.0,58.0,1094.0,853.0,241.0,682.0,25.0,0.0,0.0,0.0,0.0,616.0,41.0,41.0,0.0,6794.0,613.0,247.0,0.0,122.0,0.0,0.0,0.0,0.0,0.0,0.0,122.0,0.0,3.0,0.0,0.0,366.0,2.0,0.0,37.0,0.0,0.0,0.0,0.0,170.0,138.0,0.0,0.0,0.0,19.0,6181.0,2904.0,352.0,0.0,59.0,0.0,0.0,0.0,129.0,1129.0,427.0,335.0,254.0,148.0,71.0,3277.0,207.0,0.0,261.0,117.0,0.0,55.0,150.0,921.0,441.0,251.0,281.0,405.0,188.0,99402.0,2470.0,1305.0,1165.0,2689.0,732.0,356.0,685.0,453.0,83.0,125.0,226.0,29.0,0.0,0.0,2470.0,1305.0,191.0,380.0,613.0,105.0,16.0,0.0,1165.0,91.0,603.0,390.0,81.0,0.0,0.0,1165.0,23.0,28.0,90.0,129.0,128.0,182.0,12.0,128.0,368.0,77.0,25017341400,0.09872611464968153,99402.0,0.5953886203049461,0.11417004048582996,0.2995078170237406,0.11363636363636363,0.32136653155761435,0.52834008097166,6908.0,0.09022667059169856,0.592274678111588,0.4716599190283401,0.4046113796950539
5016.0,5016.0,4414.0,1498.0,1031.0,0.0,1317.0,0.0,289.0,279.0,84.0,195.0,602.0,202.0,13.0,0.0,0.0,0.0,192.0,195.0,155.0,40.0,5016.0,622.0,319.0,23.0,0.0,11.0,51.0,56.0,37.0,7.0,21.0,0.0,25.0,14.0,43.0,31.0,303.0,24.0,0.0,0.0,0.0,0.0,20.0,29.0,19.0,44.0,84.0,7.0,36.0,40.0,4394.0,2270.0,165.0,28.0,42.0,49.0,76.0,174.0,128.0,589.0,251.0,363.0,216.0,149.0,40.0,2124.0,129.0,0.0,177.0,16.0,30.0,7.0,202.0,302.0,392.0,321.0,224.0,176.0,148.0,105828.0,1741.0,920.0,821.0,1833.0,365.0,0.0,556.0,706.0,35.0,12.0,76.0,83.0,0.0,0.0,1741.0,920.0,69.0,409.0,268.0,159.0,15.0,0.0,821.0,100.0,340.0,211.0,98.0,72.0,0.0,821.0,9.0,33.0,134.0,102.0,51.0,120.0,31.0,55.0,221.0,65.0,25017341500,0.12001594896331738,105828.0,0.800872885979269,0.09707064905226881,0.2625598086124402,0.20554226475279108,0.2986443381180223,0.5284319356691557,5016.0,0.12400318979266348,0.5200974421437271,0.47156806433084436,0.19912711402073105
6585.0,6585.0,6100.0,3125.0,1042.0,0.0,1422.0,0.0,56.0,455.0,329.0,126.0,485.0,58.0,0.0,17.0,0.0,0.0,153.0,257.0,257.0,0.0,6549.0,742.0,378.0,10.0,0.0,45.0,90.0,0.0,0.0,105.0,54.0,11.0,0.0,46.0,1.0,16.0,364.0,0.0,0.0,10.0,0.0,0.0,0.0,88.0,0.0,41.0,51.0,11.0,16.0,147.0,5807.0,2776.0,253.0,22.0,40.0,75.0,0.0,0.0,159.0,694.0,236.0,442.0,371.0,327.0,157.0,3031.0,123.0,0.0,40.0,147.0,22.0,227.0,132.0,531.0,441.0,467.0,388.0,242.0,271.0,92768.0,2645.0,1316.0,1329.0,2884.0,759.0,339.0,318.0,253.0,163.0,325.0,379.0,348.0,0.0,0.0,2645.0,1316.0,72.0,596.0,420.0,85.0,38.0,105.0,1329.0,580.0,453.0,296.0,0.0,0.0,0.0,1329.0,45.0,107.0,50.0,254.0,86.0,77.0,19.0,82.0,565.0,44.0,25017341600,0.07365223993925589,92768.0,0.6192787794729542,0.24650283553875235,0.21594533029612756,0.15823842065299923,0.4745634016704632,0.49754253308128543,6585.0,0.11329974041838449,0.5590669676448458,0.5024574669187145,0.38072122052704577
6059.0,6059.0,5654.0,2891.0,850.0,0.0,1080.0,0.0,93.0,740.0,438.0,302.0,405.0,110.0,1.0,0.0,0.0,0.0,66.0,228.0,228.0,0.0,6059.0,387.0,142.0,0.0,0.0,0.0,0.0,0.0,1.0,18.0,0.0,19.0,0.0,0.0,89.0,15.0,245.0,0.0,0.0,0.0,0.0,0.0,0.0,21.0,14.0,1.0,76.0,0.0,30.0,103.0,5672.0,2628.0,131.0,85.0,312.0,54.0,0.0,55.0,376.0,284.0,366.0,462.0,261.0,207.0,35.0,3044.0,183.0,45.0,312.0,182.0,75.0,119.0,107.0,406.0,658.0,519.0,216.0,130.0,92.0,126250.0,2226.0,1460.0,766.0,2270.0,1109.0,250.0,638.0,99.0,17.0,39.0,0.0,118.0,0.0,0.0,2226.0,1460.0,79.0,361.0,890.0,92.0,0.0,38.0,766.0,347.0,301.0,118.0,0.0,0.0,0.0,766.0,44.0,58.0,34.0,91.0,0.0,16.0,62.0,19.0,390.0,52.0,25017341700,0.06684271331902954,126250.0,0.4013215859030837,0.19137466307277629,0.17824723551741212,0.14028717610166694,0.4771414424822578,0.655884995507637,6059.0,0.06387192606040601,0.6357702349869452,0.344115004492363,0.5986784140969162
6256.0,6256.0,4954.0,1683.0,1636.0,0.0,926.0,0.0,311.0,398.0,85.0,313.0,1302.0,366.0,191.0,41.0,0.0,0.0,429.0,275.0,243.0,32.0,6256.0,774.0,429.0,0.0,68.0,97.0,15.0,0.0,0.0,52.0,66.0,0.0,15.0,33.0,63.0,20.0,345.0,0.0,0.0,50.0,0.0,0.0,0.0,0.0,0.0,93.0,85.0,68.0,0.0,49.0,5482.0,2985.0,119.0,0.0,355.0,108.0,0.0,0.0,562.0,307.0,339.0,580.0,368.0,222.0,25.0,2497.0,121.0,0.0,128.0,56.0,35.0,56.0,280.0,497.0,336.0,362.0,330.0,91.0,205.0,67964.0,2471.0,603.0,1868.0,2767.0,284.0,392.0,847.0,534.0,149.0,116.0,128.0,240.0,15.0,62.0,2471.0,603.0,12.0,223.0,354.0,14.0,0.0,0.0,1868.0,485.0,1081.0,230.0,19.0,53.0,0.0,1868.0,57.0,61.0,87.0,153.0,305.0,87.0,186.0,155.0,658.0,119.0,25017341800,0.20812020460358055,67964.0,0.7332851463679074,0.20113314447592068,0.14801790281329924,0.2615089514066496,0.26902173913043476,0.24403075677863215,6256.0,0.12372122762148338,0.5813704496788008,0.7559692432213678,0.2443079147090712
1188.0,1188.0,1153.0,429.0,170.0,0.0,264.0,0.0,40.0,250.0,232.0,18.0,35.0,4.0,0.0,0.0,0.0,0.0,18.0,13.0,13.0,0.0,1188.0,38.0,18.0,0.0,0.0,0.0,0.0,0.0,0.0,0.0,0.0,0.0,0.0,0.0,18.0,0.0,20.0,0.0,0.0,0.0,0.0,0.0,0.0,0.0,0.0,0.0,8.0,5.0,0.0,7.0,1150.0,547.0,28.0,0.0,69.0,3.0,0.0,19.0,51.0,88.0,98.0,53.0,74.0,19.0,45.0,603.0,25.0,30.0,36.0,10.0,0.0,0.0,41.0,115.0,73.0,74.0,102.0,71.0,26.0,92109.0,415.0,275.0,140.0,491.0,199.0,6.0,136.0,43.0,8.0,46.0,53.0,0.0,0.0,0.0,415.0,275.0,31.0,95.0,120.0,20.0,9.0,0.0,140.0,8.0,61.0,67.0,0.0,0.0,4.0,140.0,3.0,0.0,26.0,0.0,26.0,3.0,16.0,24.0,42.0,0.0,25017341901,0.029461279461279462,92109.0,0.5824847250509165,0.09397590361445783,0.2222222222222222,0.14309764309764308,0.3611111111111111,0.6626506024096386,1188.0,0.03198653198653199,0.6071428571428571,0.3373493975903614,0.4175152749490835
7587.0,7587.0,6863.0,3020.0,868.0,28.0,2066.0,0.0,165.0,716.0,604.0,112.0,724.0,66.0,0.0,28.0,0.0,0.0,219.0,411.0,411.0,0.0,7587.0,745.0,475.0,212.0,0.0,0.0,21.0,0.0,0.0,113.0,34.0,41.0,0.0,31.0,0.0,23.0,270.0,0.0,0.0,0.0,20.0,0.0,0.0,0.0,27.0,123.0,38.0,19.0,0.0,43.0,6842.0,3829.0,588.0,0.0,141.0,1.0,0.0,60.0,399.0,1221.0,507.0,328.0,374.0,186.0,24.0,3013.0,64.0,9.0,17.0,55.0,0.0,12.0,268.0,1314.0,273.0,505.0,144.0,253.0,99.0,129180.0,3113.0,699.0,2414.0,3311.0,508.0,32.0,185.0,23.0,7.0,74.0,597.0,1803.0,28.0,54.0,3113.0,699.0,41.0,234.0,260.0,125.0,39.0,0.0,2414.0,108.0,1747.0,459.0,72.0,28.0,0.0,2414.0,0.0,85.0,328.0,588.0,241.0,269.0,317.0,257.0,301.0,28.0,25017341903,0.09542638724133386,129180.0,0.8205980066445183,0.04786379698040476,0.2723078950836958,0.11440622116778701,0.39804929484644785,0.22454224221008673,7587.0,0.09819427968894161,0.4739022369511185,0.7754577577899132,0.16309272123225613
3277.0,3277.0,3122.0,1288.0,486.0,21.0,1141.0,0.0,40.0,146.0,128.0,18.0,155.0,9.0,0.0,0.0,0.0,0.0,35.0,111.0,35.0,76.0,3265.0,526.0,204.0,0.0,0.0,0.0,0.0,0.0,47.0,69.0,11.0,4.0,55.0,18.0,0.0,0.0,322.0,0.0,0.0,36.0,52.0,40.0,0.0,9.0,3.0,0.0,57.0,84.0,13.0,28.0,2739.0,1126.0,56.0,10.0,25.0,19.0,0.0,25.0,114.0,223.0,140.0,116.0,295.0,70.0,33.0,1613.0,80.0,0.0,144.0,128.0,9.0,15.0,83.0,284.0,175.0,226.0,172.0,90.0,207.0,98036.0,1145.0,475.0,670.0,1181.0,347.0,222.0,281.0,179.0,0.0,61.0,0.0,61.0,30.0,0.0,1145.0,475.0,9.0,66.0,230.0,116.0,54.0,0.0,670.0,134.0,337.0,132.0,67.0,0.0,0.0,670.0,49.0,33.0,113.0,26.0,135.0,133.0,0.0,69.0,81.0,31.0,25017341904,0.047299359169972535,98036.0,0.5182049110922947,0.12489082969432315,0.34818431492218493,0.14830637778455905,0.393042416844675,0.4148471615720524,3277.0,0.16110260336906584,0.4223880597014925,0.5851528384279476,0.48179508890770534
5566.0,5566.0,3216.0,2374.0,485.0,0.0,201.0,0.0,60.0,96.0,88.0,8.0,2350.0,274.0,219.0,0.0,0.0,0.0,1277.0,580.0,424.0,156.0,5461.0,1038.0,491.0,126.0,16.0,137.0,41.0,0.0,0.0,0.0,80.0,47.0,34.0,0.0,10.0,0.0,547.0,117.0,0.0,38.0,0.0,14.0,18.0,20.0,164.0,38.0,71.0,48.0,10.0,9.0,4423.0,2499.0,199.0,80.0,192.0,65.0,6.0,29.0,124.0,569.0,384.0,439.0,186.0,162.0,64.0,1924.0,66.0,0.0,106.0,30.0,0.0,38.0,257.0,487.0,159.0,282.0,215.0,184.0,100.0,98750.0,1764.0,744.0,1020.0,1846.0,545.0,288.0,600.0,301.0,23.0,9.0,80.0,0.0,0.0,0.0,1764.0,744.0,30.0,185.0,267.0,228.0,34.0,0.0,1020.0,146.0,428.0,403.0,43.0,0.0,0.0,1020.0,124.0,93.0,35.0,109.0,76.0,72.0,41.0,176.0,247.0,47.0,25017342101,0.42220625224577796,98750.0,0.5487540628385699,0.09977324263038549,0.03611210923463888,0.08713618397412864,0.42651814588573483,0.4217687074829932,5566.0,0.19007507782457425,0.5254901960784314,0.5782312925170068,0.45124593716143013
4954.0,4954.0,4051.0,1881.0,633.0,0.0,509.0,0.0,536.0,492.0,279.0,213.0,903.0,39.0,0.0,0.0,53.0,70.0,102.0,639.0,592.0,47.0,4913.0,492.0,270.0,0.0,0.0,9.0,0.0,0.0,41.0,15.0,42.0,51.0,0.0,35.0,60.0,17.0,222.0,0.0,0.0,0.0,0.0,0.0,16.0,7.0,43.0,24.0,13.0,85.0,0.0,34.0,4421.0,2598.0,76.0,54.0,288.0,90.0,63.0,154.0,244.0,567.0,186.0,284.0,425.0,71.0,96.0,1823.0,12.0,0.0,199.0,72.0,0.0,39.0,131.0,244.0,296.0,279.0,224.0,186.0,141.0,68864.0,1630.0,438.0,1192.0,1734.0,393.0,111.0,379.0,371.0,223.0,119.0,79.0,59.0,0.0,0.0,1630.0,438.0,4.0,159.0,174.0,76.0,17.0,8.0,1192.0,411.0,522.0,180.0,27.0,0.0,52.0,1192.0,15.0,167.0,73.0,125.0,106.0,56.0,31.0,154.0,318.0,147.0,25017342102,0.182276947920872,68864.0,0.7093425605536332,0.254601226993865,0.10274525635849818,0.12777553492127575,0.3796931772305208,0.2687116564417178,4954.0,0.10014247913698351,0.46895973154362414,0.7312883435582822,0.2906574394463668
5653.0,5653.0,3624.0,1858.0,904.0,0.0,446.0,0.0,295.0,121.0,66.0,55.0,2029.0,411.0,10.0,103.0,0.0,0.0,350.0,1155.0,73.0,1082.0,5641.0,809.0,432.0,0.0,0.0,0.0,68.0,0.0,0.0,82.0,74.0,189.0,9.0,2.0,8.0,0.0,377.0,81.0,0.0,90.0,0.0,0.0,0.0,0.0,85.0,38.0,26.0,35.0,0.0,22.0,4832.0,2684.0,185.0,139.0,308.0,37.0,16.0,54.0,354.0,503.0,372.0,236.0,251.0,98.0,131.0,2148.0,66.0,0.0,66.0,0.0,37.0,83.0,224.0,636.0,316.0,267.0,204.0,123.0,126.0,96303.0,2375.0,767.0,1608.0,2527.0,518.0,104.0,439.0,1044.0,156.0,40.0,179.0,47.0,0.0,0.0,2375.0,767.0,36.0,395.0,159.0,177.0,0.0,0.0,1608.0,786.0,679.0,107.0,0.0,36.0,0.0,1608.0,20.0,32.0,194.0,61.0,311.0,95.0,138.0,211.0,413.0,133.0,25017342201,0.3589244648859013,96303.0,0.7538583300356153,0.34610526315789475,0.07889616133026711,0.15991508933309748,0.3286750398018751,0.32294736842105265,5653.0,0.14341428824676475,0.5329601990049752,0.6770526315789474,0.24614166996438464
4258.0,4258.0,2706.0,1070.0,313.0,0.0,702.0,0.0,115.0,506.0,334.0,172.0,1552.0,163.0,0.0,0.0,0.0,0.0,552.0,837.0,805.0,32.0,4258.0,276.0,97.0,24.0,0.0,0.0,24.0,0.0,0.0,1.0,17.0,0.0,3.0,0.0,19.0,9.0,179.0,18.0,0.0,14.0,0.0,0.0,0.0,19.0,28.0,22.0,18.0,29.0,0.0,31.0,3982.0,2225.0,139.0,43.0,94.0,86.0,0.0,50.0,255.0,317.0,312.0,272.0,393.0,174.0,90.0,1757.0,0.0,0.0,26.0,54.0,50.0,59.0,90.0,323.0,151.0,402.0,276.0,138.0,188.0,80641.0,1534.0,978.0,556.0,1605.0,758.0,78.0,405.0,249.0,25.0,10.0,37.0,43.0,0.0,0.0,1534.0,978.0,128.0,400.0,237.0,172.0,41.0,0.0,556.0,152.0,285.0,119.0,0.0,0.0,0.0,556.0,13.0,33.0,52.0,79.0,14.0,92.0,16.0,115.0,114.0,28.0,25017342202,0.3644903710662283,80641.0,0.47912772585669783,0.18252933507170796,0.16486613433536873,0.07350868952559887,0.2512916862376703,0.6375488917861799,4258.0,0.06481916392672617,0.6061151079136691,0.3624511082138201,0.5208722741433022
3652.0,3652.0,1923.0,847.0,426.0,0.0,295.0,0.0,108.0,247.0,241.0,6.0,1729.0,41.0,0.0,0.0,0.0,0.0,567.0,1121.0,450.0,671.0,3571.0,312.0,57.0,0.0,0.0,0.0,0.0,0.0,43.0,0.0,0.0,0.0,0.0,0.0,0.0,14.0,255.0,0.0,0.0,39.0,0.0,0.0,0.0,37.0,0.0,67.0,0.0,47.0,65.0,0.0,3259.0,1732.0,316.0,0.0,169.0,53.0,93.0,58.0,91.0,249.0,372.0,120.0,45.0,69.0,97.0,1527.0,63.0,57.0,91.0,28.0,0.0,23.0,231.0,252.0,190.0,121.0,276.0,74.0,121.0,82255.0,1070.0,559.0,511.0,1091.0,187.0,115.0,433.0,284.0,0.0,0.0,72.0,0.0,0.0,0.0,1070.0,559.0,70.0,190.0,232.0,40.0,27.0,0.0,511.0,121.0,242.0,71.0,77.0,0.0,0.0,511.0,14.0,19.0,97.0,34.0,16.0,43.0,36.0,11.0,184.0,57.0,25017342301,0.47343921139101863,82255.0,0.7231897341888176,0.17850467289719626,0.0807776560788609,0.11664841182913473,0.2319277108433735,0.5224299065420561,3652.0,0.08737048445813497,0.5362035225048923,0.47757009345794393,0.2768102658111824
3972.0,3972.0,2813.0,1363.0,478.0,0.0,221.0,0.0,122.0,629.0,560.0,69.0,1159.0,155.0,136.0,232.0,0.0,0.0,226.0,410.0,410.0,0.0,3972.0,373.0,181.0,13.0,0.0,0.0,12.0,11.0,0.0,0.0,57.0,0.0,64.0,9.0,15.0,0.0,192.0,0.0,0.0,0.0,0.0,0.0,0.0,23.0,57.0,32.0,12.0,57.0,11.0,0.0,3599.0,2023.0,140.0,0.0,137.0,135.0,0.0,88.0,174.0,387.0,509.0,179.0,135.0,72.0,67.0,1576.0,31.0,19.0,37.0,19.0,1.0,0.0,101.0,314.0,175.0,466.0,158.0,138.0,117.0,123214.0,1288.0,561.0,727.0,1432.0,146.0,81.0,521.0,535.0,124.0,0.0,25.0,0.0,0.0,0.0,1288.0,561.0,54.0,177.0,153.0,80.0,64.0,33.0,727.0,74.0,452.0,180.0,0.0,21.0,0.0,727.0,0.0,72.0,164.0,51.0,156.0,65.0,78.0,72.0,57.0,12.0,25017342302,0.29179254783484393,123214.0,0.8414804469273743,0.09937888198757763,0.05563947633434038,0.1203423967774421,0.3431520644511581,0.4355590062111801,3972.0,0.09390735146022156,0.3741403026134801,0.5644409937888198,0.1585195530726257
3678.0,3678.0,2369.0,1176.0,95.0,9.0,187.0,0.0,277.0,625.0,451.0,174.0,1309.0,62.0,0.0,0.0,0.0,0.0,402.0,845.0,585.0,260.0,3678.0,896.0,232.0,47.0,0.0,34.0,0.0,0.0,31.0,0.0,0.0,34.0,31.0,10.0,28.0,17.0,664.0,13.0,0.0,113.0,0.0,33.0,0.0,19.0,219.0,32.0,29.0,101.0,66.0,39.0,2782.0,1502.0,20.0,0.0,112.0,65.0,0.0,0.0,61.0,321.0,132.0,156.0,317.0,230.0,88.0,1280.0,43.0,0.0,68.0,34.0,35.0,0.0,11.0,207.0,223.0,248.0,172.0,135.0,104.0,60115.0,1585.0,469.0,1116.0,1924.0,188.0,25.0,496.0,557.0,147.0,125.0,254.0,132.0,0.0,0.0,1585.0,469.0,52.0,213.0,138.0,56.0,10.0,0.0,1116.0,279.0,387.0,344.0,101.0,0.0,5.0,1116.0,35.0,59.0,158.0,21.0,149.0,109.0,56.0,68.0,386.0,75.0,25017342401,0.355899945622621,60115.0,0.8892931392931392,0.2088328075709779,0.05084284937466014,0.025829255029907558,0.3197389885807504,0.29589905362776026,3678.0,0.24361065796628603,0.5546594982078853,0.7041009463722397,0.11070686070686071
4542.0,4542.0,2962.0,1717.0,158.0,0.0,622.0,0.0,174.0,291.0,82.0,209.0,1580.0,18.0,6.0,0.0,0.0,0.0,253.0,1303.0,1032.0,271.0,4542.0,1487.0,699.0,112.0,0.0,71.0,150.0,13.0,0.0,102.0,12.0,172.0,0.0,48.0,19.0,0.0,788.0,115.0,0.0,192.0,56.0,0.0,61.0,12.0,50.0,233.0,12.0,0.0,8.0,49.0,3055.0,1981.0,68.0,0.0,61.0,0.0,0.0,7.0,33.0,778.0,604.0,212.0,103.0,107.0,8.0,1074.0,30.0,0.0,8.0,9.0,15.0,0.0,150.0,427.0,135.0,23.0,150.0,63.0,64.0,99539.0,1859.0,447.0,1412.0,1971.0,290.0,43.0,372.0,159.0,14.0,112.0,255.0,726.0,0.0,0.0,1859.0,447.0,0.0,220.0,205.0,22.0,0.0,0.0,1412.0,155.0,931.0,280.0,21.0,25.0,0.0,1412.0,10.0,165.0,114.0,109.0,159.0,193.0,204.0,19.0,381.0,58.0,25017342402,0.3478643769264641,99539.0,0.8310502283105022,0.08337816030123722,0.13694407749889917,0.03478643769264641,0.37802730074856894,0.24045185583647122,4542.0,0.32738881549977983,0.5644475920679887,0.7595481441635288,0.1689497716894977
4228.0,4228.0,2904.0,1594.0,461.0,9.0,176.0,1.0,296.0,367.0,286.0,81.0,1324.0,345.0,0.0,63.0,0.0,0.0,357.0,559.0,527.0,32.0,4228.0,517.0,268.0,0.0,0.0,18.0,0.0,0.0,0.0,0.0,104.0,51.0,34.0,26.0,17.0,18.0,249.0,0.0,0.0,44.0,0.0,0.0,40.0,0.0,1.0,41.0,30.0,58.0,16.0,19.0,3711.0,1942.0,159.0,47.0,174.0,52.0,52.0,31.0,118.0,199.0,478.0,184.0,254.0,102.0,92.0,1769.0,207.0,9.0,90.0,60.0,0.0,0.0,192.0,210.0,378.0,187.0,162.0,173.0,101.0,63500.0,1468.0,620.0,848.0,1672.0,303.0,142.0,442.0,216.0,62.0,68.0,226.0,213.0,0.0,0.0,1468.0,620.0,39.0,247.0,215.0,119.0,0.0,0.0,848.0,91.0,443.0,240.0,74.0,0.0,0.0,848.0,13.0,12.0,109.0,56.0,98.0,39.0,0.0,149.0,272.0,100.0,25017342501,0.31315042573320717,63500.0,0.7338516746411483,0.0885558583106267,0.041627246925260174,0.10903500473036896,0.3770104068117313,0.4223433242506812,4228.0,0.12228003784295174,0.5424528301886793,0.5776566757493188,0.2661483253588517
3581.0,3581.0,3205.0,1703.0,287.0,0.0,122.0,0.0,137.0,956.0,526.0,430.0,376.0,0.0,0.0,0.0,0.0,0.0,206.0,170.0,170.0,0.0,3546.0,556.0,226.0,79.0,0.0,0.0,0.0,15.0,0.0,0.0,43.0,46.0,0.0,0.0,43.0,0.0,330.0,51.0,0.0,55.0,0.0,0.0,0.0,30.0,39.0,57.0,45.0,11.0,37.0,5.0,2990.0,1455.0,6.0,0.0,0.0,0.0,0.0,88.0,109.0,612.0,69.0,231.0,296.0,37.0,7.0,1535.0,69.0,0.0,0.0,113.0,44.0,0.0,266.0,215.0,0.0,563.0,214.0,18.0,33.0,56098.0,1116.0,329.0,787.0,1175.0,109.0,28.0,211.0,672.0,130.0,0.0,25.0,0.0,0.0,0.0,1116.0,329.0,37.0,80.0,130.0,82.0,0.0,0.0,787.0,325.0,396.0,0.0,66.0,0.0,0.0,787.0,57.0,102.0,60.0,34.0,0.0,11.0,97.0,25.0,396.0,5.0,25017342502,0.10499860374197152,56098.0,0.8834042553191489,0.32437275985663083,0.034068695895001395,0.0801452108349623,0.4755654845015359,0.2948028673835125,3581.0,0.15679639029892836,0.6721728081321474,0.7051971326164874,0.11659574468085106
5961.0,5961.0,3994.0,1621.0,478.0,0.0,630.0,25.0,173.0,1067.0,1009.0,58.0,1967.0,259.0,148.0,128.0,0.0,0.0,611.0,821.0,658.0,163.0,5961.0,544.0,282.0,47.0,0.0,0.0,0.0,30.0,31.0,43.0,0.0,82.0,12.0,0.0,0.0,37.0,262.0,51.0,0.0,28.0,0.0,0.0,0.0,21.0,35.0,67.0,0.0,10.0,38.0,12.0,5417.0,2833.0,131.0,13.0,430.0,56.0,29.0,113.0,227.0,447.0,409.0,513.0,220.0,222.0,23.0,2584.0,95.0,0.0,167.0,179.0,105.0,115.0,262.0,411.0,342.0,240.0,330.0,285.0,53.0,91575.0,1777.0,587.0,1190.0,1850.0,255.0,142.0,541.0,661.0,125.0,0.0,126.0,0.0,0.0,0.0,1777.0,587.0,125.0,194.0,186.0,82.0,0.0,0.0,1190.0,203.0,425.0,445.0,14.0,103.0,0.0,1190.0,148.0,174.0,25.0,143.0,88.0,181.0,102.0,107.0,120.0,102.0,25017342600,0.3299781915785942,91575.0,0.7854054054054054,0.18458075407990995,0.10568696527428284,0.0801878879382654,0.2719342392216071,0.33033202025886327,5961.0,0.09125985572890455,0.42857142857142855,0.6696679797411368,0.2145945945945946
1211.0,1211.0,1158.0,954.0,37.0,0.0,117.0,0.0,0.0,50.0,19.0,31.0,53.0,0.0,0.0,0.0,0.0,0.0,37.0,16.0,6.0,10.0,1211.0,44.0,26.0,0.0,0.0,0.0,7.0,0.0,7.0,0.0,5.0,0.0,0.0,4.0,3.0,0.0,18.0,0.0,0.0,0.0,0.0,0.0,0.0,0.0,7.0,6.0,0.0,0.0,5.0,0.0,1167.0,620.0,24.0,0.0,12.0,0.0,0.0,18.0,48.0,235.0,68.0,43.0,86.0,54.0,32.0,547.0,5.0,0.0,8.0,9.0,0.0,2.0,19.0,198.0,56.0,23.0,76.0,64.0,87.0,130909.0,538.0,266.0,272.0,549.0,61.0,51.0,398.0,34.0,5.0,0.0,0.0,0.0,0.0,0.0,538.0,266.0,39.0,112.0,86.0,25.0,4.0,0.0,272.0,67.0,87.0,94.0,0.0,11.0,13.0,272.0,24.0,23.0,74.0,32.0,18.0,22.0,7.0,14.0,44.0,14.0,25017350105,0.04376548307184145,130909.0,0.7959927140255009,0.1970260223048327,0.09661436829066887,0.0305532617671346,0.7877786952931461,0.4944237918215613,1211.0,0.03633360858794385,0.31985294117647056,0.5055762081784386,0.2040072859744991
2073.0,2073.0,1890.0,1079.0,38.0,0.0,594.0,0.0,12.0,167.0,96.0,71.0,183.0,35.0,0.0,0.0,0.0,0.0,46.0,102.0,54.0,48.0,2073.0,190.0,145.0,0.0,0.0,0.0,0.0,0.0,0.0,36.0,63.0,18.0,7.0,21.0,0.0,0.0,45.0,0.0,0.0,0.0,0.0,0.0,0.0,21.0,19.0,0.0,0.0,5.0,0.0,0.0,1883.0,933.0,44.0,0.0,0.0,0.0,0.0,0.0,53.0,539.0,171.0,34.0,55.0,21.0,16.0,950.0,14.0,0.0,18.0,10.0,0.0,0.0,199.0,466.0,148.0,31.0,17.0,47.0,0.0,133125.0,1228.0,102.0,1126.0,1228.0,0.0,0.0,2.0,0.0,0.0,6.0,16.0,1204.0,0.0,0.0,1228.0,102.0,9.0,75.0,18.0,0.0,0.0,0.0,1126.0,405.0,591.0,130.0,0.0,0.0,0.0,1126.0,22.0,41.0,88.0,186.0,224.0,110.0,71.0,64.0,256.0,64.0,25017350106,0.08827785817655572,133125.0,1.0,0.33713355048859933,0.2865412445730825,0.018330921369995177,0.5205016883743367,0.08306188925081433,2073.0,0.09165460684997588,0.44493783303730017,0.9169381107491856,0.0
1150.0,1150.0,762.0,552.0,87.0,0.0,34.0,0.0,45.0,44.0,0.0,44.0,388.0,185.0,0.0,0.0,0.0,0.0,18.0,185.0,146.0,39.0,1150.0,76.0,28.0,0.0,0.0,0.0,0.0,0.0,0.0,15.0,0.0,0.0,13.0,0.0,0.0,0.0,48.0,0.0,0.0,0.0,0.0,0.0,0.0,21.0,14.0,0.0,0.0,0.0,13.0,0.0,1074.0,610.0,53.0,40.0,48.0,0.0,0.0,2.0,57.0,155.0,158.0,30.0,41.0,26.0,0.0,464.0,69.0,0.0,23.0,5.0,0.0,41.0,46.0,105.0,65.0,46.0,23.0,29.0,12.0,94535.0,410.0,158.0,252.0,468.0,35.0,13.0,171.0,203.0,46.0,0.0,0.0,0.0,0.0,0.0,410.0,158.0,4.0,85.0,34.0,35.0,0.0,0.0,252.0,29.0,128.0,85.0,10.0,0.0,0.0,252.0,0.0,13.0,34.0,22.0,45.0,0.0,0.0,43.0,95.0,0.0,25017350107,0.3373913043478261,94535.0,0.8974358974358975,0.08048780487804878,0.029565217391304348,0.07565217391304348,0.48,0.3853658536585366,1150.0,0.06608695652173913,0.5476190476190477,0.6146341463414634,0.10256410256410256
3767.0,3767.0,2821.0,1724.0,352.0,0.0,530.0,0.0,0.0,215.0,106.0,109.0,946.0,116.0,0.0,0.0,0.0,0.0,442.0,388.0,388.0,0.0,3767.0,652.0,241.0,42.0,3.0,40.0,0.0,0.0,0.0,21.0,11.0,0.0,23.0,14.0,87.0,0.0,411.0,2.0,0.0,0.0,36.0,0.0,31.0,84.0,48.0,130.0,0.0,80.0,0.0,0.0,3115.0,1469.0,190.0,73.0,5.0,52.0,50.0,24.0,76.0,374.0,346.0,126.0,53.0,61.0,39.0,1646.0,2.0,47.0,78.0,22.0,0.0,39.0,100.0,389.0,194.0,409.0,155.0,172.0,39.0,81198.0,1617.0,456.0,1161.0,1750.0,172.0,66.0,264.0,478.0,255.0,147.0,67.0,301.0,0.0,0.0,1617.0,456.0,11.0,234.0,211.0,0.0,0.0,0.0,1161.0,132.0,852.0,165.0,12.0,0.0,0.0,1161.0,177.0,154.0,110.0,62.0,113.0,116.0,59.0,18.0,307.0,45.0,25017350108,0.25112821874170427,81198.0,0.864,0.08843537414965986,0.14069551367135652,0.0934430581364481,0.45765861428192195,0.2820037105751391,3767.0,0.17308202813910273,0.4306632213608958,0.7179962894248608,0.136
2472.0,2472.0,1743.0,895.0,250.0,0.0,266.0,0.0,152.0,180.0,0.0,180.0,729.0,106.0,0.0,0.0,0.0,0.0,493.0,130.0,68.0,62.0,2441.0,152.0,85.0,0.0,0.0,0.0,0.0,3.0,4.0,25.0,16.0,0.0,3.0,7.0,27.0,0.0,67.0,0.0,0.0,3.0,0.0,0.0,0.0,0.0,10.0,14.0,10.0,0.0,18.0,12.0,2289.0,1430.0,14.0,0.0,60.0,25.0,0.0,4.0,252.0,514.0,167.0,125.0,105.0,164.0,0.0,859.0,0.0,0.0,9.0,8.0,0.0,10.0,40.0,195.0,106.0,123.0,84.0,48.0,236.0,116028.0,937.0,277.0,660.0,949.0,43.0,89.0,155.0,424.0,34.0,43.0,124.0,5.0,32.0,0.0,937.0,277.0,11.0,65.0,145.0,19.0,37.0,0.0,660.0,204.0,229.0,103.0,119.0,5.0,0.0,660.0,6.0,62.0,278.0,117.0,52.0,20.0,5.0,14.0,92.0,14.0,25017350109,0.2949029126213592,116028.0,0.8609062170706007,0.2294557097118463,0.1076051779935275,0.1011326860841424,0.36205501618122976,0.29562433297758806,2472.0,0.062269561655059404,0.1984848484848485,0.7043756670224119,0.13909378292939936
2860.0,2860.0,2147.0,1618.0,37.0,0.0,445.0,0.0,33.0,14.0,10.0,4.0,713.0,24.0,0.0,0.0,0.0,0.0,562.0,127.0,83.0,44.0,2819.0,240.0,123.0,0.0,0.0,0.0,0.0,0.0,0.0,50.0,62.0,0.0,0.0,0.0,0.0,11.0,117.0,0.0,0.0,0.0,0.0,0.0,0.0,32.0,29.0,1.0,0.0,28.0,15.0,12.0,2579.0,1432.0,32.0,0.0,0.0,0.0,0.0,13.0,92.0,605.0,265.0,144.0,120.0,106.0,55.0,1147.0,115.0,0.0,97.0,0.0,0.0,0.0,54.0,494.0,86.0,0.0,122.0,90.0,89.0,140972.0,1284.0,501.0,783.0,1323.0,162.0,53.0,379.0,439.0,148.0,129.0,13.0,0.0,0.0,0.0,1284.0,501.0,38.0,153.0,276.0,22.0,12.0,0.0,783.0,80.0,512.0,87.0,86.0,0.0,18.0,783.0,0.0,26.0,247.0,156.0,55.0,127.0,12.0,56.0,90.0,14.0,25017350201,0.2493006993006993,140972.0,0.8374905517762661,0.09190031152647975,0.1555944055944056,0.012937062937062937,0.5657342657342658,0.3901869158878505,2860.0,0.08513657325292658,0.36398467432950193,0.6098130841121495,0.16250944822373395
4201.0,4201.0,3898.0,3011.0,125.0,10.0,139.0,0.0,34.0,579.0,282.0,297.0,303.0,143.0,0.0,0.0,0.0,0.0,25.0,135.0,135.0,0.0,4201.0,228.0,110.0,0.0,0.0,0.0,0.0,0.0,0.0,46.0,28.0,15.0,0.0,17.0,4.0,0.0,118.0,0.0,0.0,0.0,0.0,0.0,0.0,49.0,10.0,7.0,5.0,10.0,37.0,0.0,3973.0,1944.0,89.0,50.0,139.0,43.0,14.0,47.0,68.0,638.0,364.0,188.0,189.0,105.0,10.0,2029.0,110.0,13.0,54.0,117.0,0.0,16.0,221.0,540.0,327.0,187.0,248.0,151.0,45.0,132159.0,1671.0,903.0,768.0,1761.0,242.0,138.0,399.0,553.0,268.0,55.0,63.0,43.0,0.0,0.0,1671.0,903.0,68.0,500.0,254.0,81.0,0.0,0.0,768.0,90.0,322.0,284.0,57.0,6.0,9.0,768.0,44.0,44.0,142.0,190.0,95.0,77.0,24.0,13.0,125.0,14.0,25017350202,0.07212568436086646,132159.0,0.7842135150482681,0.0945541591861161,0.03308736015234468,0.029754820280885504,0.7167341109259701,0.5403949730700179,4201.0,0.054272792192335155,0.3111979166666667,0.45960502692998206,0.21578648495173197
2848.0,2848.0,2592.0,1862.0,72.0,0.0,473.0,14.0,11.0,160.0,0.0,160.0,256.0,114.0,0.0,0.0,0.0,0.0,28.0,114.0,71.0,43.0,2848.0,372.0,71.0,14.0,0.0,0.0,0.0,0.0,0.0,11.0,3.0,16.0,4.0,0.0,23.0,0.0,301.0,0.0,0.0,16.0,0.0,0.0,0.0,0.0,15.0,40.0,139.0,51.0,0.0,40.0,2476.0,1290.0,67.0,0.0,87.0,0.0,0.0,8.0,33.0,493.0,262.0,175.0,99.0,49.0,17.0,1186.0,73.0,0.0,54.0,15.0,0.0,0.0,84.0,470.0,181.0,101.0,110.0,69.0,29.0,143889.0,1380.0,509.0,871.0,1484.0,345.0,139.0,336.0,161.0,77.0,181.0,167.0,76.0,0.0,2.0,1380.0,509.0,119.0,272.0,101.0,3.0,14.0,0.0,871.0,273.0,387.0,199.0,12.0,0.0,0.0,871.0,20.0,52.0,135.0,127.0,149.0,19.0,33.0,63.0,242.0,31.0,25017350300,0.0898876404494382,143889.0,0.6725067385444744,0.28405797101449276,0.1660814606741573,0.025280898876404494,0.6537921348314607,0.36884057971014494,2848.0,0.1306179775280899,0.40987370838117104,0.631159420289855,0.3261455525606469
6102.0,6102.0,5347.0,4338.0,2.0,0.0,691.0,0.0,0.0,316.0,79.0,237.0,755.0,232.0,0.0,0.0,0.0,0.0,0.0,523.0,377.0,146.0,6058.0,408.0,137.0,0.0,0.0,0.0,0.0,0.0,0.0,35.0,17.0,47.0,23.0,14.0,0.0,1.0,271.0,0.0,0.0,0.0,0.0,0.0,0.0,117.0,60.0,15.0,20.0,0.0,17.0,42.0,5650.0,2512.0,89.0,0.0,21.0,80.0,0.0,73.0,103.0,923.0,520.0,330.0,149.0,207.0,17.0,3138.0,213.0,15.0,28.0,0.0,0.0,0.0,497.0,1238.0,429.0,435.0,186.0,46.0,51.0,166831.0,2394.0,1228.0,1166.0,2521.0,258.0,8.0,1164.0,859.0,123.0,41.0,49.0,19.0,0.0,0.0,2394.0,1228.0,135.0,511.0,550.0,32.0,0.0,0.0,1166.0,188.0,442.0,398.0,70.0,68.0,0.0,1166.0,15.0,97.0,282.0,248.0,145.0,92.0,38.0,85.0,164.0,0.0,25017350400,0.12372992461488037,166831.0,0.8944863149543831,0.1349206349206349,0.113241560144215,0.00032776138970829236,0.7109144542772862,0.5129490392648287,6102.0,0.06734896005282272,0.32504288164665524,0.48705096073517123,0.10551368504561681
1597.0,1597.0,1525.0,1364.0,49.0,0.0,92.0,0.0,0.0,20.0,0.0,20.0,72.0,7.0,0.0,0.0,0.0,0.0,14.0,51.0,45.0,6.0,1597.0,67.0,21.0,0.0,0.0,0.0,0.0,0.0,0.0,0.0,18.0,2.0,1.0,0.0,0.0,0.0,46.0,0.0,0.0,0.0,0.0,0.0,8.0,0.0,15.0,0.0,3.0,3.0,11.0,6.0,1530.0,739.0,22.0,0.0,46.0,5.0,0.0,0.0,66.0,259.0,96.0,85.0,74.0,46.0,40.0,791.0,13.0,0.0,41.0,22.0,19.0,5.0,47.0,360.0,93.0,68.0,51.0,35.0,37.0,166293.0,750.0,226.0,524.0,842.0,63.0,48.0,345.0,248.0,42.0,65.0,28.0,3.0,0.0,0.0,750.0,226.0,28.0,132.0,54.0,12.0,0.0,0.0,524.0,154.0,251.0,106.0,13.0,0.0,0.0,524.0,54.0,63.0,85.0,85.0,85.0,29.0,22.0,33.0,37.0,31.0,25017350500,0.045084533500313086,166293.0,0.8681710213776722,0.24266666666666667,0.057608015028177834,0.030682529743268627,0.8541014402003757,0.30133333333333334,1597.0,0.041953663118346904,0.23091603053435114,0.6986666666666667,0.13182897862232779
5144.0,5144.0,4885.0,3579.0,173.0,0.0,808.0,9.0,0.0,316.0,72.0,244.0,259.0,40.0,11.0,0.0,0.0,0.0,24.0,184.0,145.0,39.0,2708.0,644.0,257.0,0.0,0.0,6.0,0.0,0.0,0.0,232.0,18.0,0.0,0.0,1.0,0.0,0.0,387.0,0.0,0.0,0.0,7.0,0.0,0.0,321.0,27.0,0.0,6.0,16.0,0.0,10.0,2064.0,1110.0,34.0,8.0,5.0,8.0,0.0,16.0,138.0,557.0,116.0,90.0,35.0,66.0,37.0,954.0,62.0,4.0,29.0,16.0,0.0,0.0,56.0,428.0,144.0,28.0,52.0,79.0,56.0,153305.0,1108.0,308.0,800.0,1135.0,138.0,23.0,786.0,159.0,29.0,0.0,0.0,0.0,0.0,0.0,1108.0,308.0,63.0,124.0,106.0,6.0,2.0,7.0,800.0,121.0,402.0,170.0,89.0,18.0,0.0,800.0,14.0,172.0,192.0,60.0,84.0,73.0,34.0,35.0,136.0,0.0,25017350600,0.05034992223950233,153305.0,0.8581497797356828,0.16606498194945848,0.15707620528771385,0.03363141524105754,0.6957620528771384,0.2779783393501805,5144.0,0.2378138847858198,0.3475,0.7220216606498195,0.14185022026431718
2948.0,2948.0,2769.0,2356.0,81.0,0.0,256.0,0.0,0.0,76.0,70.0,6.0,179.0,0.0,0.0,0.0,0.0,0.0,26.0,153.0,121.0,32.0,2917.0,275.0,101.0,0.0,0.0,0.0,0.0,0.0,0.0,55.0,6.0,0.0,5.0,0.0,13.0,22.0,174.0,0.0,0.0,0.0,0.0,0.0,0.0,122.0,24.0,0.0,0.0,0.0,18.0,10.0,2642.0,1488.0,49.0,0.0,15.0,33.0,0.0,0.0,103.0,521.0,269.0,319.0,76.0,67.0,36.0,1154.0,26.0,17.0,44.0,17.0,0.0,0.0,154.0,423.0,167.0,90.0,120.0,70.0,26.0,133233.0,1527.0,581.0,946.0,1628.0,117.0,71.0,872.0,439.0,56.0,14.0,0.0,59.0,0.0,0.0,1527.0,581.0,263.0,187.0,129.0,0.0,0.0,2.0,946.0,77.0,455.0,208.0,154.0,52.0,0.0,946.0,10.0,138.0,185.0,185.0,80.0,47.0,140.0,12.0,141.0,8.0,25017350701,0.060719131614654004,133233.0,0.8845208845208845,0.2226588081204977,0.08683853459972862,0.027476255088195387,0.7991858887381276,0.3804846103470858,2948.0,0.09427494000685636,0.3594080338266385,0.6195153896529142,0.11547911547911548
3238.0,3238.0,3011.0,2090.0,343.0,0.0,434.0,0.0,13.0,131.0,45.0,86.0,227.0,26.0,0.0,93.0,0.0,0.0,0.0,108.0,96.0,12.0,3238.0,594.0,249.0,0.0,0.0,0.0,0.0,0.0,0.0,28.0,10.0,111.0,3.0,21.0,47.0,29.0,345.0,0.0,9.0,0.0,36.0,0.0,0.0,10.0,90.0,29.0,5.0,68.0,76.0,22.0,2644.0,1345.0,69.0,9.0,50.0,17.0,13.0,0.0,388.0,239.0,177.0,110.0,60.0,113.0,100.0,1299.0,10.0,0.0,87.0,8.0,0.0,0.0,185.0,223.0,234.0,35.0,127.0,248.0,142.0,43451.0,1561.0,307.0,1254.0,1607.0,19.0,71.0,585.0,178.0,60.0,11.0,110.0,573.0,0.0,0.0,1561.0,307.0,43.0,211.0,53.0,0.0,0.0,0.0,1254.0,523.0,488.0,169.0,66.0,8.0,0.0,1254.0,97.0,71.0,155.0,121.0,209.0,100.0,12.0,140.0,337.0,12.0,25017350702,0.07010500308832612,43451.0,0.9439950217797137,0.36258808456117875,0.1340333539221742,0.10592958616429896,0.6454601605929586,0.19666880204996798,3238.0,0.18344657195799877,0.4696969696969697,0.803331197950032,0.056004978220286245
1990.0,1990.0,1909.0,1542.0,77.0,0.0,111.0,0.0,46.0,133.0,24.0,109.0,81.0,19.0,0.0,0.0,0.0,0.0,2.0,60.0,55.0,5.0,1963.0,81.0,27.0,0.0,0.0,0.0,0.0,0.0,0.0,10.0,0.0,8.0,5.0,0.0,4.0,0.0,54.0,0.0,0.0,0.0,0.0,0.0,0.0,17.0,19.0,10.0,0.0,0.0,4.0,4.0,1882.0,892.0,63.0,3.0,14.0,1.0,0.0,0.0,84.0,352.0,95.0,92.0,81.0,88.0,19.0,990.0,50.0,0.0,9.0,5.0,0.0,0.0,71.0,561.0,128.0,13.0,68.0,69.0,16.0,175962.0,886.0,349.0,537.0,964.0,99.0,19.0,374.0,252.0,114.0,54.0,42.0,10.0,0.0,0.0,886.0,349.0,54.0,204.0,83.0,3.0,5.0,0.0,537.0,92.0,228.0,184.0,26.0,7.0,0.0,537.0,9.0,68.0,157.0,85.0,112.0,21.0,9.0,58.0,18.0,0.0,25017350800,0.0407035175879397,175962.0,0.8775933609958506,0.16478555304740405,0.05577889447236181,0.03869346733668342,0.7748743718592965,0.3939051918735892,1990.0,0.041263372389200206,0.1973929236499069,0.6060948081264108,0.12240663900414937
3700.0,3700.0,3474.0,2735.0,49.0,0.0,615.0,0.0,4.0,71.0,12.0,59.0,226.0,87.0,1.0,0.0,0.0,0.0,0.0,138.0,138.0,0.0,3700.0,338.0,188.0,38.0,0.0,45.0,0.0,0.0,0.0,13.0,39.0,11.0,42.0,0.0,0.0,0.0,150.0,0.0,0.0,0.0,0.0,0.0,0.0,29.0,48.0,59.0,0.0,0.0,14.0,0.0,3362.0,1746.0,81.0,0.0,37.0,14.0,33.0,26.0,159.0,699.0,352.0,119.0,151.0,31.0,44.0,1616.0,20.0,16.0,56.0,0.0,0.0,0.0,116.0,679.0,286.0,118.0,185.0,79.0,61.0,171433.0,1667.0,664.0,1003.0,1808.0,208.0,104.0,645.0,420.0,88.0,42.0,264.0,37.0,0.0,0.0,1667.0,664.0,113.0,368.0,183.0,0.0,0.0,0.0,1003.0,327.0,499.0,131.0,46.0,0.0,0.0,1003.0,46.0,167.0,186.0,213.0,96.0,118.0,54.0,52.0,64.0,7.0,25017350900,0.06108108108108108,171433.0,0.827433628318584,0.26394721055788845,0.1662162162162162,0.013243243243243243,0.7391891891891892,0.39832033593281346,3700.0,0.09135135135135135,0.28713858424725824,0.6016796640671865,0.17256637168141592
4114.0,4114.0,3665.0,2820.0,74.0,0.0,386.0,12.0,71.0,302.0,223.0,79.0,449.0,43.0,0.0,0.0,39.0,0.0,111.0,256.0,248.0,8.0,4095.0,275.0,74.0,0.0,0.0,0.0,0.0,0.0,0.0,25.0,30.0,12.0,0.0,7.0,0.0,0.0,201.0,0.0,0.0,0.0,0.0,0.0,0.0,81.0,104.0,0.0,0.0,7.0,0.0,9.0,3820.0,1788.0,42.0,0.0,0.0,0.0,15.0,11.0,233.0,826.0,279.0,111.0,123.0,121.0,27.0,2032.0,87.0,0.0,51.0,13.0,0.0,0.0,233.0,1027.0,308.0,50.0,141.0,44.0,78.0,146229.0,1871.0,701.0,1170.0,2006.0,163.0,0.0,511.0,709.0,244.0,135.0,235.0,9.0,0.0,0.0,1871.0,701.0,95.0,276.0,320.0,10.0,0.0,0.0,1170.0,459.0,435.0,191.0,64.0,21.0,0.0,1170.0,32.0,124.0,283.0,191.0,98.0,129.0,32.0,182.0,99.0,0.0,25017351001,0.10913952357802625,146229.0,0.9187437686939183,0.29609834313201494,0.09382596013612056,0.01798736023334954,0.6854642683519689,0.37466595403527525,4114.0,0.06715506715506715,0.37777777777777777,0.6253340459647247,0.08125623130608176
2787.0,2787.0,2624.0,1929.0,76.0,0.0,249.0,0.0,10.0,360.0,142.0,218.0,163.0,39.0,0.0,0.0,0.0,0.0,12.0,112.0,81.0,31.0,2787.0,210.0,75.0,0.0,0.0,16.0,0.0,0.0,0.0,0.0,27.0,29.0,0.0,0.0,0.0,3.0,135.0,0.0,0.0,0.0,16.0,0.0,16.0,14.0,63.0,9.0,15.0,1.0,1.0,0.0,2577.0,1261.0,33.0,0.0,63.0,0.0,0.0,0.0,57.0,554.0,314.0,102.0,62.0,25.0,51.0,1316.0,138.0,0.0,43.0,0.0,0.0,0.0,240.0,411.0,215.0,113.0,28.0,69.0,59.0,142589.0,1233.0,361.0,872.0,1320.0,182.0,35.0,240.0,541.0,74.0,81.0,159.0,8.0,0.0,0.0,1233.0,361.0,32.0,221.0,59.0,28.0,0.0,21.0,872.0,186.0,442.0,226.0,12.0,6.0,0.0,872.0,31.0,188.0,63.0,177.0,100.0,68.0,40.0,64.0,125.0,16.0,25017351002,0.05848582705418012,142589.0,0.8356060606060606,0.17680454176804541,0.08934337997847147,0.02726946537495515,0.6921420882669537,0.29278183292781834,2787.0,0.07534983853606028,0.34059633027522934,0.7072181670721817,0.1643939393939394
3230.0,3230.0,3034.0,2348.0,130.0,0.0,401.0,0.0,13.0,142.0,52.0,90.0,196.0,0.0,0.0,12.0,0.0,0.0,90.0,94.0,83.0,11.0,3179.0,158.0,82.0,0.0,0.0,0.0,0.0,0.0,0.0,6.0,13.0,0.0,0.0,56.0,7.0,0.0,76.0,0.0,0.0,0.0,0.0,0.0,0.0,0.0,32.0,0.0,0.0,33.0,11.0,0.0,3021.0,1371.0,35.0,0.0,40.0,75.0,0.0,48.0,50.0,464.0,249.0,134.0,160.0,94.0,22.0,1650.0,40.0,0.0,49.0,35.0,0.0,0.0,178.0,570.0,228.0,129.0,196.0,85.0,140.0,129594.0,1511.0,493.0,1018.0,1612.0,167.0,52.0,385.0,334.0,220.0,60.0,284.0,110.0,0.0,0.0,1511.0,493.0,23.0,281.0,182.0,7.0,0.0,0.0,1018.0,331.0,550.0,105.0,32.0,0.0,0.0,1018.0,11.0,102.0,176.0,172.0,165.0,180.0,31.0,52.0,86.0,43.0,25017351101,0.06068111455108359,129594.0,0.8641439205955335,0.2342819324950364,0.1241486068111455,0.04024767801857585,0.7269349845201238,0.32627399073461283,3230.0,0.0497011638880151,0.3428290766208251,0.6737260092653872,0.1358560794044665
2323.0,2323.0,2065.0,1641.0,15.0,0.0,275.0,6.0,46.0,82.0,25.0,57.0,258.0,36.0,0.0,0.0,0.0,0.0,8.0,214.0,214.0,0.0,2323.0,138.0,66.0,0.0,0.0,0.0,0.0,0.0,0.0,24.0,29.0,0.0,2.0,7.0,0.0,4.0,72.0,0.0,0.0,0.0,0.0,0.0,0.0,0.0,43.0,0.0,0.0,7.0,0.0,22.0,2185.0,972.0,38.0,11.0,13.0,10.0,0.0,0.0,44.0,452.0,154.0,76.0,49.0,108.0,17.0,1213.0,47.0,40.0,23.0,0.0,0.0,9.0,149.0,487.0,159.0,84.0,73.0,66.0,76.0,134375.0,1097.0,505.0,592.0,1157.0,163.0,60.0,250.0,246.0,90.0,56.0,142.0,150.0,0.0,0.0,1097.0,505.0,18.0,273.0,214.0,0.0,0.0,0.0,592.0,172.0,182.0,203.0,22.0,0.0,13.0,592.0,11.0,62.0,184.0,87.0,67.0,41.0,6.0,53.0,81.0,0.0,25017351102,0.11106328024106758,134375.0,0.8072601555747623,0.1731996353691887,0.11838140335772708,0.0064571674558760225,0.7064141196728368,0.4603463992707384,2323.0,0.0594059405940594,0.30574324324324326,0.5396536007292616,0.19273984442523767
4318.0,4318.0,4141.0,3251.0,79.0,0.0,681.0,0.0,25.0,105.0,17.0,88.0,177.0,36.0,0.0,0.0,0.0,0.0,54.0,87.0,69.0,18.0,4318.0,323.0,161.0,0.0,0.0,0.0,0.0,0.0,22.0,22.0,34.0,23.0,10.0,20.0,26.0,4.0,162.0,0.0,0.0,0.0,0.0,0.0,0.0,37.0,32.0,21.0,62.0,0.0,0.0,10.0,3995.0,1964.0,31.0,0.0,28.0,32.0,0.0,0.0,142.0,771.0,610.0,123.0,175.0,52.0,0.0,2031.0,87.0,32.0,17.0,0.0,0.0,37.0,201.0,955.0,312.0,164.0,145.0,81.0,0.0,182758.0,2175.0,521.0,1654.0,2304.0,266.0,114.0,572.0,908.0,213.0,74.0,112.0,45.0,0.0,0.0,2175.0,521.0,40.0,342.0,88.0,51.0,0.0,0.0,1654.0,381.0,987.0,273.0,9.0,4.0,0.0,1654.0,85.0,138.0,273.0,463.0,230.0,47.0,61.0,66.0,283.0,8.0,25017351203,0.04099119962945808,182758.0,0.8350694444444444,0.1935632183908046,0.15771190365910143,0.018295507179249652,0.7528948587308939,0.23954022988505747,4318.0,0.07480314960629922,0.2762998790810157,0.7604597701149425,0.16493055555555555
3893.0,3893.0,3613.0,2407.0,253.0,9.0,443.0,0.0,86.0,415.0,65.0,350.0,280.0,71.0,24.0,0.0,0.0,0.0,97.0,88.0,16.0,72.0,3893.0,387.0,148.0,0.0,0.0,0.0,0.0,0.0,0.0,83.0,0.0,0.0,23.0,13.0,11.0,18.0,239.0,0.0,0.0,0.0,0.0,0.0,0.0,111.0,90.0,1.0,9.0,0.0,28.0,0.0,3506.0,1604.0,57.0,8.0,0.0,61.0,0.0,0.0,152.0,722.0,263.0,133.0,153.0,48.0,7.0,1902.0,24.0,26.0,91.0,19.0,0.0,0.0,323.0,725.0,195.0,226.0,135.0,55.0,83.0,120875.0,1901.0,561.0,1340.0,2092.0,195.0,112.0,475.0,790.0,253.0,112.0,99.0,56.0,0.0,0.0,1901.0,561.0,76.0,301.0,152.0,16.0,0.0,16.0,1340.0,348.0,818.0,154.0,20.0,0.0,0.0,1340.0,9.0,133.0,128.0,238.0,226.0,136.0,95.0,89.0,155.0,131.0,25017351204,0.07192396609298742,120875.0,0.8532504780114722,0.2230405049973698,0.11379398921140509,0.06498844079116363,0.6182892370922168,0.2951078379800105,3893.0,0.0994091959928076,0.35447761194029853,0.7048921620199895,0.14674952198852773
4442.0,4442.0,4219.0,3569.0,266.0,0.0,177.0,0.0,115.0,92.0,0.0,92.0,223.0,67.0,6.0,1.0,0.0,0.0,40.0,109.0,109.0,0.0,4442.0,526.0,264.0,0.0,0.0,0.0,0.0,0.0,0.0,0.0,130.0,0.0,17.0,0.0,65.0,52.0,262.0,0.0,0.0,0.0,0.0,0.0,0.0,0.0,13.0,56.0,25.0,0.0,108.0,60.0,3916.0,1790.0,80.0,48.0,25.0,74.0,0.0,86.0,310.0,318.0,261.0,261.0,170.0,85.0,72.0,2126.0,46.0,32.0,62.0,31.0,0.0,66.0,230.0,868.0,274.0,256.0,110.0,107.0,44.0,128571.0,2182.0,529.0,1653.0,2229.0,230.0,25.0,555.0,487.0,322.0,236.0,58.0,316.0,0.0,0.0,2182.0,529.0,55.0,291.0,150.0,33.0,0.0,0.0,1653.0,510.0,738.0,252.0,153.0,0.0,0.0,1653.0,0.0,54.0,362.0,475.0,214.0,140.0,0.0,56.0,320.0,32.0,25017351300,0.05020261143628996,128571.0,0.8855989232839838,0.2589367552703941,0.03984691580369203,0.059882935614588025,0.8034669067987393,0.24243813015582036,4442.0,0.11841512832057632,0.3121597096188748,0.7575618698441796,0.11440107671601615
3986.0,3986.0,3244.0,2121.0,497.0,0.0,261.0,0.0,95.0,270.0,195.0,75.0,742.0,89.0,0.0,0.0,0.0,0.0,258.0,395.0,290.0,105.0,3986.0,664.0,227.0,19.0,0.0,0.0,0.0,0.0,0.0,1.0,44.0,23.0,9.0,30.0,44.0,57.0,437.0,0.0,19.0,37.0,0.0,0.0,0.0,91.0,58.0,22.0,131.0,21.0,41.0,17.0,3322.0,1820.0,38.0,25.0,60.0,7.0,35.0,13.0,94.0,673.0,335.0,165.0,126.0,178.0,71.0,1502.0,78.0,0.0,91.0,0.0,0.0,0.0,81.0,376.0,300.0,121.0,175.0,192.0,88.0,116500.0,1812.0,560.0,1252.0,1830.0,186.0,122.0,305.0,491.0,210.0,100.0,37.0,361.0,18.0,0.0,1812.0,560.0,93.0,304.0,100.0,63.0,0.0,0.0,1252.0,404.0,424.0,368.0,33.0,23.0,0.0,1252.0,102.0,111.0,194.0,180.0,177.0,18.0,143.0,37.0,263.0,27.0,25017351403,0.18615153035624687,116500.0,0.8316939890710382,0.2742825607064018,0.06547917711991971,0.1246864024084295,0.5321123933768188,0.3090507726269316,3986.0,0.16658304064224785,0.3682108626198083,0.6909492273730684,0.16830601092896175
3716.0,3716.0,3066.0,1990.0,199.0,0.0,583.0,0.0,140.0,154.0,63.0,91.0,650.0,209.0,5.0,0.0,0.0,0.0,243.0,193.0,177.0,16.0,3700.0,260.0,166.0,0.0,0.0,12.0,11.0,0.0,0.0,30.0,44.0,12.0,8.0,41.0,8.0,0.0,94.0,0.0,0.0,0.0,0.0,0.0,0.0,46.0,0.0,15.0,0.0,18.0,15.0,0.0,3440.0,1877.0,18.0,0.0,104.0,75.0,27.0,31.0,265.0,508.0,378.0,143.0,163.0,65.0,100.0,1563.0,92.0,0.0,30.0,0.0,0.0,26.0,229.0,393.0,237.0,181.0,187.0,123.0,65.0,108358.0,1487.0,610.0,877.0,1619.0,348.0,182.0,385.0,382.0,88.0,139.0,37.0,58.0,0.0,0.0,1487.0,610.0,38.0,328.0,159.0,85.0,0.0,0.0,877.0,258.0,410.0,125.0,84.0,0.0,0.0,877.0,41.0,80.0,128.0,186.0,123.0,78.0,44.0,27.0,121.0,49.0,25017351404,0.17491926803013993,108358.0,0.6726374305126621,0.19905850706119704,0.15688912809472552,0.05355220667384284,0.5355220667384284,0.410221923335575,3716.0,0.07027027027027027,0.30786773090079816,0.589778076664425,0.3273625694873379
2926.0,2926.0,2189.0,1369.0,226.0,0.0,266.0,0.0,171.0,157.0,129.0,28.0,737.0,69.0,0.0,0.0,0.0,0.0,424.0,244.0,80.0,164.0,2926.0,380.0,92.0,0.0,0.0,0.0,0.0,0.0,0.0,10.0,30.0,2.0,1.0,0.0,8.0,41.0,288.0,0.0,0.0,0.0,0.0,0.0,0.0,84.0,10.0,0.0,54.0,41.0,61.0,38.0,2546.0,1300.0,83.0,0.0,61.0,37.0,0.0,0.0,59.0,557.0,190.0,134.0,142.0,29.0,8.0,1246.0,86.0,0.0,0.0,0.0,0.0,0.0,104.0,405.0,224.0,140.0,179.0,87.0,21.0,85274.0,1488.0,556.0,932.0,1570.0,97.0,13.0,101.0,454.0,127.0,129.0,281.0,368.0,0.0,0.0,1488.0,556.0,94.0,300.0,102.0,34.0,26.0,0.0,932.0,327.0,465.0,140.0,0.0,0.0,0.0,932.0,17.0,41.0,107.0,145.0,99.0,179.0,22.0,31.0,278.0,13.0,25017351500,0.2518796992481203,85274.0,0.9299363057324841,0.28293010752688175,0.09090909090909091,0.07723855092276145,0.4678742310321258,0.3736559139784946,2926.0,0.12987012987012986,0.5472103004291845,0.6263440860215054,0.07006369426751592
3401.0,3401.0,3039.0,1628.0,167.0,0.0,1064.0,0.0,13.0,167.0,126.0,41.0,362.0,98.0,0.0,0.0,0.0,0.0,45.0,219.0,212.0,7.0,3077.0,370.0,234.0,17.0,0.0,0.0,0.0,0.0,0.0,122.0,34.0,56.0,0.0,5.0,0.0,0.0,136.0,0.0,0.0,0.0,0.0,0.0,0.0,19.0,22.0,41.0,22.0,0.0,17.0,15.0,2707.0,1610.0,48.0,19.0,9.0,0.0,9.0,0.0,122.0,945.0,232.0,134.0,45.0,29.0,18.0,1097.0,46.0,0.0,9.0,0.0,9.0,8.0,174.0,449.0,176.0,163.0,9.0,32.0,22.0,123077.0,1920.0,356.0,1564.0,2484.0,0.0,0.0,0.0,0.0,0.0,4.0,109.0,2371.0,0.0,0.0,1920.0,356.0,30.0,265.0,61.0,0.0,0.0,0.0,1564.0,641.0,731.0,173.0,19.0,0.0,0.0,1564.0,42.0,61.0,297.0,157.0,234.0,103.0,33.0,114.0,431.0,92.0,25017352101,0.10643928256395178,123077.0,1.0,0.3494791666666667,0.3128491620111732,0.04910320493972361,0.47868274037047925,0.18541666666666667,3401.0,0.12024699382515437,0.4354219948849105,0.8145833333333333,0.0
2790.0,2790.0,2361.0,1621.0,50.0,0.0,550.0,11.0,8.0,121.0,42.0,79.0,429.0,322.0,0.0,0.0,0.0,0.0,78.0,29.0,29.0,0.0,2790.0,203.0,51.0,0.0,0.0,0.0,0.0,0.0,0.0,17.0,13.0,0.0,5.0,0.0,9.0,7.0,152.0,0.0,0.0,11.0,0.0,0.0,0.0,77.0,26.0,5.0,0.0,11.0,22.0,0.0,2587.0,1289.0,100.0,11.0,0.0,0.0,12.0,6.0,156.0,365.0,257.0,110.0,158.0,51.0,63.0,1298.0,39.0,14.0,38.0,0.0,4.0,0.0,137.0,338.0,237.0,75.0,170.0,132.0,114.0,175110.0,1369.0,584.0,785.0,1591.0,98.0,52.0,139.0,438.0,114.0,20.0,27.0,703.0,0.0,0.0,1369.0,584.0,117.0,345.0,118.0,4.0,0.0,0.0,785.0,201.0,508.0,76.0,0.0,0.0,0.0,785.0,46.0,104.0,153.0,125.0,58.0,61.0,29.0,83.0,108.0,18.0,25017352102,0.15376344086021507,175110.0,0.9057196731615337,0.2322863403944485,0.1971326164874552,0.017921146953405017,0.5810035842293907,0.42658875091307524,2790.0,0.07275985663082438,0.3579617834394904,0.5734112490869248,0.09428032683846638
1894.0,1894.0,1610.0,901.0,166.0,0.0,453.0,0.0,0.0,90.0,28.0,62.0,284.0,9.0,0.0,0.0,7.0,0.0,82.0,186.0,157.0,29.0,1894.0,527.0,138.0,13.0,0.0,6.0,0.0,0.0,0.0,12.0,27.0,11.0,32.0,21.0,9.0,7.0,389.0,2.0,0.0,0.0,0.0,0.0,5.0,224.0,113.0,0.0,0.0,18.0,10.0,17.0,1367.0,654.0,5.0,0.0,0.0,9.0,10.0,0.0,43.0,302.0,89.0,28.0,58.0,59.0,51.0,713.0,53.0,15.0,9.0,0.0,9.0,0.0,44.0,286.0,68.0,33.0,104.0,72.0,20.0,90556.0,1038.0,203.0,835.0,1122.0,57.0,24.0,93.0,280.0,87.0,90.0,20.0,471.0,0.0,0.0,1038.0,203.0,39.0,144.0,20.0,0.0,0.0,0.0,835.0,430.0,350.0,55.0,0.0,0.0,0.0,835.0,85.0,24.0,137.0,86.0,72.0,70.0,88.0,29.0,214.0,30.0,25017352200,0.14994720168954592,90556.0,0.9278074866310161,0.45183044315992293,0.2391763463569166,0.08764519535374868,0.47571277719112987,0.1955684007707129,1894.0,0.27824709609292503,0.4802395209580838,0.8044315992292871,0.07219251336898395
4877.0,4877.0,4711.0,2244.0,768.0,0.0,1433.0,0.0,20.0,246.0,83.0,163.0,166.0,23.0,0.0,14.0,0.0,0.0,9.0,120.0,103.0,17.0,4859.0,225.0,92.0,0.0,0.0,0.0,0.0,0.0,0.0,48.0,34.0,0.0,10.0,0.0,0.0,0.0,133.0,0.0,0.0,0.0,0.0,0.0,0.0,64.0,0.0,30.0,11.0,0.0,10.0,18.0,4634.0,2465.0,234.0,38.0,80.0,31.0,0.0,0.0,304.0,782.0,523.0,230.0,114.0,92.0,37.0,2169.0,134.0,19.0,24.0,14.0,12.0,89.0,36.0,901.0,439.0,181.0,140.0,144.0,36.0,171633.0,2476.0,315.0,2161.0,2833.0,108.0,148.0,241.0,241.0,186.0,44.0,176.0,1689.0,0.0,0.0,2476.0,315.0,61.0,197.0,57.0,0.0,0.0,0.0,2161.0,895.0,1129.0,129.0,8.0,0.0,0.0,2161.0,59.0,179.0,438.0,410.0,226.0,313.0,53.0,33.0,377.0,73.0,25017352300,0.03403731802337503,171633.0,0.9096364278150371,0.3861066235864297,0.2938281730572073,0.15747385687922905,0.46011892556899736,0.12722132471728595,4877.0,0.04630582424367154,0.35909301249421566,0.872778675282714,0.09036357218496294
1655.0,1655.0,1408.0,376.0,774.0,0.0,142.0,0.0,23.0,93.0,46.0,47.0,247.0,26.0,0.0,14.0,0.0,0.0,62.0,145.0,137.0,8.0,1655.0,309.0,151.0,20.0,6.0,13.0,14.0,0.0,11.0,31.0,4.0,21.0,7.0,0.0,24.0,0.0,158.0,1.0,0.0,21.0,0.0,6.0,0.0,13.0,58.0,17.0,6.0,36.0,0.0,0.0,1346.0,653.0,33.0,0.0,35.0,37.0,21.0,23.0,79.0,126.0,123.0,81.0,27.0,43.0,25.0,693.0,38.0,19.0,34.0,13.0,0.0,0.0,73.0,185.0,85.0,124.0,40.0,67.0,15.0,74432.0,689.0,95.0,594.0,732.0,26.0,49.0,58.0,192.0,257.0,89.0,34.0,27.0,0.0,0.0,689.0,95.0,8.0,87.0,0.0,0.0,0.0,0.0,594.0,277.0,227.0,90.0,0.0,0.0,0.0,594.0,43.0,57.0,58.0,60.0,71.0,110.0,41.0,28.0,77.0,49.0,25017352400,0.14924471299093656,74432.0,0.8975409836065574,0.41364296081277213,0.08580060422960725,0.4676737160120846,0.227190332326284,0.1378809869375907,1655.0,0.18670694864048337,0.43097643097643096,0.8621190130624092,0.10245901639344263
3166.0,3166.0,2860.0,1702.0,614.0,0.0,442.0,0.0,50.0,52.0,0.0,52.0,306.0,56.0,9.0,0.0,63.0,0.0,55.0,123.0,95.0,28.0,3166.0,342.0,188.0,0.0,0.0,9.0,0.0,0.0,12.0,92.0,63.0,4.0,8.0,0.0,0.0,0.0,154.0,0.0,0.0,0.0,26.0,13.0,0.0,12.0,44.0,10.0,12.0,13.0,24.0,0.0,2824.0,1520.0,33.0,0.0,17.0,9.0,10.0,0.0,171.0,615.0,97.0,129.0,252.0,59.0,128.0,1304.0,24.0,10.0,11.0,9.0,8.0,0.0,330.0,478.0,93.0,65.0,166.0,81.0,29.0,132500.0,1466.0,509.0,957.0,1537.0,280.0,76.0,189.0,541.0,311.0,98.0,0.0,42.0,0.0,0.0,1466.0,509.0,207.0,209.0,65.0,10.0,18.0,0.0,957.0,502.0,283.0,164.0,8.0,0.0,0.0,957.0,43.0,129.0,119.0,143.0,112.0,49.0,33.0,205.0,112.0,12.0,25017352500,0.09665192672141504,132500.0,0.7683799609629147,0.48362892223738063,0.1396083385975995,0.19393556538218573,0.5375868603916614,0.3472032742155525,3166.0,0.1080227416298168,0.4169278996865204,0.6527967257844475,0.23162003903708522
2830.0,2830.0,2620.0,1474.0,475.0,0.0,535.0,0.0,0.0,136.0,69.0,67.0,210.0,30.0,0.0,0.0,0.0,0.0,150.0,30.0,26.0,4.0,2830.0,597.0,156.0,30.0,0.0,0.0,0.0,0.0,0.0,53.0,19.0,13.0,34.0,0.0,0.0,7.0,441.0,31.0,0.0,28.0,0.0,0.0,62.0,121.0,57.0,29.0,82.0,8.0,0.0,23.0,2233.0,979.0,6.0,3.0,57.0,0.0,0.0,0.0,98.0,390.0,245.0,31.0,72.0,64.0,13.0,1254.0,62.0,32.0,0.0,49.0,0.0,0.0,263.0,398.0,207.0,46.0,69.0,94.0,34.0,123050.0,1239.0,356.0,883.0,1265.0,91.0,107.0,157.0,436.0,356.0,102.0,8.0,8.0,0.0,0.0,1239.0,356.0,11.0,214.0,131.0,0.0,0.0,0.0,883.0,386.0,353.0,111.0,15.0,18.0,0.0,883.0,54.0,83.0,68.0,128.0,119.0,99.0,47.0,19.0,224.0,42.0,25017352600,0.07420494699646643,123050.0,0.8434782608695652,0.32041969330104925,0.18904593639575973,0.16784452296819788,0.5208480565371024,0.28732849071832123,2830.0,0.2109540636042403,0.4405436013590034,0.7126715092816788,0.1565217391304348
2044.0,2044.0,1826.0,1429.0,158.0,0.0,151.0,0.0,14.0,74.0,19.0,55.0,218.0,103.0,0.0,0.0,0.0,0.0,57.0,58.0,58.0,0.0,2044.0,406.0,192.0,7.0,0.0,0.0,0.0,0.0,24.0,11.0,104.0,0.0,0.0,29.0,17.0,0.0,214.0,0.0,0.0,0.0,0.0,0.0,0.0,37.0,62.0,33.0,12.0,10.0,37.0,23.0,1638.0,847.0,0.0,0.0,29.0,47.0,0.0,23.0,90.0,294.0,131.0,132.0,31.0,35.0,35.0,791.0,79.0,28.0,40.0,36.0,0.0,0.0,58.0,310.0,71.0,91.0,44.0,28.0,6.0,109402.0,1025.0,190.0,835.0,1095.0,13.0,38.0,264.0,435.0,123.0,53.0,36.0,133.0,0.0,0.0,1025.0,190.0,75.0,96.0,19.0,0.0,0.0,0.0,835.0,374.0,298.0,122.0,32.0,0.0,9.0,835.0,72.0,71.0,85.0,104.0,80.0,108.0,42.0,58.0,113.0,102.0,25017352700,0.10665362035225048,109402.0,0.9534246575342465,0.4380487804878049,0.07387475538160469,0.07729941291585127,0.699119373776908,0.18536585365853658,2044.0,0.19863013698630136,0.3844311377245509,0.8146341463414634,0.04657534246575343
1991.0,1991.0,1567.0,1059.0,143.0,0.0,242.0,0.0,5.0,118.0,49.0,69.0,424.0,35.0,48.0,0.0,4.0,0.0,41.0,296.0,240.0,56.0,1991.0,172.0,88.0,0.0,0.0,0.0,0.0,0.0,0.0,0.0,21.0,4.0,0.0,37.0,14.0,12.0,84.0,0.0,0.0,0.0,0.0,0.0,0.0,48.0,25.0,0.0,0.0,11.0,0.0,0.0,1819.0,943.0,26.0,0.0,49.0,37.0,0.0,9.0,43.0,326.0,187.0,123.0,71.0,25.0,47.0,876.0,30.0,0.0,42.0,10.0,36.0,0.0,91.0,244.0,121.0,48.0,128.0,64.0,62.0,126652.0,785.0,250.0,535.0,813.0,84.0,64.0,49.0,352.0,216.0,15.0,33.0,0.0,0.0,0.0,785.0,250.0,25.0,111.0,80.0,34.0,0.0,0.0,535.0,247.0,206.0,78.0,4.0,0.0,0.0,535.0,10.0,36.0,39.0,100.0,148.0,52.0,34.0,10.0,100.0,6.0,25017352800,0.21295831240582622,126652.0,0.8179581795817958,0.3464968152866242,0.12154696132596685,0.0718232044198895,0.531893520843797,0.3184713375796178,1991.0,0.08638874937217479,0.3663551401869159,0.6815286624203821,0.1820418204182042
3092.0,3092.0,3009.0,2183.0,163.0,28.0,470.0,0.0,7.0,158.0,50.0,108.0,83.0,15.0,0.0,0.0,0.0,0.0,13.0,55.0,55.0,0.0,3068.0,75.0,3.0,0.0,0.0,0.0,0.0,0.0,0.0,0.0,0.0,0.0,2.0,1.0,0.0,0.0,72.0,0.0,0.0,0.0,0.0,0.0,0.0,9.0,52.0,0.0,2.0,0.0,9.0,0.0,2993.0,1473.0,57.0,61.0,157.0,20.0,0.0,0.0,99.0,424.0,170.0,150.0,118.0,107.0,110.0,1520.0,44.0,11.0,52.0,10.0,14.0,10.0,102.0,371.0,177.0,207.0,132.0,296.0,94.0,159761.0,1289.0,666.0,623.0,1443.0,200.0,160.0,276.0,304.0,132.0,98.0,255.0,18.0,0.0,0.0,1289.0,666.0,78.0,387.0,119.0,75.0,7.0,0.0,623.0,245.0,302.0,76.0,0.0,0.0,0.0,623.0,42.0,67.0,43.0,109.0,69.0,95.0,40.0,40.0,101.0,17.0,25017352900,0.02684346701164295,159761.0,0.7505197505197505,0.2505818463925524,0.1520051746442432,0.05271668822768435,0.7060155239327296,0.5166795965865012,3092.0,0.024445893089960886,0.44301765650080255,0.48332040341349886,0.2494802494802495
3117.0,3117.0,2868.0,2186.0,96.0,0.0,427.0,0.0,7.0,152.0,16.0,136.0,249.0,11.0,0.0,0.0,0.0,0.0,36.0,202.0,142.0,60.0,3117.0,244.0,101.0,0.0,0.0,0.0,0.0,0.0,0.0,0.0,63.0,0.0,0.0,0.0,38.0,0.0,143.0,0.0,0.0,0.0,0.0,0.0,0.0,43.0,44.0,8.0,0.0,42.0,6.0,0.0,2873.0,1349.0,310.0,0.0,27.0,0.0,0.0,0.0,104.0,444.0,268.0,0.0,76.0,86.0,34.0,1524.0,28.0,0.0,0.0,0.0,0.0,0.0,174.0,560.0,316.0,40.0,131.0,148.0,127.0,150221.0,1579.0,411.0,1168.0,1632.0,176.0,16.0,241.0,209.0,211.0,172.0,310.0,297.0,0.0,0.0,1579.0,411.0,69.0,230.0,89.0,23.0,0.0,0.0,1168.0,542.0,591.0,29.0,0.0,6.0,0.0,1168.0,179.0,72.0,94.0,185.0,87.0,209.0,100.0,40.0,186.0,16.0,25017353000,0.07988450433108758,150221.0,0.8823529411764706,0.3869537682077264,0.1369906961822265,0.030798845043310877,0.7013153673403913,0.2602913236225459,3117.0,0.07828039781841514,0.4580479452054795,0.7397086763774541,0.11764705882352941
3721.0,3721.0,3466.0,1595.0,403.0,0.0,946.0,1.0,259.0,262.0,184.0,78.0,255.0,49.0,0.0,0.0,0.0,0.0,109.0,97.0,96.0,1.0,3322.0,816.0,336.0,68.0,0.0,0.0,0.0,0.0,0.0,54.0,78.0,11.0,40.0,42.0,16.0,27.0,480.0,28.0,0.0,77.0,0.0,0.0,0.0,130.0,173.0,12.0,0.0,11.0,25.0,24.0,2506.0,1385.0,36.0,0.0,0.0,0.0,0.0,0.0,124.0,472.0,363.0,142.0,73.0,60.0,115.0,1121.0,23.0,0.0,95.0,0.0,0.0,0.0,265.0,363.0,101.0,49.0,106.0,45.0,74.0,78542.0,1796.0,77.0,1719.0,1890.0,0.0,39.0,98.0,261.0,286.0,249.0,127.0,830.0,0.0,0.0,1796.0,77.0,36.0,41.0,0.0,0.0,0.0,0.0,1719.0,1095.0,439.0,73.0,0.0,0.0,112.0,1719.0,87.0,116.0,239.0,98.0,146.0,210.0,108.0,63.0,515.0,137.0,25017353101,0.06852996506315506,78542.0,0.9793650793650793,0.6297327394209354,0.2542327331362537,0.1083042192958882,0.4286482128460091,0.04287305122494432,3721.0,0.2456351595424443,0.5212332751599767,0.9571269487750557,0.020634920634920634
5848.0,5848.0,5184.0,2125.0,458.0,0.0,2250.0,11.0,20.0,320.0,17.0,303.0,664.0,178.0,7.0,0.0,0.0,0.0,79.0,400.0,343.0,57.0,914.0,241.0,181.0,9.0,0.0,0.0,0.0,0.0,0.0,53.0,109.0,5.0,0.0,0.0,5.0,0.0,60.0,9.0,0.0,0.0,0.0,0.0,0.0,22.0,22.0,0.0,0.0,0.0,7.0,0.0,673.0,326.0,19.0,0.0,14.0,0.0,0.0,0.0,34.0,236.0,7.0,6.0,0.0,7.0,3.0,347.0,23.0,0.0,11.0,0.0,0.0,0.0,43.0,176.0,73.0,0.0,0.0,7.0,14.0,71302.0,509.0,0.0,509.0,564.0,3.0,5.0,14.0,0.0,17.0,15.0,39.0,471.0,0.0,0.0,509.0,0.0,0.0,0.0,0.0,0.0,0.0,0.0,509.0,329.0,164.0,16.0,0.0,0.0,0.0,509.0,11.0,67.0,61.0,41.0,29.0,12.0,29.0,67.0,182.0,10.0,25017353102,0.11354309165526676,71302.0,0.9858156028368794,0.6463654223968566,0.3847469220246238,0.07831737346101231,0.3633720930232558,0.0,5848.0,0.2636761487964989,0.5697445972495089,1.0,0.014184397163120567
5368.0,5368.0,5016.0,2781.0,366.0,4.0,1629.0,31.0,25.0,180.0,32.0,148.0,352.0,79.0,0.0,0.0,0.0,0.0,39.0,234.0,199.0,35.0,4041.0,483.0,312.0,10.0,0.0,0.0,0.0,0.0,0.0,125.0,26.0,77.0,36.0,11.0,14.0,13.0,171.0,11.0,0.0,0.0,0.0,0.0,0.0,37.0,17.0,7.0,11.0,0.0,46.0,42.0,3558.0,1894.0,94.0,0.0,46.0,31.0,0.0,9.0,372.0,568.0,205.0,149.0,182.0,110.0,128.0,1664.0,29.0,18.0,53.0,82.0,17.0,52.0,143.0,331.0,312.0,187.0,209.0,133.0,98.0,142083.0,2004.0,605.0,1399.0,2118.0,202.0,182.0,217.0,485.0,350.0,167.0,118.0,397.0,0.0,0.0,2004.0,605.0,45.0,379.0,146.0,35.0,0.0,0.0,1399.0,680.0,492.0,92.0,58.0,0.0,77.0,1399.0,141.0,101.0,116.0,155.0,246.0,146.0,81.0,104.0,277.0,32.0,25017353200,0.06557377049180328,142083.0,0.8186968838526912,0.36177644710578843,0.3034649776453055,0.06818181818181818,0.518070044709389,0.3018962075848303,5368.0,0.11952487008166296,0.43459614010007147,0.6981037924151696,0.1813031161473088
3932.0,3932.0,3432.0,2260.0,110.0,0.0,752.0,0.0,22.0,288.0,71.0,217.0,500.0,39.0,0.0,0.0,0.0,0.0,144.0,317.0,76.0,241.0,3932.0,298.0,147.0,0.0,0.0,0.0,11.0,0.0,0.0,4.0,44.0,26.0,0.0,60.0,1.0,1.0,151.0,0.0,0.0,0.0,0.0,0.0,0.0,0.0,33.0,74.0,1.0,31.0,3.0,9.0,3634.0,1881.0,53.0,11.0,120.0,39.0,12.0,0.0,198.0,510.0,264.0,270.0,195.0,109.0,100.0,1753.0,36.0,23.0,131.0,0.0,10.0,10.0,164.0,423.0,197.0,250.0,119.0,239.0,151.0,183750.0,1783.0,999.0,784.0,1967.0,172.0,284.0,393.0,534.0,448.0,30.0,94.0,12.0,0.0,0.0,1783.0,999.0,211.0,531.0,246.0,11.0,0.0,0.0,784.0,260.0,392.0,59.0,27.0,46.0,0.0,784.0,21.0,93.0,176.0,134.0,77.0,102.0,34.0,36.0,87.0,24.0,25017353300,0.1271617497456765,183750.0,0.768174885612608,0.2641615255187886,0.19125127161749747,0.02797558494404883,0.5747711088504578,0.5602916432978127,3932.0,0.0757884028484232,0.33035714285714285,0.43970835670218733,0.23182511438739198
4824.0,4824.0,4465.0,2903.0,456.0,10.0,795.0,3.0,55.0,243.0,52.0,191.0,359.0,127.0,5.0,14.0,0.0,0.0,30.0,183.0,129.0,54.0,3142.0,367.0,209.0,0.0,0.0,0.0,0.0,0.0,20.0,81.0,51.0,6.0,36.0,2.0,0.0,13.0,158.0,0.0,0.0,0.0,0.0,0.0,0.0,70.0,56.0,14.0,0.0,18.0,0.0,0.0,2775.0,1407.0,28.0,4.0,21.0,71.0,46.0,15.0,104.0,358.0,291.0,143.0,77.0,151.0,98.0,1368.0,63.0,0.0,52.0,0.0,0.0,19.0,76.0,423.0,151.0,145.0,135.0,199.0,105.0,138429.0,1595.0,568.0,1027.0,1870.0,285.0,220.0,213.0,429.0,325.0,279.0,62.0,57.0,0.0,0.0,1595.0,568.0,100.0,290.0,167.0,11.0,0.0,0.0,1027.0,427.0,498.0,90.0,12.0,0.0,0.0,1027.0,61.0,70.0,127.0,193.0,142.0,55.0,31.0,58.0,211.0,79.0,25017353600,0.07441956882255389,138429.0,0.7299465240641712,0.3304075235109718,0.16480099502487564,0.0945273631840796,0.6017827529021559,0.3561128526645768,4824.0,0.11680458306810948,0.3456669912366115,0.6438871473354232,0.2700534759358289
5243.0,5243.0,4814.0,2893.0,323.0,0.0,1340.0,5.0,23.0,230.0,36.0,194.0,429.0,76.0,14.0,10.0,9.0,0.0,123.0,197.0,156.0,41.0,2772.0,386.0,171.0,0.0,0.0,0.0,0.0,0.0,10.0,54.0,46.0,38.0,0.0,14.0,0.0,9.0,215.0,0.0,0.0,0.0,0.0,0.0,0.0,63.0,124.0,9.0,0.0,0.0,12.0,7.0,2386.0,1111.0,17.0,4.0,18.0,0.0,41.0,101.0,25.0,325.0,106.0,161.0,100.0,156.0,57.0,1275.0,92.0,0.0,4.0,0.0,0.0,0.0,143.0,393.0,188.0,104.0,179.0,100.0,72.0,109514.0,1389.0,379.0,1010.0,1744.0,160.0,136.0,102.0,376.0,197.0,198.0,373.0,202.0,0.0,0.0,1389.0,379.0,46.0,289.0,44.0,0.0,0.0,0.0,1010.0,503.0,307.0,185.0,8.0,7.0,0.0,1010.0,23.0,105.0,87.0,39.0,67.0,83.0,48.0,127.0,330.0,101.0,25017353700,0.08182338355903108,109514.0,0.8302752293577982,0.3952483801295896,0.25557886706084304,0.06160595079153157,0.5517833301544917,0.2728581713462923,5243.0,0.13924963924963926,0.5821782178217821,0.7271418286537077,0.16972477064220184
4490.0,4490.0,4331.0,2661.0,154.0,0.0,1250.0,0.0,17.0,249.0,121.0,128.0,159.0,14.0,19.0,0.0,0.0,0.0,68.0,58.0,11.0,47.0,4406.0,407.0,125.0,18.0,0.0,18.0,0.0,0.0,0.0,19.0,41.0,0.0,1.0,28.0,0.0,0.0,282.0,0.0,0.0,0.0,0.0,0.0,0.0,55.0,158.0,17.0,0.0,0.0,52.0,0.0,3999.0,2241.0,105.0,0.0,246.0,78.0,20.0,0.0,70.0,721.0,249.0,155.0,117.0,368.0,112.0,1758.0,40.0,0.0,30.0,0.0,0.0,29.0,180.0,616.0,425.0,110.0,186.0,91.0,51.0,137833.0,2322.0,889.0,1433.0,2548.0,121.0,69.0,149.0,190.0,353.0,551.0,738.0,377.0,0.0,0.0,2322.0,889.0,334.0,476.0,79.0,0.0,0.0,0.0,1433.0,722.0,523.0,132.0,56.0,0.0,0.0,1433.0,19.0,148.0,247.0,346.0,141.0,65.0,87.0,116.0,122.0,142.0,25017353800,0.03541202672605791,137833.0,0.9254317111459969,0.45478036175710596,0.27839643652561247,0.03429844097995546,0.5926503340757239,0.38285960378983636,4490.0,0.09237403540626418,0.2721563154221912,0.6171403962101637,0.07456828885400314
5808.0,5808.0,5269.0,2744.0,409.0,51.0,1603.0,0.0,77.0,385.0,110.0,275.0,539.0,84.0,25.0,13.0,0.0,0.0,101.0,316.0,251.0,65.0,2286.0,631.0,262.0,0.0,0.0,10.0,0.0,0.0,0.0,86.0,138.0,10.0,10.0,0.0,8.0,0.0,369.0,0.0,10.0,0.0,0.0,0.0,0.0,185.0,124.0,27.0,13.0,0.0,10.0,0.0,1655.0,699.0,50.0,10.0,17.0,0.0,0.0,0.0,28.0,317.0,205.0,0.0,10.0,32.0,30.0,956.0,39.0,11.0,11.0,10.0,0.0,0.0,63.0,522.0,151.0,30.0,17.0,102.0,0.0,74076.0,1217.0,90.0,1127.0,1494.0,51.0,60.0,240.0,142.0,370.0,0.0,65.0,566.0,0.0,0.0,1217.0,90.0,10.0,62.0,18.0,0.0,0.0,0.0,1127.0,651.0,450.0,26.0,0.0,0.0,0.0,1127.0,13.0,41.0,45.0,130.0,171.0,58.0,79.0,110.0,411.0,69.0,25017353900,0.0928030303030303,74076.0,0.9257028112449799,0.543138866064092,0.2759986225895317,0.07042011019283746,0.4724517906336088,0.07395234182415776,5808.0,0.27602799650043747,0.5838509316770186,0.9260476581758422,0.07429718875502007
4869.0,4869.0,4174.0,3020.0,149.0,7.0,787.0,0.0,68.0,143.0,5.0,138.0,695.0,189.0,0.0,10.0,13.0,0.0,70.0,413.0,395.0,18.0,3700.0,804.0,206.0,106.0,0.0,0.0,0.0,0.0,0.0,0.0,53.0,0.0,47.0,0.0,0.0,0.0,598.0,0.0,0.0,0.0,93.0,0.0,0.0,224.0,159.0,83.0,0.0,14.0,0.0,25.0,2896.0,1270.0,36.0,0.0,26.0,0.0,0.0,0.0,40.0,556.0,143.0,72.0,95.0,167.0,135.0,1626.0,121.0,0.0,18.0,0.0,9.0,0.0,173.0,656.0,237.0,59.0,80.0,157.0,116.0,85592.0,2132.0,780.0,1352.0,2375.0,109.0,131.0,107.0,105.0,77.0,616.0,587.0,615.0,28.0,0.0,2132.0,780.0,154.0,476.0,141.0,9.0,0.0,0.0,1352.0,672.0,630.0,35.0,0.0,15.0,0.0,1352.0,65.0,26.0,124.0,111.0,45.0,86.0,89.0,143.0,590.0,73.0,25017354000,0.14273978229615938,85592.0,0.8989473684210526,0.3874296435272045,0.1616348326144999,0.0306017662764428,0.6202505647976997,0.36585365853658536,4869.0,0.2172972972972973,0.6715976331360947,0.6341463414634146,0.10105263157894737
2336.0,2336.0,2190.0,1757.0,60.0,0.0,191.0,0.0,18.0,164.0,49.0,115.0,146.0,9.0,0.0,0.0,0.0,0.0,51.0,86.0,86.0,0.0,2013.0,129.0,55.0,0.0,0.0,0.0,0.0,0.0,0.0,4.0,14.0,10.0,2.0,23.0,2.0,0.0,74.0,0.0,0.0,0.0,0.0,0.0,0.0,0.0,40.0,0.0,0.0,22.0,12.0,0.0,1884.0,927.0,29.0,0.0,75.0,13.0,0.0,13.0,11.0,272.0,87.0,127.0,41.0,78.0,181.0,957.0,31.0,0.0,24.0,45.0,0.0,21.0,24.0,129.0,125.0,108.0,61.0,126.0,263.0,144479.0,1089.0,624.0,465.0,1273.0,214.0,66.0,80.0,171.0,59.0,129.0,358.0,196.0,0.0,0.0,1089.0,624.0,113.0,308.0,180.0,23.0,0.0,0.0,465.0,235.0,189.0,41.0,0.0,0.0,0.0,465.0,39.0,42.0,50.0,56.0,64.0,28.0,28.0,49.0,56.0,53.0,25017354100,0.0625,144479.0,0.7800471327572663,0.31955922865013775,0.08176369863013698,0.025684931506849314,0.7521404109589042,0.5730027548209367,2336.0,0.06408345752608048,0.34623655913978496,0.42699724517906334,0.2199528672427337
3395.0,3395.0,3000.0,2199.0,81.0,0.0,377.0,0.0,71.0,272.0,38.0,234.0,395.0,8.0,0.0,0.0,30.0,0.0,52.0,305.0,292.0,13.0,3365.0,293.0,97.0,0.0,0.0,7.0,0.0,0.0,0.0,50.0,13.0,7.0,0.0,11.0,0.0,9.0,196.0,14.0,0.0,0.0,0.0,0.0,0.0,0.0,38.0,17.0,1.0,54.0,70.0,2.0,3072.0,1408.0,117.0,27.0,163.0,66.0,5.0,33.0,0.0,151.0,141.0,185.0,172.0,181.0,167.0,1664.0,162.0,0.0,157.0,33.0,25.0,17.0,86.0,126.0,220.0,122.0,150.0,420.0,146.0,221250.0,1405.0,1150.0,255.0,1610.0,727.0,339.0,282.0,85.0,10.0,22.0,58.0,87.0,0.0,0.0,1405.0,1150.0,50.0,494.0,440.0,105.0,52.0,9.0,255.0,60.0,111.0,68.0,16.0,0.0,0.0,255.0,0.0,59.0,34.0,25.0,7.0,10.0,8.0,28.0,68.0,16.0,25017354200,0.11634756995581738,221250.0,0.337888198757764,0.07829181494661921,0.11104565537555228,0.02385861561119293,0.6477172312223859,0.8185053380782918,3395.0,0.08707280832095096,0.4470588235294118,0.18149466192170818,0.662111801242236
3312.0,3312.0,2874.0,2003.0,289.0,0.0,329.0,4.0,0.0,249.0,33.0,216.0,438.0,72.0,8.0,0.0,0.0,0.0,73.0,285.0,253.0,32.0,3231.0,359.0,161.0,22.0,0.0,19.0,20.0,0.0,34.0,0.0,0.0,19.0,0.0,41.0,0.0,6.0,198.0,0.0,0.0,19.0,0.0,0.0,0.0,25.0,10.0,46.0,0.0,44.0,10.0,44.0,2872.0,1463.0,56.0,0.0,168.0,12.0,28.0,23.0,83.0,156.0,304.0,214.0,131.0,271.0,17.0,1409.0,73.0,29.0,106.0,33.0,0.0,17.0,41.0,228.0,273.0,221.0,118.0,193.0,77.0,124625.0,1623.0,703.0,920.0,1652.0,190.0,119.0,437.0,319.0,121.0,17.0,113.0,336.0,0.0,0.0,1623.0,703.0,18.0,509.0,169.0,7.0,0.0,0.0,920.0,215.0,524.0,141.0,30.0,10.0,0.0,920.0,10.0,206.0,148.0,88.0,96.0,96.0,70.0,52.0,110.0,44.0,25017354300,0.1322463768115942,124625.0,0.812953995157385,0.14356130622304375,0.09933574879227053,0.08725845410628019,0.6047705314009661,0.4331484904497844,3312.0,0.1111111111111111,0.3565217391304348,0.5668515095502157,0.18704600484261502
1924.0,1924.0,1804.0,1530.0,17.0,0.0,58.0,0.0,11.0,188.0,11.0,177.0,120.0,55.0,0.0,0.0,0.0,0.0,36.0,29.0,29.0,0.0,1919.0,133.0,64.0,0.0,0.0,9.0,0.0,0.0,0.0,12.0,19.0,0.0,3.0,3.0,16.0,2.0,69.0,0.0,0.0,0.0,9.0,0.0,0.0,7.0,25.0,0.0,10.0,10.0,0.0,8.0,1786.0,883.0,66.0,24.0,53.0,23.0,28.0,31.0,53.0,67.0,134.0,186.0,98.0,80.0,40.0,903.0,26.0,5.0,22.0,16.0,5.0,24.0,67.0,125.0,183.0,106.0,113.0,112.0,99.0,176705.0,828.0,534.0,294.0,847.0,158.0,24.0,322.0,264.0,63.0,8.0,0.0,8.0,0.0,0.0,828.0,534.0,14.0,367.0,122.0,31.0,0.0,0.0,294.0,31.0,211.0,33.0,9.0,10.0,0.0,294.0,6.0,65.0,30.0,50.0,34.0,17.0,5.0,21.0,61.0,5.0,25017354400,0.062370062370062374,176705.0,0.7851239669421488,0.05434782608695652,0.030145530145530147,0.008835758835758836,0.7952182952182952,0.644927536231884,1924.0,0.06930693069306931,0.35374149659863946,0.35507246376811596,0.21487603305785125
1909.0,1909.0,1830.0,1472.0,20.0,0.0,163.0,0.0,0.0,175.0,50.0,125.0,79.0,5.0,0.0,0.0,0.0,0.0,5.0,69.0,39.0,30.0,1885.0,60.0,18.0,0.0,0.0,0.0,0.0,0.0,0.0,0.0,5.0,0.0,0.0,5.0,8.0,0.0,42.0,9.0,0.0,0.0,0.0,0.0,0.0,21.0,8.0,0.0,0.0,0.0,0.0,4.0,1825.0,766.0,35.0,31.0,16.0,25.0,0.0,0.0,26.0,192.0,66.0,116.0,81.0,87.0,91.0,1059.0,24.0,0.0,98.0,40.0,0.0,95.0,57.0,187.0,119.0,113.0,122.0,86.0,118.0,211471.0,858.0,514.0,344.0,930.0,271.0,103.0,46.0,134.0,52.0,80.0,157.0,87.0,0.0,0.0,858.0,514.0,88.0,177.0,242.0,0.0,0.0,7.0,344.0,173.0,141.0,30.0,0.0,0.0,0.0,344.0,16.0,22.0,42.0,43.0,25.0,19.0,35.0,63.0,72.0,7.0,25017354500,0.04138292299633316,211471.0,0.5978494623655914,0.3041958041958042,0.08538501833420639,0.010476689366160294,0.7710843373493976,0.5990675990675991,1909.0,0.03183023872679045,0.5494186046511628,0.40093240093240096,0.4021505376344086
1915.0,1915.0,1744.0,987.0,164.0,0.0,442.0,0.0,32.0,119.0,44.0,75.0,171.0,0.0,16.0,0.0,27.0,0.0,30.0,98.0,86.0,12.0,1808.0,286.0,52.0,0.0,0.0,0.0,0.0,0.0,0.0,8.0,18.0,15.0,0.0,11.0,0.0,0.0,234.0,0.0,0.0,0.0,0.0,0.0,0.0,166.0,19.0,0.0,6.0,11.0,0.0,32.0,1522.0,817.0,31.0,13.0,96.0,47.0,25.0,1.0,159.0,209.0,85.0,70.0,28.0,47.0,6.0,705.0,0.0,6.0,42.0,0.0,0.0,19.0,75.0,159.0,138.0,107.0,25.0,91.0,43.0,103165.0,957.0,197.0,760.0,1154.0,156.0,9.0,54.0,2.0,0.0,55.0,220.0,658.0,0.0,0.0,957.0,197.0,20.0,87.0,65.0,25.0,0.0,0.0,760.0,219.0,436.0,103.0,2.0,0.0,0.0,760.0,12.0,12.0,72.0,171.0,119.0,67.0,6.0,115.0,175.0,11.0,25017354601,0.08929503916449086,103165.0,0.8570190641247833,0.2497387669801463,0.2308093994778068,0.08563968668407311,0.5154046997389033,0.2058516196447231,1915.0,0.1581858407079646,0.4776315789473684,0.7941483803552769,0.14298093587521662
4613.0,4613.0,3799.0,2128.0,841.0,0.0,478.0,0.0,10.0,342.0,35.0,307.0,814.0,271.0,45.0,0.0,0.0,0.0,47.0,451.0,451.0,0.0,4600.0,784.0,350.0,0.0,0.0,60.0,13.0,0.0,38.0,42.0,60.0,69.0,10.0,0.0,58.0,0.0,434.0,170.0,0.0,0.0,14.0,17.0,0.0,62.0,0.0,80.0,58.0,8.0,25.0,0.0,3816.0,2038.0,77.0,2.0,354.0,100.0,1.0,0.0,56.0,268.0,511.0,193.0,198.0,186.0,92.0,1778.0,196.0,11.0,143.0,20.0,0.0,41.0,39.0,225.0,462.0,213.0,179.0,126.0,123.0,104155.0,1989.0,714.0,1275.0,2045.0,267.0,135.0,410.0,376.0,118.0,73.0,113.0,553.0,0.0,0.0,1989.0,714.0,33.0,472.0,156.0,45.0,8.0,0.0,1275.0,343.0,755.0,151.0,25.0,1.0,0.0,1275.0,124.0,88.0,118.0,147.0,100.0,46.0,106.0,132.0,328.0,86.0,25017354602,0.17645783654888358,104155.0,0.8034229828850856,0.18903971845148315,0.10362020377194885,0.18231086061131585,0.4613050075872534,0.358974358974359,4613.0,0.17043478260869566,0.48,0.6410256410256411,0.19657701711491443
2841.0,2841.0,2596.0,1741.0,297.0,0.0,311.0,3.0,26.0,218.0,50.0,168.0,245.0,121.0,0.0,0.0,9.0,0.0,37.0,78.0,62.0,16.0,2794.0,186.0,45.0,0.0,0.0,0.0,0.0,0.0,0.0,4.0,0.0,0.0,1.0,40.0,0.0,0.0,141.0,0.0,0.0,0.0,0.0,0.0,0.0,87.0,10.0,14.0,3.0,0.0,8.0,19.0,2608.0,1368.0,11.0,0.0,87.0,21.0,0.0,37.0,207.0,315.0,175.0,119.0,169.0,189.0,38.0,1240.0,42.0,22.0,65.0,24.0,20.0,6.0,54.0,327.0,201.0,115.0,145.0,102.0,117.0,161699.0,1235.0,579.0,656.0,1386.0,136.0,126.0,288.0,405.0,170.0,102.0,86.0,73.0,0.0,0.0,1235.0,579.0,36.0,429.0,77.0,27.0,0.0,10.0,656.0,148.0,394.0,51.0,57.0,0.0,6.0,656.0,0.0,111.0,93.0,118.0,95.0,83.0,6.0,54.0,80.0,16.0,25017354700,0.08623724040830694,161699.0,0.810966810966811,0.14898785425101216,0.10946849700809574,0.10454065469904963,0.6128123900035198,0.4688259109311741,2841.0,0.06657122405153901,0.3399390243902439,0.5311740890688259,0.18903318903318903
2333.0,2333.0,2257.0,1649.0,100.0,0.0,311.0,1.0,27.0,169.0,55.0,114.0,76.0,32.0,0.0,0.0,0.0,0.0,12.0,32.0,25.0,7.0,2306.0,115.0,35.0,0.0,0.0,0.0,0.0,0.0,0.0,0.0,12.0,8.0,0.0,15.0,0.0,0.0,80.0,0.0,0.0,0.0,0.0,0.0,19.0,22.0,21.0,0.0,0.0,17.0,0.0,1.0,2191.0,875.0,12.0,14.0,21.0,53.0,0.0,32.0,69.0,259.0,102.0,108.0,110.0,51.0,44.0,1316.0,49.0,11.0,39.0,34.0,19.0,19.0,97.0,518.0,114.0,198.0,75.0,117.0,26.0,183056.0,1056.0,510.0,546.0,1177.0,148.0,113.0,220.0,378.0,63.0,91.0,156.0,8.0,0.0,0.0,1056.0,510.0,28.0,353.0,108.0,21.0,0.0,0.0,546.0,135.0,269.0,97.0,45.0,0.0,0.0,546.0,17.0,37.0,80.0,107.0,38.0,67.0,128.0,36.0,34.0,2.0,25017354800,0.03257608229747107,183056.0,0.7782497875955819,0.1543560606060606,0.13330475782254608,0.042863266180882986,0.7068152593227603,0.48295454545454547,2333.0,0.04986990459670425,0.48534798534798534,0.5170454545454546,0.221750212404418
3235.0,3235.0,2970.0,1201.0,504.0,0.0,1135.0,0.0,0.0,130.0,0.0,130.0,265.0,61.0,11.0,23.0,0.0,0.0,30.0,140.0,140.0,0.0,3235.0,294.0,262.0,30.0,0.0,110.0,0.0,0.0,0.0,0.0,58.0,0.0,0.0,1.0,63.0,0.0,32.0,0.0,0.0,0.0,0.0,0.0,0.0,0.0,0.0,20.0,11.0,1.0,0.0,0.0,2941.0,1573.0,83.0,63.0,9.0,48.0,0.0,0.0,82.0,812.0,352.0,86.0,29.0,0.0,9.0,1368.0,42.0,0.0,9.0,19.0,0.0,0.0,96.0,809.0,223.0,90.0,46.0,34.0,0.0,159786.0,1778.0,0.0,1778.0,2069.0,0.0,0.0,19.0,0.0,65.0,0.0,39.0,1946.0,0.0,0.0,1778.0,0.0,0.0,0.0,0.0,0.0,0.0,0.0,1778.0,670.0,1044.0,64.0,0.0,0.0,0.0,1778.0,16.0,278.0,153.0,483.0,273.0,150.0,95.0,135.0,186.0,9.0,25017354901,0.08191653786707882,159786.0,1.0,0.37682789651293586,0.3508500772797527,0.15579598145285936,0.3712519319938176,0.0,3235.0,0.09088098918083462,0.31833520809898763,1.0,0.0
5366.0,5366.0,5227.0,1852.0,1388.0,0.0,1493.0,0.0,0.0,494.0,402.0,92.0,139.0,10.0,14.0,0.0,0.0,0.0,70.0,45.0,21.0,24.0,5366.0,1051.0,597.0,37.0,0.0,233.0,9.0,0.0,26.0,86.0,10.0,91.0,36.0,15.0,0.0,54.0,454.0,74.0,0.0,9.0,9.0,17.0,10.0,29.0,54.0,102.0,12.0,0.0,56.0,82.0,4315.0,2413.0,157.0,0.0,79.0,39.0,40.0,96.0,339.0,605.0,258.0,206.0,258.0,243.0,93.0,1902.0,51.0,0.0,38.0,76.0,0.0,38.0,105.0,266.0,290.0,423.0,267.0,176.0,172.0,80417.0,2292.0,927.0,1365.0,2500.0,493.0,144.0,514.0,275.0,126.0,135.0,25.0,788.0,0.0,0.0,2292.0,927.0,41.0,619.0,267.0,0.0,0.0,0.0,1365.0,293.0,816.0,230.0,26.0,0.0,0.0,1365.0,20.0,30.0,199.0,345.0,161.0,164.0,181.0,82.0,183.0,0.0,25017354902,0.025903838986209467,80417.0,0.7452,0.1457242582897033,0.27823332090942976,0.2586656727543794,0.34513604174431606,0.40445026178010474,5366.0,0.19586284010436078,0.4468864468864469,0.5955497382198953,0.2548
3479.0,3479.0,3237.0,2104.0,771.0,0.0,173.0,0.0,32.0,157.0,0.0,157.0,242.0,77.0,0.0,0.0,0.0,0.0,25.0,140.0,130.0,10.0,3479.0,170.0,91.0,0.0,0.0,0.0,0.0,0.0,0.0,49.0,10.0,10.0,0.0,0.0,12.0,10.0,79.0,0.0,0.0,0.0,0.0,0.0,0.0,0.0,38.0,10.0,0.0,21.0,10.0,0.0,3309.0,1801.0,37.0,27.0,131.0,65.0,0.0,33.0,120.0,544.0,302.0,152.0,209.0,111.0,70.0,1508.0,108.0,9.0,158.0,13.0,0.0,30.0,46.0,367.0,351.0,158.0,98.0,122.0,48.0,158542.0,1441.0,693.0,748.0,1633.0,142.0,244.0,284.0,290.0,74.0,184.0,137.0,278.0,0.0,0.0,1441.0,693.0,50.0,270.0,283.0,61.0,29.0,0.0,748.0,304.0,291.0,139.0,14.0,0.0,0.0,748.0,75.0,63.0,113.0,108.0,132.0,58.0,33.0,63.0,79.0,24.0,25017355000,0.06956021845357861,158542.0,0.7636252296387018,0.24566273421235255,0.04972693302673182,0.22161540672607072,0.6047714860592124,0.48091603053435117,3479.0,0.04886461626904283,0.3114973262032086,0.5190839694656488,0.23637477036129823
3551.0,3551.0,3415.0,2627.0,26.0,7.0,384.0,0.0,20.0,351.0,134.0,217.0,136.0,5.0,0.0,10.0,0.0,0.0,31.0,90.0,78.0,12.0,3534.0,57.0,29.0,0.0,0.0,0.0,0.0,0.0,0.0,5.0,0.0,0.0,6.0,0.0,18.0,0.0,28.0,0.0,0.0,0.0,0.0,0.0,0.0,0.0,0.0,0.0,0.0,0.0,19.0,9.0,3477.0,1577.0,98.0,25.0,123.0,10.0,11.0,23.0,78.0,404.0,354.0,175.0,114.0,44.0,118.0,1900.0,161.0,0.0,143.0,0.0,14.0,58.0,48.0,454.0,442.0,229.0,99.0,112.0,140.0,161860.0,1407.0,833.0,574.0,1472.0,305.0,147.0,876.0,117.0,18.0,9.0,0.0,0.0,0.0,0.0,1407.0,833.0,86.0,374.0,234.0,73.0,57.0,9.0,574.0,29.0,284.0,233.0,9.0,19.0,0.0,574.0,0.0,108.0,94.0,120.0,94.0,50.0,0.0,36.0,62.0,10.0,25017356100,0.038299070684314276,161860.0,0.6929347826086957,0.08173418621179815,0.10813855252041678,0.007321881160236553,0.7397916079977471,0.5920398009950248,3551.0,0.016129032258064516,0.2578397212543554,0.4079601990049751,0.3070652173913043
5629.0,5629.0,5225.0,3859.0,189.0,0.0,727.0,0.0,228.0,222.0,121.0,101.0,404.0,24.0,0.0,0.0,0.0,0.0,127.0,253.0,253.0,0.0,5629.0,182.0,78.0,0.0,0.0,0.0,0.0,0.0,0.0,0.0,0.0,1.0,1.0,36.0,40.0,0.0,104.0,0.0,0.0,0.0,34.0,0.0,0.0,0.0,19.0,0.0,34.0,0.0,17.0,0.0,5447.0,2743.0,137.0,0.0,223.0,126.0,42.0,54.0,113.0,764.0,382.0,326.0,314.0,218.0,44.0,2704.0,81.0,0.0,131.0,29.0,0.0,38.0,124.0,836.0,439.0,491.0,214.0,146.0,175.0,121194.0,2544.0,1227.0,1317.0,2544.0,320.0,575.0,791.0,133.0,193.0,358.0,80.0,94.0,0.0,0.0,2544.0,1227.0,0.0,672.0,471.0,84.0,0.0,0.0,1317.0,98.0,940.0,255.0,0.0,0.0,24.0,1317.0,20.0,102.0,245.0,374.0,151.0,91.0,39.0,103.0,172.0,20.0,25017356300,0.07177118493515722,121194.0,0.648191823899371,0.03852201257861635,0.12915260259371114,0.03357612364540771,0.6855569372890389,0.482311320754717,5629.0,0.03233256351039261,0.30751708428246016,0.5176886792452831,0.3518081761006289
7615.0,7615.0,7235.0,6049.0,43.0,0.0,911.0,0.0,0.0,232.0,118.0,114.0,380.0,38.0,0.0,0.0,0.0,0.0,170.0,172.0,53.0,119.0,7615.0,451.0,112.0,0.0,0.0,0.0,0.0,0.0,0.0,55.0,1.0,0.0,24.0,0.0,0.0,32.0,339.0,0.0,0.0,0.0,0.0,0.0,0.0,0.0,0.0,0.0,87.0,25.0,151.0,76.0,7164.0,3357.0,208.0,70.0,303.0,218.0,95.0,54.0,119.0,242.0,378.0,775.0,252.0,438.0,205.0,3807.0,77.0,113.0,354.0,310.0,60.0,199.0,86.0,383.0,459.0,757.0,354.0,344.0,311.0,203000.0,2906.0,2336.0,570.0,2985.0,2146.0,147.0,179.0,0.0,0.0,10.0,174.0,329.0,0.0,0.0,2906.0,2336.0,47.0,751.0,1132.0,325.0,81.0,0.0,570.0,224.0,271.0,52.0,23.0,0.0,0.0,570.0,21.0,62.0,80.0,115.0,80.0,111.0,21.0,37.0,0.0,43.0,25017356400,0.04990151017728168,203000.0,0.23182579564489111,0.09325533379215416,0.11963230466185161,0.005646749835850296,0.7943532501641497,0.8038540949759119,7615.0,0.05922521339461589,0.2964912280701754,0.1961459050240881,0.7681742043551089
7214.0,7214.0,7051.0,5260.0,252.0,0.0,1183.0,0.0,0.0,356.0,14.0,342.0,163.0,13.0,0.0,0.0,0.0,0.0,12.0,138.0,111.0,27.0,7093.0,543.0,261.0,59.0,0.0,0.0,0.0,0.0,0.0,0.0,0.0,3.0,20.0,76.0,35.0,68.0,282.0,0.0,0.0,20.0,20.0,0.0,0.0,0.0,40.0,0.0,40.0,50.0,17.0,95.0,6550.0,3425.0,138.0,61.0,300.0,182.0,38.0,88.0,44.0,376.0,564.0,630.0,315.0,411.0,278.0,3125.0,189.0,0.0,209.0,133.0,48.0,69.0,145.0,498.0,419.0,596.0,288.0,281.0,250.0,149844.0,3000.0,2187.0,813.0,3154.0,1862.0,93.0,504.0,118.0,56.0,284.0,0.0,237.0,0.0,0.0,3000.0,2187.0,37.0,543.0,1332.0,190.0,85.0,0.0,813.0,170.0,458.0,165.0,20.0,0.0,0.0,813.0,31.0,169.0,19.0,133.0,85.0,72.0,50.0,100.0,90.0,64.0,25017356500,0.022594954255614082,149844.0,0.38015218769816106,0.069,0.1639866925422789,0.034932076517881896,0.7291377876351539,0.729,7214.0,0.07655434935852248,0.3837638376383764,0.271,0.6198478123018389
4103.0,4103.0,3927.0,2824.0,85.0,0.0,645.0,0.0,57.0,316.0,62.0,254.0,176.0,6.0,0.0,0.0,0.0,0.0,35.0,135.0,115.0,20.0,4078.0,147.0,78.0,0.0,0.0,0.0,0.0,25.0,20.0,0.0,3.0,1.0,20.0,0.0,9.0,0.0,69.0,0.0,0.0,0.0,0.0,18.0,0.0,0.0,0.0,12.0,19.0,20.0,0.0,0.0,3931.0,1788.0,73.0,0.0,84.0,69.0,0.0,29.0,70.0,384.0,250.0,226.0,409.0,149.0,45.0,2143.0,5.0,17.0,210.0,48.0,79.0,24.0,65.0,187.0,262.0,405.0,354.0,304.0,183.0,148506.0,2099.0,1174.0,925.0,2185.0,877.0,103.0,179.0,156.0,169.0,429.0,148.0,93.0,20.0,11.0,2099.0,1174.0,64.0,437.0,516.0,146.0,11.0,0.0,925.0,261.0,490.0,156.0,18.0,0.0,0.0,925.0,42.0,57.0,305.0,103.0,84.0,34.0,20.0,44.0,197.0,39.0,25017356601,0.04289544235924933,148506.0,0.5464530892448513,0.15483563601715103,0.15720204728247625,0.020716548866682914,0.6882768705825006,0.5593139590281087,4103.0,0.036047081902893574,0.31891891891891894,0.4406860409718914,0.448512585812357
4530.0,4530.0,4458.0,3631.0,32.0,18.0,423.0,7.0,67.0,280.0,65.0,215.0,72.0,28.0,0.0,0.0,0.0,0.0,44.0,0.0,0.0,0.0,4426.0,210.0,138.0,0.0,0.0,0.0,0.0,0.0,0.0,53.0,12.0,0.0,0.0,62.0,0.0,11.0,72.0,0.0,0.0,0.0,0.0,0.0,0.0,0.0,0.0,0.0,46.0,11.0,4.0,11.0,4216.0,1694.0,105.0,7.0,103.0,53.0,10.0,64.0,90.0,173.0,250.0,412.0,173.0,125.0,129.0,2522.0,87.0,21.0,304.0,157.0,18.0,53.0,64.0,199.0,386.0,314.0,526.0,253.0,140.0,181117.0,1880.0,1441.0,439.0,1921.0,1039.0,94.0,324.0,164.0,18.0,32.0,91.0,159.0,0.0,0.0,1880.0,1441.0,41.0,474.0,638.0,260.0,19.0,9.0,439.0,104.0,293.0,42.0,0.0,0.0,0.0,439.0,10.0,32.0,86.0,150.0,50.0,21.0,11.0,0.0,29.0,50.0,25017356602,0.015894039735099338,181117.0,0.41020301926080166,0.07712765957446809,0.09337748344370861,0.00706401766004415,0.8015452538631347,0.7664893617021277,4530.0,0.047446904654315405,0.13895216400911162,0.23351063829787233,0.5897969807391983
6450.0,6450.0,5828.0,4348.0,55.0,0.0,1099.0,8.0,0.0,318.0,98.0,220.0,622.0,110.0,25.0,0.0,0.0,0.0,64.0,423.0,336.0,87.0,6437.0,420.0,211.0,0.0,0.0,13.0,0.0,0.0,0.0,46.0,80.0,49.0,0.0,23.0,0.0,0.0,209.0,0.0,0.0,0.0,0.0,0.0,0.0,56.0,21.0,30.0,0.0,44.0,12.0,46.0,6017.0,2918.0,141.0,20.0,164.0,124.0,0.0,41.0,37.0,796.0,531.0,275.0,399.0,220.0,170.0,3099.0,239.0,0.0,143.0,43.0,50.0,16.0,140.0,697.0,598.0,326.0,397.0,230.0,220.0,148363.0,2991.0,1390.0,1601.0,3197.0,139.0,157.0,1461.0,270.0,132.0,313.0,336.0,340.0,49.0,0.0,2991.0,1390.0,92.0,779.0,400.0,74.0,45.0,0.0,1601.0,231.0,1011.0,298.0,42.0,19.0,0.0,1601.0,234.0,124.0,271.0,398.0,70.0,136.0,74.0,86.0,194.0,14.0,25017356701,0.09643410852713179,148363.0,0.9074131998748827,0.10799063858241391,0.1703875968992248,0.008527131782945736,0.6741085271317829,0.46472751588097627,6450.0,0.06524778623582414,0.3060587133041849,0.5352724841190237,0.0925868001251173
3251.0,3251.0,3167.0,2556.0,163.0,0.0,292.0,0.0,3.0,153.0,10.0,143.0,84.0,0.0,0.0,0.0,0.0,0.0,36.0,48.0,48.0,0.0,3227.0,394.0,142.0,0.0,0.0,0.0,0.0,0.0,0.0,0.0,2.0,21.0,9.0,14.0,67.0,29.0,252.0,0.0,0.0,0.0,0.0,0.0,9.0,21.0,10.0,9.0,113.0,0.0,79.0,11.0,2833.0,1293.0,104.0,0.0,137.0,60.0,7.0,43.0,27.0,132.0,132.0,144.0,207.0,115.0,185.0,1540.0,47.0,0.0,45.0,45.0,23.0,100.0,101.0,85.0,188.0,190.0,341.0,292.0,83.0,138816.0,1506.0,867.0,639.0,1568.0,594.0,172.0,122.0,90.0,62.0,57.0,226.0,245.0,0.0,0.0,1506.0,867.0,24.0,386.0,328.0,129.0,0.0,0.0,639.0,253.0,347.0,39.0,0.0,0.0,0.0,639.0,0.0,27.0,52.0,46.0,78.0,213.0,60.0,76.0,47.0,40.0,25017356703,0.025838203629652414,138816.0,0.5114795918367347,0.18393094289508632,0.08981851737926792,0.050138418948015996,0.786219624730852,0.5756972111553785,3251.0,0.12209482491478153,0.6197183098591549,0.4243027888446215,0.4885204081632653
4007.0,4007.0,3778.0,3063.0,61.0,0.0,360.0,0.0,0.0,294.0,89.0,205.0,229.0,0.0,0.0,0.0,0.0,0.0,0.0,229.0,194.0,35.0,4007.0,73.0,47.0,0.0,0.0,0.0,0.0,0.0,0.0,30.0,0.0,0.0,3.0,8.0,0.0,6.0,26.0,0.0,0.0,0.0,0.0,0.0,0.0,0.0,0.0,0.0,10.0,0.0,7.0,9.0,3934.0,1994.0,78.0,9.0,174.0,72.0,125.0,11.0,182.0,150.0,230.0,488.0,159.0,191.0,125.0,1940.0,97.0,53.0,113.0,100.0,0.0,66.0,81.0,192.0,277.0,332.0,265.0,203.0,161.0,164453.0,1672.0,870.0,802.0,1720.0,574.0,44.0,521.0,103.0,65.0,169.0,84.0,160.0,0.0,0.0,1672.0,870.0,0.0,292.0,491.0,87.0,0.0,0.0,802.0,127.0,481.0,140.0,54.0,0.0,0.0,802.0,0.0,158.0,151.0,73.0,109.0,89.0,72.0,23.0,127.0,0.0,25017356704,0.05714998752183679,164453.0,0.6406976744186047,0.07595693779904306,0.08984277514349888,0.01522335912153731,0.764412278512603,0.5203349282296651,4007.0,0.018218118292987272,0.3877805486284289,0.4796650717703349,0.35930232558139535
5134.0,5134.0,4976.0,3365.0,130.0,0.0,1331.0,0.0,0.0,150.0,8.0,142.0,158.0,0.0,0.0,3.0,0.0,0.0,56.0,99.0,82.0,17.0,5134.0,136.0,17.0,0.0,0.0,0.0,0.0,0.0,13.0,0.0,3.0,0.0,0.0,1.0,0.0,0.0,119.0,22.0,0.0,0.0,0.0,0.0,0.0,0.0,2.0,19.0,0.0,0.0,13.0,63.0,4998.0,2368.0,140.0,15.0,174.0,56.0,0.0,120.0,105.0,235.0,297.0,323.0,325.0,366.0,212.0,2630.0,26.0,37.0,242.0,61.0,49.0,119.0,304.0,243.0,259.0,341.0,353.0,366.0,230.0,172404.0,2037.0,1320.0,717.0,2075.0,1284.0,49.0,52.0,14.0,30.0,21.0,135.0,490.0,0.0,0.0,2037.0,1320.0,21.0,285.0,763.0,200.0,29.0,22.0,717.0,117.0,512.0,88.0,0.0,0.0,0.0,717.0,0.0,39.0,142.0,19.0,77.0,37.0,131.0,94.0,170.0,8.0,25017357100,0.03077522399688352,172404.0,0.35759036144578316,0.06774668630338733,0.2592520451889365,0.025321386832878847,0.6554343591741332,0.6480117820324006,5134.0,0.026490066225165563,0.602510460251046,0.35198821796759944,0.6424096385542168
3167.0,3167.0,3051.0,2062.0,0.0,0.0,728.0,0.0,34.0,227.0,50.0,177.0,116.0,10.0,0.0,0.0,0.0,0.0,52.0,54.0,52.0,2.0,3167.0,30.0,3.0,0.0,0.0,0.0,0.0,0.0,0.0,0.0,0.0,1.0,0.0,2.0,0.0,0.0,27.0,0.0,0.0,0.0,0.0,0.0,0.0,0.0,0.0,0.0,0.0,13.0,14.0,0.0,3137.0,1560.0,53.0,19.0,152.0,72.0,54.0,64.0,94.0,59.0,233.0,272.0,159.0,149.0,180.0,1577.0,101.0,0.0,137.0,36.0,23.0,34.0,71.0,119.0,247.0,229.0,225.0,252.0,103.0,250001.0,1136.0,993.0,143.0,1248.0,918.0,34.0,229.0,46.0,21.0,0.0,0.0,0.0,0.0,0.0,1136.0,993.0,32.0,210.0,595.0,132.0,24.0,0.0,143.0,12.0,72.0,54.0,5.0,0.0,0.0,143.0,17.0,46.0,0.0,35.0,0.0,32.0,0.0,0.0,6.0,7.0,25017357200,0.0366277233975371,250001.0,0.23717948717948717,0.03873239436619718,0.22987053994316387,0.0,0.6510893590148406,0.8741197183098591,3167.0,0.00947268708556994,0.26573426573426573,0.12588028169014084,0.7628205128205128
3278.0,3278.0,2996.0,2273.0,0.0,0.0,558.0,0.0,11.0,154.0,83.0,71.0,282.0,56.0,0.0,8.0,0.0,0.0,165.0,53.0,45.0,8.0,3278.0,105.0,20.0,0.0,0.0,5.0,0.0,0.0,0.0,5.0,10.0,0.0,0.0,0.0,0.0,0.0,85.0,0.0,0.0,0.0,0.0,0.0,0.0,0.0,0.0,5.0,49.0,0.0,0.0,31.0,3173.0,1477.0,107.0,23.0,35.0,80.0,74.0,59.0,37.0,223.0,263.0,200.0,157.0,143.0,76.0,1696.0,151.0,0.0,165.0,46.0,6.0,10.0,55.0,290.0,285.0,162.0,238.0,223.0,65.0,167738.0,1330.0,683.0,647.0,1376.0,380.0,29.0,638.0,329.0,0.0,0.0,0.0,0.0,0.0,0.0,1330.0,683.0,12.0,323.0,275.0,65.0,0.0,8.0,647.0,63.0,363.0,213.0,0.0,0.0,8.0,647.0,12.0,130.0,67.0,152.0,18.0,19.0,72.0,43.0,104.0,30.0,25017357300,0.0860280658938377,167738.0,0.7027616279069767,0.05639097744360902,0.17022574740695545,0.0,0.6934106162294081,0.5135338345864662,3278.0,0.032031726662599146,0.3678516228748068,0.4864661654135338,0.29723837209302323
2426.0,2426.0,2283.0,1619.0,0.0,0.0,435.0,0.0,50.0,179.0,54.0,125.0,143.0,33.0,0.0,0.0,0.0,0.0,6.0,104.0,104.0,0.0,2425.0,26.0,2.0,0.0,0.0,0.0,0.0,0.0,0.0,0.0,1.0,0.0,0.0,0.0,1.0,0.0,24.0,0.0,0.0,0.0,0.0,0.0,0.0,0.0,9.0,6.0,0.0,9.0,0.0,0.0,2399.0,1215.0,61.0,0.0,145.0,70.0,32.0,24.0,39.0,100.0,146.0,249.0,187.0,79.0,83.0,1184.0,71.0,0.0,80.0,44.0,7.0,75.0,78.0,68.0,168.0,167.0,194.0,102.0,130.0,220357.0,868.0,592.0,276.0,905.0,478.0,56.0,316.0,40.0,0.0,6.0,0.0,9.0,0.0,0.0,868.0,592.0,14.0,145.0,354.0,79.0,0.0,0.0,276.0,20.0,113.0,124.0,19.0,0.0,0.0,276.0,38.0,21.0,32.0,37.0,18.0,19.0,6.0,21.0,61.0,23.0,25017357400,0.05894476504534213,220357.0,0.40994475138121544,0.03917050691244239,0.17930750206100576,0.0,0.667353668590272,0.6820276497695853,2426.0,0.010721649484536083,0.38768115942028986,0.31797235023041476,0.5900552486187846
2374.0,2374.0,2297.0,1790.0,0.0,0.0,426.0,0.0,0.0,81.0,0.0,81.0,77.0,0.0,0.0,0.0,0.0,0.0,12.0,65.0,65.0,0.0,2374.0,126.0,29.0,0.0,0.0,0.0,0.0,21.0,0.0,0.0,5.0,3.0,0.0,0.0,0.0,0.0,97.0,0.0,0.0,0.0,0.0,0.0,17.0,0.0,0.0,22.0,38.0,0.0,0.0,20.0,2248.0,1167.0,89.0,10.0,88.0,63.0,37.0,33.0,60.0,88.0,181.0,215.0,107.0,168.0,28.0,1081.0,39.0,9.0,82.0,43.0,6.0,22.0,66.0,77.0,208.0,173.0,123.0,180.0,53.0,167563.0,959.0,528.0,431.0,1020.0,280.0,65.0,576.0,18.0,0.0,0.0,76.0,5.0,0.0,0.0,959.0,528.0,15.0,133.0,334.0,46.0,0.0,0.0,431.0,44.0,298.0,78.0,0.0,11.0,0.0,431.0,7.0,23.0,52.0,47.0,58.0,51.0,9.0,15.0,135.0,34.0,25017357500,0.03243470935130581,167563.0,0.6617647058823529,0.061522419186652764,0.17944397641112048,0.0,0.7540016849199663,0.5505735140771637,2374.0,0.05307497893850042,0.4872389791183295,0.4494264859228363,0.3382352941176471
2883.0,2883.0,2821.0,1847.0,55.0,0.0,710.0,6.0,0.0,203.0,48.0,155.0,62.0,13.0,0.0,0.0,0.0,0.0,18.0,31.0,31.0,0.0,2872.0,91.0,21.0,0.0,0.0,0.0,0.0,0.0,0.0,0.0,4.0,0.0,0.0,9.0,8.0,0.0,70.0,0.0,0.0,10.0,0.0,0.0,11.0,0.0,0.0,4.0,15.0,6.0,0.0,24.0,2781.0,1400.0,49.0,19.0,243.0,29.0,13.0,79.0,126.0,109.0,259.0,117.0,224.0,109.0,24.0,1381.0,193.0,0.0,87.0,10.0,0.0,12.0,64.0,135.0,335.0,169.0,178.0,171.0,27.0,193611.0,1102.0,720.0,382.0,1140.0,230.0,133.0,586.0,127.0,0.0,13.0,16.0,35.0,0.0,0.0,1102.0,720.0,26.0,390.0,215.0,89.0,0.0,0.0,382.0,62.0,98.0,171.0,51.0,0.0,0.0,382.0,54.0,58.0,74.0,73.0,45.0,17.0,22.0,11.0,28.0,0.0,25017357600,0.021505376344086023,193611.0,0.6815789473684211,0.07985480943738657,0.24627124523066252,0.019077349982656956,0.6406520985084981,0.6533575317604355,2883.0,0.03168523676880223,0.20418848167539266,0.3466424682395644,0.31842105263157894
3993.0,3993.0,3675.0,2701.0,239.0,0.0,646.0,0.0,7.0,82.0,29.0,53.0,318.0,0.0,0.0,0.0,0.0,0.0,195.0,123.0,123.0,0.0,3858.0,339.0,98.0,0.0,0.0,32.0,7.0,0.0,0.0,0.0,12.0,0.0,11.0,0.0,26.0,10.0,241.0,0.0,0.0,0.0,7.0,0.0,0.0,42.0,42.0,33.0,40.0,14.0,46.0,17.0,3519.0,1606.0,82.0,11.0,174.0,32.0,12.0,45.0,54.0,163.0,243.0,284.0,213.0,188.0,105.0,1913.0,24.0,23.0,189.0,83.0,25.0,96.0,67.0,163.0,367.0,215.0,281.0,237.0,143.0,138958.0,1685.0,869.0,816.0,1767.0,330.0,229.0,668.0,272.0,106.0,96.0,49.0,17.0,0.0,0.0,1685.0,869.0,25.0,334.0,413.0,78.0,19.0,0.0,816.0,218.0,366.0,195.0,37.0,0.0,0.0,816.0,79.0,56.0,129.0,72.0,20.0,126.0,39.0,6.0,195.0,94.0,25017357700,0.07963936889556725,138958.0,0.6836445953593662,0.14421364985163204,0.16178312046080642,0.05985474580515903,0.6764337590783872,0.5157270029673591,3993.0,0.08786936236391912,0.4485294117647059,0.48427299703264093,0.31635540464063383
3920.0,3920.0,3731.0,3052.0,0.0,0.0,460.0,0.0,65.0,154.0,0.0,154.0,189.0,21.0,0.0,0.0,0.0,0.0,26.0,142.0,142.0,0.0,3920.0,120.0,86.0,0.0,0.0,30.0,0.0,0.0,0.0,0.0,0.0,0.0,27.0,0.0,25.0,4.0,34.0,0.0,0.0,0.0,0.0,0.0,0.0,0.0,2.0,28.0,0.0,0.0,0.0,4.0,3800.0,1969.0,53.0,19.0,109.0,132.0,21.0,251.0,180.0,86.0,180.0,416.0,215.0,176.0,131.0,1831.0,60.0,19.0,255.0,214.0,15.0,35.0,40.0,69.0,204.0,377.0,236.0,193.0,114.0,235063.0,1295.0,1034.0,261.0,1350.0,1036.0,55.0,163.0,96.0,0.0,0.0,0.0,0.0,0.0,0.0,1295.0,1034.0,8.0,194.0,653.0,136.0,43.0,0.0,261.0,55.0,129.0,66.0,11.0,0.0,0.0,261.0,0.0,0.0,34.0,47.0,53.0,8.0,28.0,16.0,56.0,19.0,25017357800,0.048214285714285716,235063.0,0.19185185185185186,0.04864864864864865,0.11734693877551021,0.0,0.7785714285714286,0.7984555984555984,3920.0,0.030612244897959183,0.41379310344827586,0.20154440154440154,0.8081481481481482
5281.0,5281.0,5228.0,3031.0,26.0,0.0,1685.0,0.0,75.0,411.0,255.0,156.0,53.0,10.0,8.0,0.0,0.0,0.0,0.0,35.0,35.0,0.0,5227.0,92.0,22.0,0.0,0.0,0.0,0.0,0.0,0.0,0.0,0.0,12.0,0.0,0.0,10.0,0.0,70.0,0.0,0.0,0.0,10.0,0.0,0.0,0.0,6.0,1.0,13.0,1.0,10.0,29.0,5135.0,2463.0,98.0,42.0,195.0,110.0,70.0,167.0,76.0,66.0,393.0,465.0,371.0,207.0,203.0,2672.0,68.0,18.0,349.0,120.0,73.0,71.0,151.0,117.0,443.0,474.0,374.0,260.0,154.0,233056.0,1900.0,1642.0,258.0,1982.0,1550.0,151.0,135.0,66.0,56.0,6.0,0.0,18.0,0.0,0.0,1900.0,1642.0,32.0,303.0,1083.0,184.0,18.0,22.0,258.0,0.0,98.0,153.0,7.0,0.0,0.0,258.0,45.0,18.0,34.0,19.0,42.0,33.0,11.0,14.0,35.0,7.0,25017358100,0.01003597803446317,233056.0,0.14177598385469223,0.016842105263157894,0.31906835826548,0.004923309979170612,0.5739443287256202,0.8642105263157894,5281.0,0.017600918308781327,0.36046511627906974,0.13578947368421052,0.8582240161453077
6131.0,6131.0,5952.0,3423.0,102.0,0.0,2190.0,0.0,88.0,149.0,85.0,64.0,179.0,57.0,0.0,0.0,0.0,0.0,117.0,5.0,5.0,0.0,6098.0,336.0,150.0,0.0,0.0,0.0,19.0,0.0,0.0,0.0,22.0,5.0,0.0,65.0,39.0,0.0,186.0,0.0,0.0,0.0,0.0,0.0,0.0,15.0,15.0,18.0,16.0,20.0,36.0,66.0,5762.0,2648.0,94.0,69.0,276.0,148.0,0.0,93.0,115.0,117.0,245.0,531.0,357.0,276.0,327.0,3114.0,116.0,0.0,251.0,201.0,46.0,183.0,192.0,89.0,402.0,571.0,393.0,319.0,351.0,250001.0,2344.0,1504.0,840.0,2386.0,1105.0,447.0,14.0,18.0,28.0,269.0,115.0,390.0,0.0,0.0,2344.0,1504.0,147.0,285.0,737.0,274.0,61.0,0.0,840.0,54.0,423.0,298.0,65.0,0.0,0.0,840.0,61.0,29.0,53.0,15.0,136.0,0.0,78.0,34.0,346.0,88.0,25017358300,0.029195889740662208,250001.0,0.3495389773679799,0.08575085324232082,0.3572011091175991,0.016636763986299135,0.5583102267166857,0.6416382252559727,6131.0,0.05510003279763857,0.5452380952380952,0.3583617747440273,0.6504610226320201
4919.0,4919.0,4770.0,2977.0,40.0,0.0,1499.0,0.0,0.0,254.0,33.0,221.0,149.0,8.0,0.0,0.0,0.0,0.0,42.0,99.0,99.0,0.0,4845.0,388.0,106.0,0.0,0.0,0.0,0.0,0.0,16.0,12.0,0.0,0.0,12.0,24.0,0.0,42.0,282.0,0.0,9.0,18.0,16.0,10.0,0.0,0.0,13.0,9.0,46.0,15.0,11.0,135.0,4457.0,2281.0,48.0,8.0,182.0,118.0,38.0,154.0,58.0,117.0,134.0,415.0,368.0,258.0,383.0,2176.0,55.0,0.0,164.0,101.0,44.0,69.0,70.0,100.0,180.0,452.0,360.0,281.0,300.0,184299.0,1952.0,1494.0,458.0,1961.0,1395.0,86.0,23.0,87.0,83.0,59.0,86.0,142.0,0.0,0.0,1952.0,1494.0,28.0,465.0,846.0,120.0,35.0,0.0,458.0,156.0,228.0,74.0,0.0,0.0,0.0,458.0,24.0,20.0,32.0,44.0,100.0,11.0,17.0,20.0,138.0,52.0,25017358400,0.030290709493799552,184299.0,0.2447730749617542,0.0942622950819672,0.3047367351087619,0.008131734092295182,0.6052043098190689,0.7653688524590164,4919.0,0.08008255933952528,0.40611353711790393,0.2346311475409836,0.7552269250382458
5753.0,5753.0,5573.0,2976.0,151.0,0.0,2118.0,0.0,0.0,328.0,131.0,197.0,180.0,0.0,0.0,0.0,0.0,0.0,47.0,133.0,133.0,0.0,5602.0,262.0,136.0,42.0,0.0,31.0,21.0,11.0,0.0,11.0,0.0,0.0,0.0,10.0,0.0,10.0,126.0,0.0,0.0,0.0,0.0,0.0,0.0,8.0,0.0,21.0,73.0,0.0,0.0,24.0,5340.0,2653.0,182.0,10.0,150.0,193.0,88.0,85.0,163.0,98.0,222.0,667.0,380.0,269.0,146.0,2687.0,84.0,0.0,219.0,131.0,87.0,52.0,231.0,198.0,295.0,547.0,364.0,319.0,160.0,250001.0,1923.0,1651.0,272.0,1949.0,1560.0,147.0,50.0,49.0,27.0,50.0,21.0,45.0,0.0,0.0,1923.0,1651.0,16.0,237.0,939.0,376.0,26.0,57.0,272.0,20.0,150.0,82.0,20.0,0.0,0.0,272.0,0.0,36.0,0.0,21.0,34.0,0.0,50.0,10.0,100.0,21.0,25017358500,0.03128802363984008,250001.0,0.1241662390969728,0.0187207488299532,0.368155744828785,0.026247175386754737,0.5172953241786894,0.858554342173687,5753.0,0.0467690110674759,0.5882352941176471,0.14144565782631305,0.8758337609030272
6459.0,6459.0,6253.0,3284.0,99.0,0.0,2409.0,0.0,83.0,378.0,65.0,313.0,206.0,91.0,0.0,15.0,0.0,0.0,38.0,62.0,62.0,0.0,6459.0,418.0,132.0,19.0,0.0,0.0,37.0,42.0,0.0,0.0,0.0,0.0,0.0,5.0,25.0,4.0,286.0,0.0,0.0,18.0,18.0,19.0,21.0,17.0,17.0,16.0,77.0,16.0,25.0,42.0,6041.0,2887.0,153.0,48.0,272.0,131.0,53.0,40.0,78.0,69.0,349.0,686.0,395.0,488.0,125.0,3154.0,34.0,71.0,430.0,200.0,38.0,108.0,129.0,125.0,381.0,635.0,365.0,489.0,149.0,238636.0,2396.0,1972.0,424.0,2408.0,2007.0,80.0,14.0,93.0,56.0,91.0,10.0,57.0,0.0,0.0,2396.0,1972.0,0.0,394.0,1227.0,302.0,14.0,35.0,424.0,78.0,242.0,91.0,13.0,0.0,0.0,424.0,19.0,35.0,67.0,40.0,57.0,82.0,13.0,54.0,57.0,0.0,25017358600,0.03189348196315219,238636.0,0.13330564784053156,0.0325542570951586,0.3729679516953089,0.015327450069670227,0.5084378386747175,0.8230383973288815,6459.0,0.06471590029416319,0.4858490566037736,0.17696160267111852,0.8666943521594684
5752.0,5752.0,5335.0,3248.0,167.0,0.0,1691.0,0.0,63.0,166.0,55.0,111.0,417.0,41.0,0.0,0.0,0.0,0.0,212.0,164.0,88.0,76.0,5752.0,86.0,33.0,0.0,0.0,0.0,0.0,0.0,0.0,2.0,0.0,3.0,0.0,6.0,22.0,0.0,53.0,0.0,0.0,0.0,0.0,0.0,0.0,0.0,31.0,0.0,0.0,0.0,14.0,8.0,5666.0,2842.0,194.0,7.0,339.0,150.0,29.0,65.0,125.0,124.0,310.0,576.0,344.0,385.0,194.0,2824.0,99.0,27.0,277.0,213.0,81.0,134.0,96.0,111.0,426.0,504.0,242.0,450.0,164.0,250001.0,1962.0,1779.0,183.0,2068.0,1777.0,227.0,31.0,7.0,0.0,13.0,13.0,0.0,0.0,0.0,1962.0,1779.0,13.0,398.0,1053.0,262.0,39.0,14.0,183.0,7.0,94.0,48.0,34.0,0.0,0.0,183.0,30.0,27.0,10.0,41.0,43.0,0.0,0.0,0.0,32.0,0.0,25017358700,0.07249652294853964,250001.0,0.030947775628626693,0.010193679918450561,0.29398470097357443,0.029033379694019472,0.564673157162726,0.9067278287461774,5752.0,0.014951321279554937,0.17486338797814208,0.09327217125382263,0.9690522243713733
6941.0,6941.0,6726.0,5128.0,133.0,5.0,1124.0,0.0,12.0,324.0,143.0,181.0,215.0,6.0,18.0,0.0,0.0,0.0,74.0,117.0,105.0,12.0,6712.0,366.0,204.0,10.0,0.0,9.0,30.0,0.0,0.0,11.0,52.0,26.0,8.0,32.0,26.0,0.0,162.0,0.0,0.0,0.0,0.0,0.0,0.0,0.0,3.0,86.0,26.0,33.0,2.0,12.0,6346.0,3168.0,110.0,19.0,263.0,84.0,140.0,26.0,110.0,366.0,585.0,457.0,436.0,352.0,220.0,3178.0,188.0,27.0,185.0,80.0,28.0,143.0,169.0,401.0,437.0,415.0,437.0,302.0,366.0,180404.0,2852.0,1677.0,1175.0,2868.0,1742.0,95.0,34.0,87.0,198.0,267.0,298.0,147.0,0.0,0.0,2852.0,1677.0,0.0,452.0,750.0,349.0,83.0,43.0,1175.0,167.0,514.0,394.0,100.0,0.0,0.0,1175.0,44.0,130.0,108.0,229.0,72.0,133.0,50.0,79.0,304.0,26.0,25017359100,0.030975363780435097,180404.0,0.3594839609483961,0.05855539971949509,0.1619363204149258,0.019161504106036596,0.738798444028238,0.5880084151472651,6941.0,0.054529201430274135,0.4817021276595745,0.4119915848527349,0.6405160390516039
0.0,0.0,0.0,0.0,0.0,0.0,0.0,0.0,0.0,0.0,0.0,0.0,0.0,0.0,0.0,0.0,0.0,0.0,0.0,0.0,0.0,0.0,0.0,0.0,0.0,0.0,0.0,0.0,0.0,0.0,0.0,0.0,0.0,0.0,0.0,0.0,0.0,0.0,0.0,0.0,0.0,0.0,0.0,0.0,0.0,0.0,0.0,0.0,0.0,0.0,0.0,0.0,0.0,0.0,0.0,0.0,0.0,0.0,0.0,0.0,0.0,0.0,0.0,0.0,0.0,0.0,0.0,0.0,0.0,0.0,0.0,0.0,0.0,0.0,0.0,0.0,0.0,0.0,0.0,0.0,0.0,,0.0,0.0,0.0,0.0,0.0,0.0,0.0,0.0,0.0,0.0,0.0,0.0,0.0,0.0,0.0,0.0,0.0,0.0,0.0,0.0,0.0,0.0,0.0,0.0,0.0,0.0,0.0,0.0,0.0,0.0,0.0,0.0,0.0,0.0,0.0,0.0,0.0,0.0,0.0,0.0,25017359301,,nan,,,,,,,0.0,,,,
0.0,0.0,0.0,0.0,0.0,0.0,0.0,0.0,0.0,0.0,0.0,0.0,0.0,0.0,0.0,0.0,0.0,0.0,0.0,0.0,0.0,0.0,0.0,0.0,0.0,0.0,0.0,0.0,0.0,0.0,0.0,0.0,0.0,0.0,0.0,0.0,0.0,0.0,0.0,0.0,0.0,0.0,0.0,0.0,0.0,0.0,0.0,0.0,0.0,0.0,0.0,0.0,0.0,0.0,0.0,0.0,0.0,0.0,0.0,0.0,0.0,0.0,0.0,0.0,0.0,0.0,0.0,0.0,0.0,0.0,0.0,0.0,0.0,0.0,0.0,0.0,0.0,0.0,0.0,0.0,0.0,,0.0,0.0,0.0,0.0,0.0,0.0,0.0,0.0,0.0,0.0,0.0,0.0,0.0,0.0,0.0,0.0,0.0,0.0,0.0,0.0,0.0,0.0,0.0,0.0,0.0,0.0,0.0,0.0,0.0,0.0,0.0,0.0,0.0,0.0,0.0,0.0,0.0,0.0,0.0,0.0,25017359302,,nan,,,,,,,0.0,,,,
7786.0,7786.0,7454.0,5210.0,242.0,0.0,1501.0,0.0,203.0,298.0,147.0,151.0,332.0,124.0,0.0,0.0,0.0,0.0,54.0,154.0,93.0,61.0,7750.0,424.0,213.0,54.0,0.0,26.0,11.0,0.0,0.0,8.0,31.0,21.0,0.0,62.0,0.0,0.0,211.0,19.0,0.0,11.0,0.0,0.0,0.0,0.0,42.0,40.0,35.0,17.0,0.0,47.0,7326.0,3545.0,92.0,16.0,304.0,76.0,52.0,43.0,231.0,606.0,366.0,691.0,467.0,400.0,201.0,3781.0,239.0,17.0,308.0,180.0,106.0,149.0,255.0,138.0,459.0,600.0,619.0,408.0,303.0,166583.0,3017.0,2362.0,655.0,3102.0,2068.0,557.0,192.0,182.0,19.0,43.0,24.0,17.0,0.0,0.0,3017.0,2362.0,81.0,482.0,1520.0,224.0,31.0,24.0,655.0,70.0,274.0,231.0,19.0,61.0,0.0,655.0,53.0,61.0,153.0,64.0,85.0,18.0,50.0,16.0,72.0,83.0,25017359303,0.04264063704084254,166583.0,0.15377176015473887,0.05004971826317534,0.19278191625995375,0.03108142820446956,0.6691497559722579,0.7828969174676831,7786.0,0.05470967741935484,0.2381679389312977,0.21710308253231686,0.8462282398452611
7178.0,7178.0,6733.0,3462.0,1292.0,0.0,1327.0,0.0,123.0,529.0,188.0,341.0,445.0,39.0,0.0,0.0,0.0,0.0,166.0,240.0,232.0,8.0,7178.0,1317.0,557.0,19.0,0.0,40.0,35.0,0.0,0.0,160.0,128.0,77.0,27.0,71.0,0.0,0.0,760.0,0.0,0.0,20.0,49.0,20.0,47.0,40.0,228.0,151.0,0.0,73.0,45.0,87.0,5861.0,3181.0,321.0,6.0,191.0,52.0,0.0,79.0,249.0,1095.0,451.0,339.0,137.0,180.0,81.0,2680.0,4.0,0.0,124.0,19.0,0.0,56.0,363.0,847.0,274.0,323.0,167.0,290.0,213.0,120307.0,3271.0,1080.0,2191.0,3447.0,278.0,267.0,394.0,698.0,530.0,262.0,460.0,558.0,0.0,0.0,3271.0,1080.0,227.0,571.0,250.0,32.0,0.0,0.0,2191.0,1121.0,870.0,200.0,0.0,0.0,0.0,2191.0,44.0,211.0,359.0,329.0,298.0,101.0,129.0,218.0,467.0,35.0,25017359400,0.06199498467539705,120307.0,0.8418914998549464,0.41210638948333844,0.18487043744775702,0.17999442741710783,0.48230704931735857,0.33017425863650257,7178.0,0.18347729172471441,0.41761752624372434,0.6698257413634974,0.15810850014505368
6948.0,6948.0,6069.0,4746.0,81.0,0.0,768.0,0.0,74.0,400.0,227.0,173.0,879.0,141.0,0.0,0.0,0.0,0.0,529.0,209.0,142.0,67.0,6714.0,157.0,62.0,10.0,0.0,11.0,0.0,0.0,0.0,0.0,0.0,0.0,0.0,26.0,15.0,0.0,95.0,0.0,0.0,0.0,15.0,0.0,0.0,0.0,0.0,26.0,0.0,37.0,16.0,1.0,6557.0,3131.0,229.0,7.0,452.0,121.0,28.0,65.0,229.0,95.0,425.0,477.0,352.0,258.0,393.0,3426.0,213.0,19.0,283.0,70.0,17.0,127.0,280.0,229.0,620.0,383.0,463.0,270.0,452.0,175117.0,2693.0,1544.0,1149.0,2880.0,1646.0,525.0,51.0,354.0,47.0,16.0,65.0,176.0,0.0,0.0,2693.0,1544.0,47.0,434.0,701.0,229.0,42.0,91.0,1149.0,136.0,399.0,582.0,32.0,0.0,0.0,1149.0,14.0,49.0,54.0,62.0,209.0,84.0,79.0,121.0,424.0,53.0,25017360300,0.12651122625215888,175117.0,0.24618055555555557,0.06795395469736354,0.11053540587219343,0.011658031088082901,0.6830742659758203,0.5733382844411437,6948.0,0.023383973786118558,0.6161879895561357,0.4266617155588563,0.7538194444444445
5298.0,5298.0,5154.0,4578.0,46.0,0.0,187.0,0.0,59.0,284.0,0.0,284.0,144.0,3.0,1.0,0.0,0.0,0.0,5.0,135.0,65.0,70.0,5079.0,84.0,2.0,0.0,0.0,0.0,0.0,0.0,0.0,1.0,0.0,1.0,0.0,0.0,0.0,0.0,82.0,0.0,0.0,0.0,0.0,0.0,0.0,0.0,0.0,0.0,0.0,19.0,57.0,6.0,4995.0,2363.0,96.0,16.0,182.0,138.0,65.0,70.0,91.0,226.0,127.0,431.0,366.0,285.0,270.0,2632.0,72.0,36.0,134.0,197.0,77.0,105.0,98.0,140.0,219.0,339.0,513.0,286.0,416.0,195590.0,2175.0,1613.0,562.0,2272.0,1450.0,54.0,92.0,202.0,316.0,0.0,0.0,158.0,0.0,0.0,2175.0,1613.0,48.0,425.0,833.0,189.0,112.0,6.0,562.0,15.0,419.0,128.0,0.0,0.0,0.0,562.0,0.0,59.0,25.0,27.0,34.0,86.0,117.0,55.0,137.0,22.0,25017361100,0.027180067950169876,195590.0,0.3380281690140845,0.028965517241379312,0.035296338240845604,0.008682521706304265,0.8640996602491506,0.7416091954022989,5298.0,0.016538688718251624,0.702846975088968,0.25839080459770114,0.6619718309859155
6344.0,6344.0,6113.0,4888.0,262.0,0.0,493.0,0.0,0.0,470.0,88.0,382.0,231.0,23.0,1.0,0.0,0.0,0.0,88.0,119.0,91.0,28.0,5681.0,322.0,106.0,0.0,0.0,12.0,15.0,0.0,0.0,0.0,6.0,0.0,8.0,15.0,0.0,50.0,216.0,0.0,0.0,0.0,0.0,0.0,0.0,25.0,35.0,20.0,31.0,17.0,77.0,11.0,5359.0,2581.0,121.0,79.0,244.0,159.0,166.0,62.0,177.0,50.0,426.0,372.0,281.0,293.0,151.0,2778.0,106.0,26.0,263.0,95.0,49.0,115.0,169.0,145.0,375.0,460.0,374.0,408.0,193.0,192279.0,2223.0,1396.0,827.0,2386.0,1316.0,190.0,0.0,130.0,43.0,180.0,199.0,328.0,0.0,0.0,2223.0,1396.0,13.0,423.0,686.0,189.0,37.0,48.0,827.0,42.0,359.0,426.0,0.0,0.0,0.0,827.0,0.0,149.0,164.0,41.0,62.0,74.0,36.0,94.0,138.0,69.0,25017361200,0.03641235813366961,192279.0,0.3688181056160939,0.024741340530814216,0.07771122320302648,0.04129886506935687,0.7704918032786885,0.6279802069275754,6344.0,0.05668016194331984,0.4135429262394196,0.37201979307242466,0.6311818943839062
6581.0,6581.0,6292.0,5466.0,71.0,43.0,313.0,0.0,63.0,336.0,223.0,113.0,289.0,58.0,0.0,0.0,0.0,0.0,62.0,169.0,169.0,0.0,6277.0,223.0,167.0,0.0,0.0,79.0,0.0,0.0,0.0,5.0,0.0,43.0,20.0,0.0,20.0,0.0,56.0,0.0,0.0,0.0,0.0,0.0,21.0,0.0,0.0,0.0,14.0,0.0,21.0,0.0,6054.0,2937.0,141.0,66.0,264.0,141.0,0.0,131.0,173.0,113.0,209.0,402.0,577.0,425.0,295.0,3117.0,70.0,42.0,179.0,129.0,66.0,191.0,380.0,45.0,332.0,446.0,480.0,330.0,427.0,211161.0,2192.0,1982.0,210.0,2326.0,2026.0,92.0,118.0,24.0,14.0,10.0,0.0,42.0,0.0,0.0,2192.0,1982.0,26.0,358.0,1117.0,455.0,0.0,26.0,210.0,13.0,150.0,16.0,9.0,22.0,0.0,210.0,14.0,26.0,69.0,18.0,9.0,37.0,0.0,17.0,0.0,20.0,25017361300,0.043914298738793496,211161.0,0.08942390369733448,0.017791970802919707,0.04756116091779365,0.010788633946208782,0.8305728612672846,0.9041970802919708,6581.0,0.03552652541022781,0.2571428571428571,0.09580291970802919,0.9105760963026656
5239.0,5239.0,5081.0,4199.0,52.0,0.0,587.0,0.0,15.0,228.0,8.0,220.0,158.0,34.0,0.0,0.0,0.0,0.0,11.0,113.0,81.0,32.0,5239.0,80.0,18.0,0.0,0.0,0.0,0.0,0.0,0.0,0.0,0.0,1.0,0.0,4.0,7.0,6.0,62.0,0.0,0.0,0.0,0.0,0.0,0.0,0.0,0.0,0.0,3.0,25.0,28.0,6.0,5159.0,2753.0,98.0,45.0,376.0,157.0,62.0,54.0,222.0,115.0,306.0,424.0,332.0,354.0,208.0,2406.0,169.0,32.0,243.0,75.0,38.0,36.0,92.0,136.0,313.0,397.0,346.0,371.0,158.0,250001.0,1776.0,1663.0,113.0,1805.0,1682.0,13.0,15.0,20.0,41.0,0.0,34.0,0.0,0.0,0.0,1776.0,1663.0,0.0,186.0,918.0,355.0,136.0,68.0,113.0,15.0,86.0,12.0,0.0,0.0,0.0,113.0,0.0,0.0,6.0,7.0,13.0,9.0,9.0,12.0,57.0,0.0,25017362100,0.030158427180759687,250001.0,0.060941828254847646,0.008445945945945946,0.11204428326016415,0.009925558312655087,0.8014888337468983,0.9363738738738738,5239.0,0.015270089711777056,0.7699115044247787,0.06362612612612613,0.9390581717451524
3138.0,3138.0,3063.0,2191.0,18.0,0.0,746.0,0.0,5.0,103.0,61.0,42.0,75.0,37.0,0.0,0.0,0.0,0.0,18.0,20.0,15.0,5.0,3138.0,94.0,82.0,0.0,0.0,0.0,0.0,0.0,0.0,0.0,16.0,54.0,0.0,0.0,0.0,12.0,12.0,0.0,0.0,0.0,0.0,0.0,0.0,0.0,0.0,0.0,0.0,0.0,12.0,0.0,3044.0,1492.0,26.0,0.0,112.0,61.0,9.0,58.0,95.0,80.0,174.0,318.0,278.0,174.0,107.0,1552.0,10.0,21.0,61.0,71.0,26.0,99.0,102.0,46.0,186.0,295.0,240.0,232.0,163.0,139250.0,1332.0,1201.0,131.0,1360.0,1031.0,95.0,0.0,26.0,21.0,169.0,12.0,6.0,0.0,0.0,1332.0,1201.0,12.0,298.0,582.0,284.0,25.0,0.0,131.0,38.0,77.0,16.0,0.0,0.0,0.0,131.0,0.0,0.0,0.0,13.0,35.0,0.0,0.0,24.0,43.0,16.0,25017363103,0.02390057361376673,139250.0,0.17205882352941176,0.03753753753753754,0.2377310388782664,0.0057361376673040155,0.6982154238368388,0.9016516516516516,3138.0,0.02995538559592097,0.5114503816793893,0.09834834834834835,0.8279411764705882
6422.0,6422.0,6328.0,4113.0,121.0,0.0,1558.0,0.0,179.0,357.0,181.0,176.0,94.0,0.0,0.0,0.0,0.0,0.0,0.0,94.0,69.0,25.0,6422.0,254.0,68.0,0.0,0.0,22.0,0.0,22.0,0.0,5.0,0.0,0.0,10.0,9.0,0.0,0.0,186.0,0.0,0.0,0.0,0.0,0.0,0.0,0.0,0.0,21.0,61.0,24.0,80.0,0.0,6168.0,2975.0,115.0,61.0,304.0,65.0,70.0,91.0,185.0,146.0,374.0,491.0,615.0,200.0,258.0,3193.0,169.0,23.0,238.0,92.0,123.0,177.0,218.0,282.0,434.0,477.0,444.0,279.0,237.0,155150.0,2398.0,1961.0,437.0,2398.0,1790.0,112.0,62.0,71.0,63.0,180.0,33.0,73.0,0.0,14.0,2398.0,1961.0,40.0,485.0,1066.0,251.0,59.0,60.0,437.0,0.0,280.0,157.0,0.0,0.0,0.0,437.0,0.0,22.0,24.0,21.0,213.0,0.0,0.0,7.0,40.0,110.0,25017363104,0.014637184677670508,155150.0,0.20100083402835697,0.016680567139282735,0.24260355029585798,0.01884148240423544,0.6404546870133915,0.8177648040033361,6422.0,0.03955154157583307,0.10755148741418764,0.18223519599666388,0.7931609674728941
4210.0,4210.0,4049.0,1849.0,827.0,0.0,996.0,0.0,11.0,366.0,268.0,98.0,161.0,0.0,0.0,0.0,0.0,0.0,34.0,127.0,127.0,0.0,4092.0,179.0,70.0,0.0,0.0,0.0,0.0,11.0,0.0,11.0,0.0,0.0,0.0,0.0,36.0,12.0,109.0,0.0,0.0,0.0,13.0,0.0,0.0,9.0,0.0,0.0,33.0,8.0,12.0,34.0,3913.0,1734.0,33.0,47.0,107.0,51.0,98.0,159.0,75.0,104.0,298.0,302.0,204.0,202.0,54.0,2179.0,18.0,42.0,80.0,259.0,214.0,9.0,61.0,278.0,313.0,503.0,168.0,143.0,91.0,125833.0,1570.0,881.0,689.0,1654.0,759.0,125.0,34.0,10.0,37.0,140.0,504.0,15.0,0.0,30.0,1570.0,881.0,41.0,165.0,493.0,182.0,0.0,0.0,689.0,0.0,663.0,26.0,0.0,0.0,0.0,689.0,0.0,51.0,36.0,60.0,84.0,7.0,32.0,112.0,294.0,13.0,25017363105,0.03824228028503563,125833.0,0.44740024183796856,0.026114649681528664,0.2365795724465558,0.19643705463182898,0.4391923990498812,0.5611464968152866,4210.0,0.04374389051808407,0.6458635703918723,0.4388535031847134,0.5344619105199516
3126.0,3126.0,2770.0,1428.0,119.0,0.0,1115.0,0.0,55.0,53.0,0.0,53.0,356.0,19.0,0.0,0.0,18.0,0.0,15.0,304.0,304.0,0.0,3079.0,121.0,53.0,0.0,0.0,0.0,0.0,0.0,10.0,3.0,0.0,6.0,13.0,10.0,11.0,0.0,68.0,0.0,0.0,5.0,6.0,0.0,0.0,0.0,0.0,29.0,0.0,9.0,0.0,19.0,2958.0,1508.0,79.0,33.0,150.0,121.0,12.0,30.0,122.0,187.0,276.0,158.0,179.0,76.0,85.0,1450.0,8.0,0.0,70.0,69.0,16.0,44.0,146.0,88.0,277.0,223.0,163.0,159.0,187.0,107150.0,1401.0,660.0,741.0,1401.0,181.0,345.0,68.0,13.0,136.0,286.0,148.0,224.0,0.0,0.0,1401.0,660.0,0.0,312.0,238.0,96.0,14.0,0.0,741.0,96.0,382.0,248.0,15.0,0.0,0.0,741.0,20.0,15.0,131.0,159.0,52.0,64.0,35.0,62.0,198.0,5.0,25017363106,0.11388355726167626,107150.0,0.6245538900785154,0.06852248394004283,0.35668586052463214,0.038067818298144596,0.45681381957773515,0.47109207708779444,3126.0,0.039298473530367,0.4844804318488529,0.5289079229122056,0.37544610992148464
3448.0,3448.0,3345.0,2141.0,0.0,5.0,965.0,0.0,8.0,226.0,47.0,179.0,103.0,14.0,0.0,0.0,6.0,0.0,10.0,73.0,72.0,1.0,3448.0,89.0,33.0,0.0,0.0,0.0,0.0,0.0,0.0,9.0,0.0,0.0,0.0,5.0,19.0,0.0,56.0,0.0,0.0,0.0,0.0,0.0,0.0,18.0,9.0,5.0,0.0,19.0,5.0,0.0,3359.0,1609.0,60.0,0.0,151.0,39.0,16.0,71.0,70.0,157.0,288.0,159.0,343.0,204.0,51.0,1750.0,173.0,31.0,172.0,25.0,0.0,36.0,86.0,106.0,286.0,247.0,278.0,240.0,70.0,232000.0,1292.0,1083.0,209.0,1292.0,1118.0,30.0,67.0,41.0,15.0,0.0,0.0,21.0,0.0,0.0,1292.0,1083.0,0.0,122.0,742.0,167.0,39.0,13.0,209.0,30.0,141.0,27.0,0.0,0.0,11.0,209.0,0.0,27.0,8.0,11.0,18.0,8.0,20.0,9.0,41.0,67.0,25017363201,0.029872389791183295,232000.0,0.11145510835913312,0.02321981424148607,0.2798723897911833,0.0,0.6209396751740139,0.8382352941176471,3448.0,0.025812064965197216,0.37320574162679426,0.16176470588235295,0.8885448916408669
3811.0,3811.0,3616.0,2498.0,50.0,0.0,777.0,0.0,147.0,144.0,37.0,107.0,195.0,51.0,0.0,0.0,0.0,0.0,7.0,137.0,69.0,68.0,3811.0,83.0,56.0,0.0,0.0,9.0,0.0,0.0,0.0,0.0,39.0,0.0,8.0,0.0,0.0,0.0,27.0,0.0,9.0,0.0,0.0,0.0,0.0,4.0,0.0,1.0,9.0,3.0,0.0,1.0,3728.0,1842.0,96.0,106.0,163.0,54.0,52.0,41.0,113.0,91.0,222.0,301.0,329.0,163.0,111.0,1886.0,81.0,28.0,96.0,85.0,27.0,60.0,144.0,91.0,335.0,227.0,340.0,266.0,106.0,200625.0,1416.0,1264.0,152.0,1470.0,1182.0,83.0,17.0,17.0,82.0,82.0,0.0,7.0,0.0,0.0,1416.0,1264.0,33.0,235.0,692.0,223.0,74.0,7.0,152.0,0.0,97.0,47.0,0.0,8.0,0.0,152.0,0.0,31.0,26.0,52.0,8.0,0.0,0.0,11.0,11.0,13.0,25017363202,0.05116767252689583,200625.0,0.13945578231292516,0.023305084745762712,0.20388349514563106,0.013119916032537392,0.6554710049855681,0.8926553672316384,3811.0,0.02177906061401207,0.14473684210526316,0.10734463276836158,0.8605442176870748
6054.0,6054.0,5935.0,4783.0,85.0,0.0,312.0,0.0,110.0,645.0,118.0,527.0,119.0,11.0,0.0,0.0,0.0,0.0,27.0,81.0,81.0,0.0,6054.0,626.0,405.0,0.0,0.0,75.0,0.0,43.0,0.0,7.0,17.0,42.0,25.0,91.0,56.0,49.0,221.0,0.0,0.0,22.0,0.0,0.0,0.0,13.0,0.0,44.0,0.0,52.0,50.0,40.0,5428.0,2849.0,0.0,0.0,238.0,80.0,20.0,39.0,145.0,255.0,496.0,371.0,684.0,350.0,171.0,2579.0,188.0,217.0,133.0,36.0,27.0,0.0,92.0,217.0,532.0,385.0,343.0,238.0,171.0,126786.0,2602.0,2038.0,564.0,2602.0,1769.0,279.0,28.0,92.0,116.0,108.0,193.0,17.0,0.0,0.0,2602.0,2038.0,10.0,500.0,1032.0,397.0,83.0,16.0,564.0,91.0,316.0,157.0,0.0,0.0,0.0,564.0,53.0,17.0,94.0,54.0,124.0,37.0,19.0,0.0,147.0,19.0,25017364101,0.01965642550379914,126786.0,0.212913143735588,0.038816295157571096,0.05153617443012884,0.014040303931285102,0.7900561612157252,0.7832436587240584,6054.0,0.1034027089527585,0.3599290780141844,0.2167563412759416,0.787086856264412
4658.0,4658.0,4384.0,3827.0,90.0,0.0,225.0,0.0,41.0,201.0,51.0,150.0,274.0,124.0,0.0,0.0,76.0,0.0,13.0,61.0,52.0,9.0,4658.0,258.0,102.0,0.0,0.0,37.0,0.0,0.0,0.0,0.0,13.0,24.0,6.0,0.0,22.0,0.0,156.0,0.0,0.0,22.0,0.0,0.0,0.0,0.0,24.0,19.0,57.0,0.0,0.0,34.0,4400.0,2204.0,116.0,79.0,110.0,35.0,57.0,60.0,99.0,259.0,291.0,320.0,414.0,173.0,191.0,2196.0,56.0,21.0,49.0,28.0,0.0,18.0,260.0,311.0,328.0,343.0,377.0,120.0,285.0,122966.0,2219.0,1578.0,641.0,2354.0,1284.0,172.0,400.0,93.0,109.0,41.0,134.0,110.0,0.0,11.0,2219.0,1578.0,11.0,498.0,692.0,365.0,12.0,0.0,641.0,110.0,363.0,154.0,14.0,0.0,0.0,641.0,0.0,70.0,65.0,44.0,93.0,19.0,27.0,26.0,225.0,72.0,25017364102,0.058823529411764705,122966.0,0.3768054375531011,0.05452906714736368,0.048303993130098755,0.019321597252039503,0.821597252039502,0.7111311401532222,4658.0,0.0553885787891799,0.46333853354134164,0.28886885984677785,0.6185216652506372
8094.0,8094.0,8060.0,6758.0,0.0,0.0,790.0,24.0,82.0,406.0,82.0,324.0,34.0,34.0,0.0,0.0,0.0,0.0,0.0,0.0,0.0,0.0,8075.0,286.0,192.0,0.0,0.0,0.0,69.0,0.0,18.0,43.0,0.0,0.0,43.0,2.0,1.0,16.0,94.0,0.0,0.0,0.0,0.0,0.0,0.0,0.0,0.0,0.0,34.0,23.0,1.0,36.0,7789.0,3956.0,380.0,38.0,435.0,131.0,26.0,166.0,289.0,230.0,598.0,447.0,683.0,297.0,236.0,3833.0,210.0,16.0,290.0,164.0,30.0,317.0,193.0,332.0,526.0,537.0,654.0,259.0,305.0,250001.0,2523.0,2391.0,132.0,2643.0,2508.0,103.0,0.0,0.0,0.0,15.0,9.0,8.0,0.0,0.0,2523.0,2391.0,0.0,399.0,1179.0,511.0,223.0,79.0,132.0,0.0,44.0,76.0,0.0,12.0,0.0,132.0,12.0,0.0,62.0,14.0,0.0,0.0,0.0,0.0,8.0,36.0,25017365100,0.004200642451198419,250001.0,0.012107453651153992,0.0,0.09760316283666914,0.0,0.8349394613293798,0.9476813317479191,8094.0,0.03541795665634675,0.06060606060606061,0.052318668252080855,0.987892546348846
6313.0,6313.0,6031.0,4820.0,77.0,0.0,850.0,0.0,48.0,236.0,65.0,171.0,282.0,0.0,282.0,0.0,0.0,0.0,0.0,0.0,0.0,0.0,6240.0,29.0,15.0,0.0,0.0,0.0,0.0,0.0,0.0,0.0,0.0,0.0,0.0,15.0,0.0,0.0,14.0,0.0,0.0,0.0,0.0,0.0,0.0,0.0,0.0,0.0,0.0,14.0,0.0,0.0,6211.0,2858.0,265.0,15.0,279.0,121.0,0.0,137.0,103.0,373.0,195.0,640.0,349.0,147.0,234.0,3353.0,244.0,15.0,245.0,154.0,162.0,201.0,211.0,363.0,361.0,626.0,297.0,294.0,180.0,225853.0,2005.0,1911.0,94.0,2005.0,1731.0,192.0,16.0,30.0,9.0,0.0,0.0,27.0,0.0,0.0,2005.0,1911.0,0.0,261.0,1021.0,436.0,82.0,111.0,94.0,16.0,66.0,12.0,0.0,0.0,0.0,94.0,0.0,16.0,0.0,12.0,15.0,0.0,13.0,0.0,13.0,25.0,25017365201,0.04466972913036591,225853.0,0.040897755610972565,0.00798004987531172,0.13464280057025185,0.012197053698716933,0.7635038808807223,0.9531172069825437,6313.0,0.004647435897435897,0.2765957446808511,0.04688279301745636,0.9591022443890275
4863.0,4863.0,4470.0,3588.0,22.0,0.0,453.0,0.0,97.0,310.0,151.0,159.0,393.0,21.0,0.0,11.0,0.0,0.0,43.0,318.0,291.0,27.0,4779.0,243.0,72.0,0.0,0.0,0.0,0.0,0.0,0.0,7.0,0.0,0.0,11.0,19.0,35.0,0.0,171.0,0.0,0.0,0.0,0.0,0.0,24.0,0.0,0.0,22.0,22.0,0.0,41.0,62.0,4536.0,2069.0,95.0,0.0,161.0,163.0,13.0,133.0,166.0,75.0,223.0,420.0,308.0,199.0,113.0,2467.0,106.0,13.0,309.0,158.0,98.0,79.0,98.0,108.0,275.0,471.0,349.0,185.0,218.0,222614.0,1751.0,1361.0,390.0,1831.0,1207.0,231.0,9.0,41.0,85.0,17.0,136.0,105.0,0.0,0.0,1751.0,1361.0,13.0,254.0,656.0,328.0,107.0,3.0,390.0,111.0,183.0,96.0,0.0,0.0,0.0,390.0,27.0,23.0,7.0,52.0,71.0,18.0,0.0,64.0,118.0,10.0,25017365202,0.08081431215299198,222614.0,0.2146368104860732,0.07081667618503712,0.0931523750771129,0.0045239564055110015,0.7378161628624306,0.7772701313535123,4863.0,0.05084745762711865,0.5128205128205128,0.22272986864648772,0.7853631895139268
4797.0,4797.0,4664.0,3824.0,16.0,0.0,679.0,33.0,0.0,112.0,52.0,60.0,133.0,10.0,0.0,0.0,0.0,0.0,41.0,82.0,82.0,0.0,4763.0,415.0,175.0,10.0,0.0,16.0,0.0,0.0,10.0,9.0,0.0,10.0,13.0,2.0,49.0,56.0,240.0,33.0,0.0,16.0,7.0,0.0,0.0,46.0,9.0,56.0,11.0,0.0,41.0,21.0,4348.0,2141.0,70.0,56.0,198.0,79.0,53.0,9.0,86.0,175.0,393.0,373.0,340.0,191.0,118.0,2207.0,74.0,17.0,214.0,93.0,53.0,89.0,129.0,121.0,320.0,302.0,410.0,250.0,135.0,164355.0,1868.0,1452.0,416.0,1953.0,1564.0,65.0,147.0,0.0,49.0,60.0,50.0,18.0,0.0,0.0,1868.0,1452.0,9.0,301.0,793.0,268.0,81.0,0.0,416.0,78.0,211.0,95.0,32.0,0.0,0.0,416.0,0.0,30.0,85.0,69.0,18.0,16.0,11.0,17.0,121.0,49.0,25017366100,0.027725661872003336,164355.0,0.16589861751152074,0.046573875802997856,0.14154680008338544,0.003335417969564311,0.7971648947258704,0.7773019271948608,4797.0,0.08712996010917488,0.39663461538461536,0.22269807280513917,0.8341013824884793
3797.0,3797.0,3677.0,2978.0,0.0,0.0,398.0,0.0,54.0,247.0,45.0,202.0,120.0,25.0,0.0,0.0,0.0,0.0,18.0,77.0,77.0,0.0,3789.0,151.0,66.0,20.0,0.0,29.0,0.0,8.0,0.0,0.0,0.0,0.0,0.0,9.0,0.0,0.0,85.0,19.0,0.0,36.0,0.0,0.0,0.0,0.0,0.0,22.0,0.0,8.0,0.0,0.0,3638.0,1845.0,101.0,26.0,127.0,145.0,45.0,50.0,43.0,121.0,248.0,388.0,305.0,133.0,113.0,1793.0,140.0,36.0,200.0,56.0,19.0,55.0,66.0,60.0,365.0,229.0,323.0,147.0,97.0,250001.0,1271.0,1265.0,6.0,1314.0,1286.0,7.0,6.0,15.0,0.0,0.0,0.0,0.0,0.0,0.0,1271.0,1265.0,16.0,141.0,653.0,297.0,103.0,55.0,6.0,0.0,0.0,6.0,0.0,0.0,0.0,6.0,0.0,0.0,0.0,6.0,0.0,0.0,0.0,0.0,0.0,0.0,25017366201,0.03160389781406373,250001.0,0.01598173515981735,0.012588512981904013,0.10481959441664472,0.0,0.784303397419015,0.995279307631786,3797.0,0.03985220374769068,0.0,0.004720692368214005,0.9840182648401826
5356.0,5356.0,4905.0,3891.0,71.0,0.0,700.0,0.0,51.0,192.0,89.0,103.0,451.0,21.0,0.0,0.0,0.0,0.0,210.0,220.0,214.0,6.0,5329.0,127.0,10.0,0.0,0.0,0.0,0.0,0.0,0.0,0.0,0.0,10.0,0.0,0.0,0.0,0.0,117.0,0.0,0.0,0.0,0.0,0.0,0.0,0.0,28.0,0.0,40.0,1.0,48.0,0.0,5202.0,2642.0,133.0,41.0,193.0,106.0,26.0,141.0,205.0,191.0,258.0,301.0,509.0,285.0,253.0,2560.0,112.0,3.0,203.0,66.0,42.0,62.0,191.0,224.0,221.0,380.0,410.0,358.0,288.0,217083.0,1941.0,1718.0,223.0,1996.0,1281.0,434.0,17.0,56.0,9.0,74.0,93.0,32.0,0.0,0.0,1941.0,1718.0,57.0,312.0,893.0,308.0,62.0,86.0,223.0,69.0,84.0,70.0,0.0,0.0,0.0,223.0,42.0,0.0,0.0,42.0,11.0,25.0,0.0,28.0,27.0,48.0,25017366202,0.08420463032113518,217083.0,0.1407815631262525,0.06491499227202473,0.13069454817027631,0.013256161314413742,0.7264749813293503,0.8851107676455435,5356.0,0.023831863389003564,0.35874439461883406,0.11488923235445647,0.8592184368737475
4642.0,4642.0,4477.0,3144.0,149.0,2.0,905.0,0.0,70.0,207.0,93.0,114.0,165.0,35.0,40.0,11.0,0.0,0.0,0.0,79.0,79.0,0.0,4567.0,132.0,65.0,0.0,0.0,0.0,0.0,0.0,0.0,0.0,0.0,0.0,1.0,0.0,0.0,64.0,67.0,0.0,0.0,0.0,0.0,0.0,0.0,7.0,0.0,0.0,0.0,48.0,0.0,12.0,4435.0,2204.0,103.0,10.0,203.0,132.0,50.0,42.0,149.0,122.0,217.0,377.0,259.0,363.0,177.0,2231.0,19.0,38.0,228.0,104.0,22.0,60.0,56.0,93.0,333.0,347.0,370.0,421.0,140.0,250001.0,1688.0,1470.0,218.0,1796.0,1526.0,29.0,61.0,31.0,78.0,0.0,71.0,0.0,0.0,0.0,1688.0,1470.0,27.0,247.0,744.0,330.0,98.0,24.0,218.0,0.0,155.0,39.0,24.0,0.0,0.0,218.0,14.0,10.0,19.0,0.0,32.0,26.0,31.0,0.0,20.0,66.0,25017367100,0.035545023696682464,250001.0,0.13418708240534521,0.015995260663507108,0.1949590693666523,0.03209823352003447,0.6772942697113313,0.8708530805687204,4642.0,0.02890299978103788,0.3532110091743119,0.12914691943127962,0.8658129175946548
6937.0,6937.0,6660.0,5070.0,224.0,0.0,821.0,0.0,189.0,356.0,72.0,284.0,277.0,137.0,16.0,4.0,0.0,0.0,24.0,96.0,85.0,11.0,6215.0,177.0,56.0,13.0,0.0,13.0,0.0,0.0,0.0,18.0,0.0,0.0,0.0,0.0,0.0,12.0,121.0,0.0,0.0,0.0,0.0,0.0,0.0,12.0,0.0,0.0,29.0,36.0,0.0,44.0,6038.0,3093.0,194.0,90.0,445.0,256.0,111.0,34.0,87.0,98.0,323.0,485.0,553.0,140.0,277.0,2945.0,137.0,37.0,269.0,250.0,32.0,116.0,126.0,53.0,435.0,573.0,364.0,256.0,297.0,250001.0,2088.0,1834.0,254.0,2173.0,1984.0,41.0,8.0,0.0,0.0,0.0,18.0,122.0,0.0,0.0,2088.0,1834.0,0.0,326.0,912.0,468.0,84.0,44.0,254.0,143.0,91.0,12.0,8.0,0.0,0.0,254.0,29.0,0.0,0.0,18.0,0.0,1.0,0.0,0.0,194.0,12.0,25017367200,0.03993080582384316,250001.0,0.06810860561435803,0.06848659003831417,0.11835087213492865,0.03229061553985873,0.7308634856566238,0.8783524904214559,6937.0,0.02847948511665326,0.7677165354330708,0.12164750957854406,0.931891394385642
5536.0,5536.0,4810.0,3232.0,385.0,22.0,947.0,0.0,0.0,224.0,0.0,224.0,726.0,11.0,0.0,0.0,0.0,0.0,170.0,545.0,512.0,33.0,5446.0,399.0,195.0,45.0,0.0,0.0,0.0,0.0,0.0,78.0,0.0,11.0,19.0,0.0,0.0,42.0,204.0,0.0,0.0,33.0,0.0,0.0,0.0,9.0,73.0,4.0,2.0,2.0,61.0,20.0,5047.0,2569.0,178.0,41.0,81.0,31.0,0.0,0.0,107.0,671.0,570.0,127.0,315.0,212.0,236.0,2478.0,207.0,0.0,185.0,59.0,29.0,0.0,112.0,547.0,412.0,200.0,311.0,198.0,218.0,140536.0,2380.0,1013.0,1367.0,2380.0,1043.0,298.0,72.0,130.0,140.0,355.0,130.0,212.0,0.0,0.0,2380.0,1013.0,107.0,268.0,512.0,95.0,31.0,0.0,1367.0,161.0,530.0,618.0,58.0,0.0,0.0,1367.0,15.0,145.0,138.0,203.0,240.0,63.0,8.0,95.0,460.0,0.0,25017368101,0.1311416184971098,140536.0,0.4365546218487395,0.11260504201680673,0.1710621387283237,0.06954479768786127,0.5838150289017341,0.4256302521008403,5536.0,0.07326478149100257,0.4579370885149963,0.5743697478991596,0.5634453781512605
4804.0,4804.0,4202.0,2879.0,197.0,0.0,1006.0,0.0,0.0,120.0,27.0,93.0,602.0,15.0,31.0,0.0,0.0,0.0,220.0,336.0,198.0,138.0,4804.0,191.0,78.0,0.0,0.0,0.0,0.0,0.0,0.0,20.0,12.0,10.0,14.0,0.0,22.0,0.0,113.0,0.0,0.0,0.0,0.0,0.0,0.0,62.0,6.0,27.0,0.0,4.0,14.0,0.0,4613.0,2128.0,31.0,5.0,128.0,26.0,9.0,66.0,288.0,210.0,281.0,206.0,542.0,178.0,158.0,2485.0,168.0,12.0,158.0,21.0,0.0,37.0,323.0,226.0,305.0,378.0,244.0,290.0,323.0,157542.0,1943.0,1572.0,371.0,2078.0,1656.0,57.0,16.0,58.0,33.0,86.0,118.0,27.0,27.0,0.0,1943.0,1572.0,25.0,483.0,620.0,326.0,118.0,0.0,371.0,27.0,203.0,141.0,0.0,0.0,0.0,371.0,16.0,27.0,9.0,118.0,13.0,0.0,45.0,41.0,86.0,16.0,25017368102,0.12531223980016654,157542.0,0.17564966313763233,0.02676273803396809,0.20940882597835137,0.041007493755203996,0.5992922564529559,0.8090581574884199,4804.0,0.039758534554537886,0.4636118598382749,0.19094184251158003,0.8243503368623677
3758.0,3758.0,3531.0,2638.0,469.0,0.0,255.0,0.0,15.0,154.0,0.0,154.0,227.0,7.0,7.0,0.0,0.0,0.0,81.0,132.0,123.0,9.0,3732.0,121.0,80.0,0.0,0.0,0.0,0.0,0.0,0.0,58.0,5.0,0.0,0.0,10.0,7.0,0.0,41.0,0.0,0.0,0.0,0.0,0.0,0.0,0.0,0.0,31.0,0.0,6.0,4.0,0.0,3611.0,1762.0,113.0,39.0,91.0,92.0,9.0,0.0,32.0,276.0,326.0,154.0,296.0,164.0,170.0,1849.0,74.0,13.0,78.0,50.0,14.0,44.0,116.0,175.0,234.0,210.0,320.0,249.0,272.0,143857.0,1572.0,1081.0,491.0,1666.0,1002.0,25.0,137.0,223.0,169.0,76.0,0.0,34.0,0.0,0.0,1572.0,1081.0,65.0,399.0,495.0,67.0,41.0,14.0,491.0,50.0,192.0,211.0,38.0,0.0,0.0,491.0,26.0,80.0,32.0,76.0,32.0,56.0,11.0,54.0,109.0,15.0,25017368200,0.06040447046301224,143857.0,0.3835534213685474,0.07315521628498728,0.06785524215007983,0.12480042575838211,0.7019691325172964,0.6876590330788804,3758.0,0.03242229367631297,0.4684317718940937,0.31234096692111957,0.6164465786314526
5742.0,5742.0,4180.0,2485.0,430.0,0.0,1041.0,0.0,114.0,110.0,0.0,110.0,1562.0,439.0,0.0,0.0,0.0,0.0,718.0,405.0,405.0,0.0,5738.0,1098.0,663.0,0.0,0.0,0.0,0.0,0.0,0.0,415.0,151.0,13.0,45.0,4.0,19.0,16.0,435.0,0.0,0.0,39.0,55.0,0.0,0.0,46.0,119.0,111.0,0.0,28.0,26.0,11.0,4640.0,2295.0,173.0,54.0,120.0,69.0,30.0,0.0,193.0,427.0,196.0,507.0,378.0,79.0,69.0,2345.0,96.0,100.0,11.0,45.0,0.0,8.0,224.0,427.0,331.0,430.0,246.0,132.0,295.0,91955.0,2561.0,1266.0,1295.0,2765.0,834.0,328.0,480.0,477.0,251.0,148.0,224.0,23.0,0.0,0.0,2561.0,1266.0,64.0,642.0,444.0,43.0,73.0,0.0,1295.0,214.0,507.0,459.0,29.0,38.0,48.0,1295.0,59.0,111.0,32.0,188.0,134.0,133.0,143.0,160.0,265.0,70.0,25017368300,0.2720306513409962,91955.0,0.579746835443038,0.10855134713002733,0.1812957157784744,0.07488679902473006,0.4327760362243121,0.4943381491604842,5742.0,0.1913558731265249,0.5413127413127413,0.5056618508395159,0.42025316455696204
9513.0,9513.0,7809.0,5277.0,631.0,19.0,1349.0,33.0,217.0,283.0,66.0,217.0,1704.0,361.0,112.0,5.0,0.0,0.0,572.0,654.0,275.0,379.0,5838.0,452.0,101.0,0.0,0.0,0.0,0.0,0.0,0.0,0.0,25.0,47.0,0.0,0.0,15.0,14.0,351.0,165.0,0.0,0.0,0.0,0.0,0.0,56.0,57.0,4.0,0.0,0.0,0.0,69.0,5386.0,2808.0,203.0,0.0,333.0,20.0,50.0,49.0,304.0,474.0,379.0,316.0,282.0,208.0,190.0,2578.0,116.0,0.0,103.0,53.0,0.0,73.0,178.0,531.0,502.0,190.0,422.0,290.0,120.0,131250.0,2384.0,1208.0,1176.0,2441.0,1028.0,213.0,304.0,83.0,329.0,60.0,71.0,353.0,0.0,0.0,2384.0,1208.0,12.0,486.0,555.0,10.0,113.0,32.0,1176.0,96.0,595.0,411.0,54.0,0.0,20.0,1176.0,73.0,11.0,181.0,264.0,163.0,119.0,13.0,139.0,102.0,111.0,25017368400,0.17912330495111953,131250.0,0.4916018025399426,0.04530201342281879,0.14180594975296962,0.06633028487333123,0.5547146010722169,0.5067114093959731,9513.0,0.07742377526550188,0.3171768707482993,0.49328859060402686,0.5083981974600573
3355.0,3355.0,3083.0,1892.0,188.0,33.0,686.0,21.0,125.0,138.0,98.0,40.0,272.0,64.0,0.0,0.0,0.0,0.0,133.0,75.0,69.0,6.0,3355.0,348.0,119.0,0.0,0.0,0.0,0.0,0.0,0.0,61.0,30.0,7.0,13.0,1.0,7.0,0.0,229.0,0.0,0.0,0.0,0.0,0.0,0.0,124.0,58.0,0.0,12.0,10.0,20.0,5.0,3007.0,1739.0,12.0,0.0,25.0,0.0,35.0,98.0,102.0,713.0,138.0,218.0,165.0,166.0,67.0,1268.0,90.0,0.0,9.0,0.0,0.0,0.0,87.0,489.0,86.0,90.0,180.0,156.0,81.0,93182.0,1978.0,318.0,1660.0,2112.0,75.0,317.0,156.0,367.0,198.0,197.0,32.0,770.0,0.0,0.0,1978.0,318.0,13.0,108.0,197.0,0.0,0.0,0.0,1660.0,337.0,902.0,394.0,13.0,14.0,0.0,1660.0,61.0,78.0,183.0,253.0,305.0,167.0,133.0,197.0,275.0,8.0,25017368500,0.08107302533532042,93182.0,0.8143939393939394,0.1769464105156724,0.2044709388971684,0.05603576751117735,0.5639344262295082,0.16076845298281092,3355.0,0.10372578241430701,0.4650602409638554,0.839231547017189,0.1856060606060606
5688.0,5688.0,4250.0,3351.0,472.0,0.0,100.0,0.0,23.0,304.0,281.0,23.0,1438.0,241.0,0.0,0.0,20.0,0.0,919.0,258.0,241.0,17.0,5688.0,252.0,162.0,0.0,0.0,0.0,37.0,0.0,0.0,106.0,0.0,0.0,0.0,19.0,0.0,0.0,90.0,0.0,0.0,0.0,0.0,0.0,0.0,0.0,22.0,34.0,0.0,9.0,0.0,25.0,5436.0,3021.0,169.0,17.0,122.0,2.0,0.0,58.0,447.0,790.0,399.0,456.0,321.0,202.0,38.0,2415.0,114.0,28.0,423.0,0.0,0.0,0.0,213.0,561.0,323.0,353.0,92.0,162.0,146.0,125625.0,2492.0,920.0,1572.0,2539.0,425.0,101.0,583.0,968.0,175.0,105.0,114.0,68.0,0.0,0.0,2492.0,920.0,0.0,281.0,552.0,87.0,0.0,0.0,1572.0,93.0,753.0,578.0,41.0,107.0,0.0,1572.0,43.0,256.0,219.0,314.0,171.0,159.0,40.0,115.0,192.0,63.0,25017368600,0.2528129395218003,125625.0,0.7928318235525798,0.037319422150882825,0.017580872011251757,0.0829817158931083,0.5891350210970464,0.36918138041733545,5688.0,0.04430379746835443,0.32188295165394404,0.6308186195826645,0.20716817644742025
2427.0,2427.0,1754.0,919.0,220.0,0.0,260.0,0.0,18.0,337.0,171.0,166.0,673.0,21.0,0.0,0.0,0.0,0.0,544.0,108.0,108.0,0.0,2427.0,437.0,323.0,0.0,19.0,28.0,0.0,0.0,0.0,44.0,38.0,22.0,9.0,55.0,106.0,2.0,114.0,0.0,0.0,0.0,10.0,0.0,0.0,0.0,20.0,26.0,0.0,0.0,20.0,38.0,1990.0,1031.0,57.0,0.0,114.0,0.0,0.0,0.0,24.0,330.0,239.0,151.0,64.0,42.0,10.0,959.0,102.0,28.0,0.0,46.0,0.0,0.0,38.0,279.0,170.0,64.0,142.0,76.0,14.0,84890.0,1099.0,458.0,641.0,1217.0,212.0,45.0,478.0,294.0,107.0,81.0,0.0,0.0,0.0,0.0,1099.0,458.0,44.0,63.0,216.0,14.0,121.0,0.0,641.0,139.0,319.0,147.0,36.0,0.0,0.0,641.0,17.0,120.0,58.0,72.0,28.0,27.0,18.0,107.0,156.0,38.0,25017368700,0.2772970745776679,84890.0,0.7888249794576828,0.1665150136487716,0.10712814173877215,0.09064688916357644,0.37865677791512153,0.4167424931756142,2427.0,0.18005768438401318,0.48049921996879874,0.5832575068243858,0.21117502054231718
5630.0,5630.0,4717.0,2923.0,503.0,0.0,884.0,0.0,40.0,367.0,181.0,186.0,913.0,70.0,0.0,181.0,0.0,0.0,0.0,662.0,662.0,0.0,5448.0,555.0,218.0,0.0,0.0,20.0,0.0,0.0,0.0,0.0,25.0,0.0,23.0,20.0,13.0,117.0,337.0,0.0,0.0,20.0,0.0,0.0,0.0,102.0,11.0,38.0,0.0,33.0,46.0,87.0,4893.0,2506.0,50.0,15.0,173.0,62.0,0.0,24.0,109.0,885.0,336.0,293.0,291.0,214.0,54.0,2387.0,34.0,35.0,135.0,39.0,8.0,28.0,191.0,541.0,345.0,333.0,220.0,260.0,218.0,104608.0,2701.0,1067.0,1634.0,2879.0,644.0,290.0,461.0,215.0,166.0,261.0,47.0,795.0,0.0,0.0,2701.0,1067.0,55.0,483.0,385.0,144.0,0.0,0.0,1634.0,292.0,741.0,460.0,104.0,37.0,0.0,1634.0,35.0,260.0,260.0,105.0,261.0,188.0,55.0,0.0,249.0,221.0,25017368800,0.1621669626998224,104608.0,0.6755817992358458,0.12847093669011478,0.1570159857904085,0.08934280639431616,0.5191829484902309,0.3950388744909293,5630.0,0.10187224669603524,0.3011015911872705,0.6049611255090707,0.32441820076415423
6054.0,6054.0,5722.0,4395.0,464.0,95.0,588.0,0.0,0.0,180.0,109.0,71.0,332.0,197.0,0.0,0.0,0.0,0.0,46.0,89.0,89.0,0.0,5940.0,429.0,230.0,0.0,0.0,0.0,0.0,0.0,0.0,72.0,0.0,30.0,16.0,16.0,0.0,96.0,199.0,0.0,0.0,0.0,17.0,0.0,0.0,11.0,37.0,0.0,19.0,18.0,71.0,26.0,5511.0,2377.0,123.0,0.0,78.0,64.0,0.0,69.0,197.0,349.0,371.0,156.0,317.0,441.0,212.0,3134.0,32.0,31.0,152.0,56.0,0.0,0.0,885.0,257.0,257.0,169.0,540.0,369.0,386.0,129236.0,2819.0,1869.0,950.0,2937.0,1111.0,383.0,0.0,119.0,637.0,418.0,136.0,106.0,15.0,12.0,2819.0,1869.0,58.0,778.0,644.0,255.0,63.0,71.0,950.0,26.0,211.0,650.0,63.0,0.0,0.0,950.0,22.0,56.0,63.0,441.0,0.0,85.0,59.0,0.0,212.0,12.0,25017368901,0.0548397753551371,129236.0,0.48723186925434114,0.0297978006385243,0.09712586719524281,0.0766435414601916,0.7259663032705649,0.6630010642071656,6054.0,0.07222222222222222,0.37473684210526315,0.33699893579283435,0.508682328907048
3540.0,3540.0,2552.0,1323.0,804.0,0.0,293.0,3.0,0.0,129.0,78.0,51.0,988.0,65.0,22.0,176.0,0.0,0.0,496.0,229.0,213.0,16.0,3538.0,809.0,477.0,29.0,41.0,0.0,0.0,0.0,0.0,0.0,71.0,117.0,151.0,13.0,38.0,17.0,332.0,29.0,0.0,46.0,0.0,0.0,0.0,22.0,84.0,14.0,79.0,0.0,8.0,50.0,2729.0,1322.0,107.0,0.0,48.0,33.0,12.0,0.0,138.0,403.0,289.0,40.0,187.0,52.0,13.0,1407.0,176.0,7.0,58.0,10.0,39.0,11.0,177.0,300.0,225.0,98.0,165.0,64.0,77.0,58887.0,1525.0,219.0,1306.0,1584.0,160.0,246.0,175.0,210.0,335.0,274.0,127.0,57.0,0.0,0.0,1525.0,219.0,0.0,92.0,88.0,26.0,13.0,0.0,1306.0,251.0,716.0,271.0,0.0,52.0,16.0,1306.0,65.0,51.0,112.0,138.0,75.0,84.0,50.0,34.0,664.0,33.0,25017368902,0.2790960451977401,58887.0,0.7436868686868687,0.16459016393442624,0.0827683615819209,0.2271186440677966,0.373728813559322,0.1436065573770492,3540.0,0.22866026003391746,0.6370597243491577,0.8563934426229508,0.2563131313131313
3720.0,3720.0,3316.0,2214.0,257.0,0.0,571.0,40.0,10.0,224.0,23.0,201.0,404.0,85.0,50.0,0.0,0.0,0.0,106.0,163.0,112.0,51.0,204.0,118.0,60.0,0.0,0.0,0.0,0.0,0.0,0.0,0.0,0.0,17.0,12.0,16.0,15.0,0.0,58.0,0.0,0.0,0.0,0.0,0.0,0.0,0.0,17.0,0.0,0.0,26.0,15.0,0.0,86.0,43.0,0.0,0.0,0.0,0.0,0.0,0.0,0.0,0.0,4.0,11.0,13.0,0.0,15.0,43.0,0.0,0.0,0.0,0.0,0.0,0.0,0.0,0.0,5.0,0.0,22.0,0.0,16.0,,36.0,32.0,4.0,36.0,18.0,18.0,0.0,0.0,0.0,0.0,0.0,0.0,0.0,0.0,36.0,32.0,0.0,18.0,14.0,0.0,0.0,0.0,4.0,0.0,0.0,4.0,0.0,0.0,0.0,4.0,0.0,0.0,0.0,0.0,0.0,0.0,0.0,0.0,0.0,4.0,25017369000,0.1086021505376344,nan,0.0,0.0,0.153494623655914,0.06908602150537635,0.5951612903225807,0.8888888888888888,3720.0,0.5784313725490197,0.0,0.1111111111111111,1.0
5135.0,5135.0,4659.0,3855.0,386.0,0.0,209.0,0.0,0.0,209.0,60.0,149.0,476.0,0.0,2.0,56.0,0.0,0.0,5.0,413.0,409.0,4.0,5130.0,183.0,90.0,0.0,0.0,0.0,0.0,0.0,2.0,0.0,57.0,0.0,15.0,16.0,0.0,0.0,93.0,0.0,15.0,12.0,0.0,0.0,0.0,0.0,17.0,19.0,11.0,0.0,0.0,19.0,4947.0,2399.0,270.0,0.0,115.0,22.0,27.0,39.0,100.0,288.0,431.0,313.0,279.0,300.0,215.0,2548.0,104.0,28.0,145.0,89.0,25.0,96.0,66.0,181.0,515.0,467.0,165.0,529.0,138.0,133824.0,2008.0,1647.0,361.0,2094.0,1690.0,7.0,59.0,73.0,81.0,111.0,73.0,0.0,0.0,0.0,2008.0,1647.0,43.0,312.0,1013.0,193.0,80.0,6.0,361.0,21.0,150.0,177.0,13.0,0.0,0.0,361.0,17.0,0.0,133.0,56.0,50.0,11.0,48.0,0.0,33.0,13.0,25017369100,0.09269717624148004,133824.0,0.18958930276981853,0.03187250996015936,0.04070107108081791,0.07517039922103214,0.750730282375852,0.8202191235059761,5135.0,0.03567251461988304,0.2548476454293629,0.1797808764940239,0.8104106972301814
6533.0,6533.0,6203.0,5016.0,410.0,0.0,497.0,0.0,60.0,220.0,84.0,136.0,330.0,47.0,0.0,0.0,18.0,0.0,104.0,161.0,61.0,100.0,6526.0,724.0,276.0,0.0,0.0,59.0,69.0,0.0,0.0,0.0,20.0,80.0,23.0,22.0,0.0,3.0,448.0,0.0,0.0,0.0,0.0,0.0,58.0,67.0,39.0,0.0,66.0,90.0,42.0,86.0,5802.0,2477.0,56.0,0.0,74.0,31.0,17.0,34.0,312.0,494.0,429.0,291.0,256.0,272.0,211.0,3325.0,214.0,0.0,189.0,127.0,23.0,38.0,98.0,521.0,467.0,467.0,768.0,276.0,137.0,123902.0,2970.0,1515.0,1455.0,3127.0,863.0,678.0,652.0,314.0,114.0,352.0,16.0,138.0,0.0,0.0,2970.0,1515.0,0.0,760.0,636.0,101.0,18.0,0.0,1455.0,107.0,777.0,489.0,66.0,16.0,0.0,1455.0,46.0,35.0,164.0,312.0,141.0,239.0,70.0,126.0,282.0,40.0,25017370101,0.05051278126435022,123902.0,0.5071953949472338,0.036026936026936025,0.07607530996479413,0.0627583039951018,0.7677942752181234,0.51010101010101,6533.0,0.11094085197670855,0.4927835051546392,0.4898989898989899,0.49280460505276624
3460.0,3460.0,3231.0,1850.0,111.0,0.0,941.0,0.0,3.0,326.0,147.0,179.0,229.0,10.0,0.0,0.0,0.0,0.0,78.0,141.0,108.0,33.0,3460.0,442.0,252.0,21.0,21.0,11.0,0.0,0.0,0.0,37.0,33.0,60.0,39.0,1.0,0.0,29.0,190.0,10.0,0.0,35.0,0.0,0.0,0.0,14.0,18.0,11.0,44.0,47.0,11.0,0.0,3018.0,1405.0,53.0,9.0,46.0,35.0,0.0,12.0,68.0,287.0,240.0,120.0,324.0,86.0,125.0,1613.0,60.0,11.0,57.0,0.0,0.0,20.0,129.0,392.0,165.0,276.0,191.0,135.0,177.0,106902.0,1600.0,680.0,920.0,1856.0,222.0,234.0,258.0,146.0,90.0,195.0,374.0,337.0,0.0,0.0,1600.0,680.0,9.0,436.0,224.0,11.0,0.0,0.0,920.0,211.0,459.0,211.0,32.0,7.0,0.0,920.0,87.0,115.0,82.0,81.0,111.0,116.0,62.0,62.0,204.0,0.0,25017370103,0.06618497109826589,106902.0,0.7543103448275862,0.1375,0.27196531791907513,0.03208092485549133,0.5346820809248555,0.425,3460.0,0.12774566473988438,0.4826086956521739,0.575,0.24568965517241378
4341.0,4341.0,4076.0,2858.0,107.0,0.0,649.0,0.0,13.0,449.0,221.0,228.0,265.0,73.0,0.0,0.0,0.0,0.0,126.0,66.0,58.0,8.0,4341.0,196.0,128.0,0.0,0.0,0.0,0.0,0.0,0.0,0.0,79.0,0.0,12.0,2.0,0.0,35.0,68.0,0.0,0.0,0.0,0.0,0.0,0.0,9.0,0.0,0.0,10.0,13.0,0.0,36.0,4145.0,1934.0,199.0,5.0,113.0,14.0,50.0,26.0,46.0,445.0,453.0,102.0,213.0,169.0,99.0,2211.0,161.0,16.0,158.0,157.0,4.0,25.0,28.0,659.0,407.0,132.0,219.0,153.0,92.0,127455.0,1802.0,678.0,1124.0,1875.0,431.0,41.0,442.0,64.0,60.0,22.0,230.0,585.0,0.0,0.0,1802.0,678.0,35.0,273.0,303.0,50.0,17.0,0.0,1124.0,41.0,554.0,464.0,56.0,0.0,9.0,1124.0,44.0,160.0,163.0,113.0,202.0,93.0,36.0,129.0,163.0,21.0,25017370104,0.06104584197189588,127455.0,0.7482666666666666,0.042175360710321866,0.14950472241419027,0.024648698456576825,0.6583736466252016,0.3762486126526082,4341.0,0.045150886892421103,0.37455516014234874,0.6237513873473918,0.2517333333333333
4267.0,4267.0,4093.0,3426.0,209.0,0.0,252.0,0.0,70.0,136.0,8.0,128.0,174.0,15.0,11.0,0.0,0.0,0.0,37.0,111.0,111.0,0.0,4267.0,107.0,25.0,0.0,0.0,0.0,0.0,0.0,0.0,0.0,0.0,2.0,3.0,11.0,0.0,9.0,82.0,0.0,0.0,0.0,0.0,0.0,0.0,0.0,9.0,3.0,0.0,0.0,0.0,70.0,4160.0,1975.0,27.0,6.0,44.0,74.0,29.0,24.0,126.0,468.0,184.0,259.0,275.0,271.0,188.0,2185.0,131.0,17.0,115.0,39.0,27.0,25.0,153.0,290.0,271.0,305.0,377.0,304.0,131.0,144375.0,1823.0,1151.0,672.0,1866.0,404.0,120.0,1010.0,93.0,9.0,118.0,112.0,0.0,0.0,0.0,1823.0,1151.0,48.0,524.0,463.0,69.0,0.0,47.0,672.0,58.0,457.0,97.0,50.0,10.0,0.0,672.0,17.0,58.0,91.0,56.0,86.0,62.0,94.0,78.0,98.0,32.0,25017370201,0.040778064213733305,144375.0,0.7191854233654876,0.058145913329676356,0.059057886102648234,0.04898054839465667,0.8029060229669557,0.6313768513439386,4267.0,0.025076165924537146,0.49404761904761907,0.36862314865606144,0.2808145766345123
3608.0,3608.0,3373.0,3067.0,28.0,0.0,123.0,0.0,41.0,114.0,0.0,114.0,235.0,26.0,0.0,0.0,0.0,0.0,26.0,183.0,133.0,50.0,3603.0,73.0,29.0,0.0,0.0,0.0,0.0,0.0,0.0,0.0,10.0,0.0,0.0,0.0,10.0,9.0,44.0,0.0,0.0,0.0,0.0,0.0,0.0,0.0,7.0,9.0,8.0,0.0,20.0,0.0,3530.0,1663.0,102.0,0.0,24.0,47.0,0.0,41.0,82.0,280.0,270.0,222.0,223.0,257.0,115.0,1867.0,101.0,19.0,100.0,46.0,11.0,16.0,66.0,290.0,247.0,161.0,252.0,289.0,269.0,144653.0,1695.0,1262.0,433.0,1776.0,477.0,216.0,1032.0,17.0,13.0,21.0,0.0,0.0,0.0,0.0,1695.0,1262.0,29.0,458.0,610.0,129.0,36.0,0.0,433.0,21.0,211.0,184.0,17.0,0.0,0.0,433.0,0.0,93.0,45.0,70.0,54.0,35.0,26.0,26.0,74.0,10.0,25017370202,0.06513303769401331,144653.0,0.6097972972972973,0.029498525073746312,0.03409090909090909,0.007760532150776054,0.8500554323725056,0.744542772861357,3608.0,0.0202608936996947,0.371824480369515,0.25545722713864305,0.3902027027027027
4165.0,4165.0,3876.0,3255.0,38.0,0.0,257.0,0.0,0.0,326.0,213.0,113.0,289.0,21.0,0.0,0.0,0.0,0.0,231.0,37.0,37.0,0.0,4131.0,391.0,167.0,0.0,0.0,0.0,0.0,0.0,0.0,0.0,82.0,0.0,21.0,42.0,0.0,22.0,224.0,0.0,22.0,0.0,0.0,0.0,0.0,0.0,103.0,0.0,20.0,25.0,13.0,41.0,3740.0,1761.0,124.0,0.0,92.0,0.0,0.0,0.0,50.0,467.0,387.0,151.0,193.0,140.0,157.0,1979.0,39.0,71.0,92.0,19.0,25.0,0.0,114.0,341.0,376.0,210.0,285.0,208.0,199.0,128976.0,1985.0,968.0,1017.0,2019.0,130.0,152.0,1069.0,366.0,42.0,0.0,109.0,151.0,0.0,0.0,1985.0,968.0,103.0,307.0,422.0,109.0,27.0,0.0,1017.0,168.0,488.0,353.0,8.0,0.0,0.0,1017.0,74.0,129.0,253.0,144.0,48.0,28.0,0.0,54.0,254.0,33.0,25017370301,0.06938775510204082,128976.0,0.8603268945022289,0.13652392947103276,0.0617046818727491,0.009123649459783913,0.7815126050420168,0.48765743073047857,4165.0,0.09465020576131687,0.3303834808259587,0.5123425692695214,0.13967310549777118
2036.0,2036.0,1776.0,872.0,19.0,52.0,391.0,0.0,47.0,395.0,302.0,93.0,260.0,0.0,0.0,0.0,0.0,0.0,189.0,71.0,19.0,52.0,1968.0,114.0,33.0,0.0,0.0,0.0,0.0,7.0,0.0,0.0,0.0,6.0,0.0,0.0,6.0,14.0,81.0,5.0,0.0,0.0,6.0,0.0,0.0,8.0,0.0,6.0,12.0,12.0,12.0,20.0,1854.0,842.0,13.0,6.0,83.0,0.0,0.0,87.0,34.0,163.0,234.0,16.0,67.0,67.0,72.0,1012.0,61.0,0.0,158.0,51.0,0.0,7.0,45.0,242.0,213.0,59.0,35.0,29.0,112.0,87473.0,888.0,258.0,630.0,1021.0,83.0,42.0,324.0,50.0,38.0,6.0,32.0,446.0,0.0,0.0,888.0,258.0,20.0,132.0,81.0,0.0,25.0,0.0,630.0,162.0,330.0,64.0,74.0,0.0,0.0,630.0,48.0,47.0,70.0,54.0,148.0,16.0,49.0,6.0,176.0,16.0,25017370302,0.12770137524557956,87473.0,0.8775710088148874,0.20495495495495494,0.19204322200392926,0.009332023575638507,0.42829076620825146,0.2905405405405405,2036.0,0.057926829268292686,0.39206349206349206,0.7094594594594594,0.12242899118511263
3644.0,3644.0,3605.0,2280.0,272.0,0.0,676.0,0.0,251.0,126.0,12.0,114.0,39.0,29.0,0.0,0.0,0.0,0.0,10.0,0.0,0.0,0.0,3644.0,387.0,206.0,15.0,0.0,0.0,0.0,0.0,0.0,11.0,46.0,0.0,23.0,22.0,54.0,35.0,181.0,16.0,0.0,0.0,0.0,0.0,0.0,29.0,16.0,36.0,0.0,42.0,30.0,12.0,3257.0,1399.0,59.0,0.0,67.0,0.0,0.0,0.0,49.0,499.0,224.0,119.0,163.0,123.0,96.0,1858.0,36.0,4.0,54.0,9.0,0.0,0.0,89.0,472.0,382.0,165.0,212.0,326.0,109.0,114792.0,1966.0,562.0,1404.0,1966.0,70.0,64.0,651.0,247.0,31.0,114.0,242.0,547.0,0.0,0.0,1966.0,562.0,16.0,274.0,202.0,55.0,15.0,0.0,1404.0,326.0,613.0,422.0,43.0,0.0,0.0,1404.0,24.0,250.0,181.0,169.0,126.0,46.0,76.0,71.0,405.0,56.0,25017370401,0.010702524698133918,114792.0,0.9318413021363174,0.17395727365208546,0.18551042810098792,0.07464324917672886,0.6256860592755215,0.28585961342828076,3644.0,0.1062019758507135,0.42592592592592593,0.7141403865717192,0.0681586978636826
1409.0,1409.0,1187.0,810.0,53.0,0.0,145.0,0.0,0.0,179.0,130.0,49.0,222.0,10.0,0.0,0.0,0.0,0.0,113.0,99.0,99.0,0.0,1358.0,113.0,59.0,0.0,0.0,0.0,0.0,0.0,0.0,10.0,0.0,0.0,13.0,0.0,36.0,0.0,54.0,0.0,0.0,0.0,0.0,0.0,0.0,26.0,17.0,11.0,0.0,0.0,0.0,0.0,1245.0,603.0,56.0,0.0,0.0,15.0,0.0,24.0,57.0,144.0,120.0,38.0,66.0,77.0,6.0,642.0,6.0,6.0,14.0,0.0,0.0,8.0,5.0,163.0,97.0,155.0,83.0,86.0,19.0,147500.0,666.0,308.0,358.0,706.0,143.0,129.0,208.0,24.0,48.0,70.0,60.0,24.0,0.0,0.0,666.0,308.0,4.0,112.0,162.0,30.0,0.0,0.0,358.0,36.0,207.0,92.0,23.0,0.0,0.0,358.0,18.0,44.0,99.0,26.0,19.0,31.0,10.0,6.0,64.0,41.0,25017370402,0.15755855216465578,147500.0,0.6147308781869688,0.06006006006006006,0.10290986515259049,0.03761533002129169,0.5748757984386089,0.4624624624624625,1409.0,0.08321060382916053,0.3100558659217877,0.5375375375375375,0.38526912181303113
2080.0,2080.0,1983.0,1612.0,86.0,0.0,201.0,0.0,0.0,84.0,30.0,54.0,97.0,62.0,0.0,0.0,0.0,0.0,0.0,35.0,35.0,0.0,2080.0,106.0,23.0,0.0,0.0,0.0,0.0,0.0,0.0,0.0,8.0,0.0,0.0,0.0,15.0,0.0,83.0,0.0,0.0,0.0,0.0,0.0,0.0,30.0,2.0,4.0,0.0,20.0,27.0,0.0,1974.0,815.0,79.0,0.0,42.0,0.0,9.0,0.0,0.0,162.0,277.0,78.0,107.0,24.0,37.0,1159.0,45.0,56.0,16.0,0.0,0.0,31.0,191.0,320.0,186.0,63.0,135.0,32.0,84.0,122262.0,976.0,432.0,544.0,994.0,137.0,88.0,323.0,45.0,49.0,0.0,52.0,300.0,0.0,0.0,976.0,432.0,27.0,194.0,150.0,53.0,8.0,0.0,544.0,31.0,282.0,205.0,26.0,0.0,0.0,544.0,8.0,117.0,107.0,28.0,80.0,26.0,32.0,54.0,52.0,40.0,25017370403,0.046634615384615385,122262.0,0.7736418511066399,0.05942622950819672,0.09663461538461539,0.041346153846153845,0.775,0.4426229508196721,2080.0,0.05096153846153846,0.3014705882352941,0.5573770491803278,0.22635814889336017
5183.0,5183.0,5048.0,3687.0,37.0,25.0,673.0,0.0,359.0,267.0,71.0,196.0,135.0,11.0,0.0,59.0,0.0,0.0,9.0,56.0,35.0,21.0,5162.0,276.0,160.0,0.0,0.0,0.0,0.0,0.0,0.0,41.0,9.0,26.0,19.0,25.0,0.0,40.0,116.0,0.0,0.0,26.0,6.0,3.0,0.0,18.0,12.0,13.0,3.0,10.0,0.0,25.0,4886.0,2388.0,115.0,60.0,166.0,66.0,16.0,95.0,109.0,358.0,677.0,308.0,151.0,200.0,67.0,2498.0,240.0,0.0,93.0,33.0,79.0,28.0,164.0,660.0,295.0,186.0,298.0,235.0,187.0,162331.0,1977.0,1077.0,900.0,2178.0,602.0,240.0,459.0,300.0,153.0,259.0,61.0,104.0,0.0,0.0,1977.0,1077.0,21.0,511.0,467.0,78.0,0.0,0.0,900.0,167.0,471.0,218.0,44.0,0.0,0.0,900.0,45.0,156.0,114.0,110.0,97.0,105.0,64.0,28.0,163.0,18.0,25017373100,0.026046691105537333,162331.0,0.6134067952249771,0.09509357612544259,0.12984757862241944,0.0071387227474435655,0.7113640748601197,0.5447647951441578,5183.0,0.05346764819837272,0.4,0.4552352048558422,0.38659320477502296
4999.0,4999.0,4697.0,3241.0,247.0,0.0,821.0,0.0,76.0,312.0,12.0,300.0,302.0,21.0,0.0,0.0,0.0,0.0,6.0,275.0,275.0,0.0,4999.0,313.0,148.0,0.0,0.0,0.0,0.0,0.0,0.0,9.0,8.0,4.0,9.0,19.0,56.0,43.0,165.0,0.0,0.0,0.0,0.0,0.0,0.0,27.0,0.0,0.0,39.0,25.0,24.0,50.0,4686.0,1978.0,36.0,22.0,91.0,54.0,0.0,89.0,233.0,328.0,189.0,262.0,295.0,354.0,25.0,2708.0,53.0,0.0,172.0,70.0,39.0,136.0,240.0,411.0,414.0,353.0,227.0,347.0,246.0,117333.0,2226.0,969.0,1257.0,2263.0,455.0,296.0,778.0,342.0,179.0,10.0,184.0,19.0,0.0,0.0,2226.0,969.0,71.0,382.0,416.0,100.0,0.0,0.0,1257.0,123.0,749.0,311.0,30.0,44.0,0.0,1257.0,88.0,195.0,199.0,119.0,288.0,82.0,94.0,63.0,90.0,39.0,25017373200,0.0604120824164833,117333.0,0.6681396376491383,0.08715184186882301,0.16423284656931386,0.04940988197639528,0.6483296659331866,0.4353099730458221,4999.0,0.0626125225045009,0.2617342879872713,0.5646900269541779,0.3318603623508617
2979.0,2979.0,2798.0,2136.0,196.0,0.0,340.0,0.0,12.0,114.0,0.0,114.0,181.0,34.0,0.0,0.0,0.0,0.0,18.0,129.0,63.0,66.0,2979.0,119.0,32.0,0.0,0.0,0.0,0.0,0.0,0.0,0.0,21.0,0.0,0.0,2.0,9.0,0.0,87.0,0.0,0.0,0.0,0.0,0.0,0.0,34.0,8.0,0.0,19.0,17.0,9.0,0.0,2860.0,1439.0,53.0,5.0,83.0,55.0,38.0,99.0,106.0,141.0,169.0,242.0,172.0,128.0,148.0,1421.0,81.0,14.0,81.0,93.0,0.0,9.0,96.0,83.0,205.0,280.0,116.0,174.0,189.0,152072.0,1221.0,719.0,502.0,1346.0,618.0,89.0,168.0,123.0,88.0,36.0,142.0,82.0,0.0,0.0,1221.0,719.0,0.0,301.0,309.0,90.0,6.0,13.0,502.0,70.0,296.0,134.0,0.0,2.0,0.0,502.0,0.0,34.0,80.0,73.0,48.0,111.0,31.0,9.0,88.0,28.0,25017373300,0.060758643840214836,152072.0,0.47473997028231796,0.05733005733005733,0.11413225914736488,0.06579389056730446,0.7170191339375629,0.5888615888615889,2979.0,0.03994629070157771,0.4760956175298805,0.41113841113841115,0.525260029717682
3496.0,3496.0,3256.0,2594.0,63.0,2.0,371.0,0.0,13.0,213.0,66.0,147.0,240.0,31.0,0.0,0.0,0.0,0.0,52.0,157.0,70.0,87.0,3496.0,138.0,68.0,0.0,0.0,0.0,0.0,0.0,0.0,32.0,0.0,3.0,18.0,14.0,1.0,0.0,70.0,0.0,0.0,0.0,13.0,0.0,20.0,0.0,0.0,0.0,16.0,11.0,10.0,0.0,3358.0,1714.0,88.0,0.0,87.0,64.0,24.0,115.0,175.0,304.0,179.0,191.0,159.0,166.0,162.0,1644.0,53.0,10.0,95.0,17.0,27.0,24.0,209.0,147.0,177.0,246.0,231.0,177.0,231.0,142500.0,1348.0,737.0,611.0,1439.0,443.0,214.0,433.0,68.0,52.0,0.0,7.0,222.0,0.0,0.0,1348.0,737.0,21.0,196.0,305.0,199.0,16.0,0.0,611.0,107.0,284.0,207.0,13.0,0.0,0.0,611.0,33.0,79.0,32.0,153.0,34.0,49.0,42.0,34.0,133.0,22.0,25017373400,0.06864988558352403,142500.0,0.5434329395413482,0.09495548961424333,0.1061212814645309,0.018020594965675058,0.7419908466819222,0.5467359050445104,3496.0,0.039473684210526314,0.42225859247135844,0.45326409495548964,0.45656706045865186
6309.0,6309.0,6125.0,4802.0,93.0,0.0,840.0,0.0,100.0,290.0,51.0,239.0,184.0,21.0,7.0,0.0,0.0,0.0,21.0,135.0,111.0,24.0,5507.0,194.0,89.0,0.0,0.0,0.0,0.0,0.0,0.0,30.0,0.0,0.0,0.0,49.0,0.0,10.0,105.0,0.0,0.0,0.0,0.0,12.0,0.0,36.0,0.0,13.0,2.0,1.0,10.0,31.0,5313.0,2606.0,78.0,36.0,168.0,222.0,76.0,103.0,154.0,182.0,239.0,471.0,349.0,355.0,173.0,2707.0,35.0,9.0,408.0,171.0,49.0,106.0,95.0,187.0,253.0,496.0,349.0,428.0,121.0,250001.0,1950.0,1728.0,222.0,2032.0,1435.0,186.0,225.0,35.0,25.0,87.0,28.0,11.0,0.0,0.0,1950.0,1728.0,15.0,538.0,862.0,256.0,57.0,0.0,222.0,0.0,126.0,96.0,0.0,0.0,0.0,222.0,46.0,34.0,33.0,74.0,0.0,10.0,0.0,0.0,10.0,15.0,25017373500,0.0291646853701062,250001.0,0.20226377952755906,0.007692307692307693,0.1331431288635283,0.014740846409890632,0.7611348866698368,0.8861538461538462,6309.0,0.03522789177410569,0.09009009009009009,0.11384615384615385,0.797736220472441
6063.0,6063.0,5669.0,3968.0,272.0,0.0,859.0,11.0,33.0,526.0,140.0,386.0,394.0,55.0,8.0,0.0,0.0,0.0,112.0,219.0,176.0,43.0,2625.0,109.0,40.0,0.0,0.0,0.0,11.0,2.0,0.0,1.0,0.0,0.0,2.0,24.0,0.0,0.0,69.0,0.0,0.0,0.0,0.0,0.0,0.0,0.0,0.0,10.0,0.0,11.0,0.0,48.0,2516.0,1265.0,57.0,27.0,107.0,33.0,44.0,35.0,58.0,62.0,176.0,175.0,177.0,196.0,118.0,1251.0,22.0,11.0,119.0,112.0,11.0,25.0,82.0,74.0,208.0,187.0,173.0,170.0,57.0,250001.0,1011.0,707.0,304.0,1096.0,759.0,48.0,87.0,72.0,53.0,0.0,67.0,10.0,0.0,0.0,1011.0,707.0,22.0,168.0,364.0,147.0,6.0,0.0,304.0,91.0,124.0,76.0,13.0,0.0,0.0,304.0,78.0,22.0,65.0,43.0,7.0,8.0,35.0,0.0,46.0,0.0,25017373600,0.06498433118918027,250001.0,0.2636861313868613,0.11177052423343224,0.14167903678047172,0.04486227939963714,0.6544614877123536,0.6993076162215628,6063.0,0.041523809523809525,0.29276315789473684,0.3006923837784372,0.7363138686131386
3812.0,3812.0,3723.0,2981.0,20.0,0.0,516.0,0.0,62.0,144.0,5.0,139.0,89.0,0.0,0.0,0.0,0.0,0.0,12.0,77.0,77.0,0.0,3812.0,41.0,5.0,0.0,0.0,0.0,0.0,0.0,0.0,3.0,0.0,2.0,0.0,0.0,0.0,0.0,36.0,0.0,0.0,0.0,0.0,0.0,0.0,0.0,2.0,0.0,14.0,6.0,5.0,9.0,3771.0,1885.0,8.0,16.0,254.0,113.0,0.0,93.0,123.0,113.0,172.0,242.0,343.0,263.0,145.0,1886.0,75.0,8.0,138.0,44.0,18.0,37.0,130.0,172.0,252.0,251.0,264.0,360.0,137.0,250001.0,1458.0,1335.0,123.0,1486.0,1333.0,65.0,76.0,0.0,0.0,0.0,12.0,0.0,0.0,0.0,1458.0,1335.0,13.0,330.0,861.0,112.0,19.0,0.0,123.0,11.0,69.0,26.0,17.0,0.0,0.0,123.0,43.0,0.0,0.0,14.0,16.0,0.0,0.0,0.0,10.0,40.0,25017373700,0.02334732423924449,250001.0,0.059219380888290714,0.01646090534979424,0.1353620146904512,0.005246589716684155,0.7820041972717734,0.9156378600823045,3812.0,0.010755508919202518,0.08130081300813008,0.08436213991769548,0.9407806191117093
6367.0,6367.0,6113.0,4254.0,4.0,0.0,1413.0,0.0,61.0,381.0,12.0,369.0,254.0,128.0,0.0,0.0,0.0,0.0,34.0,92.0,92.0,0.0,6321.0,492.0,182.0,0.0,0.0,0.0,25.0,0.0,25.0,31.0,0.0,34.0,0.0,0.0,31.0,36.0,310.0,0.0,0.0,0.0,0.0,0.0,18.0,48.0,62.0,0.0,45.0,32.0,29.0,76.0,5829.0,2932.0,241.0,44.0,284.0,202.0,14.0,105.0,51.0,289.0,314.0,525.0,281.0,326.0,256.0,2897.0,63.0,61.0,254.0,92.0,26.0,51.0,145.0,310.0,399.0,369.0,310.0,340.0,477.0,163940.0,2469.0,1795.0,674.0,2520.0,1131.0,182.0,380.0,71.0,53.0,143.0,40.0,520.0,0.0,0.0,2469.0,1795.0,74.0,661.0,835.0,175.0,19.0,31.0,674.0,156.0,384.0,103.0,0.0,0.0,31.0,674.0,12.0,96.0,15.0,124.0,27.0,9.0,48.0,41.0,281.0,21.0,25017373800,0.03989319930893671,163940.0,0.478968253968254,0.09315512353179425,0.2219255536359353,0.0006282393591958537,0.6681325585047904,0.7270149858242203,6367.0,0.07783578547698149,0.5623145400593472,0.2729850141757797,0.5210317460317461
2964.0,2964.0,2682.0,1893.0,0.0,0.0,730.0,0.0,0.0,59.0,14.0,45.0,282.0,187.0,0.0,0.0,0.0,0.0,24.0,71.0,71.0,0.0,2964.0,41.0,6.0,0.0,0.0,0.0,0.0,0.0,0.0,0.0,0.0,0.0,0.0,0.0,0.0,6.0,35.0,0.0,0.0,0.0,0.0,0.0,0.0,0.0,0.0,0.0,0.0,0.0,8.0,27.0,2923.0,1559.0,17.0,34.0,135.0,127.0,46.0,33.0,115.0,134.0,47.0,220.0,261.0,314.0,76.0,1364.0,63.0,0.0,116.0,49.0,0.0,14.0,83.0,75.0,107.0,267.0,226.0,224.0,140.0,250001.0,1079.0,930.0,149.0,1106.0,996.0,7.0,10.0,26.0,0.0,14.0,11.0,42.0,0.0,0.0,1079.0,930.0,35.0,99.0,572.0,145.0,33.0,46.0,149.0,0.0,46.0,92.0,11.0,0.0,0.0,149.0,0.0,48.0,15.0,10.0,0.0,25.0,12.0,11.0,21.0,7.0,25017373901,0.0951417004048583,250001.0,0.09312839059674503,0.03243744207599629,0.24628879892037786,0.0,0.638663967611336,0.8619091751621872,2964.0,0.013832658569500675,0.46308724832214765,0.1380908248378128,0.906871609403255
3670.0,3670.0,3475.0,2480.0,20.0,0.0,722.0,0.0,204.0,49.0,7.0,42.0,195.0,45.0,0.0,0.0,0.0,0.0,0.0,150.0,145.0,5.0,3635.0,148.0,31.0,0.0,0.0,0.0,0.0,0.0,0.0,5.0,0.0,0.0,0.0,13.0,0.0,13.0,117.0,0.0,0.0,0.0,0.0,0.0,0.0,0.0,0.0,0.0,0.0,73.0,28.0,16.0,3487.0,1752.0,35.0,0.0,154.0,58.0,32.0,58.0,124.0,84.0,354.0,211.0,186.0,255.0,201.0,1735.0,38.0,19.0,74.0,73.0,13.0,87.0,36.0,127.0,283.0,267.0,170.0,333.0,215.0,167250.0,1490.0,1155.0,335.0,1682.0,653.0,93.0,79.0,0.0,14.0,156.0,88.0,599.0,0.0,0.0,1490.0,1155.0,30.0,422.0,543.0,119.0,41.0,0.0,335.0,14.0,118.0,174.0,20.0,9.0,0.0,335.0,0.0,10.0,0.0,72.0,28.0,34.0,15.0,57.0,86.0,33.0,25017373902,0.05313351498637602,167250.0,0.5564803804994055,0.02953020134228188,0.19673024523160762,0.005449591280653951,0.6757493188010899,0.7751677852348994,3670.0,0.04071526822558459,0.573134328358209,0.22483221476510068,0.44351961950059454
4577.0,4577.0,4450.0,3112.0,17.0,0.0,1077.0,10.0,84.0,150.0,93.0,57.0,127.0,0.0,1.0,0.0,0.0,0.0,41.0,85.0,71.0,14.0,4462.0,88.0,42.0,0.0,0.0,0.0,0.0,0.0,0.0,0.0,4.0,0.0,1.0,13.0,11.0,13.0,46.0,0.0,0.0,0.0,0.0,0.0,0.0,0.0,0.0,2.0,2.0,4.0,12.0,26.0,4374.0,2311.0,37.0,0.0,294.0,71.0,15.0,20.0,255.0,121.0,236.0,474.0,301.0,249.0,238.0,2063.0,73.0,34.0,162.0,100.0,39.0,12.0,104.0,74.0,273.0,426.0,306.0,276.0,184.0,225556.0,1734.0,1497.0,237.0,1856.0,1426.0,137.0,40.0,0.0,0.0,0.0,39.0,214.0,0.0,0.0,1734.0,1497.0,16.0,321.0,875.0,262.0,23.0,0.0,237.0,90.0,86.0,61.0,0.0,0.0,0.0,237.0,8.0,3.0,47.0,8.0,21.0,8.0,37.0,28.0,39.0,38.0,25017374000,0.027747432816255187,225556.0,0.15786637931034483,0.06113033448673587,0.2353069696307625,0.003714223290364868,0.6799213458597334,0.8633217993079585,4577.0,0.019722097714029583,0.47257383966244726,0.13667820069204153,0.8421336206896551
5301.0,5301.0,5210.0,2445.0,242.0,0.0,2131.0,0.0,166.0,226.0,44.0,182.0,91.0,0.0,0.0,0.0,0.0,0.0,0.0,91.0,91.0,0.0,5237.0,547.0,291.0,10.0,19.0,0.0,6.0,0.0,0.0,12.0,95.0,77.0,55.0,0.0,17.0,0.0,256.0,19.0,0.0,25.0,1.0,0.0,0.0,10.0,32.0,62.0,41.0,34.0,15.0,17.0,4690.0,2447.0,129.0,49.0,142.0,50.0,13.0,24.0,265.0,525.0,285.0,330.0,351.0,235.0,49.0,2243.0,122.0,21.0,240.0,56.0,21.0,92.0,98.0,229.0,252.0,436.0,319.0,242.0,115.0,106458.0,2106.0,1333.0,773.0,2167.0,923.0,375.0,283.0,87.0,12.0,77.0,112.0,298.0,0.0,0.0,2106.0,1333.0,30.0,485.0,554.0,222.0,42.0,0.0,773.0,53.0,531.0,110.0,62.0,17.0,0.0,773.0,97.0,27.0,26.0,107.0,65.0,16.0,15.0,102.0,197.0,121.0,25017374100,0.017166572344840595,106458.0,0.4010152284263959,0.03941120607787275,0.40199962271269574,0.04565176381814752,0.46123372948500285,0.6329534662867996,5301.0,0.10444911208707275,0.4269081500646831,0.3670465337132004,0.5989847715736041
3958.0,3958.0,3820.0,3014.0,23.0,0.0,434.0,0.0,28.0,321.0,8.0,313.0,138.0,9.0,0.0,117.0,0.0,0.0,0.0,12.0,12.0,0.0,3958.0,38.0,0.0,0.0,0.0,0.0,0.0,0.0,0.0,0.0,0.0,0.0,0.0,0.0,0.0,0.0,38.0,0.0,0.0,0.0,0.0,0.0,0.0,0.0,0.0,0.0,0.0,18.0,9.0,11.0,3920.0,2094.0,158.0,85.0,146.0,64.0,68.0,109.0,113.0,166.0,252.0,261.0,351.0,209.0,112.0,1826.0,93.0,8.0,151.0,53.0,9.0,20.0,101.0,159.0,286.0,266.0,314.0,253.0,113.0,249891.0,1529.0,1161.0,368.0,1667.0,996.0,163.0,338.0,119.0,0.0,21.0,30.0,0.0,0.0,0.0,1529.0,1161.0,8.0,376.0,695.0,62.0,13.0,7.0,368.0,43.0,221.0,97.0,7.0,0.0,0.0,368.0,0.0,29.0,43.0,59.0,86.0,0.0,0.0,23.0,100.0,28.0,25017374200,0.03486609398686205,249891.0,0.3047390521895621,0.033355134074558535,0.10965133906013137,0.005811015664477008,0.7614957049014653,0.7593198168737737,3958.0,0.009600808489135927,0.3342391304347826,0.2406801831262263,0.6952609478104379
3904.0,3904.0,3854.0,3256.0,14.0,0.0,348.0,0.0,86.0,150.0,29.0,121.0,50.0,0.0,0.0,0.0,0.0,0.0,24.0,26.0,13.0,13.0,3862.0,53.0,22.0,0.0,0.0,0.0,0.0,0.0,0.0,0.0,0.0,8.0,11.0,0.0,3.0,0.0,31.0,0.0,0.0,0.0,10.0,0.0,0.0,0.0,0.0,9.0,0.0,0.0,0.0,12.0,3809.0,1928.0,78.0,0.0,255.0,35.0,37.0,148.0,80.0,70.0,160.0,353.0,358.0,220.0,134.0,1881.0,72.0,37.0,164.0,87.0,55.0,30.0,119.0,103.0,243.0,272.0,316.0,227.0,156.0,250001.0,1297.0,1216.0,81.0,1297.0,1252.0,0.0,0.0,15.0,18.0,0.0,5.0,7.0,0.0,0.0,1297.0,1216.0,14.0,209.0,645.0,338.0,10.0,0.0,81.0,37.0,18.0,19.0,7.0,0.0,0.0,81.0,7.0,7.0,16.0,19.0,0.0,6.0,0.0,0.0,5.0,21.0,25017374300,0.012807377049180328,250001.0,0.03469545104086353,0.03932151117964534,0.08913934426229508,0.003586065573770492,0.8340163934426229,0.9375481881264457,3904.0,0.013723459347488347,0.13580246913580246,0.06245181187355436,0.9653045489591364
5821.0,5821.0,5607.0,3758.0,145.0,0.0,981.0,0.0,209.0,514.0,161.0,353.0,214.0,106.0,0.0,0.0,14.0,0.0,0.0,94.0,94.0,0.0,5755.0,291.0,59.0,0.0,0.0,25.0,24.0,0.0,0.0,0.0,3.0,5.0,2.0,0.0,0.0,0.0,232.0,0.0,0.0,0.0,0.0,0.0,0.0,38.0,22.0,18.0,0.0,38.0,66.0,50.0,5464.0,2639.0,95.0,42.0,91.0,69.0,77.0,182.0,216.0,176.0,302.0,293.0,603.0,170.0,323.0,2825.0,53.0,38.0,397.0,242.0,0.0,199.0,64.0,108.0,325.0,580.0,288.0,233.0,298.0,250001.0,2155.0,1618.0,537.0,2286.0,1564.0,56.0,139.0,33.0,0.0,114.0,0.0,380.0,0.0,0.0,2155.0,1618.0,0.0,399.0,940.0,244.0,35.0,0.0,537.0,210.0,188.0,106.0,33.0,0.0,0.0,537.0,36.0,15.0,12.0,104.0,106.0,53.0,55.0,11.0,145.0,0.0,25017374400,0.03676344270743859,250001.0,0.29133858267716534,0.09744779582366589,0.16852774437381893,0.024909809311114927,0.645593540628758,0.7508120649651973,5821.0,0.05056472632493484,0.49162011173184356,0.24918793503480277,0.7086614173228346
4650.0,4650.0,4473.0,2864.0,331.0,7.0,789.0,0.0,26.0,456.0,98.0,358.0,177.0,46.0,0.0,0.0,0.0,0.0,82.0,49.0,49.0,0.0,4531.0,260.0,177.0,0.0,0.0,0.0,8.0,0.0,10.0,80.0,0.0,8.0,60.0,0.0,0.0,11.0,83.0,0.0,0.0,8.0,0.0,0.0,0.0,54.0,0.0,8.0,8.0,0.0,0.0,5.0,4271.0,2302.0,142.0,20.0,205.0,103.0,23.0,108.0,171.0,186.0,310.0,379.0,301.0,258.0,96.0,1969.0,117.0,51.0,153.0,76.0,18.0,34.0,73.0,168.0,274.0,278.0,383.0,157.0,187.0,141892.0,1722.0,1025.0,697.0,1818.0,950.0,62.0,507.0,103.0,107.0,37.0,52.0,0.0,0.0,0.0,1722.0,1025.0,49.0,254.0,503.0,203.0,16.0,0.0,697.0,109.0,321.0,227.0,22.0,0.0,18.0,697.0,20.0,82.0,65.0,56.0,99.0,43.0,13.0,22.0,225.0,72.0,25017374500,0.03806451612903226,141892.0,0.44334433443344334,0.09175377468060394,0.1696774193548387,0.07118279569892473,0.6159139784946237,0.5952380952380952,4650.0,0.057382476274553076,0.4347202295552367,0.40476190476190477,0.5566556655665567
5311.0,5311.0,4943.0,3712.0,83.0,0.0,877.0,0.0,44.0,227.0,43.0,184.0,368.0,59.0,39.0,8.0,78.0,0.0,45.0,139.0,114.0,25.0,5311.0,105.0,65.0,0.0,0.0,0.0,0.0,0.0,10.0,0.0,0.0,12.0,0.0,13.0,20.0,10.0,40.0,0.0,0.0,0.0,0.0,0.0,0.0,0.0,19.0,0.0,0.0,0.0,0.0,21.0,5206.0,2506.0,100.0,23.0,272.0,104.0,21.0,81.0,96.0,345.0,463.0,415.0,259.0,214.0,113.0,2700.0,84.0,0.0,153.0,199.0,22.0,190.0,82.0,441.0,411.0,498.0,226.0,256.0,138.0,174950.0,2136.0,1389.0,747.0,2182.0,1019.0,204.0,858.0,82.0,10.0,0.0,9.0,0.0,0.0,0.0,2136.0,1389.0,25.0,416.0,638.0,224.0,78.0,8.0,747.0,36.0,390.0,293.0,24.0,4.0,0.0,747.0,11.0,219.0,117.0,111.0,22.0,33.0,99.0,65.0,25.0,45.0,25017374600,0.06929015251365091,174950.0,0.4395050412465628,0.02855805243445693,0.1651289775936735,0.015627942007154963,0.6989267557898701,0.6502808988764045,5311.0,0.019770288081340615,0.2971887550200803,0.3497191011235955,0.5604949587534372
4407.0,4407.0,4163.0,3148.0,4.0,0.0,727.0,0.0,0.0,284.0,70.0,214.0,244.0,64.0,0.0,0.0,0.0,0.0,47.0,133.0,126.0,7.0,4407.0,340.0,150.0,0.0,0.0,0.0,0.0,0.0,0.0,14.0,18.0,75.0,2.0,11.0,30.0,0.0,190.0,0.0,0.0,0.0,0.0,0.0,0.0,0.0,0.0,0.0,6.0,138.0,20.0,26.0,4067.0,1881.0,196.0,16.0,78.0,10.0,21.0,17.0,41.0,300.0,378.0,239.0,300.0,150.0,135.0,2186.0,196.0,37.0,120.0,74.0,56.0,84.0,104.0,336.0,316.0,319.0,185.0,216.0,143.0,179833.0,1890.0,1135.0,755.0,2025.0,1071.0,144.0,326.0,176.0,71.0,119.0,109.0,9.0,0.0,0.0,1890.0,1135.0,18.0,304.0,579.0,212.0,22.0,0.0,755.0,215.0,376.0,156.0,0.0,8.0,0.0,755.0,8.0,58.0,85.0,62.0,117.0,151.0,32.0,59.0,173.0,10.0,25017374700,0.05536646244610846,179833.0,0.4,0.12328042328042328,0.16496482868164283,0.0009076469253460404,0.7143181302473338,0.6005291005291006,4407.0,0.07714998865441343,0.5496688741721855,0.3994708994708995,0.6
5273.0,5273.0,4967.0,3595.0,297.0,0.0,805.0,0.0,19.0,251.0,29.0,222.0,306.0,53.0,10.0,0.0,0.0,0.0,117.0,126.0,117.0,9.0,3787.0,157.0,61.0,0.0,0.0,0.0,0.0,0.0,0.0,0.0,10.0,0.0,8.0,18.0,0.0,25.0,96.0,0.0,0.0,0.0,0.0,0.0,0.0,48.0,0.0,0.0,0.0,0.0,20.0,28.0,3630.0,1738.0,68.0,0.0,155.0,67.0,16.0,72.0,72.0,290.0,191.0,264.0,241.0,179.0,123.0,1892.0,20.0,30.0,144.0,89.0,97.0,43.0,125.0,153.0,238.0,281.0,297.0,155.0,220.0,201750.0,1396.0,1006.0,390.0,1513.0,994.0,15.0,91.0,51.0,26.0,165.0,91.0,80.0,0.0,0.0,1396.0,1006.0,27.0,245.0,453.0,212.0,63.0,6.0,390.0,43.0,228.0,103.0,16.0,0.0,0.0,390.0,25.0,9.0,31.0,58.0,36.0,9.0,0.0,65.0,132.0,25.0,25017374800,0.05803148113028637,201750.0,0.3331130204890945,0.050143266475644696,0.15266451735255074,0.05632467286174853,0.6817750805992794,0.7206303724928367,5273.0,0.04145761816741484,0.5282051282051282,0.2793696275071633,0.6668869795109055
4826.0,4826.0,4694.0,3592.0,88.0,0.0,712.0,0.0,51.0,251.0,45.0,206.0,132.0,67.0,0.0,0.0,0.0,0.0,42.0,23.0,23.0,0.0,4745.0,161.0,60.0,0.0,0.0,0.0,0.0,0.0,0.0,0.0,0.0,0.0,0.0,23.0,22.0,15.0,101.0,11.0,0.0,0.0,0.0,0.0,0.0,0.0,0.0,0.0,0.0,42.0,9.0,39.0,4584.0,2251.0,142.0,58.0,121.0,59.0,16.0,92.0,169.0,208.0,284.0,318.0,242.0,335.0,207.0,2333.0,178.0,39.0,205.0,122.0,60.0,41.0,105.0,189.0,359.0,300.0,280.0,246.0,209.0,148750.0,1678.0,1583.0,95.0,1777.0,1678.0,0.0,0.0,0.0,0.0,0.0,9.0,90.0,0.0,0.0,1678.0,1583.0,40.0,320.0,779.0,292.0,126.0,26.0,95.0,34.0,20.0,31.0,10.0,0.0,0.0,95.0,0.0,23.0,8.0,23.0,22.0,0.0,0.0,0.0,9.0,10.0,25017382100,0.027351844177372565,148750.0,0.05571187394485087,0.04410011918951132,0.1475341898052217,0.018234562784915042,0.744301699129714,0.9433849821215733,4826.0,0.0339304531085353,0.09473684210526316,0.056615017878426696,0.9442881260551491
5290.0,5290.0,5126.0,4697.0,42.0,0.0,209.0,0.0,79.0,99.0,14.0,85.0,164.0,17.0,4.0,0.0,0.0,0.0,47.0,96.0,79.0,17.0,5275.0,98.0,70.0,0.0,0.0,0.0,0.0,0.0,0.0,34.0,10.0,0.0,0.0,26.0,0.0,0.0,28.0,0.0,0.0,0.0,0.0,0.0,0.0,0.0,4.0,0.0,0.0,24.0,0.0,0.0,5177.0,2482.0,140.0,13.0,189.0,34.0,59.0,54.0,147.0,225.0,337.0,360.0,414.0,436.0,74.0,2695.0,152.0,27.0,248.0,57.0,12.0,47.0,68.0,256.0,378.0,359.0,458.0,420.0,213.0,193488.0,2142.0,1594.0,548.0,2225.0,1576.0,49.0,282.0,127.0,24.0,91.0,44.0,32.0,0.0,0.0,2142.0,1594.0,60.0,312.0,914.0,223.0,70.0,15.0,548.0,19.0,206.0,308.0,15.0,0.0,0.0,548.0,0.0,91.0,50.0,68.0,162.0,34.0,19.0,0.0,103.0,21.0,25017382200,0.03100189035916824,193488.0,0.2696629213483146,0.03688141923436041,0.039508506616257086,0.007939508506616257,0.8879017013232514,0.7441643323996265,5290.0,0.0185781990521327,0.2846715328467153,0.25583566760037346,0.7303370786516854
5920.0,5920.0,5752.0,4964.0,81.0,12.0,589.0,0.0,0.0,106.0,26.0,80.0,168.0,99.0,0.0,0.0,0.0,0.0,20.0,49.0,49.0,0.0,5830.0,234.0,82.0,0.0,0.0,0.0,18.0,0.0,0.0,38.0,3.0,0.0,0.0,4.0,19.0,0.0,152.0,0.0,0.0,0.0,0.0,0.0,0.0,17.0,61.0,0.0,38.0,19.0,5.0,12.0,5596.0,2734.0,185.0,61.0,297.0,26.0,53.0,136.0,94.0,171.0,264.0,441.0,520.0,272.0,214.0,2862.0,44.0,47.0,251.0,199.0,35.0,76.0,143.0,174.0,363.0,431.0,504.0,335.0,260.0,214258.0,2357.0,1894.0,463.0,2415.0,1738.0,142.0,110.0,314.0,74.0,19.0,0.0,18.0,0.0,0.0,2357.0,1894.0,70.0,483.0,967.0,229.0,108.0,37.0,463.0,38.0,332.0,78.0,15.0,0.0,0.0,463.0,157.0,0.0,72.0,60.0,63.0,37.0,21.0,34.0,19.0,0.0,25017382300,0.02837837837837838,214258.0,0.22153209109730848,0.04582095884599067,0.09949324324324324,0.013682432432432433,0.8385135135135136,0.8035638523546882,5920.0,0.04013722126929674,0.23974082073434125,0.19643614764531184,0.7784679089026915
5171.0,5171.0,4956.0,4279.0,58.0,0.0,451.0,0.0,27.0,141.0,26.0,115.0,215.0,114.0,0.0,0.0,0.0,0.0,16.0,85.0,85.0,0.0,5171.0,227.0,95.0,0.0,0.0,0.0,0.0,0.0,40.0,0.0,0.0,0.0,0.0,43.0,12.0,0.0,132.0,0.0,0.0,0.0,20.0,0.0,0.0,0.0,0.0,0.0,35.0,45.0,0.0,32.0,4944.0,2175.0,85.0,0.0,177.0,74.0,51.0,27.0,143.0,281.0,293.0,366.0,233.0,281.0,164.0,2769.0,180.0,83.0,159.0,94.0,13.0,74.0,105.0,262.0,358.0,354.0,406.0,290.0,391.0,110481.0,2203.0,1569.0,634.0,2347.0,1245.0,151.0,283.0,54.0,16.0,129.0,400.0,69.0,0.0,0.0,2203.0,1569.0,24.0,335.0,932.0,194.0,84.0,0.0,634.0,108.0,424.0,74.0,16.0,12.0,0.0,634.0,12.0,16.0,84.0,71.0,24.0,90.0,38.0,19.0,172.0,108.0,25017382400,0.04157803132856314,110481.0,0.4051981252662974,0.05991829323649569,0.08721717269386965,0.011216399149100754,0.8274995165345195,0.7122106218792555,5171.0,0.04389866563527364,0.5031545741324921,0.28778937812074445,0.5948018747337026
6071.0,6071.0,5377.0,4163.0,96.0,0.0,692.0,0.0,0.0,426.0,342.0,84.0,694.0,0.0,0.0,0.0,0.0,0.0,569.0,125.0,109.0,16.0,6050.0,873.0,464.0,146.0,0.0,55.0,0.0,0.0,0.0,48.0,0.0,82.0,93.0,0.0,0.0,40.0,409.0,0.0,0.0,38.0,20.0,18.0,0.0,111.0,50.0,48.0,39.0,0.0,20.0,65.0,5177.0,2374.0,73.0,31.0,170.0,76.0,21.0,59.0,198.0,543.0,342.0,245.0,423.0,110.0,83.0,2803.0,151.0,39.0,155.0,113.0,62.0,14.0,202.0,419.0,412.0,412.0,284.0,332.0,208.0,123424.0,2446.0,1256.0,1190.0,2529.0,1100.0,143.0,179.0,102.0,104.0,119.0,105.0,677.0,0.0,0.0,2446.0,1256.0,0.0,281.0,581.0,117.0,277.0,0.0,1190.0,247.0,746.0,167.0,30.0,0.0,0.0,1190.0,32.0,103.0,128.0,44.0,123.0,170.0,75.0,54.0,404.0,57.0,25017382500,0.11431395157305221,123424.0,0.5085013839462238,0.1009811937857727,0.1139845165541097,0.015812880909240653,0.685718991928842,0.5134914145543745,6071.0,0.14429752066115703,0.5907563025210084,0.48650858544562553,0.4914986160537762
4677.0,4677.0,4416.0,2185.0,110.0,32.0,1539.0,0.0,165.0,385.0,293.0,92.0,261.0,35.0,0.0,0.0,0.0,0.0,10.0,216.0,216.0,0.0,4603.0,119.0,11.0,0.0,0.0,0.0,0.0,0.0,0.0,0.0,10.0,0.0,0.0,1.0,0.0,0.0,108.0,0.0,0.0,0.0,0.0,0.0,0.0,63.0,26.0,0.0,0.0,16.0,3.0,0.0,4484.0,2250.0,291.0,12.0,76.0,26.0,0.0,74.0,57.0,658.0,548.0,141.0,122.0,167.0,78.0,2234.0,160.0,29.0,89.0,33.0,14.0,54.0,86.0,650.0,398.0,224.0,181.0,171.0,145.0,119180.0,2143.0,852.0,1291.0,2157.0,278.0,98.0,69.0,92.0,511.0,930.0,161.0,18.0,0.0,0.0,2143.0,852.0,12.0,399.0,362.0,38.0,0.0,41.0,1291.0,81.0,853.0,357.0,0.0,0.0,0.0,1291.0,77.0,277.0,278.0,224.0,100.0,85.0,36.0,66.0,148.0,0.0,25017382601,0.055805003207184095,119180.0,0.8256838201205378,0.0433971068595427,0.3290570878768441,0.023519350010690613,0.4671798161214454,0.39757349510032663,4677.0,0.025852704757766673,0.2594887683965918,0.6024265048996733,0.1743161798794622
4918.0,4918.0,4854.0,3715.0,58.0,0.0,786.0,28.0,34.0,233.0,156.0,77.0,64.0,36.0,5.0,0.0,0.0,0.0,0.0,23.0,23.0,0.0,4918.0,407.0,206.0,0.0,0.0,0.0,0.0,16.0,21.0,0.0,13.0,1.0,96.0,39.0,0.0,20.0,201.0,0.0,0.0,0.0,0.0,0.0,0.0,0.0,0.0,0.0,24.0,36.0,60.0,81.0,4511.0,2314.0,151.0,48.0,220.0,175.0,0.0,0.0,62.0,183.0,377.0,296.0,159.0,366.0,277.0,2197.0,49.0,8.0,136.0,133.0,18.0,27.0,88.0,188.0,300.0,312.0,289.0,295.0,354.0,123214.0,2318.0,1677.0,641.0,2327.0,1390.0,28.0,58.0,36.0,36.0,0.0,24.0,755.0,0.0,0.0,2318.0,1677.0,62.0,571.0,788.0,208.0,48.0,0.0,641.0,267.0,352.0,22.0,0.0,0.0,0.0,641.0,40.0,47.0,13.0,166.0,61.0,165.0,52.0,97.0,0.0,0.0,25017382602,0.013013420089467263,123214.0,0.39063171465406105,0.14193270060396893,0.1598210654737698,0.011793411956079707,0.755388369255795,0.7234685073339086,4918.0,0.08275721838145587,0.48985959438377535,0.27653149266609145,0.609368285345939
4044.0,4044.0,2708.0,848.0,252.0,0.0,46.0,0.0,222.0,1340.0,778.0,562.0,1336.0,65.0,29.0,222.0,0.0,0.0,647.0,373.0,295.0,78.0,3415.0,682.0,340.0,0.0,0.0,9.0,17.0,0.0,0.0,44.0,57.0,71.0,35.0,44.0,37.0,26.0,342.0,76.0,31.0,0.0,53.0,0.0,0.0,0.0,37.0,41.0,42.0,20.0,38.0,4.0,2733.0,1567.0,40.0,0.0,123.0,76.0,35.0,54.0,189.0,269.0,301.0,243.0,132.0,89.0,16.0,1166.0,69.0,19.0,110.0,28.0,0.0,24.0,51.0,343.0,148.0,161.0,103.0,94.0,16.0,71771.0,1111.0,247.0,864.0,1197.0,142.0,71.0,145.0,128.0,118.0,135.0,344.0,114.0,0.0,0.0,1111.0,247.0,0.0,52.0,105.0,31.0,59.0,0.0,864.0,255.0,359.0,198.0,30.0,22.0,0.0,864.0,19.0,18.0,47.0,129.0,174.0,125.0,25.0,59.0,241.0,27.0,25017383101,0.3303659742828882,71771.0,0.8220551378446115,0.2295229522952295,0.011374876360039565,0.06231454005934718,0.20969337289812068,0.2223222322232223,4044.0,0.19970717423133236,0.5208333333333334,0.7776777677767777,0.17794486215538846
5300.0,5300.0,2896.0,726.0,393.0,0.0,110.0,0.0,329.0,1338.0,733.0,605.0,2404.0,607.0,10.0,0.0,0.0,0.0,702.0,1085.0,974.0,111.0,5300.0,1489.0,730.0,212.0,0.0,142.0,27.0,0.0,22.0,23.0,33.0,184.0,51.0,13.0,23.0,0.0,759.0,174.0,0.0,59.0,105.0,38.0,0.0,69.0,39.0,75.0,122.0,15.0,52.0,11.0,3811.0,1953.0,155.0,88.0,278.0,216.0,4.0,151.0,160.0,277.0,205.0,171.0,177.0,59.0,12.0,1858.0,142.0,0.0,243.0,50.0,37.0,11.0,111.0,390.0,368.0,233.0,136.0,63.0,74.0,56638.0,1702.0,234.0,1468.0,1920.0,319.0,278.0,56.0,318.0,128.0,339.0,349.0,133.0,0.0,0.0,1702.0,234.0,0.0,55.0,168.0,0.0,11.0,0.0,1468.0,348.0,717.0,393.0,10.0,0.0,0.0,1468.0,37.0,153.0,116.0,221.0,95.0,168.0,104.0,132.0,392.0,50.0,25017383102,0.45358490566037735,56638.0,0.6890625,0.2044653349001175,0.020754716981132074,0.07415094339622641,0.1369811320754717,0.13748531139835488,5300.0,0.2809433962264151,0.5422343324250681,0.8625146886016452,0.3109375
6677.0,6677.0,3730.0,1391.0,376.0,6.0,245.0,33.0,289.0,1390.0,1380.0,10.0,2947.0,83.0,21.0,0.0,87.0,0.0,2083.0,673.0,673.0,0.0,6528.0,1030.0,487.0,144.0,29.0,29.0,0.0,124.0,0.0,0.0,42.0,54.0,0.0,24.0,41.0,0.0,543.0,73.0,0.0,87.0,0.0,0.0,0.0,0.0,78.0,249.0,0.0,47.0,0.0,9.0,5498.0,2965.0,71.0,0.0,415.0,194.0,0.0,19.0,204.0,462.0,923.0,274.0,249.0,138.0,16.0,2533.0,253.0,0.0,270.0,67.0,26.0,0.0,111.0,458.0,402.0,260.0,500.0,125.0,61.0,99310.0,2052.0,851.0,1201.0,2052.0,789.0,148.0,344.0,461.0,14.0,157.0,46.0,93.0,0.0,0.0,2052.0,851.0,67.0,221.0,287.0,264.0,12.0,0.0,1201.0,100.0,542.0,522.0,37.0,0.0,0.0,1201.0,80.0,49.0,68.0,42.0,198.0,174.0,39.0,201.0,312.0,38.0,25017383200,0.4413658828815336,99310.0,0.5433723196881092,0.0813840155945419,0.03669312565523439,0.056312715291298485,0.20832709300584096,0.41471734892787526,6677.0,0.15778186274509803,0.604496253122398,0.5852826510721247,0.4566276803118908
3875.0,3875.0,3532.0,1834.0,97.0,0.0,481.0,0.0,474.0,646.0,441.0,205.0,343.0,34.0,0.0,19.0,0.0,0.0,56.0,234.0,234.0,0.0,3673.0,331.0,66.0,0.0,0.0,0.0,0.0,0.0,0.0,30.0,0.0,0.0,0.0,27.0,9.0,0.0,265.0,0.0,0.0,0.0,0.0,0.0,48.0,0.0,0.0,48.0,88.0,28.0,1.0,52.0,3342.0,1638.0,172.0,6.0,80.0,5.0,0.0,73.0,35.0,339.0,235.0,367.0,143.0,93.0,90.0,1704.0,262.0,0.0,82.0,31.0,26.0,0.0,40.0,285.0,235.0,285.0,95.0,158.0,205.0,89058.0,1644.0,604.0,1040.0,1644.0,663.0,43.0,17.0,96.0,164.0,88.0,138.0,435.0,0.0,0.0,1644.0,604.0,36.0,136.0,357.0,75.0,0.0,0.0,1040.0,414.0,429.0,140.0,57.0,0.0,0.0,1040.0,12.0,17.0,153.0,219.0,151.0,74.0,9.0,46.0,276.0,83.0,25017383300,0.08851612903225807,89058.0,0.5705596107055961,0.2737226277372263,0.12412903225806451,0.02503225806451613,0.4732903225806452,0.36739659367396593,3875.0,0.09011707051456574,0.3894230769230769,0.6326034063260341,0.42944038929440387
2714.0,2714.0,1808.0,1131.0,43.0,0.0,15.0,0.0,266.0,353.0,125.0,228.0,906.0,224.0,0.0,0.0,0.0,0.0,238.0,444.0,407.0,37.0,2693.0,431.0,144.0,9.0,0.0,32.0,33.0,0.0,0.0,0.0,26.0,9.0,0.0,35.0,0.0,0.0,287.0,47.0,0.0,32.0,0.0,0.0,0.0,22.0,86.0,0.0,24.0,22.0,32.0,22.0,2262.0,1121.0,110.0,6.0,68.0,0.0,0.0,0.0,172.0,273.0,156.0,113.0,137.0,28.0,58.0,1141.0,59.0,32.0,94.0,16.0,46.0,4.0,124.0,133.0,203.0,157.0,188.0,28.0,57.0,85000.0,1036.0,279.0,757.0,1079.0,254.0,0.0,101.0,168.0,168.0,102.0,96.0,190.0,0.0,0.0,1036.0,279.0,0.0,122.0,23.0,134.0,0.0,0.0,757.0,116.0,399.0,134.0,50.0,58.0,0.0,757.0,0.0,55.0,35.0,101.0,149.0,19.0,86.0,39.0,202.0,71.0,25017383401,0.3338246131171702,85000.0,0.7645968489341983,0.11196911196911197,0.00552689756816507,0.015843773028739867,0.4167280766396463,0.2693050193050193,2714.0,0.16004455997029335,0.4570673712021136,0.7306949806949807,0.23540315106580167
3935.0,3935.0,2990.0,1302.0,330.0,0.0,179.0,0.0,354.0,825.0,268.0,557.0,945.0,131.0,10.0,0.0,0.0,0.0,301.0,503.0,503.0,0.0,3895.0,554.0,293.0,0.0,0.0,63.0,0.0,0.0,45.0,0.0,38.0,73.0,30.0,44.0,0.0,0.0,261.0,14.0,0.0,45.0,48.0,0.0,0.0,0.0,30.0,80.0,0.0,41.0,0.0,3.0,3341.0,1698.0,177.0,84.0,55.0,95.0,58.0,35.0,229.0,191.0,388.0,141.0,127.0,118.0,0.0,1643.0,104.0,43.0,115.0,24.0,44.0,103.0,126.0,308.0,342.0,138.0,108.0,137.0,51.0,67288.0,1353.0,621.0,732.0,1387.0,570.0,187.0,48.0,235.0,40.0,20.0,287.0,0.0,0.0,0.0,1353.0,621.0,0.0,316.0,212.0,58.0,5.0,30.0,732.0,65.0,441.0,155.0,45.0,26.0,0.0,732.0,37.0,0.0,113.0,31.0,37.0,8.0,17.0,206.0,225.0,58.0,25017383402,0.24015247776365947,67288.0,0.4542177361211247,0.04804138950480414,0.04548919949174079,0.08386277001270648,0.3308767471410419,0.458980044345898,3935.0,0.14223363286264443,0.6229508196721312,0.541019955654102,0.5457822638788753
3981.0,3981.0,3549.0,1964.0,666.0,15.0,109.0,0.0,19.0,776.0,623.0,153.0,432.0,113.0,0.0,0.0,0.0,0.0,73.0,246.0,200.0,46.0,3946.0,582.0,267.0,20.0,0.0,32.0,0.0,6.0,31.0,0.0,31.0,0.0,0.0,15.0,116.0,16.0,315.0,0.0,0.0,0.0,0.0,0.0,0.0,22.0,105.0,34.0,63.0,4.0,29.0,58.0,3364.0,1724.0,21.0,6.0,81.0,71.0,5.0,104.0,22.0,308.0,363.0,288.0,162.0,181.0,112.0,1640.0,80.0,44.0,113.0,58.0,50.0,15.0,149.0,263.0,248.0,156.0,255.0,156.0,53.0,62880.0,1846.0,622.0,1224.0,1948.0,614.0,147.0,107.0,204.0,254.0,350.0,103.0,169.0,0.0,0.0,1846.0,622.0,0.0,191.0,282.0,102.0,47.0,0.0,1224.0,287.0,458.0,440.0,39.0,0.0,0.0,1224.0,91.0,164.0,201.0,56.0,95.0,83.0,108.0,126.0,285.0,15.0,25017383501,0.10851544837980406,62880.0,0.6093429158110883,0.15547128927410617,0.02738005526249686,0.16729464958553128,0.49334338106003517,0.3369447453954496,3981.0,0.14749113025848962,0.4918300653594771,0.6630552546045504,0.3906570841889117
3920.0,3920.0,3552.0,2172.0,346.0,0.0,467.0,10.0,352.0,205.0,23.0,182.0,368.0,91.0,33.0,0.0,0.0,0.0,101.0,143.0,132.0,11.0,2587.0,86.0,49.0,0.0,0.0,0.0,0.0,0.0,0.0,0.0,1.0,0.0,0.0,30.0,16.0,2.0,37.0,11.0,0.0,8.0,8.0,0.0,0.0,0.0,0.0,8.0,0.0,0.0,0.0,2.0,2501.0,1067.0,10.0,0.0,0.0,11.0,0.0,11.0,238.0,101.0,83.0,131.0,155.0,278.0,49.0,1434.0,71.0,42.0,89.0,9.0,24.0,10.0,191.0,90.0,254.0,174.0,275.0,56.0,149.0,97943.0,1051.0,518.0,533.0,1061.0,522.0,115.0,112.0,110.0,133.0,23.0,22.0,24.0,0.0,0.0,1051.0,518.0,0.0,165.0,188.0,165.0,0.0,0.0,533.0,36.0,229.0,186.0,52.0,30.0,0.0,533.0,7.0,60.0,54.0,80.0,48.0,116.0,32.0,45.0,91.0,0.0,25017383502,0.09387755102040816,97943.0,0.3996229971724788,0.03425309229305423,0.11913265306122449,0.08826530612244898,0.5540816326530612,0.4928639391056137,3920.0,0.03324313877077696,0.5328330206378987,0.5071360608943863,0.6003770028275212
6225.0,6225.0,5235.0,3710.0,168.0,0.0,881.0,0.0,97.0,379.0,217.0,162.0,990.0,43.0,0.0,0.0,0.0,0.0,409.0,538.0,510.0,28.0,5936.0,369.0,132.0,0.0,0.0,0.0,0.0,0.0,0.0,0.0,44.0,0.0,88.0,0.0,0.0,0.0,237.0,0.0,0.0,13.0,0.0,0.0,0.0,0.0,22.0,99.0,0.0,25.0,55.0,23.0,5567.0,2797.0,137.0,79.0,110.0,90.0,50.0,24.0,338.0,330.0,245.0,343.0,518.0,324.0,209.0,2770.0,231.0,0.0,58.0,94.0,62.0,89.0,220.0,474.0,304.0,248.0,412.0,240.0,338.0,118760.0,2322.0,1583.0,739.0,2392.0,1544.0,39.0,0.0,104.0,101.0,227.0,252.0,125.0,0.0,0.0,2322.0,1583.0,0.0,556.0,717.0,238.0,40.0,32.0,739.0,93.0,318.0,328.0,0.0,0.0,0.0,739.0,46.0,101.0,39.0,71.0,125.0,30.0,28.0,184.0,115.0,0.0,25017383600,0.15903614457831325,118760.0,0.33821070234113715,0.040051679586563305,0.1415261044176707,0.026987951807228915,0.5959839357429719,0.681739879414298,6225.0,0.062163072776280325,0.48308525033829497,0.31826012058570197,0.6617892976588629
5418.0,5418.0,4799.0,3651.0,95.0,0.0,295.0,0.0,331.0,427.0,259.0,168.0,619.0,0.0,0.0,0.0,0.0,0.0,297.0,322.0,312.0,10.0,5418.0,231.0,127.0,0.0,0.0,0.0,0.0,0.0,0.0,0.0,43.0,2.0,4.0,2.0,76.0,0.0,104.0,43.0,0.0,17.0,0.0,0.0,0.0,0.0,15.0,28.0,1.0,0.0,0.0,0.0,5187.0,2692.0,264.0,0.0,155.0,39.0,3.0,64.0,497.0,469.0,282.0,268.0,359.0,162.0,130.0,2495.0,134.0,0.0,162.0,12.0,13.0,46.0,284.0,298.0,332.0,434.0,420.0,153.0,207.0,111121.0,2062.0,1274.0,788.0,2062.0,1346.0,29.0,164.0,116.0,25.0,317.0,65.0,0.0,0.0,0.0,2062.0,1274.0,16.0,260.0,740.0,189.0,45.0,24.0,788.0,83.0,336.0,233.0,136.0,0.0,0.0,788.0,58.0,134.0,76.0,81.0,30.0,115.0,0.0,155.0,108.0,31.0,25017383700,0.11424880029531193,111121.0,0.3331716779825412,0.048011639185257034,0.05444813584348468,0.017534145441122185,0.6738648947951273,0.6178467507274491,5418.0,0.04263565891472868,0.4796954314720812,0.3821532492725509,0.6668283220174588
5960.0,5960.0,5239.0,4208.0,214.0,0.0,556.0,0.0,79.0,182.0,77.0,105.0,721.0,244.0,0.0,0.0,0.0,0.0,147.0,330.0,287.0,43.0,5871.0,378.0,129.0,0.0,0.0,0.0,0.0,0.0,0.0,0.0,51.0,4.0,0.0,49.0,25.0,0.0,249.0,17.0,19.0,58.0,0.0,0.0,0.0,16.0,71.0,19.0,7.0,0.0,14.0,28.0,5493.0,2683.0,202.0,194.0,212.0,61.0,18.0,39.0,59.0,317.0,522.0,258.0,416.0,285.0,100.0,2810.0,300.0,24.0,104.0,67.0,18.0,3.0,145.0,341.0,559.0,236.0,503.0,356.0,154.0,144427.0,2326.0,1887.0,439.0,2551.0,1980.0,116.0,56.0,23.0,89.0,148.0,27.0,112.0,0.0,0.0,2326.0,1887.0,19.0,499.0,907.0,342.0,94.0,26.0,439.0,0.0,279.0,147.0,0.0,13.0,0.0,439.0,0.0,131.0,11.0,70.0,0.0,25.0,16.0,0.0,161.0,25.0,25017383800,0.12097315436241611,144427.0,0.17836142689141513,0.00816852966466036,0.09328859060402685,0.035906040268456375,0.7060402684563758,0.8112639724849527,5960.0,0.06438426162493613,0.4601366742596811,0.18873602751504728,0.8216385731085849
5934.0,5934.0,5495.0,4028.0,95.0,13.0,671.0,0.0,275.0,413.0,219.0,194.0,439.0,36.0,0.0,5.0,0.0,0.0,266.0,132.0,120.0,12.0,5912.0,135.0,41.0,0.0,0.0,4.0,9.0,0.0,0.0,0.0,9.0,8.0,0.0,1.0,0.0,10.0,94.0,8.0,0.0,0.0,4.0,8.0,0.0,0.0,38.0,0.0,5.0,2.0,14.0,15.0,5777.0,2929.0,99.0,26.0,255.0,98.0,40.0,85.0,178.0,110.0,388.0,516.0,497.0,420.0,217.0,2848.0,117.0,51.0,246.0,98.0,30.0,39.0,133.0,227.0,542.0,350.0,404.0,366.0,245.0,172431.0,2189.0,2059.0,130.0,2227.0,2119.0,62.0,0.0,0.0,0.0,30.0,6.0,10.0,0.0,0.0,2189.0,2059.0,0.0,426.0,1215.0,251.0,150.0,17.0,130.0,7.0,17.0,48.0,24.0,34.0,0.0,130.0,6.0,7.0,48.0,16.0,0.0,0.0,0.0,0.0,24.0,29.0,25017383902,0.0739804516346478,172431.0,0.020655590480466997,0.0031978072179077205,0.11307718233906303,0.016009437141894168,0.6788001348163127,0.9406121516674281,5934.0,0.02283491204330176,0.18461538461538463,0.05938784833257195,0.979344409519533
2670.0,2670.0,2249.0,1558.0,196.0,0.0,163.0,0.0,29.0,303.0,168.0,135.0,421.0,64.0,0.0,24.0,0.0,0.0,41.0,292.0,285.0,7.0,2670.0,243.0,83.0,0.0,0.0,0.0,0.0,10.0,28.0,0.0,1.0,35.0,0.0,2.0,0.0,7.0,160.0,71.0,0.0,0.0,0.0,0.0,0.0,44.0,0.0,29.0,16.0,0.0,0.0,0.0,2427.0,1075.0,56.0,12.0,70.0,41.0,6.0,16.0,134.0,70.0,162.0,148.0,155.0,144.0,61.0,1352.0,25.0,12.0,66.0,10.0,144.0,78.0,96.0,106.0,163.0,169.0,276.0,85.0,122.0,170208.0,889.0,850.0,39.0,911.0,905.0,0.0,0.0,0.0,0.0,0.0,0.0,6.0,0.0,0.0,889.0,850.0,0.0,222.0,341.0,229.0,53.0,5.0,39.0,6.0,9.0,0.0,24.0,0.0,0.0,39.0,9.0,24.0,0.0,0.0,0.0,0.0,0.0,6.0,0.0,0.0,25017383903,0.15767790262172285,170208.0,0.006586169045005488,0.006749156355455568,0.06104868913857678,0.07340823970037454,0.5835205992509364,0.9561304836895388,2670.0,0.09101123595505618,0.15384615384615385,0.043869516310461196,0.9934138309549945
4872.0,4872.0,4640.0,3601.0,455.0,12.0,171.0,0.0,72.0,329.0,58.0,271.0,232.0,36.0,0.0,0.0,0.0,0.0,36.0,160.0,160.0,0.0,4768.0,186.0,112.0,0.0,0.0,0.0,0.0,0.0,0.0,0.0,6.0,9.0,0.0,53.0,14.0,30.0,74.0,0.0,0.0,0.0,0.0,0.0,0.0,0.0,0.0,0.0,0.0,25.0,21.0,28.0,4582.0,2510.0,132.0,47.0,173.0,140.0,20.0,72.0,201.0,155.0,213.0,374.0,471.0,362.0,150.0,2072.0,84.0,17.0,47.0,36.0,20.0,21.0,110.0,150.0,271.0,381.0,496.0,297.0,142.0,146635.0,2092.0,1659.0,433.0,2092.0,1565.0,121.0,0.0,0.0,107.0,17.0,22.0,260.0,0.0,0.0,2092.0,1659.0,68.0,404.0,846.0,288.0,53.0,0.0,433.0,73.0,186.0,174.0,0.0,0.0,0.0,433.0,0.0,0.0,46.0,37.0,39.0,61.0,59.0,39.0,110.0,42.0,25017383904,0.047619047619047616,146635.0,0.19407265774378585,0.06739961759082218,0.035098522167487683,0.09339080459770115,0.7391215106732348,0.7930210325047801,4872.0,0.03901006711409396,0.6212471131639723,0.20697896749521988,0.8059273422562141
5432.0,5432.0,5156.0,3176.0,228.0,0.0,1017.0,0.0,236.0,499.0,359.0,140.0,276.0,23.0,0.0,0.0,0.0,0.0,61.0,192.0,192.0,0.0,5341.0,464.0,165.0,0.0,0.0,0.0,0.0,0.0,0.0,0.0,2.0,68.0,18.0,77.0,0.0,0.0,299.0,20.0,0.0,0.0,0.0,0.0,0.0,66.0,144.0,0.0,0.0,0.0,41.0,28.0,4877.0,2785.0,71.0,0.0,295.0,0.0,17.0,27.0,403.0,425.0,554.0,168.0,420.0,210.0,195.0,2092.0,0.0,0.0,229.0,68.0,0.0,0.0,262.0,409.0,359.0,115.0,256.0,247.0,147.0,104837.0,2557.0,961.0,1596.0,2824.0,834.0,0.0,0.0,53.0,0.0,14.0,383.0,1540.0,0.0,0.0,2557.0,961.0,0.0,209.0,552.0,129.0,71.0,0.0,1596.0,221.0,1131.0,189.0,55.0,0.0,0.0,1596.0,33.0,46.0,52.0,249.0,327.0,175.0,195.0,107.0,377.0,35.0,25017384003,0.0508100147275405,104837.0,0.7046742209631728,0.08642940946421587,0.1872238586156112,0.04197349042709867,0.5846833578792342,0.375831052014079,5432.0,0.08687511701928478,0.5350877192982456,0.624168947985921,0.2953257790368272
1442.0,1442.0,1256.0,851.0,114.0,0.0,128.0,0.0,63.0,100.0,37.0,63.0,186.0,37.0,0.0,0.0,0.0,0.0,75.0,74.0,74.0,0.0,1389.0,28.0,8.0,0.0,0.0,0.0,6.0,0.0,0.0,0.0,0.0,0.0,2.0,0.0,0.0,0.0,20.0,0.0,0.0,0.0,0.0,0.0,7.0,0.0,0.0,0.0,12.0,0.0,0.0,1.0,1361.0,655.0,54.0,6.0,43.0,0.0,5.0,0.0,73.0,150.0,80.0,66.0,36.0,76.0,66.0,706.0,51.0,14.0,49.0,10.0,15.0,5.0,56.0,119.0,123.0,28.0,61.0,121.0,54.0,132163.0,571.0,431.0,140.0,571.0,368.0,13.0,4.0,0.0,18.0,47.0,29.0,92.0,0.0,0.0,571.0,431.0,4.0,102.0,216.0,74.0,19.0,16.0,140.0,0.0,35.0,85.0,20.0,0.0,0.0,140.0,0.0,5.0,30.0,54.0,5.0,20.0,0.0,13.0,13.0,0.0,25017384004,0.1289875173370319,132163.0,0.3327495621716287,0.0070052539404553416,0.08876560332871013,0.07905686546463246,0.5901525658807212,0.7548161120840631,1442.0,0.020158387329013677,0.32857142857142857,0.24518388791593695,0.6672504378283712
3181.0,3181.0,2992.0,1999.0,504.0,0.0,373.0,0.0,88.0,28.0,16.0,12.0,189.0,96.0,0.0,0.0,0.0,0.0,8.0,85.0,31.0,54.0,3168.0,52.0,19.0,0.0,0.0,0.0,0.0,0.0,0.0,0.0,0.0,0.0,0.0,0.0,10.0,9.0,33.0,0.0,0.0,0.0,0.0,0.0,0.0,0.0,0.0,14.0,0.0,0.0,10.0,9.0,3116.0,1469.0,35.0,15.0,109.0,22.0,0.0,17.0,130.0,339.0,262.0,144.0,165.0,152.0,79.0,1647.0,39.0,0.0,208.0,81.0,41.0,17.0,62.0,469.0,241.0,106.0,207.0,96.0,80.0,183889.0,1228.0,675.0,553.0,1280.0,653.0,74.0,0.0,0.0,0.0,199.0,208.0,146.0,0.0,0.0,1228.0,675.0,0.0,145.0,341.0,113.0,76.0,0.0,553.0,18.0,191.0,324.0,20.0,0.0,0.0,553.0,10.0,110.0,31.0,64.0,63.0,170.0,39.0,23.0,43.0,0.0,25017385101,0.05941527821439799,183889.0,0.43203125,0.014657980456026058,0.11725872367180132,0.1584407419050613,0.6284187362464634,0.5496742671009772,3181.0,0.016414141414141416,0.4972875226039783,0.4503257328990228,0.56796875
4626.0,4626.0,4206.0,3340.0,74.0,0.0,478.0,0.0,117.0,197.0,186.0,11.0,420.0,203.0,0.0,0.0,0.0,0.0,28.0,189.0,189.0,0.0,4600.0,238.0,133.0,0.0,0.0,0.0,0.0,0.0,0.0,60.0,48.0,1.0,0.0,24.0,0.0,0.0,105.0,0.0,0.0,0.0,0.0,0.0,0.0,0.0,0.0,74.0,0.0,0.0,9.0,22.0,4362.0,2148.0,60.0,28.0,185.0,73.0,4.0,25.0,132.0,301.0,425.0,250.0,300.0,196.0,169.0,2214.0,96.0,13.0,201.0,23.0,47.0,62.0,161.0,234.0,318.0,368.0,353.0,133.0,205.0,142103.0,1787.0,1307.0,480.0,1872.0,1339.0,24.0,31.0,119.0,87.0,129.0,26.0,117.0,0.0,0.0,1787.0,1307.0,0.0,317.0,532.0,334.0,106.0,18.0,480.0,227.0,150.0,103.0,0.0,0.0,0.0,480.0,85.0,33.0,8.0,0.0,32.0,26.0,14.0,66.0,216.0,0.0,25017385102,0.0907911802853437,142103.0,0.2719017094017094,0.12702853945159484,0.10332900994379593,0.01599654128837008,0.7220060527453523,0.7313933967543369,4626.0,0.05173913043478261,0.6708333333333333,0.2686066032456631,0.7280982905982906
2906.0,2906.0,2516.0,1751.0,108.0,0.0,51.0,0.0,247.0,359.0,303.0,56.0,390.0,161.0,48.0,0.0,0.0,0.0,80.0,101.0,101.0,0.0,2810.0,117.0,28.0,0.0,0.0,0.0,0.0,0.0,0.0,0.0,0.0,0.0,0.0,17.0,0.0,11.0,89.0,0.0,5.0,10.0,0.0,0.0,0.0,1.0,0.0,16.0,1.0,27.0,26.0,3.0,2693.0,1244.0,93.0,18.0,113.0,112.0,0.0,0.0,20.0,42.0,277.0,150.0,145.0,205.0,69.0,1449.0,15.0,0.0,101.0,32.0,9.0,9.0,61.0,76.0,163.0,244.0,201.0,248.0,290.0,100179.0,1253.0,956.0,297.0,1313.0,833.0,196.0,62.0,51.0,54.0,30.0,73.0,14.0,0.0,0.0,1253.0,956.0,0.0,450.0,426.0,64.0,16.0,0.0,297.0,67.0,150.0,57.0,23.0,0.0,0.0,297.0,0.0,16.0,25.0,20.0,41.0,14.0,11.0,57.0,99.0,14.0,25017385201,0.13420509291121818,100179.0,0.2162985529322163,0.053471667996807665,0.017549896765313145,0.03716448726772195,0.6025464556090847,0.7629688747007183,2906.0,0.041637010676156584,0.6094276094276094,0.23703112529928172,0.7837014470677837
4742.0,4742.0,4340.0,3036.0,227.0,7.0,974.0,0.0,46.0,50.0,50.0,0.0,402.0,123.0,0.0,0.0,0.0,0.0,79.0,200.0,200.0,0.0,4703.0,195.0,75.0,0.0,0.0,14.0,0.0,0.0,0.0,0.0,0.0,14.0,19.0,15.0,13.0,0.0,120.0,0.0,0.0,0.0,0.0,0.0,13.0,0.0,14.0,25.0,0.0,0.0,25.0,43.0,4508.0,2240.0,116.0,30.0,103.0,81.0,0.0,13.0,105.0,286.0,445.0,340.0,368.0,272.0,81.0,2268.0,190.0,0.0,123.0,0.0,11.0,37.0,98.0,231.0,394.0,154.0,537.0,301.0,192.0,117865.0,2209.0,1888.0,321.0,2329.0,890.0,734.0,29.0,453.0,108.0,7.0,41.0,67.0,0.0,0.0,2209.0,1888.0,47.0,822.0,811.0,178.0,30.0,0.0,321.0,48.0,141.0,132.0,0.0,0.0,0.0,321.0,0.0,0.0,124.0,0.0,48.0,0.0,10.0,21.0,105.0,13.0,25017385203,0.08477435681147195,117865.0,0.3027050236152855,0.04300588501584427,0.20539856600590467,0.04787009700548292,0.6402361872627583,0.8546853779990946,4742.0,0.04146289602381459,0.4236760124610592,0.1453146220009054,0.6972949763847145
3418.0,3418.0,3168.0,1704.0,17.0,10.0,1076.0,0.0,48.0,313.0,250.0,63.0,250.0,62.0,3.0,0.0,0.0,0.0,81.0,104.0,62.0,42.0,3404.0,52.0,33.0,0.0,0.0,10.0,0.0,0.0,0.0,0.0,0.0,0.0,12.0,11.0,0.0,0.0,19.0,0.0,9.0,0.0,0.0,0.0,0.0,0.0,0.0,0.0,0.0,0.0,1.0,9.0,3352.0,1748.0,172.0,29.0,137.0,17.0,16.0,78.0,242.0,169.0,242.0,204.0,252.0,84.0,106.0,1604.0,101.0,17.0,97.0,65.0,20.0,0.0,156.0,231.0,244.0,230.0,247.0,145.0,51.0,167895.0,1166.0,927.0,239.0,1300.0,785.0,176.0,90.0,224.0,0.0,0.0,25.0,0.0,0.0,0.0,1166.0,927.0,0.0,214.0,504.0,150.0,58.0,1.0,239.0,0.0,140.0,63.0,36.0,0.0,0.0,239.0,0.0,11.0,26.0,48.0,28.0,0.0,36.0,44.0,20.0,26.0,25017385204,0.07314218841427736,167895.0,0.26076923076923075,0.0,0.31480397893504974,0.00497366881217086,0.49853715623171446,0.7950257289879932,3418.0,0.01527614571092832,0.41841004184100417,0.20497427101200685,0.7392307692307692
4427.0,4427.0,4318.0,3568.0,8.0,0.0,375.0,0.0,0.0,367.0,134.0,233.0,109.0,62.0,0.0,0.0,0.0,0.0,11.0,36.0,36.0,0.0,4427.0,138.0,40.0,0.0,0.0,0.0,0.0,0.0,0.0,14.0,0.0,0.0,0.0,14.0,12.0,0.0,98.0,13.0,0.0,0.0,0.0,0.0,0.0,13.0,0.0,14.0,0.0,23.0,24.0,11.0,4289.0,2139.0,276.0,38.0,187.0,111.0,31.0,85.0,94.0,68.0,254.0,313.0,362.0,190.0,130.0,2150.0,129.0,8.0,180.0,132.0,34.0,70.0,92.0,128.0,393.0,332.0,299.0,211.0,142.0,250001.0,1532.0,1366.0,166.0,1588.0,1417.0,73.0,10.0,46.0,10.0,11.0,21.0,0.0,0.0,0.0,1532.0,1366.0,12.0,211.0,615.0,332.0,163.0,33.0,166.0,11.0,87.0,56.0,12.0,0.0,0.0,166.0,11.0,0.0,45.0,12.0,11.0,63.0,0.0,10.0,0.0,14.0,25017386100,0.02462163993675175,250001.0,0.061712846347607056,0.015013054830287207,0.084707476846623,0.0018070928393946238,0.8059634063700023,0.891644908616188,4427.0,0.031172351479557263,0.4397590361445783,0.10835509138381201,0.9382871536523929
4569.0,4569.0,4434.0,4010.0,3.0,0.0,115.0,0.0,146.0,160.0,90.0,70.0,135.0,22.0,0.0,0.0,0.0,0.0,0.0,113.0,113.0,0.0,4569.0,144.0,57.0,0.0,0.0,0.0,0.0,0.0,0.0,0.0,0.0,5.0,9.0,26.0,15.0,2.0,87.0,0.0,0.0,0.0,0.0,0.0,0.0,0.0,15.0,0.0,8.0,18.0,9.0,37.0,4425.0,2204.0,78.0,66.0,144.0,185.0,21.0,87.0,128.0,148.0,244.0,515.0,215.0,246.0,127.0,2221.0,48.0,8.0,180.0,175.0,40.0,80.0,147.0,156.0,257.0,414.0,268.0,276.0,172.0,157929.0,1767.0,1439.0,328.0,1802.0,1338.0,151.0,57.0,36.0,0.0,32.0,101.0,66.0,21.0,0.0,1767.0,1439.0,0.0,220.0,778.0,331.0,89.0,21.0,328.0,35.0,106.0,187.0,0.0,0.0,0.0,328.0,29.0,0.0,107.0,10.0,9.0,23.0,0.0,18.0,132.0,0.0,25017387100,0.02954694681549573,157929.0,0.17369589345172032,0.019807583474816072,0.025169621361348215,0.0006565988181221273,0.8776537535565769,0.8143746462931523,4569.0,0.03151674326986211,0.5274390243902439,0.18562535370684777,0.8263041065482797
5912.0,5912.0,5486.0,4533.0,17.0,0.0,693.0,0.0,65.0,178.0,104.0,74.0,426.0,77.0,0.0,0.0,0.0,0.0,0.0,349.0,332.0,17.0,5886.0,228.0,94.0,0.0,0.0,0.0,0.0,0.0,0.0,5.0,2.0,3.0,1.0,19.0,64.0,0.0,134.0,0.0,0.0,0.0,0.0,0.0,0.0,0.0,0.0,24.0,0.0,30.0,62.0,18.0,5658.0,2936.0,133.0,79.0,163.0,120.0,0.0,33.0,197.0,297.0,388.0,444.0,543.0,323.0,216.0,2722.0,145.0,0.0,192.0,106.0,41.0,88.0,204.0,161.0,464.0,217.0,566.0,271.0,267.0,156875.0,2299.0,2003.0,296.0,2429.0,1946.0,69.0,0.0,195.0,18.0,48.0,73.0,80.0,0.0,0.0,2299.0,2003.0,48.0,532.0,972.0,377.0,41.0,33.0,296.0,41.0,165.0,55.0,35.0,0.0,0.0,296.0,24.0,0.0,43.0,25.0,23.0,23.0,0.0,0.0,136.0,22.0,25017387201,0.07205683355886333,156875.0,0.17044051049814737,0.03871248368856024,0.1172192151556157,0.002875507442489851,0.7667456021650879,0.8712483688560244,5912.0,0.03873598369011213,0.5371621621621622,0.12875163114397564,0.8295594895018527
4613.0,4613.0,4305.0,3895.0,46.0,0.0,182.0,0.0,0.0,182.0,65.0,117.0,308.0,33.0,12.0,0.0,0.0,0.0,93.0,170.0,89.0,81.0,4613.0,97.0,70.0,0.0,0.0,0.0,0.0,0.0,0.0,0.0,0.0,44.0,14.0,12.0,0.0,0.0,27.0,0.0,0.0,0.0,0.0,0.0,0.0,27.0,0.0,0.0,0.0,0.0,0.0,0.0,4516.0,2426.0,105.0,36.0,308.0,140.0,41.0,95.0,146.0,179.0,308.0,371.0,331.0,211.0,155.0,2090.0,98.0,0.0,183.0,67.0,86.0,26.0,143.0,111.0,295.0,366.0,283.0,316.0,116.0,175638.0,1618.0,1528.0,90.0,1653.0,1423.0,108.0,33.0,56.0,33.0,0.0,0.0,0.0,0.0,0.0,1618.0,1528.0,38.0,257.0,811.0,301.0,63.0,58.0,90.0,19.0,25.0,46.0,0.0,0.0,0.0,90.0,0.0,20.0,0.0,19.0,0.0,12.0,12.0,0.0,0.0,27.0,25017387202,0.06676783004552352,175638.0,0.07380520266182698,0.03522867737948084,0.03945371775417299,0.009971818773032734,0.8443529156730978,0.9443757725587144,4613.0,0.02102753089096033,0.26666666666666666,0.05562422744128554,0.926194797338173
5496.0,5496.0,5449.0,3525.0,450.0,0.0,1264.0,0.0,53.0,157.0,4.0,153.0,47.0,25.0,0.0,0.0,0.0,0.0,0.0,22.0,22.0,0.0,5496.0,211.0,84.0,0.0,0.0,0.0,0.0,0.0,48.0,15.0,11.0,0.0,0.0,0.0,0.0,10.0,127.0,0.0,0.0,0.0,0.0,0.0,0.0,60.0,0.0,25.0,0.0,0.0,22.0,20.0,5285.0,2576.0,45.0,38.0,175.0,84.0,19.0,95.0,58.0,417.0,361.0,266.0,556.0,393.0,69.0,2709.0,0.0,83.0,326.0,57.0,69.0,61.0,517.0,101.0,282.0,360.0,478.0,236.0,139.0,144611.0,2279.0,1673.0,606.0,2353.0,1395.0,115.0,16.0,0.0,56.0,449.0,280.0,22.0,0.0,20.0,2279.0,1673.0,0.0,374.0,828.0,471.0,0.0,0.0,606.0,82.0,313.0,188.0,23.0,0.0,0.0,606.0,13.0,39.0,36.0,131.0,39.0,57.0,29.0,124.0,116.0,22.0,25017388100,0.008551673944687045,144611.0,0.34976625584360393,0.035980693286529176,0.22998544395924309,0.08187772925764192,0.6413755458515283,0.734093900833699,5496.0,0.03839155749636099,0.5379537953795379,0.26590609916630104,0.6417339566510837
6976.0,6976.0,6085.0,5048.0,567.0,0.0,150.0,25.0,126.0,169.0,53.0,116.0,891.0,504.0,135.0,3.0,0.0,0.0,150.0,99.0,84.0,15.0,5641.0,561.0,336.0,0.0,0.0,130.0,0.0,0.0,0.0,25.0,62.0,24.0,0.0,95.0,0.0,0.0,225.0,74.0,0.0,0.0,0.0,0.0,61.0,0.0,0.0,60.0,0.0,15.0,0.0,15.0,5080.0,2542.0,172.0,81.0,121.0,78.0,31.0,63.0,114.0,325.0,341.0,195.0,359.0,440.0,222.0,2538.0,69.0,27.0,93.0,100.0,14.0,28.0,97.0,236.0,385.0,422.0,453.0,335.0,279.0,122365.0,2277.0,1762.0,515.0,2413.0,1651.0,266.0,76.0,15.0,129.0,167.0,60.0,0.0,49.0,0.0,2277.0,1762.0,63.0,457.0,922.0,208.0,24.0,88.0,515.0,13.0,308.0,194.0,0.0,0.0,0.0,515.0,0.0,12.0,66.0,73.0,70.0,42.0,128.0,0.0,124.0,0.0,25017388200,0.127723623853211,122365.0,0.2055532532117696,0.03337725076855512,0.02150229357798165,0.08127866972477064,0.7236238532110092,0.7738252086078173,6976.0,0.09945045204750931,0.570873786407767,0.2261747913921827,0.7944467467882305
6259.0,6259.0,4271.0,2456.0,716.0,0.0,769.0,0.0,0.0,330.0,102.0,228.0,1988.0,663.0,57.0,13.0,93.0,0.0,551.0,611.0,563.0,48.0,3430.0,1287.0,476.0,78.0,35.0,70.0,5.0,0.0,17.0,51.0,41.0,0.0,71.0,92.0,16.0,0.0,811.0,46.0,0.0,95.0,0.0,27.0,6.0,69.0,99.0,94.0,67.0,209.0,29.0,70.0,2143.0,1089.0,29.0,34.0,68.0,44.0,45.0,11.0,162.0,139.0,128.0,181.0,99.0,135.0,14.0,1054.0,44.0,0.0,40.0,19.0,47.0,0.0,185.0,166.0,234.0,30.0,123.0,73.0,93.0,23500.0,1882.0,226.0,1656.0,2019.0,46.0,192.0,14.0,109.0,537.0,266.0,275.0,580.0,0.0,0.0,1882.0,226.0,0.0,140.0,86.0,0.0,0.0,0.0,1656.0,911.0,604.0,59.0,81.0,1.0,0.0,1656.0,133.0,90.0,65.0,160.0,277.0,275.0,92.0,157.0,363.0,44.0,25017388300,0.31762262342227193,23500.0,0.8821198613174839,0.48405951115834217,0.12286307716887682,0.11439527081003355,0.39239495127017093,0.12008501594048884,6259.0,0.3752186588921283,0.5356280193236715,0.8799149840595112,0.1178801386825161
0.0,0.0,0.0,0.0,0.0,0.0,0.0,0.0,0.0,0.0,0.0,0.0,0.0,0.0,0.0,0.0,0.0,0.0,0.0,0.0,0.0,0.0,0.0,0.0,0.0,0.0,0.0,0.0,0.0,0.0,0.0,0.0,0.0,0.0,0.0,0.0,0.0,0.0,0.0,0.0,0.0,0.0,0.0,0.0,0.0,0.0,0.0,0.0,0.0,0.0,0.0,0.0,0.0,0.0,0.0,0.0,0.0,0.0,0.0,0.0,0.0,0.0,0.0,0.0,0.0,0.0,0.0,0.0,0.0,0.0,0.0,0.0,0.0,0.0,0.0,0.0,0.0,0.0,0.0,0.0,0.0,,0.0,0.0,0.0,0.0,0.0,0.0,0.0,0.0,0.0,0.0,0.0,0.0,0.0,0.0,0.0,0.0,0.0,0.0,0.0,0.0,0.0,0.0,0.0,0.0,0.0,0.0,0.0,0.0,0.0,0.0,0.0,0.0,0.0,0.0,0.0,0.0,0.0,0.0,0.0,0.0,25017980000,,nan,,,,,,,0.0,,,,
5412.0,5412.0,4895.0,3269.0,125.0,0.0,1145.0,0.0,18.0,338.0,43.0,295.0,517.0,222.0,11.0,8.0,0.0,0.0,88.0,188.0,182.0,6.0,5174.0,675.0,296.0,24.0,0.0,17.0,0.0,0.0,0.0,0.0,124.0,0.0,17.0,56.0,42.0,16.0,379.0,0.0,25.0,0.0,0.0,0.0,0.0,93.0,101.0,0.0,21.0,0.0,73.0,66.0,4499.0,1950.0,23.0,0.0,130.0,16.0,0.0,0.0,282.0,412.0,278.0,114.0,406.0,139.0,150.0,2549.0,153.0,0.0,208.0,83.0,0.0,0.0,131.0,644.0,466.0,61.0,455.0,184.0,164.0,111392.0,2602.0,960.0,1642.0,2665.0,180.0,89.0,78.0,455.0,904.0,153.0,218.0,588.0,0.0,0.0,2602.0,960.0,226.0,475.0,219.0,40.0,0.0,0.0,1642.0,553.0,762.0,258.0,54.0,0.0,15.0,1642.0,29.0,198.0,124.0,207.0,194.0,160.0,47.0,188.0,487.0,8.0,25021400100,0.09552845528455285,111392.0,0.89906191369606,0.29938508839354344,0.2115668883961567,0.023096821877309683,0.6040280857354028,0.3689469638739431,5412.0,0.13045999226903748,0.5371498172959805,0.6310530361260569,0.10093808630393997
3230.0,3230.0,3056.0,2157.0,0.0,0.0,768.0,0.0,25.0,106.0,0.0,106.0,174.0,20.0,0.0,0.0,0.0,0.0,16.0,138.0,89.0,49.0,3230.0,224.0,24.0,0.0,0.0,0.0,0.0,0.0,0.0,0.0,0.0,24.0,0.0,0.0,0.0,0.0,200.0,0.0,0.0,0.0,0.0,0.0,0.0,0.0,0.0,21.0,14.0,0.0,0.0,165.0,3006.0,1406.0,107.0,27.0,45.0,0.0,0.0,8.0,108.0,348.0,227.0,165.0,138.0,66.0,167.0,1600.0,73.0,51.0,99.0,17.0,0.0,0.0,220.0,395.0,312.0,101.0,127.0,114.0,91.0,125658.0,1660.0,627.0,1033.0,1819.0,0.0,26.0,28.0,162.0,434.0,211.0,422.0,536.0,0.0,0.0,1660.0,627.0,92.0,402.0,133.0,0.0,0.0,0.0,1033.0,611.0,386.0,0.0,36.0,0.0,0.0,1033.0,0.0,70.0,164.0,133.0,195.0,129.0,20.0,26.0,285.0,11.0,25021400201,0.05386996904024768,125658.0,0.9857064321055525,0.4234939759036145,0.23777089783281732,0.0,0.6678018575851393,0.377710843373494,3230.0,0.0693498452012384,0.4453049370764763,0.6222891566265061,0.014293567894447499
3458.0,3458.0,3142.0,2098.0,68.0,0.0,721.0,0.0,38.0,217.0,98.0,119.0,316.0,151.0,0.0,0.0,0.0,0.0,41.0,124.0,124.0,0.0,3424.0,899.0,239.0,12.0,0.0,16.0,0.0,0.0,0.0,197.0,0.0,2.0,10.0,0.0,2.0,0.0,660.0,0.0,0.0,0.0,0.0,0.0,0.0,483.0,50.0,28.0,0.0,13.0,73.0,13.0,2525.0,1276.0,35.0,14.0,53.0,54.0,45.0,0.0,412.0,200.0,93.0,181.0,80.0,101.0,8.0,1249.0,57.0,37.0,100.0,20.0,9.0,18.0,206.0,130.0,96.0,321.0,115.0,103.0,37.0,95592.0,1563.0,389.0,1174.0,1652.0,155.0,145.0,58.0,391.0,275.0,81.0,68.0,479.0,0.0,0.0,1563.0,389.0,13.0,236.0,140.0,0.0,0.0,0.0,1174.0,707.0,407.0,60.0,0.0,0.0,0.0,1174.0,109.0,19.0,61.0,20.0,59.0,170.0,109.0,73.0,491.0,63.0,25021400202,0.0913823019086177,95592.0,0.8184019370460048,0.46065259117082535,0.20850202429149797,0.019664545980335454,0.606709080393291,0.24888035828534869,3458.0,0.26255841121495327,0.7180579216354344,0.7511196417146513,0.18159806295399517
4628.0,4628.0,4483.0,2587.0,33.0,1.0,1405.0,0.0,49.0,408.0,30.0,378.0,145.0,0.0,0.0,0.0,0.0,0.0,7.0,138.0,83.0,55.0,4567.0,387.0,120.0,0.0,0.0,0.0,0.0,0.0,0.0,51.0,33.0,5.0,0.0,6.0,10.0,15.0,267.0,0.0,0.0,0.0,0.0,9.0,0.0,93.0,97.0,8.0,0.0,40.0,20.0,0.0,4180.0,1768.0,169.0,81.0,169.0,36.0,0.0,24.0,107.0,205.0,276.0,230.0,214.0,150.0,107.0,2412.0,98.0,47.0,144.0,142.0,54.0,37.0,155.0,538.0,402.0,254.0,215.0,225.0,101.0,190667.0,1808.0,1144.0,664.0,1894.0,179.0,113.0,735.0,281.0,312.0,112.0,113.0,49.0,0.0,0.0,1808.0,1144.0,194.0,539.0,411.0,0.0,0.0,0.0,664.0,236.0,335.0,46.0,44.0,3.0,0.0,664.0,9.0,65.0,33.0,125.0,121.0,34.0,31.0,26.0,177.0,43.0,25021400300,0.031331028522039756,190667.0,0.8458289334741288,0.23783185840707965,0.3035868625756266,0.007130509939498704,0.5589887640449438,0.6327433628318584,4628.0,0.08473834026713378,0.4036144578313253,0.3672566371681416,0.15417106652587118
3939.0,3939.0,3860.0,2607.0,388.0,0.0,578.0,0.0,0.0,287.0,80.0,207.0,79.0,0.0,0.0,0.0,13.0,0.0,31.0,35.0,16.0,19.0,3939.0,444.0,121.0,0.0,0.0,0.0,0.0,0.0,0.0,49.0,0.0,0.0,0.0,35.0,0.0,37.0,323.0,0.0,0.0,0.0,0.0,20.0,0.0,74.0,20.0,7.0,19.0,14.0,24.0,145.0,3495.0,1629.0,55.0,17.0,107.0,66.0,0.0,24.0,176.0,366.0,146.0,128.0,265.0,162.0,117.0,1866.0,22.0,0.0,48.0,26.0,0.0,35.0,237.0,489.0,195.0,181.0,238.0,215.0,180.0,84928.0,2139.0,458.0,1681.0,2267.0,73.0,62.0,80.0,138.0,271.0,221.0,250.0,1172.0,0.0,0.0,2139.0,458.0,65.0,332.0,61.0,0.0,0.0,0.0,1681.0,950.0,688.0,43.0,0.0,0.0,0.0,1681.0,247.0,111.0,132.0,178.0,211.0,61.0,87.0,94.0,507.0,53.0,25021400401,0.020055851739020056,84928.0,0.9404499338332598,0.474520804114072,0.14673775069814673,0.0985021579080985,0.6618431073876618,0.21411874707807388,3939.0,0.11271896420411272,0.4455681142177275,0.7858812529219261,0.05955006616674018
1982.0,1982.0,1844.0,1300.0,20.0,0.0,413.0,0.0,11.0,100.0,9.0,91.0,138.0,0.0,8.0,9.0,34.0,0.0,7.0,80.0,56.0,24.0,1982.0,90.0,57.0,0.0,0.0,0.0,0.0,0.0,0.0,0.0,0.0,27.0,28.0,0.0,2.0,0.0,33.0,0.0,0.0,7.0,0.0,0.0,0.0,0.0,5.0,7.0,0.0,7.0,7.0,0.0,1892.0,1009.0,46.0,17.0,51.0,43.0,15.0,31.0,56.0,206.0,148.0,199.0,122.0,61.0,14.0,883.0,58.0,0.0,78.0,65.0,13.0,17.0,37.0,136.0,110.0,147.0,73.0,108.0,41.0,250001.0,734.0,447.0,287.0,774.0,297.0,34.0,116.0,49.0,20.0,28.0,63.0,167.0,0.0,0.0,734.0,447.0,26.0,103.0,254.0,60.0,4.0,0.0,287.0,140.0,132.0,15.0,0.0,0.0,0.0,287.0,9.0,33.0,80.0,39.0,35.0,8.0,8.0,7.0,61.0,7.0,25021400402,0.06962663975782038,250001.0,0.5723514211886305,0.22615803814713897,0.20837537840565085,0.010090817356205853,0.6559031281533805,0.6089918256130791,1982.0,0.045408678102926335,0.2926829268292683,0.391008174386921,0.42764857881136953
5519.0,5519.0,5152.0,3769.0,255.0,0.0,795.0,0.0,0.0,333.0,14.0,319.0,367.0,0.0,0.0,0.0,0.0,0.0,95.0,272.0,203.0,69.0,5519.0,321.0,54.0,0.0,0.0,0.0,0.0,0.0,0.0,0.0,10.0,0.0,0.0,22.0,6.0,16.0,267.0,0.0,0.0,0.0,21.0,0.0,0.0,142.0,43.0,7.0,28.0,21.0,0.0,5.0,5198.0,2447.0,105.0,0.0,124.0,90.0,93.0,17.0,322.0,564.0,401.0,186.0,232.0,124.0,189.0,2751.0,47.0,18.0,49.0,62.0,17.0,16.0,357.0,903.0,378.0,340.0,173.0,218.0,173.0,154688.0,2607.0,787.0,1820.0,2731.0,268.0,86.0,484.0,493.0,386.0,185.0,453.0,376.0,0.0,0.0,2607.0,787.0,112.0,256.0,329.0,90.0,0.0,0.0,1820.0,682.0,745.0,180.0,213.0,0.0,0.0,1820.0,183.0,15.0,240.0,395.0,491.0,83.0,134.0,27.0,242.0,10.0,25021400500,0.06649755390469288,154688.0,0.8703771512266569,0.30456463367855774,0.14404783475267258,0.046204022467838377,0.6829135712991484,0.301879555044112,5519.0,0.05816271063598478,0.26703296703296703,0.698120444955888,0.1296228487733431
5280.0,5280.0,4887.0,3603.0,146.0,8.0,623.0,0.0,32.0,475.0,88.0,387.0,393.0,0.0,0.0,0.0,0.0,0.0,0.0,393.0,256.0,137.0,5258.0,188.0,5.0,0.0,0.0,0.0,0.0,0.0,0.0,2.0,0.0,0.0,0.0,3.0,0.0,0.0,183.0,0.0,0.0,19.0,0.0,0.0,0.0,0.0,127.0,2.0,20.0,0.0,0.0,15.0,5070.0,2211.0,94.0,65.0,66.0,48.0,32.0,75.0,82.0,484.0,332.0,236.0,231.0,297.0,169.0,2859.0,76.0,0.0,136.0,94.0,0.0,60.0,185.0,744.0,260.0,219.0,422.0,538.0,125.0,157721.0,2621.0,1666.0,955.0,2644.0,438.0,136.0,260.0,844.0,357.0,142.0,188.0,279.0,0.0,0.0,2621.0,1666.0,228.0,982.0,368.0,47.0,31.0,10.0,955.0,137.0,661.0,157.0,0.0,0.0,0.0,955.0,65.0,171.0,56.0,192.0,89.0,95.0,15.0,52.0,220.0,0.0,25021400600,0.07443181818181818,157721.0,0.7829046898638427,0.13925982449446775,0.11799242424242425,0.027651515151515153,0.6823863636363636,0.6356352537199542,5280.0,0.03575503993914036,0.4,0.3643647462800458,0.21709531013615735
4121.0,4121.0,3973.0,3091.0,62.0,0.0,504.0,0.0,60.0,256.0,35.0,221.0,148.0,28.0,10.0,0.0,0.0,0.0,22.0,88.0,79.0,9.0,4121.0,443.0,160.0,0.0,0.0,0.0,0.0,0.0,0.0,141.0,0.0,0.0,0.0,19.0,0.0,0.0,283.0,0.0,0.0,0.0,0.0,0.0,0.0,256.0,7.0,0.0,0.0,20.0,0.0,0.0,3678.0,1568.0,73.0,36.0,96.0,132.0,17.0,60.0,55.0,337.0,170.0,190.0,181.0,91.0,130.0,2110.0,87.0,27.0,145.0,67.0,0.0,32.0,156.0,535.0,248.0,272.0,215.0,201.0,125.0,175000.0,1690.0,904.0,786.0,1698.0,356.0,73.0,245.0,413.0,349.0,75.0,165.0,22.0,0.0,0.0,1690.0,904.0,74.0,482.0,308.0,29.0,11.0,0.0,786.0,381.0,309.0,87.0,9.0,0.0,0.0,786.0,43.0,46.0,84.0,145.0,79.0,29.0,31.0,100.0,188.0,41.0,25021400700,0.03591361320067945,175000.0,0.7473498233215548,0.2692307692307692,0.12230041252123271,0.01504489201650085,0.7500606648871633,0.5349112426035503,4121.0,0.1074981800533851,0.44274809160305345,0.4650887573964497,0.25265017667844525
5945.0,5945.0,5578.0,3805.0,80.0,0.0,1297.0,0.0,0.0,396.0,87.0,309.0,367.0,79.0,20.0,18.0,0.0,0.0,82.0,168.0,147.0,21.0,5798.0,207.0,36.0,0.0,0.0,0.0,0.0,0.0,0.0,0.0,3.0,33.0,0.0,0.0,0.0,0.0,171.0,0.0,0.0,0.0,0.0,0.0,0.0,105.0,24.0,8.0,0.0,0.0,9.0,25.0,5591.0,2443.0,115.0,54.0,184.0,27.0,24.0,0.0,171.0,559.0,402.0,255.0,344.0,169.0,139.0,3148.0,200.0,17.0,170.0,99.0,18.0,33.0,520.0,543.0,518.0,304.0,263.0,200.0,263.0,143723.0,2629.0,1142.0,1487.0,2751.0,81.0,105.0,166.0,432.0,749.0,183.0,531.0,504.0,0.0,0.0,2629.0,1142.0,144.0,736.0,259.0,3.0,0.0,0.0,1487.0,587.0,741.0,127.0,0.0,16.0,16.0,1487.0,8.0,64.0,222.0,226.0,235.0,208.0,136.0,145.0,168.0,75.0,25021400800,0.06173254835996636,143723.0,0.9323882224645583,0.27805249144161276,0.21816652649285115,0.01345668629100084,0.6400336417157275,0.4343856979840243,5945.0,0.035701966195239736,0.4418291862811029,0.5656143020159756,0.06761177753544166
4115.0,4115.0,3813.0,2238.0,175.0,0.0,1003.0,0.0,122.0,275.0,93.0,182.0,302.0,20.0,0.0,0.0,0.0,0.0,68.0,214.0,199.0,15.0,4114.0,629.0,340.0,17.0,0.0,0.0,0.0,0.0,0.0,123.0,173.0,0.0,14.0,13.0,0.0,0.0,289.0,0.0,0.0,5.0,0.0,15.0,0.0,19.0,100.0,0.0,6.0,88.0,0.0,56.0,3485.0,1691.0,127.0,15.0,182.0,50.0,0.0,60.0,108.0,448.0,339.0,92.0,91.0,62.0,117.0,1794.0,22.0,0.0,130.0,67.0,9.0,0.0,94.0,454.0,286.0,234.0,155.0,120.0,223.0,82109.0,2037.0,775.0,1262.0,2192.0,132.0,141.0,152.0,253.0,221.0,103.0,69.0,1121.0,0.0,0.0,2037.0,775.0,136.0,501.0,104.0,34.0,0.0,0.0,1262.0,563.0,582.0,107.0,10.0,0.0,0.0,1262.0,24.0,31.0,95.0,211.0,113.0,198.0,71.0,64.0,430.0,25.0,25021400900,0.07339003645200486,82109.0,0.8754562043795621,0.3431516936671576,0.2437424058323208,0.0425273390036452,0.5438639125151883,0.3804614629356897,4115.0,0.15289256198347106,0.6045958795562599,0.6195385370643103,0.12454379562043795
3580.0,3580.0,3255.0,2053.0,200.0,0.0,819.0,0.0,23.0,160.0,11.0,149.0,325.0,44.0,44.0,0.0,0.0,0.0,100.0,137.0,71.0,66.0,3545.0,374.0,180.0,5.0,0.0,37.0,14.0,0.0,14.0,14.0,0.0,0.0,90.0,1.0,5.0,0.0,194.0,40.0,0.0,8.0,22.0,0.0,13.0,25.0,1.0,41.0,38.0,0.0,0.0,6.0,3171.0,1448.0,69.0,25.0,126.0,12.0,82.0,66.0,50.0,217.0,223.0,180.0,134.0,189.0,75.0,1723.0,91.0,0.0,101.0,93.0,0.0,20.0,179.0,328.0,197.0,344.0,126.0,172.0,72.0,138182.0,1478.0,773.0,705.0,1507.0,302.0,65.0,183.0,474.0,344.0,66.0,37.0,36.0,0.0,0.0,1478.0,773.0,35.0,510.0,175.0,53.0,0.0,0.0,705.0,206.0,388.0,111.0,0.0,0.0,0.0,705.0,32.0,60.0,144.0,98.0,85.0,54.0,13.0,0.0,198.0,21.0,25021401000,0.09078212290502793,138182.0,0.7564698075646981,0.16305818673883626,0.22877094972067039,0.055865921787709494,0.573463687150838,0.5230040595399188,3580.0,0.10550070521861778,0.375886524822695,0.4769959404600812,0.2435301924353019
4639.0,4639.0,4293.0,2987.0,166.0,0.0,772.0,0.0,0.0,368.0,91.0,277.0,346.0,0.0,0.0,0.0,0.0,0.0,33.0,313.0,302.0,11.0,4478.0,161.0,51.0,0.0,0.0,0.0,0.0,18.0,0.0,0.0,0.0,0.0,23.0,0.0,0.0,10.0,110.0,26.0,0.0,0.0,0.0,0.0,4.0,27.0,12.0,0.0,13.0,12.0,5.0,11.0,4317.0,2110.0,119.0,64.0,234.0,193.0,59.0,131.0,52.0,149.0,181.0,318.0,256.0,196.0,158.0,2207.0,185.0,0.0,262.0,163.0,43.0,60.0,58.0,313.0,225.0,349.0,222.0,168.0,159.0,202169.0,1503.0,1109.0,394.0,1593.0,1017.0,68.0,211.0,114.0,61.0,0.0,12.0,110.0,0.0,0.0,1503.0,1109.0,41.0,323.0,584.0,147.0,14.0,0.0,394.0,73.0,204.0,117.0,0.0,0.0,0.0,394.0,23.0,8.0,53.0,95.0,31.0,33.0,0.0,43.0,77.0,31.0,25021401100,0.07458503987928433,202169.0,0.31889516635279347,0.07584830339321358,0.16641517568441475,0.03578357404613063,0.6438887691312782,0.737857618097139,4639.0,0.03595355069227334,0.3883248730964467,0.26214238190286093,0.6811048336472065
5645.0,5645.0,5390.0,3880.0,87.0,0.0,998.0,0.0,8.0,417.0,32.0,385.0,255.0,48.0,0.0,2.0,0.0,0.0,104.0,101.0,101.0,0.0,5645.0,327.0,117.0,27.0,0.0,7.0,0.0,7.0,0.0,9.0,2.0,33.0,15.0,3.0,0.0,14.0,210.0,0.0,0.0,20.0,9.0,61.0,0.0,14.0,5.0,20.0,17.0,0.0,0.0,64.0,5318.0,2883.0,220.0,39.0,159.0,435.0,7.0,217.0,212.0,85.0,371.0,531.0,280.0,157.0,170.0,2435.0,154.0,6.0,247.0,76.0,14.0,107.0,270.0,88.0,390.0,406.0,252.0,271.0,154.0,250001.0,1913.0,1331.0,582.0,2041.0,1467.0,313.0,23.0,10.0,56.0,36.0,21.0,115.0,0.0,0.0,1913.0,1331.0,59.0,312.0,679.0,271.0,10.0,0.0,582.0,64.0,346.0,172.0,0.0,0.0,0.0,582.0,0.0,37.0,119.0,96.0,60.0,50.0,0.0,65.0,83.0,72.0,25021401201,0.045172719220549155,250001.0,0.12787849093581577,0.06429691583899634,0.17679362267493356,0.015411868910540302,0.687333923826395,0.6957658128593832,5645.0,0.0579273693534101,0.3402061855670103,0.30423418714061684,0.8721215090641842
1773.0,1773.0,1699.0,1122.0,85.0,0.0,344.0,0.0,0.0,148.0,35.0,113.0,74.0,0.0,0.0,0.0,0.0,0.0,16.0,58.0,58.0,0.0,1385.0,62.0,26.0,0.0,0.0,0.0,0.0,0.0,0.0,16.0,0.0,0.0,2.0,0.0,8.0,0.0,36.0,0.0,0.0,0.0,0.0,15.0,0.0,0.0,0.0,0.0,0.0,0.0,14.0,7.0,1323.0,629.0,30.0,4.0,50.0,7.0,0.0,13.0,58.0,67.0,76.0,108.0,87.0,39.0,90.0,694.0,21.0,12.0,50.0,0.0,0.0,30.0,38.0,66.0,64.0,91.0,87.0,70.0,165.0,155250.0,603.0,413.0,190.0,645.0,337.0,49.0,73.0,17.0,7.0,19.0,55.0,88.0,0.0,0.0,603.0,413.0,17.0,139.0,186.0,59.0,12.0,0.0,190.0,74.0,61.0,20.0,5.0,0.0,30.0,190.0,30.0,0.0,5.0,21.0,7.0,0.0,0.0,12.0,103.0,12.0,25021401202,0.04173716864072194,155250.0,0.4015503875968992,0.15091210613598674,0.19402143260011281,0.047941342357586014,0.6328257191201354,0.6849087893864013,1773.0,0.044765342960288806,0.6052631578947368,0.3150912106135987,0.5984496124031008
3366.0,3366.0,3032.0,2779.0,39.0,0.0,140.0,0.0,0.0,74.0,29.0,45.0,334.0,26.0,0.0,0.0,0.0,0.0,80.0,228.0,205.0,23.0,3366.0,283.0,129.0,0.0,0.0,0.0,0.0,10.0,0.0,0.0,0.0,0.0,0.0,11.0,90.0,18.0,154.0,0.0,0.0,0.0,0.0,0.0,0.0,0.0,0.0,10.0,0.0,51.0,72.0,21.0,3083.0,1503.0,8.0,0.0,32.0,35.0,35.0,24.0,138.0,208.0,261.0,159.0,268.0,167.0,168.0,1580.0,40.0,11.0,67.0,33.0,0.0,37.0,69.0,161.0,111.0,259.0,267.0,366.0,159.0,140972.0,1489.0,1045.0,444.0,1531.0,1092.0,66.0,116.0,80.0,119.0,10.0,10.0,38.0,0.0,0.0,1489.0,1045.0,46.0,249.0,510.0,202.0,38.0,0.0,444.0,84.0,181.0,134.0,45.0,0.0,0.0,444.0,7.0,40.0,10.0,48.0,45.0,0.0,10.0,91.0,90.0,103.0,25021402101,0.0992275698158051,140972.0,0.24363161332462444,0.08730691739422432,0.041592394533571005,0.011586452762923352,0.8256090314913844,0.7018132975151108,3366.0,0.08407605466428995,0.43018018018018017,0.2981867024848892,0.7563683866753755
4677.0,4677.0,4002.0,2573.0,1064.0,0.0,131.0,0.0,1.0,233.0,68.0,165.0,675.0,23.0,45.0,0.0,0.0,0.0,120.0,487.0,214.0,273.0,4601.0,616.0,289.0,0.0,63.0,51.0,0.0,0.0,0.0,0.0,66.0,37.0,19.0,26.0,7.0,20.0,327.0,0.0,0.0,0.0,28.0,0.0,0.0,41.0,0.0,93.0,65.0,45.0,9.0,46.0,3985.0,1918.0,126.0,12.0,99.0,87.0,26.0,33.0,166.0,376.0,274.0,327.0,158.0,155.0,79.0,2067.0,29.0,91.0,120.0,188.0,38.0,61.0,202.0,257.0,256.0,286.0,208.0,251.0,80.0,83766.0,1885.0,1256.0,629.0,1921.0,1038.0,165.0,339.0,157.0,8.0,39.0,50.0,67.0,58.0,0.0,1885.0,1256.0,55.0,555.0,421.0,208.0,17.0,0.0,629.0,98.0,258.0,138.0,119.0,16.0,0.0,629.0,43.0,9.0,53.0,25.0,56.0,98.0,96.0,112.0,131.0,6.0,25021402102,0.14432328415651058,83766.0,0.3737636647579386,0.08116710875331565,0.028009407740004277,0.22749625828522557,0.5501389779773359,0.6663129973474801,4677.0,0.1338839382742882,0.6947535771065183,0.3336870026525199,0.6262363352420615
2262.0,2262.0,2174.0,1931.0,72.0,0.0,83.0,0.0,9.0,79.0,29.0,50.0,88.0,7.0,0.0,0.0,0.0,0.0,33.0,48.0,48.0,0.0,2262.0,66.0,44.0,0.0,0.0,0.0,0.0,0.0,0.0,0.0,4.0,0.0,0.0,10.0,30.0,0.0,22.0,0.0,0.0,0.0,0.0,0.0,0.0,6.0,0.0,0.0,6.0,0.0,0.0,10.0,2196.0,985.0,38.0,4.0,86.0,25.0,10.0,19.0,83.0,92.0,195.0,191.0,131.0,85.0,26.0,1211.0,81.0,0.0,35.0,46.0,5.0,23.0,115.0,82.0,179.0,168.0,301.0,148.0,28.0,150603.0,902.0,833.0,69.0,914.0,580.0,169.0,75.0,63.0,23.0,4.0,0.0,0.0,0.0,0.0,902.0,833.0,43.0,166.0,500.0,80.0,44.0,0.0,69.0,0.0,34.0,35.0,0.0,0.0,0.0,69.0,4.0,0.0,5.0,27.0,4.0,4.0,0.0,0.0,20.0,5.0,25021402200,0.038903625110521665,150603.0,0.18052516411378555,0.04767184035476718,0.03669319186560566,0.03183023872679045,0.8536693191865605,0.9235033259423503,2262.0,0.029177718832891247,0.34782608695652173,0.07649667405764966,0.8194748358862144
4530.0,4530.0,4190.0,3776.0,132.0,0.0,42.0,5.0,0.0,235.0,30.0,205.0,340.0,110.0,0.0,10.0,0.0,0.0,77.0,143.0,112.0,31.0,4413.0,139.0,39.0,0.0,0.0,0.0,0.0,0.0,0.0,0.0,3.0,0.0,0.0,11.0,25.0,0.0,100.0,11.0,0.0,0.0,0.0,0.0,0.0,0.0,6.0,0.0,0.0,33.0,10.0,40.0,4274.0,2281.0,100.0,17.0,173.0,103.0,14.0,107.0,122.0,237.0,294.0,411.0,370.0,182.0,151.0,1993.0,165.0,10.0,97.0,98.0,39.0,45.0,147.0,182.0,319.0,217.0,270.0,174.0,230.0,156354.0,1807.0,1801.0,6.0,1826.0,1771.0,0.0,17.0,0.0,0.0,0.0,0.0,32.0,6.0,0.0,1807.0,1801.0,104.0,588.0,771.0,281.0,34.0,23.0,6.0,6.0,0.0,0.0,0.0,0.0,0.0,6.0,0.0,0.0,0.0,0.0,0.0,0.0,0.0,0.0,0.0,6.0,25021402300,0.07505518763796909,156354.0,0.030120481927710843,0.06087437742114001,0.009271523178807948,0.02913907284768212,0.8335540838852097,0.9966795794133924,4530.0,0.03149784726943122,0.0,0.003320420586607637,0.9698795180722891
6358.0,6358.0,6070.0,5480.0,173.0,0.0,205.0,0.0,0.0,212.0,0.0,212.0,288.0,118.0,0.0,0.0,0.0,0.0,41.0,129.0,76.0,53.0,6358.0,104.0,57.0,0.0,0.0,0.0,0.0,0.0,0.0,0.0,14.0,3.0,7.0,0.0,16.0,17.0,47.0,0.0,0.0,0.0,0.0,0.0,0.0,0.0,0.0,0.0,0.0,0.0,13.0,34.0,6254.0,2907.0,214.0,80.0,176.0,45.0,18.0,0.0,346.0,359.0,485.0,388.0,313.0,256.0,227.0,3347.0,330.0,0.0,292.0,0.0,106.0,39.0,242.0,379.0,551.0,346.0,471.0,262.0,329.0,137125.0,2759.0,1759.0,1000.0,2838.0,1652.0,150.0,171.0,23.0,120.0,116.0,132.0,474.0,0.0,0.0,2759.0,1759.0,69.0,477.0,790.0,316.0,57.0,50.0,1000.0,79.0,577.0,305.0,39.0,0.0,0.0,1000.0,47.0,121.0,89.0,131.0,173.0,65.0,24.0,17.0,234.0,99.0,25021402400,0.04529726329034287,137125.0,0.36504580690627203,0.05364262413918086,0.03224284366152878,0.02720981440704624,0.8619062598301352,0.6375498368974266,6358.0,0.01635734507706826,0.34,0.3624501631025734,0.634954193093728
4044.0,4044.0,3771.0,3339.0,143.0,0.0,115.0,0.0,45.0,129.0,91.0,38.0,273.0,28.0,0.0,0.0,0.0,0.0,130.0,115.0,67.0,48.0,3510.0,162.0,28.0,0.0,0.0,0.0,0.0,0.0,0.0,0.0,5.0,0.0,0.0,11.0,12.0,0.0,134.0,0.0,0.0,0.0,0.0,0.0,0.0,0.0,12.0,0.0,0.0,23.0,0.0,99.0,3348.0,1638.0,19.0,0.0,118.0,100.0,10.0,45.0,173.0,62.0,240.0,182.0,210.0,263.0,216.0,1710.0,34.0,0.0,116.0,40.0,31.0,59.0,21.0,72.0,79.0,389.0,281.0,156.0,432.0,128900.0,1688.0,1035.0,653.0,1798.0,942.0,28.0,68.0,0.0,93.0,188.0,234.0,245.0,0.0,0.0,1688.0,1035.0,42.0,237.0,536.0,174.0,35.0,11.0,653.0,204.0,392.0,57.0,0.0,0.0,0.0,653.0,35.0,37.0,33.0,33.0,7.0,79.0,0.0,136.0,192.0,101.0,25021402500,0.06750741839762611,128900.0,0.46051167964404893,0.1457345971563981,0.028437190900098913,0.03536102868447082,0.8256676557863502,0.6131516587677726,4044.0,0.046153846153846156,0.6232771822358346,0.3868483412322275,0.5394883203559511
7496.0,7496.0,7321.0,6471.0,0.0,0.0,713.0,0.0,16.0,121.0,67.0,54.0,175.0,0.0,1.0,0.0,0.0,0.0,0.0,174.0,174.0,0.0,7466.0,247.0,95.0,0.0,0.0,0.0,0.0,20.0,1.0,0.0,1.0,0.0,1.0,0.0,46.0,26.0,152.0,0.0,0.0,24.0,24.0,0.0,0.0,0.0,0.0,24.0,20.0,0.0,60.0,0.0,7219.0,3399.0,73.0,78.0,534.0,160.0,44.0,52.0,261.0,143.0,565.0,533.0,580.0,136.0,240.0,3820.0,274.0,18.0,593.0,224.0,64.0,146.0,282.0,215.0,572.0,493.0,500.0,236.0,203.0,228359.0,2520.0,2289.0,231.0,2520.0,2207.0,0.0,0.0,23.0,0.0,57.0,135.0,98.0,0.0,0.0,2520.0,2289.0,73.0,522.0,1328.0,274.0,72.0,20.0,231.0,46.0,117.0,54.0,14.0,0.0,0.0,231.0,0.0,0.0,12.0,29.0,0.0,14.0,0.0,16.0,85.0,75.0,25021403100,0.02334578441835646,228359.0,0.12420634920634921,0.04722222222222222,0.09511739594450373,0.0,0.8632604055496265,0.9083333333333333,7496.0,0.033083311009911597,0.49783549783549785,0.09166666666666666,0.8757936507936508
4538.0,4538.0,4344.0,3979.0,22.0,0.0,185.0,0.0,10.0,148.0,48.0,100.0,194.0,33.0,2.0,0.0,0.0,0.0,14.0,145.0,145.0,0.0,4371.0,204.0,99.0,0.0,0.0,23.0,9.0,0.0,0.0,0.0,3.0,15.0,9.0,30.0,10.0,0.0,105.0,16.0,0.0,11.0,9.0,0.0,0.0,0.0,0.0,14.0,9.0,38.0,8.0,0.0,4167.0,2173.0,96.0,32.0,183.0,103.0,38.0,157.0,149.0,72.0,203.0,379.0,382.0,279.0,100.0,1994.0,83.0,12.0,120.0,119.0,29.0,126.0,160.0,80.0,250.0,376.0,324.0,227.0,88.0,250001.0,1506.0,1380.0,126.0,1528.0,1366.0,30.0,69.0,0.0,48.0,0.0,15.0,0.0,0.0,0.0,1506.0,1380.0,45.0,173.0,758.0,318.0,71.0,15.0,126.0,46.0,47.0,23.0,10.0,0.0,0.0,126.0,0.0,29.0,0.0,8.0,8.0,0.0,26.0,10.0,31.0,14.0,25021403300,0.04275011018069634,250001.0,0.08638743455497382,0.06042496679946879,0.040766857646540325,0.004847950639048039,0.876817981489643,0.9163346613545816,4538.0,0.04667124227865477,0.5317460317460317,0.08366533864541832,0.9136125654450262
7153.0,7153.0,6941.0,5908.0,70.0,6.0,686.0,0.0,0.0,271.0,134.0,137.0,212.0,99.0,8.0,7.0,7.0,33.0,4.0,54.0,11.0,43.0,6644.0,380.0,155.0,0.0,0.0,0.0,0.0,0.0,23.0,0.0,1.0,5.0,23.0,0.0,82.0,21.0,225.0,0.0,0.0,0.0,0.0,0.0,0.0,0.0,19.0,4.0,31.0,100.0,36.0,35.0,6264.0,3170.0,264.0,42.0,501.0,167.0,33.0,97.0,35.0,141.0,434.0,363.0,520.0,268.0,305.0,3094.0,130.0,49.0,428.0,151.0,29.0,61.0,88.0,81.0,552.0,415.0,527.0,172.0,411.0,206250.0,2528.0,2121.0,407.0,2554.0,1835.0,186.0,77.0,17.0,32.0,85.0,64.0,258.0,0.0,0.0,2528.0,2121.0,75.0,456.0,1295.0,233.0,16.0,46.0,407.0,149.0,198.0,60.0,0.0,0.0,0.0,407.0,0.0,16.0,0.0,35.0,167.0,61.0,0.0,30.0,65.0,33.0,25021403400,0.029637914161890117,206250.0,0.20869224745497258,0.08860759493670886,0.09590381658045576,0.009786103732699567,0.8259471550398434,0.839003164556962,7153.0,0.057194461167971104,0.3832923832923833,0.16099683544303797,0.7913077525450274
2911.0,2911.0,2828.0,2127.0,33.0,0.0,522.0,7.0,0.0,139.0,25.0,114.0,83.0,0.0,0.0,16.0,0.0,0.0,15.0,52.0,52.0,0.0,2799.0,208.0,133.0,0.0,0.0,0.0,0.0,0.0,0.0,113.0,3.0,15.0,2.0,0.0,0.0,0.0,75.0,0.0,0.0,0.0,0.0,0.0,7.0,36.0,0.0,0.0,25.0,0.0,0.0,7.0,2591.0,1158.0,25.0,0.0,81.0,83.0,0.0,0.0,67.0,104.0,116.0,284.0,100.0,100.0,198.0,1433.0,15.0,72.0,113.0,112.0,0.0,0.0,51.0,121.0,324.0,106.0,97.0,216.0,206.0,129557.0,1369.0,609.0,760.0,1506.0,476.0,92.0,121.0,49.0,0.0,0.0,52.0,716.0,0.0,0.0,1369.0,609.0,82.0,111.0,361.0,21.0,34.0,0.0,760.0,101.0,484.0,175.0,0.0,0.0,0.0,760.0,26.0,32.0,75.0,33.0,82.0,66.0,14.0,49.0,369.0,14.0,25021403501,0.028512538646513225,129557.0,0.6228419654714475,0.13367421475529584,0.17931982136722777,0.011336310546204053,0.7306767433871522,0.44485025566106645,2911.0,0.07431225437656305,0.6552631578947369,0.5551497443389335,0.37715803452855245
4217.0,4217.0,3949.0,3099.0,33.0,0.0,403.0,0.0,175.0,239.0,125.0,114.0,268.0,0.0,0.0,0.0,0.0,0.0,0.0,268.0,264.0,4.0,4217.0,76.0,41.0,0.0,0.0,0.0,0.0,0.0,0.0,0.0,8.0,0.0,0.0,21.0,12.0,0.0,35.0,0.0,0.0,0.0,0.0,0.0,0.0,0.0,0.0,4.0,0.0,0.0,20.0,11.0,4141.0,1883.0,17.0,64.0,207.0,66.0,33.0,44.0,127.0,22.0,311.0,286.0,410.0,183.0,113.0,2258.0,237.0,70.0,213.0,33.0,29.0,86.0,48.0,39.0,367.0,334.0,375.0,199.0,228.0,231181.0,1591.0,1454.0,137.0,1629.0,1305.0,174.0,13.0,0.0,80.0,18.0,11.0,15.0,13.0,0.0,1591.0,1454.0,66.0,221.0,909.0,243.0,15.0,0.0,137.0,0.0,124.0,13.0,0.0,0.0,0.0,137.0,13.0,0.0,14.0,43.0,11.0,0.0,29.0,15.0,12.0,0.0,25021403502,0.06355228835665165,231181.0,0.09208103130755065,0.041483343808925204,0.09556556793929334,0.007825468342423524,0.7348826179748637,0.9138906348208674,4217.0,0.01802229072800569,0.40875912408759124,0.08610936517913262,0.9079189686924494
4546.0,4546.0,4167.0,2973.0,44.0,0.0,815.0,0.0,81.0,254.0,112.0,142.0,379.0,106.0,0.0,0.0,0.0,0.0,10.0,263.0,167.0,96.0,4476.0,153.0,33.0,0.0,0.0,7.0,0.0,10.0,0.0,0.0,0.0,0.0,6.0,10.0,0.0,0.0,120.0,0.0,0.0,7.0,9.0,0.0,0.0,0.0,0.0,9.0,14.0,2.0,68.0,11.0,4323.0,2178.0,101.0,37.0,232.0,168.0,28.0,102.0,170.0,123.0,251.0,423.0,220.0,205.0,118.0,2145.0,265.0,3.0,135.0,141.0,29.0,49.0,136.0,156.0,318.0,388.0,229.0,160.0,136.0,207976.0,1604.0,1199.0,405.0,1646.0,1238.0,9.0,55.0,86.0,11.0,13.0,50.0,184.0,0.0,0.0,1604.0,1199.0,24.0,221.0,794.0,97.0,43.0,20.0,405.0,2.0,273.0,130.0,0.0,0.0,0.0,405.0,47.0,22.0,10.0,47.0,29.0,92.0,23.0,43.0,50.0,42.0,25021404100,0.08336999560052794,207976.0,0.24240583232077764,0.016209476309226933,0.17927848658161022,0.009678838539375276,0.653981522217334,0.7475062344139651,4546.0,0.03418230563002681,0.5135802469135803,0.2524937655860349,0.7575941676792224
3886.0,3886.0,3644.0,2810.0,6.0,0.0,293.0,44.0,0.0,491.0,113.0,378.0,242.0,62.0,0.0,0.0,0.0,0.0,47.0,133.0,133.0,0.0,3823.0,63.0,22.0,0.0,0.0,0.0,0.0,0.0,0.0,1.0,0.0,0.0,0.0,20.0,0.0,1.0,41.0,0.0,0.0,0.0,0.0,16.0,0.0,0.0,0.0,0.0,9.0,0.0,0.0,16.0,3760.0,1745.0,147.0,15.0,177.0,74.0,25.0,32.0,83.0,41.0,308.0,194.0,365.0,149.0,135.0,2015.0,158.0,25.0,236.0,181.0,82.0,51.0,106.0,87.0,263.0,237.0,274.0,179.0,136.0,250001.0,1253.0,1150.0,103.0,1309.0,1222.0,0.0,0.0,14.0,0.0,12.0,0.0,61.0,0.0,0.0,1253.0,1150.0,15.0,153.0,715.0,186.0,58.0,23.0,103.0,29.0,46.0,18.0,10.0,0.0,0.0,103.0,20.0,4.0,16.0,0.0,20.0,0.0,7.0,11.0,25.0,0.0,25021404201,0.06227483273288729,250001.0,0.06646294881588999,0.035115722266560255,0.07539886773031394,0.001544004117344313,0.7231085949562532,0.9177972865123704,3886.0,0.016479204812974105,0.4174757281553398,0.08220271348762968,0.93353705118411
5874.0,5874.0,5107.0,3695.0,236.0,0.0,879.0,0.0,7.0,290.0,30.0,260.0,767.0,170.0,11.0,2.0,0.0,0.0,253.0,331.0,317.0,14.0,3528.0,99.0,23.0,0.0,0.0,0.0,0.0,0.0,0.0,16.0,0.0,0.0,2.0,0.0,2.0,3.0,76.0,0.0,0.0,0.0,0.0,0.0,0.0,0.0,0.0,3.0,18.0,42.0,0.0,13.0,3429.0,1505.0,3.0,0.0,122.0,142.0,49.0,106.0,107.0,44.0,142.0,316.0,249.0,159.0,66.0,1924.0,63.0,13.0,215.0,64.0,66.0,82.0,137.0,44.0,183.0,379.0,294.0,222.0,162.0,241875.0,1326.0,1195.0,131.0,1352.0,1202.0,12.0,27.0,7.0,7.0,6.0,80.0,11.0,0.0,0.0,1326.0,1195.0,30.0,311.0,673.0,169.0,12.0,0.0,131.0,22.0,96.0,13.0,0.0,0.0,0.0,131.0,29.0,6.0,0.0,0.0,10.0,11.0,0.0,25.0,29.0,21.0,25021404202,0.13057541709227102,241875.0,0.10207100591715976,0.0392156862745098,0.14964249233912155,0.04017705141300647,0.629043241402792,0.9012066365007542,5874.0,0.02806122448979592,0.4961832061068702,0.09879336349924585,0.8979289940828402
5820.0,5820.0,5568.0,4480.0,0.0,11.0,783.0,0.0,0.0,294.0,43.0,251.0,252.0,125.0,0.0,0.0,0.0,0.0,0.0,127.0,127.0,0.0,5820.0,88.0,21.0,0.0,0.0,0.0,0.0,0.0,0.0,0.0,0.0,6.0,0.0,0.0,0.0,15.0,67.0,0.0,0.0,16.0,0.0,0.0,11.0,10.0,8.0,0.0,0.0,0.0,22.0,0.0,5732.0,2881.0,190.0,14.0,329.0,189.0,38.0,236.0,96.0,163.0,360.0,410.0,462.0,261.0,133.0,2851.0,116.0,21.0,209.0,301.0,100.0,60.0,159.0,228.0,262.0,636.0,344.0,293.0,122.0,250001.0,1938.0,1837.0,101.0,1938.0,1924.0,14.0,0.0,0.0,0.0,0.0,0.0,0.0,0.0,0.0,1938.0,1837.0,37.0,269.0,1040.0,310.0,95.0,86.0,101.0,0.0,0.0,92.0,9.0,0.0,0.0,101.0,9.0,26.0,0.0,66.0,0.0,0.0,0.0,0.0,0.0,0.0,25021404301,0.04329896907216495,250001.0,0.0,0.019091847265221878,0.1345360824742268,0.0,0.7697594501718213,0.9478844169246646,5820.0,0.015120274914089347,0.0,0.0521155830753354,1.0
3669.0,3669.0,3416.0,2114.0,63.0,0.0,915.0,0.0,4.0,320.0,36.0,284.0,253.0,121.0,0.0,0.0,0.0,0.0,10.0,122.0,95.0,27.0,3574.0,136.0,86.0,0.0,0.0,0.0,0.0,0.0,8.0,36.0,0.0,0.0,10.0,32.0,0.0,0.0,50.0,0.0,0.0,0.0,0.0,0.0,0.0,0.0,0.0,0.0,0.0,13.0,0.0,37.0,3438.0,1574.0,78.0,0.0,238.0,28.0,20.0,131.0,31.0,78.0,259.0,159.0,312.0,138.0,102.0,1864.0,50.0,12.0,274.0,101.0,16.0,55.0,63.0,73.0,266.0,280.0,330.0,128.0,216.0,171786.0,1426.0,1185.0,241.0,1440.0,1081.0,130.0,37.0,33.0,16.0,89.0,43.0,11.0,0.0,0.0,1426.0,1185.0,9.0,482.0,464.0,190.0,40.0,0.0,241.0,24.0,100.0,107.0,10.0,0.0,0.0,241.0,0.0,33.0,11.0,63.0,26.0,13.0,21.0,24.0,39.0,11.0,25021404302,0.06895611883346961,171786.0,0.15902777777777777,0.02314165497896213,0.24938675388389206,0.017170891251022075,0.5761787953120742,0.8309957924263675,3669.0,0.038052602126468944,0.4024896265560166,0.16900420757363255,0.8409722222222222
6552.0,6552.0,6206.0,4437.0,277.0,9.0,1150.0,0.0,39.0,294.0,28.0,266.0,346.0,67.0,37.0,20.0,0.0,0.0,47.0,175.0,160.0,15.0,4176.0,467.0,286.0,0.0,0.0,0.0,14.0,32.0,35.0,63.0,28.0,0.0,0.0,50.0,27.0,37.0,181.0,0.0,0.0,0.0,0.0,0.0,0.0,18.0,0.0,0.0,48.0,36.0,14.0,65.0,3709.0,1676.0,86.0,14.0,147.0,55.0,39.0,67.0,74.0,105.0,181.0,202.0,307.0,224.0,175.0,2033.0,94.0,23.0,234.0,41.0,25.0,25.0,129.0,108.0,299.0,196.0,348.0,243.0,268.0,250001.0,1627.0,1176.0,451.0,1715.0,1083.0,71.0,91.0,59.0,100.0,26.0,163.0,122.0,0.0,0.0,1627.0,1176.0,44.0,185.0,526.0,272.0,118.0,31.0,451.0,112.0,233.0,66.0,40.0,0.0,0.0,451.0,25.0,42.0,80.0,33.0,59.0,23.0,15.0,49.0,78.0,47.0,25021404400,0.05280830280830281,250001.0,0.3271137026239067,0.0958819913952059,0.1755189255189255,0.04227716727716728,0.6771978021978022,0.7228027043638598,6552.0,0.11182950191570881,0.36585365853658536,0.27719729563614015,0.6728862973760933
5930.0,5930.0,5767.0,4530.0,143.0,5.0,675.0,0.0,59.0,355.0,197.0,158.0,163.0,79.0,0.0,0.0,0.0,0.0,0.0,84.0,58.0,26.0,5909.0,157.0,97.0,0.0,0.0,0.0,0.0,0.0,0.0,40.0,0.0,0.0,14.0,0.0,26.0,17.0,60.0,0.0,0.0,0.0,12.0,0.0,0.0,10.0,0.0,0.0,12.0,9.0,0.0,17.0,5752.0,2830.0,197.0,31.0,229.0,76.0,110.0,167.0,219.0,77.0,311.0,438.0,520.0,335.0,120.0,2922.0,145.0,13.0,276.0,94.0,44.0,125.0,296.0,97.0,386.0,439.0,531.0,278.0,198.0,250001.0,1917.0,1877.0,40.0,1998.0,1914.0,47.0,0.0,10.0,27.0,0.0,0.0,0.0,0.0,0.0,1917.0,1877.0,21.0,323.0,859.0,409.0,218.0,47.0,40.0,0.0,11.0,19.0,10.0,0.0,0.0,40.0,0.0,5.0,5.0,14.0,0.0,6.0,0.0,0.0,0.0,10.0,25021405100,0.02748735244519393,250001.0,0.018518518518518517,0.010954616588419406,0.11382799325463744,0.024114671163575043,0.7639123102866779,0.9791340636411059,5930.0,0.02656963953291589,0.15,0.020865936358894107,0.9814814814814815
6357.0,6357.0,6300.0,5727.0,23.0,0.0,236.0,0.0,0.0,314.0,49.0,265.0,57.0,6.0,0.0,0.0,0.0,0.0,23.0,28.0,28.0,0.0,6321.0,166.0,118.0,0.0,0.0,0.0,16.0,0.0,0.0,1.0,38.0,0.0,17.0,1.0,18.0,27.0,48.0,17.0,0.0,0.0,0.0,0.0,0.0,0.0,0.0,16.0,0.0,7.0,8.0,0.0,6155.0,2934.0,230.0,41.0,399.0,145.0,36.0,61.0,155.0,145.0,527.0,512.0,296.0,144.0,243.0,3221.0,192.0,26.0,222.0,152.0,146.0,55.0,277.0,189.0,427.0,556.0,398.0,351.0,230.0,189904.0,2323.0,1812.0,511.0,2369.0,1731.0,105.0,177.0,48.0,94.0,180.0,22.0,12.0,0.0,0.0,2323.0,1812.0,33.0,247.0,960.0,494.0,60.0,18.0,511.0,54.0,349.0,108.0,0.0,0.0,0.0,511.0,36.0,42.0,29.0,27.0,30.0,60.0,25.0,85.0,143.0,34.0,25021406101,0.008966493629070316,189904.0,0.2249894470240608,0.03745157124408093,0.03712442976246657,0.0036180588327827594,0.900896649362907,0.7800258286698235,6357.0,0.026261667457680746,0.6125244618395304,0.2199741713301765,0.7750105529759392
6711.0,6711.0,6319.0,5394.0,265.0,0.0,335.0,0.0,153.0,172.0,67.0,105.0,392.0,220.0,0.0,0.0,0.0,0.0,0.0,172.0,151.0,21.0,6711.0,106.0,23.0,0.0,0.0,0.0,0.0,0.0,0.0,0.0,0.0,0.0,0.0,23.0,0.0,0.0,83.0,0.0,0.0,0.0,0.0,0.0,0.0,0.0,41.0,0.0,0.0,0.0,0.0,42.0,6605.0,3421.0,290.0,78.0,482.0,92.0,16.0,107.0,144.0,240.0,466.0,481.0,564.0,337.0,124.0,3184.0,195.0,28.0,254.0,132.0,22.0,247.0,80.0,212.0,367.0,549.0,648.0,279.0,171.0,250001.0,2357.0,2216.0,141.0,2451.0,2181.0,141.0,0.0,22.0,0.0,33.0,34.0,40.0,0.0,0.0,2357.0,2216.0,0.0,260.0,1243.0,562.0,136.0,15.0,141.0,51.0,90.0,0.0,0.0,0.0,0.0,141.0,0.0,13.0,0.0,0.0,51.0,0.0,19.0,0.0,58.0,0.0,25021406102,0.05841156310534942,250001.0,0.05263157894736842,0.021637675010606705,0.049918045000745044,0.03948740873193265,0.8037550290567724,0.9401781926177344,6711.0,0.01579496349277306,0.5460992907801419,0.05982180738226559,0.9473684210526315
4660.0,4660.0,4489.0,4002.0,77.0,0.0,89.0,0.0,15.0,306.0,55.0,251.0,171.0,0.0,0.0,0.0,0.0,0.0,94.0,77.0,6.0,71.0,4628.0,219.0,51.0,0.0,0.0,0.0,26.0,0.0,0.0,0.0,1.0,1.0,1.0,13.0,8.0,1.0,168.0,0.0,0.0,0.0,0.0,0.0,31.0,0.0,17.0,26.0,38.0,6.0,23.0,27.0,4409.0,1960.0,101.0,0.0,105.0,35.0,13.0,22.0,253.0,144.0,280.0,192.0,302.0,413.0,100.0,2449.0,129.0,23.0,148.0,90.0,42.0,40.0,197.0,165.0,197.0,307.0,554.0,371.0,186.0,156286.0,1781.0,1485.0,296.0,1926.0,1295.0,197.0,55.0,315.0,56.0,8.0,0.0,0.0,0.0,0.0,1781.0,1485.0,9.0,166.0,849.0,319.0,122.0,20.0,296.0,32.0,165.0,73.0,26.0,0.0,0.0,296.0,0.0,28.0,52.0,10.0,36.0,0.0,6.0,40.0,86.0,38.0,25021407101,0.036695278969957085,156286.0,0.22533748701973,0.023020774845592364,0.01909871244635193,0.01652360515021459,0.8587982832618025,0.8338012352610893,4660.0,0.04732065687121867,0.44594594594594594,0.16619876473891074,0.77466251298027
4228.0,4228.0,4069.0,3515.0,29.0,0.0,334.0,8.0,0.0,183.0,77.0,106.0,159.0,0.0,0.0,0.0,0.0,0.0,0.0,159.0,121.0,38.0,4224.0,205.0,152.0,0.0,0.0,25.0,0.0,0.0,26.0,0.0,0.0,21.0,28.0,33.0,19.0,0.0,53.0,0.0,0.0,0.0,0.0,0.0,0.0,1.0,0.0,26.0,11.0,0.0,4.0,11.0,4019.0,1911.0,163.0,48.0,100.0,39.0,45.0,32.0,126.0,298.0,286.0,117.0,303.0,230.0,124.0,2108.0,137.0,0.0,65.0,25.0,43.0,80.0,130.0,162.0,285.0,278.0,356.0,371.0,176.0,154310.0,1528.0,1269.0,259.0,1545.0,1060.0,157.0,32.0,87.0,14.0,73.0,87.0,35.0,0.0,0.0,1528.0,1269.0,0.0,316.0,557.0,262.0,63.0,71.0,259.0,16.0,147.0,68.0,20.0,8.0,0.0,259.0,10.0,0.0,70.0,19.0,0.0,0.0,14.0,42.0,104.0,0.0,25021407102,0.03760643330179754,154310.0,0.21229773462783172,0.010471204188481676,0.07899716177861874,0.006859035004730369,0.8313623462630085,0.8304973821989529,4228.0,0.04853219696969697,0.6177606177606177,0.1695026178010471,0.7877022653721683
5053.0,5053.0,4835.0,4057.0,50.0,5.0,282.0,0.0,35.0,406.0,275.0,131.0,218.0,36.0,0.0,0.0,0.0,0.0,21.0,161.0,161.0,0.0,5053.0,237.0,144.0,0.0,0.0,15.0,0.0,0.0,0.0,0.0,11.0,0.0,22.0,0.0,8.0,88.0,93.0,0.0,0.0,15.0,0.0,18.0,0.0,11.0,13.0,15.0,0.0,0.0,10.0,11.0,4816.0,2468.0,173.0,38.0,95.0,70.0,45.0,60.0,303.0,360.0,270.0,335.0,337.0,331.0,51.0,2348.0,186.0,15.0,195.0,42.0,24.0,60.0,88.0,424.0,199.0,398.0,403.0,253.0,61.0,150165.0,1953.0,1500.0,453.0,1977.0,1365.0,80.0,97.0,180.0,58.0,17.0,29.0,143.0,8.0,0.0,1953.0,1500.0,5.0,196.0,807.0,326.0,139.0,27.0,453.0,115.0,177.0,133.0,21.0,0.0,7.0,453.0,49.0,29.0,44.0,92.0,73.0,5.0,0.0,9.0,139.0,13.0,25021408102,0.04314268751236889,150165.0,0.2690945877592312,0.06144393241167435,0.05580843063526618,0.009895111814763506,0.8028893726499109,0.7680491551459293,5053.0,0.04690283000197902,0.33774834437086093,0.23195084485407066,0.7309054122407689
3594.0,3594.0,3386.0,3181.0,0.0,0.0,30.0,0.0,64.0,111.0,26.0,85.0,208.0,68.0,0.0,0.0,0.0,0.0,0.0,140.0,111.0,29.0,3594.0,116.0,4.0,0.0,0.0,0.0,0.0,0.0,0.0,0.0,0.0,0.0,0.0,4.0,0.0,0.0,112.0,0.0,0.0,0.0,0.0,0.0,0.0,5.0,107.0,0.0,0.0,0.0,0.0,0.0,3478.0,1723.0,140.0,49.0,129.0,107.0,0.0,30.0,138.0,112.0,178.0,132.0,496.0,196.0,16.0,1755.0,81.0,0.0,78.0,81.0,106.0,23.0,135.0,155.0,225.0,261.0,353.0,218.0,39.0,204015.0,1156.0,1147.0,9.0,1156.0,1091.0,56.0,0.0,0.0,9.0,0.0,0.0,0.0,0.0,0.0,1156.0,1147.0,53.0,77.0,758.0,159.0,38.0,62.0,9.0,0.0,0.0,9.0,0.0,0.0,0.0,9.0,0.0,0.0,0.0,0.0,0.0,0.0,0.0,0.0,9.0,0.0,25021408103,0.05787423483583751,204015.0,0.007785467128027681,0.045847750865051905,0.008347245409015025,0.0,0.8850862548692265,0.9922145328719724,3594.0,0.032276015581524764,1.0,0.007785467128027681,0.9922145328719724
4789.0,4789.0,4648.0,3865.0,98.0,0.0,404.0,0.0,0.0,281.0,115.0,166.0,141.0,65.0,0.0,0.0,0.0,0.0,45.0,31.0,31.0,0.0,4697.0,92.0,39.0,0.0,0.0,0.0,0.0,0.0,0.0,7.0,0.0,0.0,10.0,2.0,20.0,0.0,53.0,0.0,0.0,0.0,0.0,0.0,0.0,0.0,24.0,0.0,0.0,0.0,20.0,9.0,4605.0,2078.0,76.0,8.0,171.0,116.0,42.0,100.0,120.0,239.0,326.0,351.0,313.0,138.0,78.0,2527.0,195.0,49.0,220.0,81.0,22.0,68.0,155.0,303.0,382.0,283.0,323.0,270.0,176.0,168365.0,1635.0,1426.0,209.0,1635.0,1395.0,46.0,65.0,0.0,39.0,78.0,0.0,12.0,0.0,0.0,1635.0,1426.0,0.0,239.0,710.0,311.0,147.0,19.0,209.0,62.0,36.0,78.0,33.0,0.0,0.0,209.0,8.0,12.0,69.0,18.0,32.0,27.0,0.0,43.0,0.0,0.0,25021408104,0.02944247233242848,168365.0,0.11865443425076452,0.037920489296636085,0.08435999164752558,0.020463562330340364,0.8070578408853623,0.8721712538226299,4789.0,0.019586970406642538,0.3349282296650718,0.12782874617737003,0.8813455657492355
6077.0,6077.0,5753.0,4795.0,591.0,0.0,98.0,0.0,180.0,89.0,53.0,36.0,324.0,27.0,17.0,0.0,0.0,0.0,178.0,102.0,98.0,4.0,4585.0,53.0,30.0,0.0,0.0,0.0,0.0,0.0,0.0,4.0,8.0,0.0,0.0,1.0,9.0,8.0,23.0,0.0,0.0,0.0,0.0,0.0,0.0,15.0,0.0,0.0,0.0,0.0,0.0,8.0,4532.0,2253.0,51.0,38.0,238.0,150.0,37.0,18.0,177.0,165.0,420.0,219.0,429.0,221.0,90.0,2279.0,189.0,8.0,311.0,37.0,80.0,25.0,136.0,150.0,440.0,222.0,359.0,209.0,113.0,175577.0,1564.0,1520.0,44.0,1624.0,1570.0,36.0,18.0,0.0,0.0,0.0,0.0,0.0,0.0,0.0,1564.0,1520.0,0.0,269.0,928.0,203.0,65.0,55.0,44.0,0.0,0.0,44.0,0.0,0.0,0.0,44.0,0.0,0.0,0.0,44.0,0.0,0.0,0.0,0.0,0.0,0.0,25021409101,0.0533157808129011,175577.0,0.011083743842364532,0.0,0.016126378147112062,0.09725193351982886,0.7890406450551258,0.9718670076726342,6077.0,0.011559432933478735,0.0,0.028132992327365727,0.9889162561576355
5596.0,5596.0,5368.0,4670.0,61.0,0.0,116.0,0.0,0.0,521.0,175.0,346.0,228.0,0.0,0.0,0.0,0.0,0.0,0.0,228.0,228.0,0.0,5596.0,168.0,48.0,0.0,0.0,34.0,0.0,0.0,0.0,0.0,0.0,0.0,0.0,10.0,4.0,0.0,120.0,0.0,0.0,33.0,0.0,0.0,0.0,0.0,0.0,34.0,9.0,0.0,15.0,29.0,5428.0,2807.0,142.0,88.0,405.0,149.0,43.0,75.0,158.0,147.0,465.0,374.0,392.0,224.0,145.0,2621.0,188.0,35.0,175.0,139.0,37.0,127.0,38.0,174.0,536.0,406.0,320.0,302.0,144.0,208504.0,1889.0,1757.0,132.0,1933.0,1661.0,162.0,44.0,32.0,34.0,0.0,0.0,0.0,0.0,0.0,1889.0,1757.0,12.0,312.0,965.0,377.0,88.0,3.0,132.0,0.0,82.0,33.0,17.0,0.0,0.0,132.0,0.0,16.0,0.0,0.0,0.0,19.0,0.0,24.0,37.0,36.0,25021409102,0.0407433881343817,208504.0,0.056906363166063116,0.006352567496029645,0.020729092208720514,0.010900643316654753,0.8345246604717655,0.9301217575436739,5596.0,0.03002144388849178,0.6060606060606061,0.0698782424563261,0.9430936368339369
6746.0,6746.0,6638.0,5599.0,118.0,0.0,610.0,0.0,35.0,276.0,161.0,115.0,108.0,0.0,0.0,0.0,0.0,0.0,0.0,108.0,108.0,0.0,6730.0,263.0,85.0,0.0,0.0,0.0,0.0,0.0,0.0,0.0,1.0,3.0,45.0,15.0,21.0,0.0,178.0,0.0,0.0,0.0,0.0,0.0,0.0,0.0,52.0,0.0,0.0,53.0,57.0,16.0,6467.0,3149.0,116.0,58.0,192.0,119.0,85.0,98.0,191.0,324.0,369.0,437.0,481.0,380.0,299.0,3318.0,109.0,143.0,266.0,218.0,16.0,66.0,348.0,307.0,320.0,481.0,515.0,345.0,184.0,115880.0,2669.0,2205.0,464.0,2716.0,1685.0,67.0,158.0,217.0,256.0,52.0,0.0,36.0,245.0,0.0,2669.0,2205.0,16.0,542.0,1091.0,313.0,130.0,113.0,464.0,68.0,210.0,158.0,14.0,14.0,0.0,464.0,13.0,39.0,22.0,33.0,67.0,101.0,21.0,38.0,116.0,14.0,25021410100,0.016009487103468723,115880.0,0.3549337260677467,0.03147246159610341,0.09042395493625853,0.01749184702045657,0.8299733175214942,0.8261521168977145,6746.0,0.039078751857355126,0.5948275862068966,0.1738478831022855,0.6450662739322534
4911.0,4911.0,4840.0,3869.0,183.0,0.0,316.0,0.0,74.0,398.0,158.0,240.0,71.0,13.0,0.0,13.0,0.0,0.0,0.0,45.0,34.0,11.0,4911.0,201.0,72.0,0.0,0.0,0.0,0.0,0.0,0.0,0.0,7.0,0.0,19.0,46.0,0.0,0.0,129.0,0.0,0.0,10.0,0.0,0.0,28.0,0.0,10.0,0.0,8.0,0.0,56.0,17.0,4710.0,2465.0,130.0,0.0,133.0,68.0,41.0,62.0,487.0,346.0,154.0,390.0,362.0,188.0,104.0,2245.0,109.0,16.0,126.0,67.0,20.0,72.0,139.0,352.0,170.0,348.0,337.0,294.0,195.0,123063.0,1772.0,1314.0,458.0,1915.0,1328.0,29.0,58.0,0.0,47.0,37.0,231.0,185.0,0.0,0.0,1772.0,1314.0,12.0,263.0,569.0,234.0,190.0,46.0,458.0,10.0,261.0,151.0,36.0,0.0,0.0,458.0,0.0,47.0,24.0,63.0,24.0,108.0,9.0,33.0,150.0,0.0,25021410300,0.014457340663815923,123063.0,0.2913838120104439,0.012415349887133182,0.06434534717980045,0.03726328649969456,0.7878232539197719,0.7415349887133182,4911.0,0.04092852779474649,0.6550218340611353,0.2584650112866817,0.7086161879895562
6958.0,6958.0,6387.0,5025.0,889.0,0.0,84.0,0.0,195.0,194.0,153.0,41.0,571.0,43.0,313.0,0.0,0.0,0.0,0.0,215.0,215.0,0.0,6958.0,595.0,197.0,0.0,0.0,102.0,0.0,0.0,0.0,0.0,21.0,10.0,28.0,0.0,2.0,34.0,398.0,37.0,71.0,0.0,0.0,0.0,69.0,20.0,0.0,141.0,0.0,0.0,60.0,0.0,6363.0,2901.0,115.0,17.0,124.0,107.0,65.0,99.0,121.0,300.0,500.0,433.0,560.0,323.0,137.0,3462.0,174.0,21.0,299.0,130.0,0.0,290.0,414.0,236.0,415.0,486.0,528.0,352.0,117.0,109327.0,2693.0,1740.0,953.0,2763.0,1499.0,218.0,51.0,339.0,567.0,70.0,19.0,0.0,0.0,0.0,2693.0,1740.0,18.0,379.0,798.0,414.0,131.0,0.0,953.0,101.0,518.0,282.0,52.0,0.0,0.0,953.0,0.0,0.0,215.0,259.0,42.0,0.0,104.0,45.0,271.0,17.0,25021410400,0.08206381144006898,109327.0,0.37857401375316685,0.044188637207575196,0.012072434607645875,0.12776659959758552,0.72219028456453,0.6461195692536205,6958.0,0.08551307847082495,0.440713536201469,0.3538804307463795,0.6214259862468332
4588.0,4588.0,4457.0,3622.0,407.0,0.0,14.0,0.0,83.0,331.0,149.0,182.0,131.0,34.0,0.0,0.0,0.0,0.0,15.0,82.0,75.0,7.0,4524.0,93.0,68.0,14.0,0.0,0.0,0.0,0.0,0.0,0.0,15.0,0.0,0.0,38.0,0.0,1.0,25.0,0.0,0.0,0.0,0.0,0.0,0.0,0.0,25.0,0.0,0.0,0.0,0.0,0.0,4431.0,2065.0,46.0,84.0,342.0,41.0,55.0,58.0,143.0,196.0,415.0,260.0,248.0,58.0,119.0,2366.0,135.0,0.0,320.0,70.0,26.0,79.0,186.0,241.0,515.0,247.0,213.0,153.0,181.0,182656.0,1517.0,1080.0,437.0,1553.0,1188.0,10.0,25.0,7.0,74.0,159.0,30.0,60.0,0.0,0.0,1517.0,1080.0,0.0,83.0,602.0,240.0,121.0,34.0,437.0,100.0,190.0,136.0,11.0,0.0,0.0,437.0,38.0,0.0,42.0,100.0,83.0,24.0,0.0,47.0,65.0,38.0,25021411101,0.02855274629468178,182656.0,0.22858982614294912,0.06591957811470006,0.003051438535309503,0.08870967741935484,0.7894507410636443,0.7119314436387607,4588.0,0.020557029177718834,0.3112128146453089,0.2880685563612393,0.7714101738570509
4501.0,4501.0,4463.0,4329.0,0.0,0.0,120.0,0.0,0.0,14.0,14.0,0.0,38.0,0.0,0.0,0.0,0.0,0.0,31.0,7.0,7.0,0.0,4490.0,88.0,43.0,0.0,0.0,10.0,0.0,0.0,0.0,0.0,0.0,20.0,0.0,4.0,0.0,9.0,45.0,0.0,0.0,0.0,0.0,0.0,0.0,0.0,0.0,17.0,9.0,3.0,16.0,0.0,4402.0,2108.0,124.0,33.0,230.0,83.0,54.0,73.0,210.0,151.0,132.0,381.0,342.0,120.0,175.0,2294.0,81.0,0.0,64.0,27.0,34.0,42.0,189.0,324.0,168.0,369.0,435.0,269.0,292.0,203269.0,1674.0,1534.0,140.0,1778.0,1313.0,154.0,25.0,51.0,161.0,58.0,16.0,0.0,0.0,0.0,1674.0,1534.0,32.0,308.0,733.0,286.0,140.0,35.0,140.0,0.0,87.0,53.0,0.0,0.0,0.0,140.0,0.0,0.0,12.0,23.0,0.0,19.0,0.0,0.0,30.0,56.0,25021411102,0.008442568318151522,203269.0,0.1749156355455568,0.019115890083632018,0.026660742057320594,0.0,0.9617862697178404,0.9163679808841099,4501.0,0.019599109131403118,0.35,0.08363201911589008,0.8250843644544432
7480.0,7480.0,7168.0,5935.0,170.0,0.0,855.0,0.0,0.0,208.0,25.0,183.0,312.0,11.0,0.0,0.0,0.0,0.0,0.0,301.0,301.0,0.0,7448.0,335.0,111.0,0.0,0.0,0.0,0.0,0.0,0.0,29.0,3.0,25.0,17.0,0.0,3.0,34.0,224.0,16.0,0.0,32.0,0.0,0.0,0.0,26.0,32.0,16.0,0.0,52.0,0.0,50.0,7113.0,3790.0,341.0,33.0,310.0,234.0,64.0,213.0,262.0,369.0,492.0,555.0,258.0,442.0,217.0,3323.0,103.0,24.0,400.0,111.0,60.0,74.0,84.0,407.0,550.0,557.0,387.0,384.0,182.0,175370.0,2674.0,2217.0,457.0,2908.0,2126.0,154.0,156.0,138.0,29.0,75.0,94.0,136.0,0.0,0.0,2674.0,2217.0,39.0,446.0,1207.0,326.0,133.0,66.0,457.0,27.0,240.0,190.0,0.0,0.0,0.0,457.0,0.0,36.0,132.0,81.0,33.0,20.0,21.0,49.0,85.0,0.0,25021411200,0.04171122994652406,175370.0,0.21595598349381018,0.02468212415856395,0.1143048128342246,0.022727272727272728,0.7934491978609626,0.8290949887808526,7480.0,0.04497851772287863,0.38293216630196936,0.17090501121914733,0.7840440165061898
5996.0,5996.0,5820.0,5319.0,229.0,0.0,48.0,0.0,0.0,224.0,103.0,121.0,176.0,27.0,17.0,0.0,0.0,0.0,0.0,132.0,116.0,16.0,5833.0,122.0,73.0,0.0,0.0,0.0,0.0,0.0,0.0,15.0,0.0,0.0,21.0,0.0,3.0,34.0,49.0,0.0,0.0,0.0,0.0,0.0,0.0,0.0,0.0,0.0,0.0,15.0,15.0,19.0,5711.0,2551.0,131.0,10.0,184.0,66.0,47.0,48.0,286.0,238.0,315.0,480.0,292.0,318.0,136.0,3160.0,124.0,6.0,289.0,266.0,30.0,253.0,174.0,251.0,364.0,534.0,323.0,325.0,221.0,165197.0,2031.0,1783.0,248.0,2031.0,1717.0,34.0,0.0,34.0,123.0,34.0,19.0,70.0,0.0,0.0,2031.0,1783.0,18.0,357.0,723.0,410.0,189.0,86.0,248.0,86.0,132.0,30.0,0.0,0.0,0.0,248.0,0.0,0.0,0.0,0.0,123.0,19.0,0.0,7.0,99.0,0.0,25021411301,0.02935290193462308,165197.0,0.137863121614968,0.05120630231413097,0.008005336891260841,0.03819212808539026,0.8870913942628419,0.8778926637124569,5996.0,0.02091548088462198,0.5040322580645161,0.12210733628754308,0.8621368783850321
3823.0,3823.0,3542.0,3244.0,130.0,0.0,122.0,0.0,0.0,46.0,5.0,41.0,281.0,6.0,4.0,0.0,0.0,0.0,14.0,257.0,245.0,12.0,3772.0,306.0,161.0,34.0,0.0,30.0,0.0,0.0,0.0,0.0,40.0,37.0,5.0,0.0,0.0,15.0,145.0,16.0,0.0,0.0,0.0,0.0,0.0,0.0,36.0,52.0,0.0,0.0,0.0,41.0,3466.0,1844.0,125.0,46.0,95.0,89.0,28.0,105.0,120.0,348.0,235.0,248.0,216.0,137.0,52.0,1622.0,87.0,0.0,93.0,114.0,26.0,50.0,41.0,205.0,211.0,257.0,250.0,196.0,92.0,148571.0,1476.0,1215.0,261.0,1531.0,728.0,465.0,65.0,52.0,0.0,15.0,0.0,151.0,55.0,0.0,1476.0,1215.0,46.0,412.0,538.0,169.0,21.0,29.0,261.0,0.0,189.0,61.0,11.0,0.0,0.0,261.0,0.0,0.0,31.0,68.0,100.0,0.0,0.0,11.0,51.0,0.0,25021411302,0.07350248495945592,148571.0,0.22077073807968647,0.03116531165311653,0.03191211090766414,0.034004708344232276,0.8485482605283808,0.823170731707317,3823.0,0.08112407211028633,0.23754789272030652,0.17682926829268292,0.7792292619203135
7087.0,7087.0,6936.0,5282.0,171.0,0.0,773.0,0.0,216.0,494.0,272.0,222.0,151.0,0.0,0.0,0.0,0.0,0.0,0.0,151.0,151.0,0.0,7087.0,452.0,190.0,0.0,0.0,0.0,0.0,0.0,0.0,88.0,0.0,0.0,71.0,0.0,0.0,31.0,262.0,0.0,0.0,0.0,0.0,0.0,0.0,180.0,0.0,0.0,0.0,0.0,19.0,63.0,6635.0,2950.0,159.0,51.0,333.0,322.0,25.0,84.0,107.0,320.0,333.0,451.0,375.0,191.0,199.0,3685.0,201.0,55.0,475.0,178.0,26.0,232.0,100.0,274.0,427.0,603.0,520.0,248.0,346.0,249583.0,2253.0,2054.0,199.0,2253.0,1993.0,66.0,0.0,0.0,0.0,15.0,82.0,89.0,8.0,0.0,2253.0,2054.0,0.0,387.0,1123.0,425.0,119.0,0.0,199.0,68.0,110.0,21.0,0.0,0.0,0.0,199.0,0.0,21.0,25.0,18.0,27.0,10.0,0.0,10.0,37.0,51.0,25021412100,0.021306617750811344,249583.0,0.08610741233910342,0.030181979582778518,0.10907295047269648,0.024128686327077747,0.7453083109919572,0.9116733244562805,7087.0,0.06377874982362071,0.2864321608040201,0.08832667554371948,0.9138925876608965
3648.0,3648.0,3346.0,2957.0,30.0,0.0,263.0,0.0,0.0,96.0,78.0,18.0,302.0,15.0,0.0,0.0,0.0,0.0,30.0,257.0,257.0,0.0,3501.0,121.0,56.0,0.0,0.0,0.0,0.0,0.0,0.0,0.0,1.0,18.0,1.0,20.0,16.0,0.0,65.0,0.0,0.0,0.0,0.0,0.0,0.0,7.0,0.0,0.0,0.0,0.0,18.0,40.0,3380.0,1769.0,83.0,39.0,87.0,105.0,0.0,66.0,78.0,318.0,158.0,210.0,271.0,181.0,173.0,1611.0,23.0,11.0,104.0,53.0,83.0,76.0,55.0,32.0,154.0,232.0,302.0,222.0,264.0,200921.0,1348.0,1179.0,169.0,1513.0,982.0,0.0,0.0,9.0,54.0,47.0,31.0,390.0,0.0,0.0,1348.0,1179.0,98.0,213.0,423.0,259.0,172.0,14.0,169.0,20.0,133.0,16.0,0.0,0.0,0.0,169.0,9.0,0.0,0.0,9.0,36.0,0.0,0.0,35.0,80.0,0.0,25021412200,0.08278508771929824,200921.0,0.35095836087243887,0.08753709198813056,0.07209429824561403,0.008223684210526315,0.8105811403508771,0.8746290801186943,3648.0,0.0345615538417595,0.6804733727810651,0.12537091988130564,0.6490416391275612
5583.0,5583.0,5377.0,4478.0,34.0,0.0,727.0,0.0,0.0,138.0,69.0,69.0,206.0,150.0,0.0,0.0,0.0,0.0,56.0,0.0,0.0,0.0,5583.0,169.0,76.0,0.0,0.0,0.0,0.0,0.0,0.0,31.0,0.0,1.0,21.0,0.0,15.0,8.0,93.0,0.0,0.0,19.0,27.0,0.0,0.0,0.0,0.0,27.0,0.0,0.0,8.0,12.0,5414.0,2632.0,149.0,20.0,258.0,74.0,31.0,132.0,271.0,157.0,272.0,369.0,399.0,183.0,317.0,2782.0,205.0,40.0,255.0,114.0,20.0,38.0,98.0,317.0,353.0,441.0,383.0,188.0,330.0,172798.0,1991.0,1649.0,342.0,2030.0,1595.0,30.0,76.0,0.0,0.0,8.0,21.0,300.0,0.0,0.0,1991.0,1649.0,30.0,274.0,923.0,340.0,67.0,15.0,342.0,9.0,254.0,54.0,25.0,0.0,0.0,342.0,0.0,19.0,0.0,32.0,62.0,36.0,9.0,104.0,80.0,0.0,25021412300,0.0368977252373276,172798.0,0.19950738916256158,0.019588146659969864,0.13021672935697653,0.006089915815869604,0.8020777359842378,0.8282270215971873,5583.0,0.030270463908293032,0.6695906432748538,0.17177297840281266,0.8004926108374384
6252.0,6252.0,5929.0,4753.0,552.0,0.0,375.0,0.0,46.0,203.0,58.0,145.0,323.0,31.0,0.0,0.0,0.0,0.0,158.0,134.0,73.0,61.0,6252.0,476.0,247.0,0.0,0.0,13.0,0.0,0.0,0.0,106.0,87.0,0.0,0.0,2.0,27.0,12.0,229.0,0.0,0.0,0.0,0.0,0.0,0.0,0.0,96.0,0.0,14.0,79.0,40.0,0.0,5776.0,3230.0,363.0,29.0,116.0,42.0,0.0,163.0,222.0,500.0,310.0,462.0,436.0,296.0,291.0,2546.0,131.0,0.0,120.0,120.0,55.0,32.0,143.0,309.0,333.0,241.0,500.0,340.0,222.0,113310.0,2509.0,1729.0,780.0,2624.0,1900.0,83.0,53.0,93.0,198.0,238.0,12.0,47.0,0.0,0.0,2509.0,1729.0,27.0,542.0,756.0,210.0,143.0,51.0,780.0,97.0,467.0,141.0,75.0,0.0,0.0,780.0,35.0,67.0,37.0,198.0,73.0,99.0,25.0,0.0,187.0,59.0,25021413100,0.05166346769033909,113310.0,0.24428353658536586,0.04942208051016341,0.05998080614203455,0.08829174664107485,0.7602367242482405,0.689119170984456,6252.0,0.07613563659628919,0.39871794871794874,0.31088082901554404,0.7557164634146342
4359.0,4359.0,4023.0,3507.0,286.0,0.0,14.0,0.0,62.0,154.0,154.0,0.0,336.0,292.0,0.0,0.0,0.0,0.0,44.0,0.0,0.0,0.0,4131.0,426.0,64.0,20.0,0.0,0.0,0.0,0.0,0.0,0.0,0.0,0.0,17.0,0.0,15.0,12.0,362.0,2.0,0.0,62.0,0.0,0.0,0.0,14.0,40.0,0.0,13.0,76.0,63.0,92.0,3705.0,1516.0,0.0,0.0,106.0,0.0,60.0,58.0,115.0,435.0,172.0,149.0,130.0,125.0,166.0,2189.0,167.0,0.0,0.0,58.0,66.0,69.0,128.0,377.0,191.0,316.0,331.0,250.0,236.0,81140.0,2081.0,1091.0,990.0,2188.0,865.0,191.0,154.0,253.0,113.0,186.0,269.0,157.0,0.0,0.0,2081.0,1091.0,95.0,467.0,301.0,123.0,32.0,73.0,990.0,173.0,547.0,258.0,12.0,0.0,0.0,990.0,28.0,130.0,110.0,143.0,102.0,122.0,0.0,98.0,231.0,26.0,25021413201,0.07708189951823813,81140.0,0.5173674588665448,0.12878423834694858,0.003211745813259922,0.06561137875659555,0.8045423262216105,0.5242671792407496,4359.0,0.10312273057371096,0.45555555555555555,0.4757328207592504,0.4826325411334552
2366.0,2366.0,2136.0,1819.0,65.0,0.0,93.0,0.0,0.0,159.0,35.0,124.0,230.0,0.0,0.0,0.0,0.0,0.0,4.0,226.0,211.0,15.0,2366.0,188.0,64.0,43.0,0.0,6.0,7.0,0.0,0.0,0.0,1.0,0.0,7.0,0.0,0.0,0.0,124.0,0.0,0.0,0.0,29.0,0.0,0.0,25.0,0.0,43.0,0.0,5.0,22.0,0.0,2178.0,1161.0,142.0,12.0,124.0,21.0,18.0,0.0,18.0,175.0,166.0,184.0,135.0,52.0,114.0,1017.0,64.0,0.0,58.0,65.0,0.0,15.0,13.0,170.0,186.0,141.0,121.0,121.0,63.0,149107.0,886.0,497.0,389.0,988.0,418.0,7.0,131.0,77.0,10.0,34.0,177.0,134.0,0.0,0.0,886.0,497.0,8.0,40.0,411.0,37.0,1.0,0.0,389.0,73.0,163.0,91.0,62.0,0.0,0.0,389.0,11.0,29.0,28.0,64.0,40.0,62.0,0.0,30.0,123.0,2.0,25021413202,0.09721048182586645,149107.0,0.569838056680162,0.09142212189616253,0.03930684699915469,0.027472527472527472,0.7688081149619611,0.5609480812641083,2366.0,0.07945900253592561,0.5526992287917738,0.43905191873589167,0.43016194331983804
5373.0,5373.0,4953.0,4394.0,131.0,0.0,225.0,0.0,134.0,69.0,49.0,20.0,420.0,0.0,0.0,0.0,0.0,0.0,238.0,182.0,146.0,36.0,5333.0,332.0,149.0,0.0,0.0,0.0,0.0,0.0,0.0,32.0,0.0,27.0,32.0,2.0,23.0,33.0,183.0,0.0,0.0,30.0,28.0,0.0,0.0,0.0,22.0,8.0,32.0,0.0,24.0,39.0,5001.0,2501.0,197.0,22.0,115.0,67.0,65.0,132.0,123.0,252.0,464.0,283.0,430.0,134.0,217.0,2500.0,94.0,27.0,109.0,154.0,29.0,22.0,114.0,334.0,364.0,187.0,551.0,306.0,209.0,145481.0,2186.0,1473.0,713.0,2216.0,1436.0,142.0,164.0,90.0,72.0,40.0,188.0,84.0,0.0,0.0,2186.0,1473.0,66.0,295.0,726.0,316.0,39.0,31.0,713.0,35.0,410.0,205.0,63.0,0.0,0.0,713.0,40.0,27.0,47.0,130.0,51.0,15.0,149.0,22.0,145.0,87.0,25021413300,0.07816862088218872,145481.0,0.2879061371841155,0.046203110704483075,0.04187604690117253,0.024381165084682674,0.8177926670388982,0.6738334858188472,5373.0,0.062253890868179264,0.4642356241234222,0.3261665141811528,0.7120938628158845
3345.0,3345.0,2895.0,2407.0,279.0,5.0,49.0,0.0,82.0,73.0,26.0,47.0,450.0,109.0,0.0,0.0,0.0,0.0,1.0,340.0,340.0,0.0,3295.0,116.0,61.0,0.0,0.0,0.0,0.0,0.0,0.0,0.0,0.0,5.0,0.0,56.0,0.0,0.0,55.0,0.0,0.0,0.0,0.0,0.0,0.0,29.0,0.0,0.0,26.0,0.0,0.0,0.0,3179.0,1752.0,145.0,60.0,56.0,31.0,8.0,27.0,130.0,160.0,328.0,239.0,300.0,166.0,102.0,1427.0,45.0,0.0,121.0,24.0,36.0,43.0,34.0,368.0,148.0,96.0,214.0,139.0,159.0,98508.0,1561.0,869.0,692.0,1698.0,609.0,161.0,248.0,383.0,97.0,120.0,35.0,36.0,9.0,0.0,1561.0,869.0,20.0,404.0,289.0,102.0,54.0,0.0,692.0,142.0,370.0,122.0,58.0,0.0,0.0,692.0,53.0,67.0,51.0,32.0,143.0,30.0,13.0,48.0,246.0,9.0,25021413401,0.13452914798206278,98508.0,0.5465253239104829,0.10377962844330557,0.014648729446935725,0.08340807174887892,0.7195814648729447,0.5566944266495836,3345.0,0.03520485584218513,0.4869942196531792,0.4433055733504164,0.4534746760895171
5288.0,5288.0,4747.0,2566.0,404.0,3.0,1129.0,0.0,161.0,484.0,123.0,361.0,541.0,7.0,119.0,0.0,0.0,0.0,180.0,235.0,168.0,67.0,5176.0,447.0,125.0,29.0,0.0,33.0,0.0,0.0,0.0,0.0,34.0,8.0,0.0,2.0,0.0,19.0,322.0,97.0,38.0,24.0,0.0,0.0,0.0,30.0,70.0,4.0,16.0,18.0,13.0,12.0,4729.0,2373.0,234.0,12.0,235.0,14.0,6.0,0.0,204.0,404.0,468.0,408.0,250.0,115.0,23.0,2356.0,203.0,22.0,121.0,32.0,24.0,24.0,232.0,568.0,302.0,266.0,278.0,216.0,68.0,115284.0,2071.0,852.0,1219.0,2096.0,612.0,332.0,66.0,161.0,295.0,435.0,138.0,57.0,0.0,0.0,2071.0,852.0,37.0,298.0,317.0,173.0,13.0,14.0,1219.0,69.0,614.0,487.0,49.0,0.0,0.0,1219.0,46.0,65.0,55.0,244.0,198.0,128.0,100.0,114.0,259.0,10.0,25021413402,0.1023071104387292,115284.0,0.549618320610687,0.05118300338000966,0.21350226928895613,0.07639939485627836,0.485249621785174,0.41139546112988895,5288.0,0.08636012364760433,0.49302707136997537,0.5886045388701111,0.45038167938931295
4559.0,4559.0,3714.0,2186.0,391.0,0.0,223.0,0.0,361.0,553.0,388.0,165.0,845.0,228.0,0.0,0.0,10.0,0.0,309.0,298.0,298.0,0.0,4531.0,744.0,321.0,96.0,0.0,54.0,0.0,26.0,0.0,0.0,4.0,64.0,4.0,73.0,0.0,0.0,423.0,0.0,0.0,20.0,109.0,9.0,7.0,48.0,63.0,142.0,15.0,0.0,0.0,10.0,3787.0,1954.0,77.0,0.0,248.0,11.0,0.0,12.0,93.0,422.0,381.0,247.0,171.0,201.0,91.0,1833.0,74.0,0.0,75.0,51.0,34.0,29.0,181.0,375.0,222.0,344.0,132.0,172.0,144.0,71465.0,1965.0,644.0,1321.0,2005.0,620.0,60.0,383.0,404.0,186.0,291.0,16.0,45.0,0.0,0.0,1965.0,644.0,10.0,153.0,362.0,82.0,29.0,8.0,1321.0,89.0,846.0,288.0,98.0,0.0,0.0,1321.0,141.0,10.0,19.0,86.0,71.0,52.0,196.0,89.0,594.0,63.0,25021413500,0.18534766396139504,71465.0,0.6608478802992519,0.050381679389312976,0.048914235577977624,0.08576442202237333,0.4794911164729107,0.327735368956743,4559.0,0.1642021628779519,0.7047691143073429,0.672264631043257,0.33915211970074816
5728.0,5728.0,5630.0,3429.0,356.0,0.0,1263.0,0.0,0.0,582.0,134.0,448.0,98.0,15.0,0.0,0.0,0.0,0.0,83.0,0.0,0.0,0.0,5676.0,85.0,15.0,0.0,0.0,0.0,0.0,0.0,0.0,0.0,0.0,0.0,0.0,13.0,0.0,2.0,70.0,0.0,0.0,0.0,0.0,0.0,0.0,4.0,19.0,0.0,12.0,35.0,0.0,0.0,5591.0,2683.0,83.0,62.0,239.0,62.0,50.0,123.0,77.0,150.0,411.0,335.0,458.0,325.0,308.0,2908.0,130.0,24.0,319.0,180.0,0.0,56.0,54.0,328.0,458.0,386.0,475.0,315.0,183.0,147583.0,2241.0,2013.0,228.0,2338.0,1890.0,154.0,39.0,16.0,67.0,81.0,18.0,73.0,0.0,0.0,2241.0,2013.0,13.0,649.0,1162.0,121.0,41.0,27.0,228.0,0.0,108.0,23.0,97.0,0.0,0.0,228.0,0.0,24.0,23.0,0.0,18.0,14.0,0.0,0.0,89.0,60.0,25021414100,0.017108938547486033,147583.0,0.12574850299401197,0.005800981704596163,0.2204958100558659,0.06215083798882681,0.5986382681564246,0.8982597054886211,5728.0,0.014975334742776604,0.4517543859649123,0.10174029451137885,0.874251497005988
7600.0,7600.0,7321.0,4818.0,366.0,0.0,1714.0,0.0,15.0,408.0,33.0,375.0,279.0,71.0,0.0,0.0,0.0,0.0,16.0,192.0,192.0,0.0,7555.0,344.0,114.0,0.0,0.0,36.0,0.0,0.0,0.0,0.0,0.0,3.0,41.0,17.0,8.0,9.0,230.0,0.0,0.0,38.0,0.0,0.0,0.0,90.0,0.0,0.0,80.0,0.0,9.0,13.0,7211.0,3781.0,285.0,27.0,517.0,84.0,113.0,251.0,169.0,311.0,450.0,486.0,620.0,215.0,253.0,3430.0,203.0,121.0,247.0,131.0,96.0,77.0,175.0,341.0,534.0,573.0,434.0,354.0,144.0,240388.0,2269.0,2183.0,86.0,2304.0,2221.0,0.0,16.0,0.0,25.0,21.0,0.0,21.0,0.0,0.0,2269.0,2183.0,44.0,214.0,1441.0,344.0,126.0,14.0,86.0,0.0,45.0,21.0,20.0,0.0,0.0,86.0,0.0,20.0,0.0,0.0,21.0,0.0,0.0,0.0,45.0,0.0,25021414200,0.03671052631578947,240388.0,0.03602430555555555,0.019391802556192154,0.22552631578947369,0.04815789473684211,0.6339473684210526,0.9620978404583517,7600.0,0.045532759761747185,0.5232558139534884,0.0379021595416483,0.9639756944444444
5246.0,5246.0,5013.0,3936.0,58.0,10.0,792.0,0.0,0.0,217.0,79.0,138.0,233.0,64.0,11.0,0.0,0.0,0.0,37.0,121.0,121.0,0.0,5246.0,281.0,89.0,0.0,0.0,0.0,23.0,31.0,0.0,0.0,11.0,0.0,0.0,0.0,12.0,12.0,192.0,0.0,0.0,0.0,0.0,0.0,0.0,22.0,0.0,30.0,26.0,7.0,23.0,84.0,4965.0,2357.0,143.0,57.0,265.0,88.0,59.0,65.0,127.0,164.0,360.0,355.0,219.0,262.0,193.0,2608.0,206.0,53.0,237.0,123.0,48.0,60.0,97.0,195.0,477.0,336.0,269.0,340.0,167.0,182904.0,1883.0,1409.0,474.0,1970.0,1357.0,40.0,113.0,144.0,62.0,43.0,29.0,182.0,0.0,0.0,1883.0,1409.0,14.0,328.0,838.0,189.0,20.0,20.0,474.0,108.0,283.0,75.0,8.0,0.0,0.0,474.0,55.0,72.0,18.0,9.0,89.0,25.0,35.0,58.0,69.0,44.0,25021414300,0.04441479222264583,182904.0,0.2908629441624365,0.0647902283590016,0.15097216927182616,0.01105604269919939,0.7502859321387724,0.7482740308019118,5246.0,0.05356462066336256,0.39451476793248946,0.25172596919808815,0.7091370558375635
5575.0,5575.0,5181.0,4006.0,698.0,0.0,443.0,0.0,0.0,34.0,16.0,18.0,394.0,248.0,0.0,0.0,0.0,0.0,0.0,146.0,146.0,0.0,5460.0,205.0,108.0,72.0,0.0,0.0,0.0,0.0,10.0,1.0,0.0,0.0,16.0,9.0,0.0,0.0,97.0,0.0,30.0,0.0,0.0,10.0,0.0,0.0,38.0,0.0,10.0,0.0,1.0,8.0,5255.0,2766.0,187.0,13.0,200.0,210.0,32.0,118.0,182.0,246.0,335.0,421.0,448.0,173.0,201.0,2489.0,101.0,36.0,218.0,31.0,72.0,45.0,102.0,312.0,363.0,400.0,221.0,211.0,377.0,153194.0,1874.0,1650.0,224.0,1914.0,1223.0,175.0,69.0,20.0,63.0,71.0,62.0,231.0,0.0,0.0,1874.0,1650.0,49.0,576.0,669.0,225.0,100.0,31.0,224.0,47.0,60.0,117.0,0.0,0.0,0.0,224.0,0.0,22.0,84.0,18.0,12.0,7.0,29.0,10.0,42.0,0.0,25021415101,0.07067264573991032,153194.0,0.26959247648902823,0.051227321237993596,0.07946188340807175,0.1252017937219731,0.7185650224215246,0.880469583778015,5575.0,0.037545787545787544,0.39285714285714285,0.11953041622198506,0.7304075235109718
4427.0,4427.0,4330.0,2969.0,493.0,0.0,588.0,0.0,0.0,280.0,50.0,230.0,97.0,0.0,0.0,0.0,0.0,0.0,0.0,97.0,55.0,42.0,4382.0,254.0,24.0,5.0,0.0,0.0,0.0,0.0,0.0,0.0,0.0,0.0,0.0,19.0,0.0,0.0,230.0,64.0,0.0,0.0,0.0,0.0,0.0,0.0,57.0,22.0,0.0,17.0,23.0,47.0,4128.0,2133.0,168.0,23.0,93.0,75.0,70.0,21.0,172.0,177.0,391.0,213.0,391.0,224.0,115.0,1995.0,105.0,27.0,132.0,0.0,15.0,22.0,62.0,324.0,289.0,176.0,342.0,288.0,213.0,114299.0,2076.0,1425.0,651.0,2076.0,618.0,79.0,99.0,16.0,567.0,396.0,144.0,147.0,0.0,10.0,2076.0,1425.0,0.0,740.0,496.0,169.0,0.0,20.0,651.0,80.0,456.0,115.0,0.0,0.0,0.0,651.0,69.0,101.0,16.0,51.0,32.0,71.0,6.0,14.0,225.0,66.0,25021415103,0.021911000677659814,114299.0,0.6594412331406551,0.038535645472061654,0.13282132369550487,0.11136209622769369,0.6706573300203298,0.6864161849710982,4427.0,0.05796439981743496,0.48540706605222733,0.31358381502890176,0.3357418111753372
3570.0,3570.0,3455.0,2778.0,215.0,0.0,121.0,0.0,107.0,234.0,228.0,6.0,115.0,79.0,11.0,0.0,20.0,0.0,5.0,0.0,0.0,0.0,3570.0,102.0,61.0,17.0,0.0,0.0,0.0,0.0,0.0,0.0,18.0,0.0,11.0,2.0,3.0,10.0,41.0,0.0,0.0,0.0,0.0,0.0,0.0,18.0,0.0,0.0,0.0,3.0,9.0,11.0,3468.0,1710.0,127.0,0.0,81.0,157.0,8.0,70.0,49.0,220.0,194.0,266.0,312.0,121.0,105.0,1758.0,110.0,0.0,73.0,149.0,76.0,83.0,27.0,218.0,283.0,345.0,86.0,66.0,242.0,143342.0,1377.0,1074.0,303.0,1416.0,906.0,59.0,152.0,71.0,88.0,112.0,9.0,19.0,0.0,0.0,1377.0,1074.0,12.0,108.0,628.0,267.0,51.0,8.0,303.0,90.0,148.0,65.0,0.0,0.0,0.0,303.0,0.0,26.0,20.0,41.0,52.0,38.0,8.0,0.0,67.0,51.0,25021415104,0.03221288515406162,143342.0,0.3185028248587571,0.07407407407407407,0.033893557422969185,0.06022408963585434,0.7781512605042017,0.7799564270152506,3570.0,0.02857142857142857,0.37293729372937295,0.22004357298474944,0.681497175141243
3956.0,3956.0,3710.0,1470.0,914.0,43.0,972.0,0.0,134.0,177.0,96.0,81.0,246.0,68.0,0.0,0.0,101.0,0.0,77.0,0.0,0.0,0.0,3899.0,281.0,125.0,0.0,0.0,36.0,0.0,0.0,66.0,0.0,18.0,0.0,5.0,0.0,0.0,0.0,156.0,0.0,0.0,0.0,0.0,0.0,0.0,0.0,0.0,17.0,57.0,0.0,82.0,0.0,3618.0,2057.0,147.0,0.0,229.0,8.0,20.0,31.0,201.0,348.0,247.0,230.0,431.0,128.0,37.0,1561.0,23.0,0.0,106.0,80.0,0.0,33.0,121.0,89.0,345.0,257.0,282.0,148.0,77.0,139353.0,1632.0,841.0,791.0,1632.0,730.0,269.0,0.0,64.0,181.0,205.0,183.0,0.0,0.0,0.0,1632.0,841.0,0.0,254.0,451.0,47.0,69.0,20.0,791.0,320.0,260.0,211.0,0.0,0.0,0.0,791.0,0.0,23.0,107.0,186.0,86.0,43.0,0.0,61.0,273.0,12.0,25021415201,0.0621840242669363,139353.0,0.38786764705882354,0.19607843137254902,0.24570273003033366,0.23104145601617795,0.37158746208291205,0.5153186274509803,3956.0,0.07206976147730187,0.47661188369152974,0.4846813725490196,0.6121323529411765
3389.0,3389.0,3171.0,2310.0,437.0,0.0,218.0,0.0,0.0,206.0,74.0,132.0,218.0,133.0,0.0,0.0,0.0,0.0,73.0,12.0,12.0,0.0,3322.0,329.0,131.0,0.0,0.0,0.0,0.0,0.0,29.0,14.0,41.0,0.0,47.0,0.0,0.0,0.0,198.0,97.0,0.0,0.0,0.0,0.0,12.0,8.0,26.0,22.0,3.0,22.0,0.0,8.0,2993.0,1542.0,157.0,10.0,126.0,59.0,20.0,52.0,152.0,198.0,153.0,147.0,159.0,148.0,161.0,1451.0,100.0,0.0,67.0,54.0,0.0,29.0,120.0,269.0,136.0,85.0,216.0,100.0,275.0,152267.0,1236.0,835.0,401.0,1236.0,766.0,27.0,29.0,0.0,0.0,65.0,106.0,243.0,0.0,0.0,1236.0,835.0,44.0,161.0,470.0,120.0,40.0,0.0,401.0,27.0,275.0,99.0,0.0,0.0,0.0,401.0,25.0,11.0,57.0,23.0,0.0,15.0,13.0,29.0,215.0,13.0,25021415202,0.06432575981115374,152267.0,0.35841423948220064,0.05744336569579288,0.06432575981115374,0.12894659191501917,0.6816169961640602,0.6755663430420712,3389.0,0.09903672486453943,0.6783042394014963,0.3244336569579288,0.6415857605177994
3831.0,3831.0,3784.0,3108.0,123.0,6.0,230.0,0.0,55.0,262.0,23.0,239.0,47.0,2.0,0.0,0.0,0.0,0.0,4.0,41.0,31.0,10.0,3764.0,94.0,67.0,0.0,0.0,0.0,0.0,0.0,0.0,0.0,9.0,0.0,8.0,43.0,7.0,0.0,27.0,0.0,0.0,0.0,0.0,0.0,0.0,0.0,0.0,0.0,0.0,0.0,0.0,27.0,3670.0,1686.0,135.0,7.0,120.0,89.0,0.0,51.0,113.0,76.0,336.0,268.0,204.0,117.0,170.0,1984.0,69.0,23.0,255.0,113.0,7.0,39.0,58.0,115.0,372.0,304.0,209.0,285.0,135.0,203068.0,1435.0,1266.0,169.0,1592.0,1273.0,42.0,52.0,7.0,0.0,0.0,68.0,150.0,0.0,0.0,1435.0,1266.0,11.0,271.0,718.0,210.0,49.0,7.0,169.0,81.0,56.0,32.0,0.0,0.0,0.0,169.0,0.0,0.0,45.0,24.0,0.0,12.0,29.0,11.0,26.0,22.0,25021415300,0.012268337248760116,203068.0,0.17399497487437185,0.06411149825783972,0.06003654398329418,0.03210649960845732,0.8112764291307752,0.8822299651567944,3831.0,0.02497343251859724,0.46153846153846156,0.11777003484320557,0.8260050251256281
5978.0,5978.0,5816.0,4930.0,106.0,0.0,563.0,0.0,18.0,199.0,5.0,194.0,162.0,0.0,0.0,0.0,0.0,0.0,48.0,114.0,114.0,0.0,5974.0,179.0,30.0,0.0,0.0,0.0,0.0,0.0,0.0,0.0,14.0,0.0,0.0,0.0,0.0,16.0,149.0,0.0,0.0,0.0,0.0,0.0,0.0,46.0,0.0,0.0,0.0,13.0,55.0,35.0,5795.0,2869.0,96.0,104.0,357.0,205.0,66.0,43.0,211.0,104.0,480.0,488.0,381.0,137.0,197.0,2926.0,110.0,15.0,313.0,102.0,36.0,173.0,230.0,119.0,479.0,396.0,396.0,285.0,272.0,215938.0,1945.0,1776.0,169.0,1965.0,1739.0,79.0,0.0,0.0,0.0,62.0,41.0,44.0,0.0,0.0,1945.0,1776.0,0.0,378.0,921.0,352.0,85.0,40.0,169.0,108.0,39.0,22.0,0.0,0.0,0.0,169.0,0.0,20.0,6.0,45.0,19.0,20.0,0.0,23.0,20.0,16.0,25021416101,0.027099364335898293,215938.0,0.07480916030534351,0.055526992287917736,0.0941786550685848,0.017731682837069253,0.8246905319504851,0.9131105398457584,5978.0,0.02996317375292936,0.3727810650887574,0.08688946015424165,0.9251908396946565
4314.0,4314.0,4170.0,2883.0,669.0,0.0,368.0,0.0,51.0,199.0,31.0,168.0,144.0,32.0,5.0,0.0,0.0,0.0,43.0,64.0,55.0,9.0,2900.0,84.0,23.0,0.0,0.0,0.0,0.0,0.0,0.0,0.0,0.0,0.0,0.0,10.0,3.0,10.0,61.0,0.0,0.0,0.0,0.0,0.0,0.0,18.0,0.0,0.0,0.0,0.0,13.0,30.0,2816.0,1349.0,86.0,20.0,76.0,79.0,0.0,128.0,82.0,30.0,212.0,107.0,328.0,101.0,100.0,1467.0,29.0,0.0,60.0,49.0,22.0,28.0,193.0,171.0,87.0,227.0,193.0,149.0,259.0,189929.0,1115.0,880.0,235.0,1167.0,730.0,114.0,8.0,10.0,0.0,83.0,89.0,133.0,0.0,0.0,1115.0,880.0,29.0,210.0,327.0,225.0,89.0,0.0,235.0,60.0,135.0,40.0,0.0,0.0,0.0,235.0,10.0,25.0,27.0,3.0,26.0,0.0,0.0,0.0,111.0,33.0,25021416102,0.03337969401947149,189929.0,0.27677806341045413,0.07982062780269059,0.08530366249420492,0.15507649513212796,0.6682892906815021,0.7892376681614349,4314.0,0.028965517241379312,0.4723404255319149,0.21076233183856502,0.7232219365895458
6676.0,6676.0,6469.0,3214.0,2485.0,0.0,244.0,0.0,77.0,449.0,88.0,361.0,207.0,0.0,0.0,0.0,0.0,0.0,16.0,191.0,191.0,0.0,6589.0,522.0,106.0,0.0,0.0,17.0,0.0,0.0,0.0,0.0,5.0,45.0,0.0,0.0,22.0,17.0,416.0,0.0,0.0,0.0,0.0,39.0,0.0,0.0,0.0,0.0,0.0,321.0,16.0,40.0,6067.0,2809.0,57.0,16.0,287.0,79.0,14.0,98.0,166.0,267.0,406.0,653.0,201.0,351.0,214.0,3258.0,100.0,49.0,381.0,144.0,0.0,205.0,165.0,146.0,483.0,554.0,451.0,278.0,302.0,133056.0,2238.0,1718.0,520.0,2318.0,1502.0,215.0,556.0,45.0,0.0,0.0,0.0,0.0,0.0,0.0,2238.0,1718.0,10.0,326.0,1184.0,98.0,77.0,23.0,520.0,219.0,219.0,59.0,5.0,18.0,0.0,520.0,62.0,97.0,54.0,15.0,22.0,202.0,0.0,0.0,18.0,50.0,25021416200,0.031006590772917914,133056.0,0.25927523727351165,0.10232350312779268,0.03654883163571001,0.37222887956860395,0.48142600359496707,0.7676496872207328,6676.0,0.07922294733646987,0.4230769230769231,0.2323503127792672,0.7407247627264884
5355.0,5355.0,5077.0,3561.0,1145.0,20.0,86.0,0.0,0.0,265.0,123.0,142.0,278.0,23.0,0.0,0.0,0.0,0.0,33.0,222.0,206.0,16.0,5355.0,275.0,154.0,0.0,0.0,0.0,10.0,0.0,40.0,52.0,1.0,0.0,0.0,29.0,8.0,14.0,121.0,0.0,0.0,42.0,0.0,0.0,0.0,0.0,20.0,22.0,11.0,0.0,9.0,17.0,5080.0,2599.0,91.0,32.0,194.0,184.0,91.0,122.0,247.0,153.0,415.0,429.0,309.0,259.0,73.0,2481.0,163.0,44.0,300.0,56.0,71.0,45.0,100.0,204.0,512.0,367.0,224.0,253.0,142.0,194957.0,1697.0,1361.0,336.0,1762.0,1164.0,40.0,386.0,26.0,0.0,17.0,90.0,39.0,0.0,0.0,1697.0,1361.0,15.0,293.0,680.0,313.0,60.0,0.0,336.0,17.0,220.0,99.0,0.0,0.0,0.0,336.0,0.0,0.0,90.0,13.0,72.0,31.0,39.0,0.0,79.0,12.0,25021416300,0.051914098972922505,194957.0,0.3166855845629966,0.01885680612846199,0.016059757236227823,0.2138188608776844,0.6649859943977591,0.8020035356511491,5355.0,0.051353874883286646,0.44345238095238093,0.1979964643488509,0.6833144154370034
6264.0,6264.0,6138.0,5344.0,184.0,31.0,348.0,0.0,16.0,215.0,0.0,215.0,126.0,107.0,0.0,0.0,0.0,0.0,0.0,19.0,19.0,0.0,6264.0,218.0,87.0,0.0,0.0,0.0,0.0,0.0,0.0,0.0,0.0,0.0,77.0,10.0,0.0,0.0,131.0,0.0,0.0,0.0,0.0,0.0,0.0,57.0,0.0,0.0,9.0,0.0,65.0,0.0,6046.0,2898.0,213.0,47.0,280.0,222.0,34.0,80.0,126.0,284.0,437.0,352.0,421.0,309.0,93.0,3148.0,201.0,14.0,458.0,199.0,80.0,170.0,113.0,268.0,448.0,406.0,414.0,293.0,84.0,206304.0,2099.0,2011.0,88.0,2123.0,1907.0,15.0,120.0,0.0,0.0,19.0,42.0,20.0,0.0,0.0,2099.0,2011.0,28.0,545.0,1132.0,237.0,54.0,15.0,88.0,19.0,69.0,0.0,0.0,0.0,0.0,88.0,19.0,0.0,22.0,25.0,0.0,22.0,0.0,0.0,0.0,0.0,25021416400,0.020114942528735632,206304.0,0.09467734338200659,0.022391615054787994,0.05555555555555555,0.02937420178799489,0.8531289910600255,0.9580752739399714,6264.0,0.034802043422733075,0.25,0.04192472606002858,0.9053226566179934
5750.0,5750.0,5680.0,3967.0,287.0,0.0,1305.0,0.0,0.0,121.0,0.0,121.0,70.0,0.0,0.0,0.0,0.0,0.0,69.0,1.0,1.0,0.0,5750.0,515.0,243.0,0.0,0.0,0.0,0.0,0.0,0.0,56.0,11.0,36.0,14.0,77.0,49.0,0.0,272.0,0.0,0.0,0.0,0.0,0.0,0.0,46.0,63.0,0.0,0.0,91.0,28.0,44.0,5235.0,2355.0,205.0,20.0,82.0,37.0,0.0,64.0,134.0,458.0,391.0,326.0,296.0,181.0,161.0,2880.0,241.0,22.0,131.0,11.0,38.0,61.0,143.0,509.0,396.0,282.0,371.0,360.0,315.0,92320.0,2361.0,1343.0,1018.0,2472.0,1275.0,128.0,279.0,384.0,151.0,102.0,153.0,0.0,0.0,0.0,2361.0,1343.0,67.0,501.0,666.0,72.0,37.0,0.0,1018.0,132.0,580.0,206.0,80.0,20.0,0.0,1018.0,24.0,40.0,56.0,85.0,108.0,140.0,22.0,300.0,172.0,71.0,25021417100,0.01217391304347826,92320.0,0.4324433656957929,0.084286319356205,0.22695652173913045,0.04991304347826087,0.6899130434782609,0.5688267683185091,5750.0,0.08956521739130435,0.6227897838899804,0.4311732316814909,0.5675566343042071
5177.0,5177.0,4904.0,1928.0,253.0,0.0,2723.0,0.0,0.0,0.0,0.0,0.0,273.0,0.0,0.0,0.0,0.0,0.0,61.0,212.0,212.0,0.0,5177.0,483.0,208.0,0.0,0.0,0.0,0.0,0.0,66.0,38.0,0.0,10.0,81.0,0.0,13.0,0.0,275.0,0.0,0.0,0.0,12.0,0.0,0.0,98.0,0.0,116.0,29.0,0.0,0.0,20.0,4694.0,2416.0,54.0,32.0,91.0,67.0,54.0,21.0,227.0,684.0,113.0,259.0,333.0,305.0,176.0,2278.0,42.0,0.0,67.0,89.0,24.0,58.0,241.0,505.0,264.0,242.0,282.0,272.0,192.0,91099.0,2155.0,1089.0,1066.0,2394.0,836.0,122.0,198.0,166.0,32.0,0.0,144.0,896.0,0.0,0.0,2155.0,1089.0,63.0,492.0,433.0,42.0,37.0,22.0,1066.0,159.0,577.0,330.0,0.0,0.0,0.0,1066.0,0.0,84.0,75.0,97.0,110.0,144.0,32.0,154.0,208.0,162.0,25021417201,0.05273324319103728,91099.0,0.5998329156223893,0.10301624129930395,0.525980297469577,0.04887000193162063,0.37241645740776513,0.5053364269141531,5177.0,0.09329727641491212,0.5046904315196998,0.49466357308584685,0.40016708437761067
4034.0,4034.0,3936.0,1788.0,166.0,0.0,1744.0,0.0,117.0,121.0,73.0,48.0,98.0,0.0,0.0,0.0,0.0,0.0,98.0,0.0,0.0,0.0,4034.0,513.0,300.0,0.0,0.0,38.0,38.0,0.0,0.0,46.0,20.0,0.0,23.0,103.0,32.0,0.0,213.0,0.0,0.0,14.0,50.0,0.0,16.0,27.0,14.0,49.0,13.0,17.0,13.0,0.0,3521.0,1902.0,114.0,0.0,162.0,25.0,0.0,53.0,111.0,373.0,477.0,149.0,218.0,121.0,99.0,1619.0,37.0,10.0,58.0,82.0,0.0,0.0,83.0,312.0,379.0,195.0,242.0,90.0,131.0,134135.0,1547.0,849.0,698.0,1585.0,881.0,58.0,213.0,187.0,12.0,62.0,172.0,0.0,0.0,0.0,1547.0,849.0,16.0,361.0,256.0,204.0,12.0,0.0,698.0,116.0,300.0,177.0,105.0,0.0,0.0,698.0,0.0,61.0,97.0,178.0,35.0,10.0,12.0,0.0,244.0,61.0,25021417202,0.024293505205751114,134135.0,0.4075709779179811,0.08532643826761474,0.43232523549826474,0.04115022310361924,0.44323252354982645,0.5488041370394312,4034.0,0.1271690629647992,0.38108882521489973,0.45119586296056885,0.592429022082019
3422.0,3422.0,3398.0,2710.0,55.0,0.0,496.0,0.0,19.0,118.0,43.0,75.0,24.0,0.0,0.0,0.0,23.0,0.0,0.0,1.0,1.0,0.0,3208.0,258.0,113.0,0.0,0.0,0.0,0.0,0.0,0.0,1.0,34.0,0.0,0.0,28.0,31.0,19.0,145.0,0.0,0.0,0.0,0.0,0.0,0.0,0.0,9.0,17.0,7.0,14.0,25.0,73.0,2950.0,1429.0,54.0,19.0,0.0,0.0,0.0,0.0,66.0,437.0,259.0,203.0,148.0,129.0,114.0,1521.0,27.0,0.0,8.0,0.0,0.0,0.0,66.0,313.0,258.0,223.0,174.0,164.0,288.0,139594.0,2055.0,881.0,1174.0,2250.0,256.0,233.0,36.0,32.0,40.0,71.0,82.0,1500.0,0.0,0.0,2055.0,881.0,0.0,474.0,388.0,19.0,0.0,0.0,1174.0,202.0,718.0,254.0,0.0,0.0,0.0,1174.0,73.0,114.0,161.0,261.0,79.0,140.0,12.0,130.0,197.0,7.0,25021417300,0.0070134424313267095,139594.0,0.7826666666666666,0.09829683698296837,0.14494447691408532,0.016072472238457043,0.7919345412039743,0.42871046228710463,3422.0,0.08042394014962594,0.4080068143100511,0.5712895377128954,0.21733333333333332
2855.0,2855.0,2501.0,2169.0,44.0,19.0,138.0,0.0,13.0,118.0,0.0,118.0,354.0,71.0,0.0,36.0,0.0,0.0,66.0,181.0,181.0,0.0,2855.0,124.0,65.0,0.0,0.0,0.0,0.0,0.0,0.0,20.0,0.0,0.0,0.0,45.0,0.0,0.0,59.0,0.0,0.0,0.0,0.0,0.0,0.0,6.0,4.0,0.0,34.0,0.0,5.0,10.0,2731.0,1337.0,86.0,0.0,104.0,19.0,13.0,40.0,98.0,116.0,145.0,218.0,198.0,182.0,118.0,1394.0,39.0,0.0,18.0,78.0,39.0,141.0,114.0,137.0,175.0,160.0,186.0,160.0,147.0,139886.0,1080.0,856.0,224.0,1110.0,887.0,0.0,70.0,121.0,32.0,0.0,0.0,0.0,0.0,0.0,1080.0,856.0,58.0,215.0,318.0,209.0,23.0,33.0,224.0,33.0,88.0,99.0,4.0,0.0,0.0,224.0,9.0,94.0,9.0,0.0,48.0,5.0,10.0,11.0,10.0,28.0,25021417400,0.12399299474605954,139886.0,0.2009009009009009,0.08425925925925926,0.04833625218914186,0.015411558669001752,0.7597197898423818,0.7925925925925926,2855.0,0.043432574430823115,0.16071428571428573,0.2074074074074074,0.7990990990990992
5563.0,5563.0,5405.0,2492.0,85.0,0.0,2748.0,0.0,14.0,66.0,33.0,33.0,158.0,41.0,0.0,0.0,0.0,0.0,14.0,103.0,103.0,0.0,5563.0,651.0,321.0,0.0,56.0,76.0,0.0,0.0,0.0,59.0,12.0,0.0,52.0,16.0,28.0,22.0,330.0,0.0,0.0,111.0,0.0,0.0,0.0,32.0,0.0,56.0,50.0,0.0,61.0,20.0,4912.0,2311.0,84.0,0.0,88.0,13.0,0.0,97.0,295.0,490.0,410.0,263.0,302.0,238.0,31.0,2601.0,75.0,0.0,234.0,69.0,71.0,48.0,167.0,372.0,470.0,305.0,434.0,239.0,117.0,90491.0,2031.0,1172.0,859.0,2259.0,935.0,124.0,565.0,230.0,0.0,0.0,185.0,130.0,90.0,0.0,2031.0,1172.0,78.0,370.0,539.0,76.0,96.0,13.0,859.0,146.0,427.0,263.0,23.0,0.0,0.0,859.0,0.0,71.0,23.0,103.0,96.0,203.0,41.0,53.0,227.0,42.0,25021417501,0.028401941398525976,90491.0,0.5312084993359893,0.11029049729197439,0.4939780693870214,0.015279525435915873,0.4479597339564983,0.5770556376169375,5563.0,0.11702318892683804,0.610011641443539,0.42294436238306254,0.46879150066401065
4838.0,4838.0,4672.0,2009.0,276.0,0.0,2238.0,0.0,22.0,127.0,0.0,127.0,166.0,0.0,0.0,0.0,0.0,0.0,68.0,98.0,98.0,0.0,4838.0,351.0,153.0,0.0,0.0,0.0,0.0,0.0,0.0,0.0,18.0,0.0,45.0,10.0,80.0,0.0,198.0,0.0,0.0,0.0,0.0,0.0,9.0,0.0,53.0,10.0,24.0,32.0,55.0,15.0,4487.0,2501.0,96.0,19.0,131.0,51.0,51.0,55.0,246.0,667.0,494.0,233.0,266.0,125.0,67.0,1986.0,21.0,0.0,43.0,42.0,0.0,0.0,101.0,575.0,270.0,171.0,446.0,201.0,116.0,91984.0,2169.0,1032.0,1137.0,2274.0,448.0,133.0,225.0,348.0,279.0,278.0,130.0,426.0,7.0,0.0,2169.0,1032.0,89.0,521.0,235.0,127.0,60.0,0.0,1137.0,418.0,508.0,176.0,28.0,0.0,7.0,1137.0,20.0,58.0,170.0,122.0,201.0,33.0,121.0,102.0,237.0,73.0,25021417502,0.03431169904919388,91984.0,0.7445030782761654,0.23374827109266944,0.4625878462174452,0.05704836709384043,0.4152542372881356,0.47579529737206083,4838.0,0.0725506407606449,0.4335971855760774,0.5242047026279392,0.25549692172383465
5284.0,5284.0,5177.0,2419.0,53.0,0.0,2452.0,7.0,77.0,169.0,19.0,150.0,107.0,34.0,0.0,4.0,0.0,0.0,28.0,41.0,35.0,6.0,4881.0,370.0,178.0,9.0,0.0,18.0,0.0,0.0,0.0,0.0,20.0,0.0,19.0,44.0,36.0,32.0,192.0,0.0,0.0,19.0,0.0,0.0,0.0,18.0,10.0,0.0,38.0,40.0,49.0,18.0,4511.0,2124.0,143.0,0.0,48.0,69.0,17.0,142.0,127.0,401.0,187.0,361.0,290.0,189.0,150.0,2387.0,35.0,32.0,95.0,37.0,0.0,46.0,125.0,557.0,261.0,457.0,337.0,202.0,203.0,113181.0,1959.0,1240.0,719.0,2184.0,829.0,60.0,566.0,117.0,7.0,2.0,157.0,446.0,0.0,0.0,1959.0,1240.0,170.0,661.0,294.0,111.0,4.0,0.0,719.0,181.0,378.0,106.0,40.0,14.0,0.0,719.0,73.0,78.0,23.0,131.0,100.0,30.0,0.0,147.0,54.0,83.0,25021417601,0.02024981074943225,113181.0,0.592948717948718,0.17917304747320062,0.4640423921271764,0.010030280090840272,0.4577971233913702,0.6329760081674324,5284.0,0.07580413849620979,0.32127955493741306,0.3670239918325676,0.40705128205128205
4593.0,4593.0,4270.0,2734.0,169.0,0.0,1285.0,0.0,0.0,82.0,0.0,82.0,323.0,18.0,139.0,0.0,46.0,0.0,65.0,55.0,55.0,0.0,4593.0,476.0,331.0,0.0,0.0,64.0,0.0,0.0,0.0,0.0,46.0,70.0,0.0,41.0,12.0,98.0,145.0,0.0,0.0,0.0,0.0,0.0,0.0,0.0,26.0,0.0,0.0,0.0,13.0,106.0,4117.0,1992.0,43.0,17.0,120.0,18.0,12.0,18.0,200.0,446.0,403.0,157.0,176.0,214.0,168.0,2125.0,96.0,39.0,81.0,0.0,0.0,9.0,334.0,585.0,157.0,152.0,231.0,159.0,282.0,100443.0,2179.0,924.0,1255.0,2239.0,948.0,42.0,100.0,341.0,115.0,307.0,210.0,176.0,0.0,0.0,2179.0,924.0,62.0,339.0,416.0,83.0,24.0,0.0,1255.0,230.0,835.0,143.0,26.0,21.0,0.0,1255.0,22.0,45.0,321.0,220.0,130.0,201.0,4.0,107.0,158.0,47.0,25021417602,0.07032440670585674,100443.0,0.5578383206788745,0.13400642496558055,0.27977356847376444,0.03679512301328108,0.5952536468539081,0.42404772831574117,4593.0,0.10363596777705203,0.3745019920318725,0.5759522716842589,0.4421616793211255
2696.0,2696.0,2552.0,2130.0,115.0,0.0,193.0,0.0,16.0,98.0,27.0,71.0,144.0,65.0,34.0,0.0,0.0,0.0,35.0,10.0,0.0,10.0,2696.0,288.0,133.0,0.0,0.0,7.0,0.0,0.0,0.0,11.0,10.0,36.0,30.0,11.0,16.0,12.0,155.0,0.0,0.0,0.0,0.0,0.0,0.0,0.0,59.0,10.0,67.0,10.0,9.0,0.0,2408.0,1218.0,25.0,37.0,194.0,0.0,6.0,7.0,117.0,111.0,180.0,236.0,139.0,98.0,68.0,1190.0,72.0,0.0,89.0,29.0,12.0,20.0,63.0,234.0,246.0,120.0,141.0,107.0,57.0,133304.0,1041.0,674.0,367.0,1059.0,684.0,18.0,24.0,4.0,58.0,116.0,113.0,42.0,0.0,0.0,1041.0,674.0,16.0,297.0,341.0,13.0,7.0,0.0,367.0,83.0,158.0,41.0,0.0,30.0,55.0,367.0,15.0,4.0,107.0,32.0,12.0,0.0,7.0,9.0,126.0,55.0,25021417702,0.05341246290801187,133304.0,0.3371104815864023,0.09510086455331412,0.07158753709198813,0.04265578635014837,0.7900593471810089,0.6474543707973103,2696.0,0.10682492581602374,0.3869209809264305,0.3525456292026897,0.6628895184135978
2472.0,2472.0,2393.0,1442.0,122.0,0.0,775.0,0.0,0.0,54.0,0.0,54.0,79.0,8.0,0.0,0.0,0.0,0.0,22.0,49.0,49.0,0.0,2269.0,339.0,132.0,0.0,0.0,0.0,0.0,0.0,0.0,9.0,0.0,14.0,60.0,9.0,21.0,19.0,207.0,0.0,0.0,0.0,0.0,0.0,0.0,0.0,41.0,0.0,0.0,34.0,68.0,64.0,1930.0,884.0,0.0,0.0,29.0,61.0,0.0,0.0,45.0,258.0,199.0,56.0,64.0,50.0,122.0,1046.0,85.0,0.0,24.0,0.0,0.0,0.0,46.0,346.0,99.0,116.0,52.0,63.0,215.0,48381.0,1469.0,185.0,1284.0,1623.0,41.0,27.0,76.0,75.0,69.0,99.0,258.0,978.0,0.0,0.0,1469.0,185.0,6.0,155.0,24.0,0.0,0.0,0.0,1284.0,673.0,522.0,80.0,9.0,0.0,0.0,1284.0,0.0,75.0,127.0,209.0,163.0,109.0,74.0,99.0,378.0,50.0,25021417703,0.031957928802589,48381.0,0.958102279728897,0.4622191967324711,0.31351132686084143,0.049352750809061485,0.5833333333333334,0.1259360108917631,2472.0,0.1494050242397532,0.514018691588785,0.8740639891082369,0.041897720271102896
4274.0,4274.0,3830.0,2636.0,167.0,0.0,881.0,0.0,0.0,146.0,55.0,91.0,444.0,20.0,0.0,0.0,0.0,0.0,89.0,335.0,92.0,243.0,4274.0,216.0,138.0,0.0,8.0,0.0,0.0,0.0,0.0,67.0,58.0,1.0,2.0,2.0,0.0,0.0,78.0,0.0,0.0,0.0,0.0,0.0,0.0,15.0,18.0,0.0,10.0,0.0,8.0,27.0,4058.0,2088.0,170.0,9.0,88.0,0.0,0.0,0.0,276.0,560.0,456.0,67.0,225.0,145.0,92.0,1970.0,172.0,0.0,64.0,0.0,0.0,0.0,214.0,466.0,457.0,104.0,334.0,91.0,68.0,98347.0,1868.0,665.0,1203.0,2073.0,262.0,74.0,194.0,361.0,4.0,77.0,486.0,582.0,10.0,23.0,1868.0,665.0,14.0,383.0,134.0,66.0,31.0,37.0,1203.0,135.0,771.0,207.0,67.0,0.0,23.0,1203.0,38.0,28.0,196.0,97.0,241.0,201.0,95.0,0.0,229.0,78.0,25021417704,0.10388394946186243,98347.0,0.8268210323203087,0.07976445396145611,0.20613008890968648,0.03907346747777258,0.6167524567150211,0.35599571734475377,4274.0,0.05053813757604118,0.43640897755610975,0.6440042826552462,0.16208393632416787
6360.0,6360.0,6281.0,5073.0,121.0,0.0,876.0,0.0,0.0,211.0,37.0,174.0,79.0,0.0,0.0,0.0,0.0,0.0,0.0,79.0,59.0,20.0,6360.0,337.0,67.0,16.0,0.0,0.0,16.0,0.0,17.0,0.0,0.0,18.0,0.0,0.0,0.0,0.0,270.0,0.0,17.0,0.0,0.0,0.0,0.0,76.0,59.0,16.0,0.0,65.0,18.0,19.0,6023.0,2991.0,198.0,0.0,268.0,185.0,33.0,45.0,21.0,351.0,384.0,295.0,365.0,613.0,233.0,3032.0,148.0,16.0,251.0,35.0,0.0,112.0,101.0,439.0,549.0,291.0,403.0,362.0,325.0,116763.0,2608.0,2141.0,467.0,2624.0,2200.0,22.0,84.0,49.0,48.0,14.0,0.0,207.0,0.0,0.0,2608.0,2141.0,59.0,795.0,853.0,252.0,165.0,17.0,467.0,13.0,207.0,230.0,17.0,0.0,0.0,467.0,16.0,0.0,62.0,176.0,15.0,42.0,0.0,60.0,49.0,47.0,25021417801,0.012421383647798743,116763.0,0.15320121951219512,0.027607361963190184,0.13773584905660377,0.019025157232704402,0.7976415094339623,0.8209355828220859,6360.0,0.0529874213836478,0.3233404710920771,0.1790644171779141,0.8467987804878049
3051.0,3051.0,2928.0,1386.0,597.0,0.0,782.0,0.0,45.0,118.0,54.0,64.0,123.0,0.0,0.0,0.0,0.0,0.0,35.0,88.0,71.0,17.0,3051.0,930.0,399.0,49.0,0.0,51.0,10.0,28.0,0.0,68.0,9.0,9.0,39.0,90.0,20.0,26.0,531.0,10.0,0.0,32.0,20.0,0.0,79.0,80.0,11.0,11.0,115.0,71.0,94.0,8.0,2121.0,1209.0,58.0,0.0,48.0,94.0,0.0,31.0,275.0,119.0,56.0,201.0,139.0,97.0,91.0,912.0,73.0,22.0,38.0,0.0,0.0,11.0,126.0,80.0,135.0,108.0,130.0,98.0,91.0,47950.0,1175.0,498.0,677.0,1257.0,476.0,102.0,54.0,392.0,0.0,0.0,30.0,203.0,0.0,0.0,1175.0,498.0,40.0,126.0,233.0,55.0,44.0,0.0,677.0,307.0,218.0,132.0,9.0,11.0,0.0,677.0,10.0,63.0,77.0,92.0,93.0,105.0,22.0,92.0,112.0,11.0,25021417802,0.04031465093411996,47950.0,0.5401750198886237,0.29531914893617023,0.2563094067518846,0.19567354965585054,0.45427728613569324,0.4238297872340426,3051.0,0.3048180924287119,0.48892171344165436,0.5761702127659575,0.4598249801113763
7161.0,7161.0,6787.0,3610.0,544.0,43.0,1412.0,0.0,565.0,613.0,305.0,308.0,374.0,0.0,0.0,0.0,0.0,0.0,69.0,305.0,305.0,0.0,7152.0,1086.0,504.0,36.0,0.0,0.0,0.0,0.0,0.0,28.0,109.0,15.0,173.0,49.0,65.0,29.0,582.0,45.0,0.0,0.0,0.0,0.0,0.0,40.0,145.0,155.0,27.0,0.0,68.0,102.0,6066.0,3258.0,160.0,0.0,11.0,0.0,0.0,58.0,382.0,784.0,172.0,269.0,546.0,488.0,388.0,2808.0,60.0,0.0,26.0,0.0,0.0,0.0,93.0,742.0,200.0,314.0,514.0,298.0,561.0,58392.0,4245.0,1115.0,3130.0,4519.0,478.0,352.0,214.0,247.0,278.0,335.0,354.0,2261.0,0.0,0.0,4245.0,1115.0,64.0,549.0,308.0,11.0,183.0,0.0,3130.0,761.0,1823.0,533.0,13.0,0.0,0.0,3130.0,55.0,159.0,297.0,281.0,446.0,308.0,409.0,274.0,878.0,23.0,25021417901,0.05222734254992319,58392.0,0.8163310466917459,0.19434628975265017,0.1971791649211004,0.07596704370897919,0.5041195363776009,0.2626619552414605,7161.0,0.1518456375838926,0.5971246006389777,0.7373380447585395,0.18366895330825403
3940.0,3940.0,3370.0,2068.0,124.0,38.0,1031.0,0.0,72.0,37.0,37.0,0.0,570.0,102.0,0.0,0.0,0.0,0.0,277.0,191.0,159.0,32.0,3940.0,373.0,199.0,55.0,0.0,0.0,0.0,0.0,8.0,10.0,29.0,10.0,8.0,23.0,39.0,17.0,174.0,0.0,0.0,15.0,0.0,0.0,16.0,12.0,24.0,63.0,14.0,0.0,25.0,5.0,3567.0,1845.0,56.0,14.0,0.0,98.0,13.0,14.0,276.0,375.0,138.0,240.0,338.0,117.0,166.0,1722.0,24.0,0.0,92.0,0.0,24.0,14.0,253.0,382.0,228.0,201.0,290.0,88.0,126.0,118250.0,1632.0,675.0,957.0,1700.0,371.0,144.0,554.0,370.0,107.0,72.0,72.0,6.0,4.0,0.0,1632.0,675.0,88.0,275.0,172.0,61.0,73.0,6.0,957.0,203.0,370.0,289.0,95.0,0.0,0.0,957.0,103.0,90.0,264.0,155.0,119.0,71.0,35.0,35.0,52.0,33.0,25021417902,0.1446700507614213,118250.0,0.6970588235294117,0.17830882352941177,0.2616751269035533,0.03147208121827411,0.5248730964467005,0.41360294117647056,3940.0,0.09467005076142132,0.20167189132706373,0.5863970588235294,0.3029411764705882
7117.0,7117.0,6227.0,2785.0,319.0,33.0,2886.0,0.0,61.0,143.0,67.0,76.0,890.0,37.0,67.0,0.0,0.0,0.0,309.0,477.0,452.0,25.0,7013.0,281.0,68.0,0.0,0.0,0.0,0.0,0.0,0.0,0.0,32.0,3.0,7.0,0.0,12.0,14.0,213.0,0.0,0.0,0.0,0.0,15.0,0.0,0.0,34.0,20.0,0.0,0.0,90.0,54.0,6732.0,3518.0,242.0,3.0,357.0,71.0,0.0,39.0,166.0,891.0,925.0,319.0,299.0,101.0,105.0,3214.0,157.0,104.0,344.0,57.0,0.0,0.0,181.0,582.0,905.0,262.0,293.0,208.0,121.0,110216.0,3092.0,933.0,2159.0,3325.0,580.0,79.0,602.0,362.0,143.0,308.0,142.0,1062.0,35.0,12.0,3092.0,933.0,45.0,450.0,356.0,68.0,14.0,0.0,2159.0,337.0,1340.0,365.0,117.0,0.0,0.0,2159.0,42.0,169.0,418.0,361.0,339.0,410.0,88.0,75.0,151.0,106.0,25021418002,0.12505269074048053,110216.0,0.7981954887218045,0.12354463130659767,0.4055079387382324,0.04482225656877898,0.3913165659688071,0.3017464424320828,7117.0,0.040068444317695705,0.3353404353867531,0.6982535575679172,0.1981954887218045
2759.0,2759.0,2315.0,1473.0,111.0,0.0,617.0,0.0,34.0,80.0,39.0,41.0,444.0,60.0,0.0,18.0,0.0,0.0,55.0,311.0,302.0,9.0,2759.0,317.0,204.0,0.0,0.0,24.0,0.0,0.0,0.0,24.0,11.0,93.0,0.0,18.0,34.0,0.0,113.0,0.0,0.0,0.0,0.0,0.0,0.0,13.0,72.0,13.0,6.0,9.0,0.0,0.0,2442.0,1252.0,61.0,0.0,16.0,0.0,0.0,0.0,95.0,483.0,269.0,126.0,104.0,59.0,39.0,1190.0,31.0,0.0,5.0,31.0,10.0,0.0,65.0,575.0,125.0,126.0,80.0,132.0,10.0,112889.0,1446.0,331.0,1115.0,1512.0,62.0,143.0,177.0,27.0,132.0,180.0,268.0,448.0,75.0,0.0,1446.0,331.0,118.0,118.0,89.0,0.0,6.0,0.0,1115.0,57.0,567.0,485.0,6.0,0.0,0.0,1115.0,16.0,25.0,193.0,102.0,150.0,101.0,107.0,107.0,289.0,25.0,25021418003,0.16092787241754258,112889.0,0.8644179894179894,0.12102351313969571,0.22363175063428778,0.040231968104385646,0.5338890902500906,0.2289073305670816,2759.0,0.11489670170351576,0.5417040358744395,0.7710926694329184,0.13558201058201058
5532.0,5532.0,5143.0,1937.0,708.0,0.0,2000.0,0.0,36.0,462.0,388.0,74.0,389.0,84.0,0.0,0.0,0.0,0.0,278.0,27.0,27.0,0.0,5508.0,781.0,210.0,24.0,0.0,0.0,0.0,0.0,0.0,2.0,71.0,10.0,51.0,12.0,28.0,12.0,571.0,60.0,36.0,37.0,26.0,41.0,0.0,83.0,83.0,68.0,16.0,65.0,0.0,56.0,4727.0,2419.0,174.0,67.0,81.0,23.0,0.0,92.0,82.0,385.0,479.0,380.0,284.0,304.0,68.0,2308.0,51.0,0.0,87.0,46.0,21.0,10.0,224.0,567.0,504.0,328.0,133.0,289.0,48.0,82271.0,2185.0,721.0,1464.0,2221.0,562.0,127.0,411.0,475.0,115.0,65.0,165.0,301.0,0.0,0.0,2185.0,721.0,26.0,254.0,357.0,66.0,0.0,18.0,1464.0,382.0,659.0,338.0,85.0,0.0,0.0,1464.0,6.0,150.0,274.0,197.0,134.0,101.0,37.0,199.0,343.0,23.0,25021418004,0.0703181489515546,82271.0,0.689779378658262,0.18672768878718535,0.3615328994938539,0.1279826464208243,0.35014461315979756,0.3299771167048055,5532.0,0.14179375453885257,0.4644808743169399,0.6700228832951945,0.31022062134173795
4839.0,4839.0,4498.0,3401.0,143.0,0.0,843.0,0.0,0.0,111.0,0.0,111.0,341.0,118.0,0.0,0.0,16.0,0.0,41.0,166.0,166.0,0.0,4829.0,684.0,261.0,0.0,0.0,46.0,78.0,0.0,0.0,87.0,15.0,0.0,1.0,16.0,18.0,0.0,423.0,16.0,0.0,33.0,0.0,0.0,0.0,96.0,39.0,2.0,107.0,0.0,15.0,115.0,4145.0,1929.0,172.0,79.0,166.0,42.0,7.0,15.0,60.0,419.0,236.0,139.0,205.0,315.0,74.0,2216.0,145.0,0.0,12.0,0.0,7.0,0.0,63.0,649.0,370.0,214.0,289.0,258.0,209.0,104254.0,2367.0,1235.0,1132.0,2648.0,1245.0,47.0,226.0,133.0,17.0,83.0,186.0,711.0,0.0,0.0,2367.0,1235.0,51.0,401.0,712.0,35.0,36.0,0.0,1132.0,321.0,641.0,156.0,14.0,0.0,0.0,1132.0,18.0,78.0,177.0,140.0,61.0,140.0,30.0,43.0,309.0,136.0,25021418101,0.07046910518702211,104254.0,0.5120845921450151,0.15716096324461343,0.17420954742715436,0.02955156023971895,0.7028311634635255,0.5217574989438107,4839.0,0.14164423276040589,0.46113074204946997,0.47824250105618926,0.4879154078549849
3868.0,3868.0,3153.0,1669.0,410.0,0.0,897.0,0.0,0.0,177.0,68.0,109.0,715.0,337.0,1.0,0.0,0.0,0.0,138.0,239.0,216.0,23.0,3863.0,199.0,82.0,0.0,0.0,0.0,0.0,0.0,0.0,6.0,24.0,26.0,13.0,13.0,0.0,0.0,117.0,0.0,0.0,15.0,0.0,0.0,0.0,24.0,16.0,21.0,0.0,5.0,11.0,25.0,3664.0,2181.0,135.0,16.0,139.0,9.0,87.0,0.0,127.0,568.0,587.0,151.0,181.0,145.0,36.0,1483.0,39.0,11.0,64.0,0.0,0.0,99.0,123.0,456.0,247.0,135.0,148.0,73.0,88.0,116250.0,1894.0,583.0,1311.0,1986.0,396.0,248.0,122.0,512.0,206.0,67.0,130.0,305.0,0.0,0.0,1894.0,583.0,39.0,255.0,186.0,80.0,23.0,0.0,1311.0,122.0,593.0,582.0,0.0,14.0,0.0,1311.0,29.0,127.0,410.0,68.0,113.0,146.0,29.0,136.0,236.0,17.0,25021418102,0.18485005170630817,116250.0,0.675730110775428,0.0850052798310454,0.23190279214064116,0.10599793174767322,0.4314891416752844,0.3078141499472017,3868.0,0.05151436707222366,0.41723874904652936,0.6921858500527983,0.324269889224572
6529.0,6529.0,6021.0,2973.0,1272.0,0.0,1426.0,0.0,0.0,350.0,266.0,84.0,508.0,19.0,91.0,0.0,0.0,0.0,215.0,183.0,183.0,0.0,6519.0,1103.0,673.0,184.0,0.0,15.0,0.0,27.0,0.0,351.0,21.0,21.0,28.0,6.0,20.0,0.0,430.0,0.0,0.0,14.0,0.0,0.0,31.0,35.0,186.0,88.0,15.0,0.0,44.0,17.0,5416.0,2973.0,120.0,0.0,171.0,71.0,21.0,0.0,194.0,706.0,451.0,270.0,441.0,328.0,200.0,2443.0,99.0,0.0,112.0,64.0,0.0,63.0,86.0,557.0,366.0,227.0,472.0,343.0,54.0,93344.0,2727.0,1349.0,1378.0,2758.0,1065.0,132.0,180.0,117.0,198.0,310.0,234.0,522.0,0.0,0.0,2727.0,1349.0,87.0,347.0,607.0,175.0,110.0,23.0,1378.0,112.0,760.0,331.0,175.0,0.0,0.0,1378.0,0.0,34.0,178.0,121.0,119.0,303.0,7.0,136.0,392.0,88.0,25021418201,0.07780670853116864,93344.0,0.565989847715736,0.07297396406307298,0.2184101700107214,0.19482309695206004,0.45535304028181955,0.4946828016134947,6529.0,0.1691977297131462,0.6081277213352685,0.5053171983865054,0.434010152284264
5761.0,5761.0,5694.0,3628.0,124.0,0.0,1397.0,61.0,117.0,367.0,223.0,144.0,67.0,28.0,0.0,0.0,0.0,0.0,0.0,39.0,39.0,0.0,5761.0,530.0,187.0,24.0,0.0,42.0,0.0,0.0,0.0,36.0,0.0,46.0,0.0,11.0,12.0,16.0,343.0,0.0,0.0,37.0,13.0,0.0,14.0,0.0,18.0,23.0,30.0,124.0,0.0,84.0,5231.0,2663.0,52.0,83.0,264.0,27.0,32.0,137.0,288.0,326.0,286.0,542.0,313.0,199.0,114.0,2568.0,61.0,50.0,162.0,102.0,15.0,90.0,224.0,240.0,517.0,456.0,281.0,201.0,169.0,128183.0,2113.0,1587.0,526.0,2241.0,1496.0,22.0,129.0,102.0,119.0,109.0,46.0,218.0,0.0,0.0,2113.0,1587.0,16.0,620.0,567.0,236.0,69.0,79.0,526.0,64.0,341.0,97.0,24.0,0.0,0.0,526.0,39.0,100.0,5.0,26.0,79.0,24.0,55.0,19.0,161.0,18.0,25021419100,0.011629925360180524,128183.0,0.32262382864792505,0.03786086133459536,0.24249262280854017,0.021524040965110226,0.6297517792049991,0.7510648367250355,5761.0,0.0919979170282937,0.4923954372623574,0.2489351632749645,0.677376171352075
5350.0,5350.0,5243.0,3774.0,65.0,0.0,1123.0,0.0,33.0,248.0,107.0,141.0,107.0,35.0,20.0,0.0,0.0,0.0,18.0,34.0,27.0,7.0,5230.0,303.0,98.0,12.0,0.0,10.0,0.0,15.0,0.0,0.0,3.0,21.0,13.0,12.0,12.0,0.0,205.0,0.0,0.0,28.0,0.0,0.0,0.0,0.0,2.0,29.0,46.0,7.0,12.0,81.0,4927.0,2464.0,71.0,4.0,171.0,160.0,0.0,101.0,369.0,140.0,273.0,395.0,433.0,215.0,132.0,2463.0,70.0,42.0,164.0,132.0,39.0,35.0,278.0,334.0,217.0,450.0,343.0,255.0,104.0,130347.0,1771.0,1360.0,411.0,1875.0,1315.0,0.0,143.0,10.0,83.0,143.0,104.0,77.0,0.0,0.0,1771.0,1360.0,15.0,324.0,627.0,249.0,119.0,26.0,411.0,150.0,126.0,55.0,80.0,0.0,0.0,411.0,0.0,32.0,37.0,55.0,14.0,12.0,36.0,27.0,129.0,69.0,25021419200,0.02,130347.0,0.2986666666666667,0.09316770186335403,0.20990654205607476,0.012149532710280374,0.7054205607476636,0.7679277244494636,5350.0,0.05793499043977055,0.49635036496350365,0.23207227555053642,0.7013333333333334
3955.0,3955.0,3668.0,2481.0,235.0,0.0,758.0,0.0,0.0,194.0,112.0,82.0,287.0,24.0,121.0,0.0,0.0,0.0,0.0,142.0,142.0,0.0,3936.0,214.0,73.0,0.0,0.0,0.0,14.0,0.0,0.0,17.0,0.0,0.0,0.0,9.0,33.0,0.0,141.0,18.0,0.0,22.0,10.0,0.0,0.0,0.0,8.0,16.0,0.0,49.0,8.0,10.0,3722.0,1894.0,117.0,9.0,151.0,86.0,93.0,0.0,100.0,289.0,279.0,258.0,240.0,194.0,78.0,1828.0,93.0,34.0,93.0,65.0,0.0,80.0,106.0,251.0,338.0,216.0,335.0,149.0,68.0,105991.0,1554.0,1063.0,491.0,1600.0,875.0,24.0,174.0,38.0,166.0,323.0,0.0,0.0,0.0,0.0,1554.0,1063.0,48.0,370.0,404.0,192.0,37.0,12.0,491.0,95.0,254.0,142.0,0.0,0.0,0.0,491.0,32.0,57.0,92.0,43.0,43.0,0.0,34.0,23.0,167.0,0.0,25021419300,0.07256637168141593,105991.0,0.438125,0.09202059202059203,0.19165613147914032,0.05941845764854614,0.6273072060682681,0.6840411840411841,3955.0,0.05436991869918699,0.45621181262729127,0.315958815958816,0.561875
3292.0,3292.0,3179.0,1882.0,283.0,0.0,980.0,0.0,6.0,28.0,0.0,28.0,113.0,64.0,0.0,0.0,0.0,0.0,37.0,12.0,12.0,0.0,3292.0,196.0,107.0,0.0,0.0,0.0,8.0,9.0,0.0,2.0,2.0,3.0,9.0,12.0,62.0,0.0,89.0,0.0,0.0,0.0,0.0,0.0,0.0,0.0,0.0,2.0,3.0,35.0,9.0,40.0,3096.0,1551.0,131.0,22.0,102.0,20.0,88.0,18.0,0.0,218.0,208.0,180.0,232.0,263.0,69.0,1545.0,19.0,56.0,124.0,62.0,0.0,23.0,99.0,179.0,211.0,182.0,184.0,280.0,126.0,107731.0,1249.0,852.0,397.0,1314.0,889.0,0.0,92.0,215.0,99.0,0.0,19.0,0.0,0.0,0.0,1249.0,852.0,59.0,221.0,383.0,122.0,40.0,27.0,397.0,164.0,175.0,58.0,0.0,0.0,0.0,397.0,11.0,0.0,13.0,75.0,74.0,39.0,99.0,34.0,29.0,23.0,25021419400,0.034325637910085055,107731.0,0.3234398782343988,0.17854283426741394,0.2976913730255164,0.08596597812879708,0.571688942891859,0.6821457165732586,3292.0,0.05953827460510328,0.5062972292191436,0.3178542834267414,0.6765601217656012
3602.0,3602.0,3378.0,2538.0,135.0,0.0,654.0,0.0,0.0,51.0,0.0,51.0,224.0,23.0,0.0,0.0,0.0,0.0,13.0,188.0,171.0,17.0,3466.0,229.0,163.0,11.0,0.0,0.0,0.0,0.0,0.0,83.0,12.0,0.0,33.0,8.0,5.0,11.0,66.0,0.0,0.0,0.0,0.0,0.0,0.0,0.0,8.0,37.0,0.0,21.0,0.0,0.0,3237.0,1635.0,75.0,0.0,80.0,70.0,23.0,11.0,165.0,297.0,247.0,123.0,252.0,175.0,117.0,1602.0,112.0,22.0,85.0,14.0,0.0,21.0,198.0,288.0,228.0,218.0,163.0,142.0,111.0,151793.0,1241.0,1045.0,196.0,1254.0,1048.0,50.0,11.0,7.0,8.0,50.0,10.0,70.0,0.0,0.0,1241.0,1045.0,41.0,276.0,479.0,154.0,95.0,0.0,196.0,32.0,71.0,36.0,57.0,0.0,0.0,196.0,0.0,0.0,35.0,80.0,0.0,0.0,0.0,8.0,62.0,11.0,25021419500,0.06218767351471405,151793.0,0.12440191387559808,0.058823529411764705,0.1815657967795669,0.03747917823431427,0.7046085508051083,0.8420628525382756,3602.0,0.06607039815349106,0.35714285714285715,0.1579371474617244,0.8755980861244019
1305.0,1305.0,1298.0,911.0,33.0,0.0,306.0,0.0,6.0,42.0,30.0,12.0,7.0,0.0,0.0,0.0,0.0,0.0,0.0,7.0,7.0,0.0,1305.0,152.0,131.0,0.0,0.0,0.0,0.0,0.0,0.0,94.0,0.0,0.0,0.0,0.0,37.0,0.0,21.0,0.0,0.0,0.0,0.0,0.0,11.0,0.0,0.0,0.0,10.0,0.0,0.0,0.0,1153.0,480.0,22.0,0.0,0.0,18.0,0.0,12.0,13.0,156.0,102.0,36.0,47.0,50.0,24.0,673.0,29.0,0.0,0.0,10.0,0.0,0.0,0.0,201.0,76.0,97.0,95.0,109.0,56.0,106237.0,733.0,323.0,410.0,776.0,91.0,96.0,0.0,13.0,184.0,99.0,102.0,191.0,0.0,0.0,733.0,323.0,0.0,206.0,68.0,17.0,32.0,0.0,410.0,7.0,247.0,150.0,0.0,6.0,0.0,410.0,11.0,18.0,52.0,36.0,47.0,75.0,25.0,62.0,84.0,0.0,25021419601,0.0053639846743295016,106237.0,0.759020618556701,0.009549795361527967,0.23448275862068965,0.02528735632183908,0.6980842911877395,0.4406548431105048,1305.0,0.11647509578544062,0.6,0.5593451568894953,0.24097938144329897
6306.0,6306.0,6192.0,4850.0,0.0,0.0,1133.0,0.0,23.0,186.0,105.0,81.0,114.0,12.0,0.0,0.0,0.0,0.0,0.0,102.0,102.0,0.0,6306.0,134.0,75.0,0.0,0.0,0.0,0.0,0.0,0.0,0.0,28.0,24.0,0.0,23.0,0.0,0.0,59.0,0.0,0.0,0.0,0.0,0.0,0.0,0.0,0.0,19.0,0.0,25.0,0.0,15.0,6172.0,2863.0,301.0,19.0,284.0,72.0,0.0,142.0,125.0,83.0,497.0,446.0,401.0,349.0,144.0,3309.0,178.0,43.0,168.0,143.0,175.0,150.0,239.0,117.0,642.0,444.0,371.0,337.0,302.0,154879.0,2147.0,2056.0,91.0,2317.0,1917.0,212.0,10.0,30.0,91.0,16.0,41.0,0.0,0.0,0.0,2147.0,2056.0,70.0,633.0,943.0,282.0,87.0,41.0,91.0,0.0,47.0,10.0,34.0,0.0,0.0,91.0,0.0,16.0,0.0,0.0,10.0,0.0,0.0,0.0,15.0,50.0,25021419602,0.01807802093244529,154879.0,0.08113940440224428,0.032603632976245925,0.17967015540754835,0.0,0.7691087852838566,0.9576152771308803,6306.0,0.021249603552172536,0.16483516483516483,0.0423847228691197,0.9188605955977557
4662.0,4662.0,4641.0,3057.0,259.0,0.0,1191.0,0.0,45.0,89.0,0.0,89.0,21.0,0.0,0.0,0.0,0.0,0.0,13.0,8.0,8.0,0.0,4586.0,170.0,71.0,0.0,0.0,0.0,0.0,0.0,10.0,1.0,25.0,2.0,11.0,0.0,0.0,22.0,99.0,0.0,0.0,0.0,0.0,0.0,0.0,0.0,0.0,0.0,11.0,43.0,8.0,37.0,4416.0,2251.0,121.0,37.0,169.0,67.0,27.0,55.0,178.0,378.0,280.0,275.0,306.0,194.0,164.0,2165.0,69.0,31.0,137.0,134.0,0.0,41.0,171.0,321.0,280.0,315.0,265.0,221.0,180.0,180375.0,1821.0,1618.0,203.0,1866.0,1365.0,0.0,35.0,0.0,0.0,10.0,244.0,212.0,0.0,0.0,1821.0,1618.0,10.0,456.0,907.0,122.0,114.0,9.0,203.0,110.0,68.0,25.0,0.0,0.0,0.0,203.0,10.0,0.0,37.0,24.0,35.0,25.0,12.0,10.0,50.0,0.0,25021419700,0.0045045045045045045,180375.0,0.2684887459807074,0.06589785831960461,0.2554697554697555,0.05555555555555555,0.6557271557271557,0.8885227896760022,4662.0,0.03706934147405146,0.47783251231527096,0.11147721032399781,0.7315112540192926
4666.0,4666.0,4343.0,2855.0,174.0,6.0,1088.0,0.0,135.0,85.0,24.0,61.0,323.0,66.0,22.0,0.0,0.0,0.0,150.0,85.0,85.0,0.0,4539.0,344.0,176.0,0.0,0.0,0.0,18.0,18.0,0.0,11.0,56.0,2.0,19.0,29.0,8.0,15.0,168.0,0.0,0.0,19.0,0.0,0.0,0.0,3.0,0.0,40.0,9.0,30.0,34.0,33.0,4195.0,2068.0,206.0,8.0,210.0,40.0,10.0,0.0,185.0,435.0,262.0,248.0,264.0,133.0,67.0,2127.0,171.0,30.0,51.0,104.0,0.0,59.0,118.0,346.0,278.0,335.0,231.0,265.0,139.0,96736.0,1803.0,1295.0,508.0,1920.0,880.0,162.0,200.0,173.0,114.0,111.0,77.0,203.0,0.0,0.0,1803.0,1295.0,50.0,475.0,550.0,178.0,7.0,35.0,508.0,105.0,262.0,117.0,17.0,6.0,1.0,508.0,10.0,12.0,54.0,0.0,105.0,79.0,0.0,85.0,111.0,52.0,25021419800,0.06922417488212602,96736.0,0.45729166666666665,0.08596783139212424,0.23317616802400343,0.0372910415773682,0.6118731247321045,0.7182473655019412,4666.0,0.07578761841815378,0.5413385826771654,0.2817526344980588,0.5427083333333333
5375.0,5375.0,4456.0,2128.0,1674.0,0.0,442.0,0.0,2.0,210.0,47.0,163.0,919.0,19.0,131.0,0.0,0.0,0.0,494.0,275.0,259.0,16.0,5350.0,415.0,171.0,0.0,14.0,0.0,7.0,0.0,14.0,24.0,0.0,0.0,91.0,2.0,13.0,6.0,244.0,26.0,0.0,23.0,0.0,0.0,0.0,57.0,0.0,15.0,40.0,70.0,11.0,2.0,4935.0,2235.0,62.0,0.0,76.0,47.0,69.0,75.0,137.0,408.0,261.0,223.0,553.0,231.0,93.0,2700.0,135.0,0.0,130.0,12.0,20.0,82.0,348.0,431.0,212.0,329.0,527.0,267.0,207.0,113878.0,1787.0,1331.0,456.0,1881.0,1384.0,153.0,77.0,0.0,111.0,156.0,0.0,0.0,0.0,0.0,1787.0,1331.0,122.0,211.0,631.0,153.0,188.0,26.0,456.0,90.0,175.0,22.0,154.0,15.0,0.0,456.0,98.0,0.0,15.0,60.0,92.0,0.0,29.0,15.0,115.0,32.0,25021420101,0.17097674418604653,113878.0,0.18288144603934078,0.11863458310016788,0.08223255813953488,0.3114418604651163,0.39590697674418607,0.74482372691662,5375.0,0.07757009345794393,0.34868421052631576,0.25517627308338,0.8171185539606592
4088.0,4088.0,3315.0,1196.0,744.0,0.0,1126.0,0.0,5.0,244.0,57.0,187.0,773.0,7.0,62.0,0.0,0.0,0.0,474.0,230.0,230.0,0.0,4076.0,220.0,126.0,0.0,0.0,0.0,0.0,0.0,0.0,0.0,95.0,0.0,0.0,31.0,0.0,0.0,94.0,0.0,0.0,0.0,0.0,0.0,0.0,0.0,0.0,0.0,0.0,53.0,41.0,0.0,3856.0,2091.0,74.0,37.0,152.0,66.0,0.0,63.0,92.0,442.0,371.0,215.0,277.0,218.0,84.0,1765.0,116.0,0.0,39.0,50.0,62.0,0.0,158.0,325.0,195.0,273.0,262.0,196.0,89.0,120374.0,1632.0,1202.0,430.0,1640.0,1072.0,116.0,126.0,134.0,0.0,120.0,22.0,50.0,0.0,0.0,1632.0,1202.0,21.0,459.0,462.0,194.0,40.0,26.0,430.0,20.0,281.0,35.0,94.0,0.0,0.0,430.0,0.0,20.0,0.0,9.0,74.0,219.0,22.0,71.0,0.0,15.0,25021420102,0.18909001956947163,120374.0,0.275609756097561,0.025122549019607844,0.275440313111546,0.18199608610567514,0.2925636007827789,0.7365196078431373,4088.0,0.053974484789008834,0.7255813953488373,0.26348039215686275,0.724390243902439
3282.0,3282.0,2850.0,890.0,1410.0,0.0,386.0,0.0,99.0,65.0,22.0,43.0,432.0,16.0,8.0,0.0,0.0,0.0,143.0,265.0,265.0,0.0,3167.0,276.0,110.0,0.0,0.0,0.0,0.0,0.0,0.0,0.0,6.0,23.0,0.0,62.0,8.0,11.0,166.0,48.0,0.0,0.0,0.0,0.0,0.0,0.0,0.0,0.0,0.0,0.0,28.0,90.0,2891.0,1160.0,33.0,31.0,53.0,34.0,0.0,0.0,94.0,222.0,189.0,198.0,159.0,85.0,62.0,1731.0,47.0,0.0,38.0,0.0,17.0,52.0,128.0,280.0,126.0,277.0,293.0,241.0,232.0,108268.0,1189.0,1003.0,186.0,1189.0,721.0,323.0,18.0,0.0,0.0,0.0,0.0,127.0,0.0,0.0,1189.0,1003.0,27.0,260.0,419.0,175.0,41.0,81.0,186.0,119.0,18.0,49.0,0.0,0.0,0.0,186.0,0.0,15.0,9.0,9.0,17.0,10.0,22.0,7.0,63.0,34.0,25021420201,0.1316270566727605,108268.0,0.12195121951219512,0.12279226240538267,0.11761121267519806,0.4296160877513711,0.27117611212675197,0.8435660218671153,3282.0,0.08714872118724344,0.5483870967741935,0.1564339781328848,0.8780487804878049
7183.0,7183.0,6741.0,2158.0,3391.0,0.0,709.0,0.0,172.0,311.0,144.0,167.0,442.0,5.0,55.0,0.0,0.0,0.0,122.0,260.0,260.0,0.0,7177.0,574.0,337.0,63.0,0.0,1.0,60.0,0.0,0.0,0.0,112.0,5.0,2.0,49.0,29.0,16.0,237.0,0.0,0.0,1.0,0.0,0.0,0.0,0.0,30.0,0.0,15.0,64.0,69.0,58.0,6603.0,3415.0,170.0,0.0,234.0,107.0,47.0,38.0,198.0,635.0,669.0,493.0,224.0,416.0,184.0,3188.0,216.0,35.0,387.0,105.0,0.0,15.0,130.0,357.0,554.0,559.0,281.0,404.0,145.0,100043.0,2825.0,1703.0,1122.0,2898.0,1482.0,191.0,309.0,15.0,263.0,338.0,279.0,21.0,0.0,0.0,2825.0,1703.0,25.0,467.0,809.0,359.0,30.0,13.0,1122.0,268.0,423.0,321.0,110.0,0.0,0.0,1122.0,94.0,74.0,89.0,45.0,96.0,140.0,177.0,104.0,206.0,97.0,25021420202,0.0615341779200891,100043.0,0.4227053140096618,0.10371681415929204,0.09870527634693026,0.47208687178059305,0.30043157455102326,0.6028318584070796,7183.0,0.07997770656263063,0.5588235294117647,0.39716814159292035,0.5772946859903382
7050.0,7050.0,5917.0,1576.0,2556.0,0.0,1088.0,0.0,0.0,697.0,34.0,663.0,1133.0,0.0,110.0,67.0,62.0,0.0,742.0,152.0,40.0,112.0,7044.0,475.0,165.0,0.0,0.0,0.0,0.0,0.0,48.0,8.0,29.0,12.0,0.0,51.0,17.0,0.0,310.0,0.0,0.0,0.0,0.0,0.0,0.0,0.0,74.0,33.0,28.0,80.0,95.0,0.0,6569.0,2993.0,0.0,0.0,257.0,0.0,175.0,110.0,327.0,490.0,345.0,303.0,568.0,287.0,131.0,3576.0,32.0,0.0,416.0,209.0,28.0,34.0,260.0,457.0,409.0,556.0,402.0,440.0,333.0,110254.0,2588.0,1936.0,652.0,2692.0,1751.0,390.0,83.0,62.0,200.0,56.0,67.0,47.0,36.0,0.0,2588.0,1936.0,213.0,784.0,622.0,227.0,67.0,23.0,652.0,47.0,388.0,192.0,25.0,0.0,0.0,652.0,0.0,42.0,59.0,47.0,0.0,123.0,21.0,125.0,221.0,14.0,25021420301,0.16070921985815603,110254.0,0.20468053491827637,0.10046367851622875,0.15432624113475177,0.3625531914893617,0.22354609929078015,0.7480680061823802,7050.0,0.06743327654741624,0.7515337423312883,0.25193199381761977,0.7953194650817236
7900.0,7900.0,6562.0,1613.0,4119.0,0.0,546.0,0.0,0.0,284.0,131.0,153.0,1338.0,405.0,104.0,0.0,0.0,0.0,503.0,326.0,326.0,0.0,7799.0,950.0,621.0,0.0,0.0,0.0,0.0,18.0,0.0,291.0,67.0,0.0,39.0,67.0,111.0,28.0,329.0,0.0,0.0,13.0,17.0,0.0,0.0,126.0,0.0,59.0,0.0,51.0,63.0,0.0,6849.0,3337.0,181.0,18.0,307.0,104.0,6.0,30.0,353.0,427.0,495.0,354.0,450.0,468.0,144.0,3512.0,160.0,0.0,136.0,109.0,90.0,129.0,342.0,556.0,361.0,452.0,500.0,312.0,365.0,88589.0,2726.0,1909.0,817.0,2780.0,1823.0,99.0,188.0,40.0,158.0,131.0,265.0,70.0,6.0,0.0,2726.0,1909.0,63.0,406.0,736.0,390.0,215.0,99.0,817.0,360.0,313.0,104.0,0.0,40.0,0.0,817.0,148.0,45.0,0.0,84.0,20.0,0.0,12.0,105.0,261.0,142.0,25021420302,0.16936708860759495,88589.0,0.30863309352517987,0.15517241379310345,0.06911392405063291,0.5213924050632911,0.20417721518987342,0.7002934702861335,7900.0,0.12181048852416977,0.46266829865361075,0.29970652971386647,0.6913669064748201
5494.0,5494.0,4924.0,3303.0,720.0,0.0,97.0,0.0,299.0,505.0,227.0,278.0,570.0,403.0,21.0,0.0,0.0,0.0,119.0,27.0,27.0,0.0,5494.0,506.0,171.0,0.0,0.0,0.0,0.0,0.0,0.0,0.0,19.0,0.0,77.0,0.0,59.0,16.0,335.0,0.0,0.0,0.0,0.0,0.0,0.0,0.0,0.0,71.0,52.0,17.0,0.0,195.0,4988.0,2583.0,178.0,0.0,261.0,0.0,0.0,54.0,109.0,196.0,501.0,408.0,432.0,317.0,127.0,2405.0,240.0,0.0,286.0,79.0,0.0,33.0,230.0,395.0,308.0,148.0,235.0,416.0,35.0,112773.0,2200.0,1821.0,379.0,2200.0,1895.0,52.0,27.0,0.0,0.0,77.0,132.0,0.0,17.0,0.0,2200.0,1821.0,94.0,572.0,839.0,100.0,204.0,12.0,379.0,70.0,211.0,98.0,0.0,0.0,0.0,379.0,31.0,33.0,65.0,19.0,34.0,0.0,12.0,89.0,0.0,96.0,25021421100,0.10374954495813615,112773.0,0.115,0.07454545454545454,0.017655624317437203,0.1310520567892246,0.6012013105205679,0.8277272727272728,5494.0,0.0921004732435384,0.26649076517150394,0.17227272727272727,0.885
5886.0,5886.0,5266.0,3253.0,900.0,0.0,531.0,0.0,104.0,478.0,201.0,277.0,620.0,75.0,0.0,0.0,0.0,0.0,173.0,372.0,259.0,113.0,5840.0,366.0,188.0,0.0,0.0,0.0,0.0,0.0,0.0,24.0,0.0,3.0,97.0,62.0,2.0,0.0,178.0,0.0,0.0,0.0,0.0,0.0,0.0,0.0,0.0,0.0,87.0,11.0,56.0,24.0,5474.0,2911.0,207.0,154.0,227.0,118.0,0.0,64.0,135.0,395.0,290.0,463.0,386.0,250.0,222.0,2563.0,159.0,0.0,50.0,134.0,60.0,66.0,18.0,405.0,543.0,434.0,245.0,332.0,117.0,123561.0,2184.0,1860.0,324.0,2198.0,1804.0,15.0,100.0,76.0,15.0,14.0,113.0,0.0,61.0,0.0,2184.0,1860.0,75.0,343.0,1035.0,306.0,101.0,0.0,324.0,54.0,196.0,15.0,59.0,0.0,0.0,324.0,15.0,77.0,0.0,43.0,0.0,46.0,0.0,0.0,143.0,0.0,25021421200,0.10533469249065579,123561.0,0.1724294813466788,0.059065934065934064,0.09021406727828746,0.1529051987767584,0.5526673462453279,0.8516483516483516,5886.0,0.06267123287671234,0.5833333333333334,0.14835164835164835,0.8275705186533212
5543.0,5543.0,5393.0,4967.0,19.0,0.0,223.0,0.0,0.0,184.0,71.0,113.0,150.0,39.0,0.0,0.0,0.0,0.0,2.0,109.0,101.0,8.0,5539.0,118.0,66.0,0.0,0.0,4.0,8.0,0.0,0.0,0.0,0.0,1.0,34.0,9.0,10.0,0.0,52.0,0.0,3.0,4.0,0.0,5.0,0.0,1.0,1.0,1.0,13.0,8.0,0.0,16.0,5421.0,2544.0,196.0,22.0,239.0,20.0,8.0,66.0,129.0,325.0,343.0,334.0,368.0,229.0,265.0,2877.0,145.0,28.0,187.0,114.0,16.0,13.0,308.0,321.0,332.0,426.0,445.0,301.0,241.0,142278.0,2142.0,1860.0,282.0,2209.0,1788.0,55.0,21.0,66.0,108.0,52.0,0.0,119.0,0.0,0.0,2142.0,1860.0,0.0,428.0,916.0,259.0,187.0,70.0,282.0,16.0,196.0,70.0,0.0,0.0,0.0,282.0,0.0,0.0,0.0,0.0,0.0,94.0,0.0,75.0,43.0,70.0,25021422100,0.027061158217571712,142278.0,0.1656858306926211,0.007469654528478058,0.04023092188345661,0.0034277467075590836,0.8960851524445246,0.8683473389355743,5543.0,0.021303484383462717,0.75177304964539,0.13165266106442577,0.8343141693073789
2487.0,2487.0,2308.0,1472.0,75.0,0.0,648.0,0.0,106.0,7.0,7.0,0.0,179.0,8.0,71.0,0.0,0.0,0.0,57.0,43.0,43.0,0.0,2479.0,110.0,50.0,0.0,0.0,0.0,0.0,0.0,0.0,0.0,0.0,26.0,24.0,0.0,0.0,0.0,60.0,0.0,0.0,0.0,0.0,0.0,0.0,36.0,0.0,0.0,0.0,8.0,9.0,7.0,2369.0,1161.0,110.0,0.0,0.0,0.0,0.0,0.0,154.0,382.0,25.0,75.0,206.0,111.0,98.0,1208.0,37.0,13.0,99.0,12.0,0.0,0.0,132.0,246.0,122.0,85.0,249.0,64.0,149.0,113056.0,1262.0,423.0,839.0,1392.0,241.0,55.0,52.0,7.0,0.0,9.0,228.0,800.0,0.0,0.0,1262.0,423.0,0.0,139.0,273.0,0.0,11.0,0.0,839.0,0.0,580.0,246.0,13.0,0.0,0.0,839.0,8.0,80.0,59.0,139.0,86.0,35.0,45.0,117.0,257.0,13.0,25021422201,0.07197426618415761,113056.0,0.7873563218390804,0.0,0.2605548854041013,0.030156815440289506,0.5918777643747487,0.33518225039619653,2487.0,0.04437273093989512,0.5411203814064363,0.6648177496038035,0.21264367816091953
7316.0,7316.0,6914.0,5599.0,97.0,0.0,1078.0,0.0,10.0,130.0,68.0,62.0,402.0,101.0,0.0,0.0,0.0,0.0,85.0,216.0,199.0,17.0,7316.0,536.0,126.0,0.0,0.0,0.0,0.0,0.0,0.0,4.0,8.0,0.0,3.0,25.0,0.0,86.0,410.0,0.0,0.0,0.0,23.0,0.0,44.0,0.0,0.0,59.0,0.0,22.0,100.0,162.0,6780.0,2974.0,160.0,64.0,134.0,127.0,0.0,35.0,108.0,431.0,557.0,490.0,355.0,387.0,126.0,3806.0,134.0,40.0,386.0,285.0,0.0,191.0,171.0,670.0,412.0,190.0,566.0,491.0,270.0,88989.0,3268.0,2256.0,1012.0,3373.0,1796.0,176.0,137.0,74.0,284.0,495.0,243.0,168.0,0.0,0.0,3268.0,2256.0,151.0,904.0,859.0,222.0,106.0,14.0,1012.0,216.0,701.0,60.0,35.0,0.0,0.0,1012.0,41.0,50.0,45.0,282.0,117.0,190.0,22.0,51.0,214.0,0.0,25021422202,0.05494805904866047,88989.0,0.4153572487399941,0.11230110159118727,0.14734827774740294,0.013258611262985238,0.7653089119737562,0.6903304773561811,7316.0,0.07326407873154729,0.47134387351778656,0.30966952264381886,0.584642751260006
3528.0,3528.0,3488.0,3030.0,77.0,0.0,249.0,0.0,10.0,122.0,31.0,91.0,40.0,2.0,0.0,8.0,0.0,0.0,0.0,30.0,30.0,0.0,3523.0,240.0,67.0,0.0,0.0,7.0,0.0,0.0,0.0,23.0,7.0,22.0,8.0,0.0,0.0,0.0,173.0,0.0,0.0,0.0,0.0,0.0,97.0,0.0,0.0,7.0,10.0,42.0,0.0,17.0,3283.0,1536.0,131.0,0.0,77.0,0.0,0.0,23.0,175.0,136.0,247.0,247.0,157.0,247.0,96.0,1747.0,135.0,0.0,50.0,97.0,54.0,55.0,293.0,215.0,116.0,273.0,199.0,122.0,138.0,161972.0,1166.0,1074.0,92.0,1258.0,1111.0,100.0,20.0,7.0,8.0,0.0,12.0,0.0,0.0,0.0,1166.0,1074.0,33.0,230.0,488.0,233.0,90.0,0.0,92.0,0.0,14.0,61.0,17.0,0.0,0.0,92.0,0.0,17.0,8.0,0.0,0.0,7.0,0.0,0.0,50.0,10.0,25021422301,0.011337868480725623,161972.0,0.037360890302066775,0.02830188679245283,0.070578231292517,0.021825396825396824,0.858843537414966,0.9210977701543739,3528.0,0.06812375816065853,0.6195652173913043,0.07890222984562607,0.9626391096979332
5009.0,5009.0,4797.0,3832.0,244.0,7.0,293.0,0.0,133.0,288.0,288.0,0.0,212.0,21.0,70.0,0.0,0.0,0.0,0.0,121.0,112.0,9.0,4901.0,625.0,102.0,0.0,0.0,0.0,61.0,0.0,0.0,0.0,0.0,40.0,0.0,0.0,1.0,0.0,523.0,111.0,0.0,67.0,26.0,0.0,0.0,0.0,43.0,54.0,86.0,78.0,25.0,33.0,4276.0,1902.0,99.0,0.0,24.0,42.0,31.0,0.0,34.0,504.0,429.0,113.0,364.0,151.0,111.0,2374.0,49.0,0.0,61.0,0.0,0.0,74.0,179.0,514.0,204.0,359.0,474.0,270.0,190.0,91484.0,2678.0,1107.0,1571.0,2800.0,374.0,284.0,142.0,244.0,251.0,98.0,467.0,940.0,0.0,0.0,2678.0,1107.0,68.0,519.0,273.0,228.0,19.0,0.0,1571.0,259.0,874.0,398.0,40.0,0.0,0.0,1571.0,0.0,102.0,81.0,116.0,323.0,21.0,220.0,89.0,484.0,135.0,25021422303,0.042323817129167496,91484.0,0.765,0.12210604929051531,0.05849470952285885,0.04871231782790976,0.7650229586743861,0.4133681852128454,5009.0,0.1275249948990002,0.5181413112667091,0.5866318147871546,0.235
2098.0,2098.0,2042.0,1802.0,67.0,0.0,119.0,0.0,0.0,54.0,46.0,8.0,56.0,25.0,0.0,15.0,0.0,0.0,0.0,16.0,16.0,0.0,2079.0,181.0,81.0,10.0,0.0,0.0,0.0,0.0,0.0,0.0,0.0,29.0,0.0,23.0,19.0,0.0,100.0,11.0,0.0,0.0,0.0,0.0,0.0,0.0,22.0,10.0,0.0,52.0,0.0,5.0,1898.0,945.0,40.0,15.0,66.0,10.0,0.0,26.0,9.0,103.0,135.0,70.0,263.0,152.0,56.0,953.0,20.0,11.0,43.0,10.0,0.0,0.0,71.0,128.0,126.0,57.0,306.0,113.0,68.0,120929.0,829.0,715.0,114.0,845.0,739.0,4.0,71.0,7.0,0.0,0.0,24.0,0.0,0.0,0.0,829.0,715.0,10.0,121.0,444.0,81.0,39.0,20.0,114.0,41.0,17.0,32.0,24.0,0.0,0.0,114.0,0.0,0.0,0.0,43.0,12.0,43.0,6.0,0.0,10.0,0.0,25021422304,0.02669208770257388,120929.0,0.12071005917159763,0.061519903498190594,0.056720686367969494,0.03193517635843661,0.8589132507149666,0.8624849215922799,2098.0,0.08706108706108706,0.5175438596491229,0.13751507840772015,0.8792899408284024
3476.0,3476.0,3393.0,2403.0,315.0,0.0,355.0,0.0,83.0,237.0,169.0,68.0,83.0,0.0,0.0,0.0,0.0,0.0,19.0,64.0,64.0,0.0,3396.0,461.0,113.0,0.0,12.0,33.0,0.0,0.0,0.0,0.0,1.0,44.0,0.0,23.0,0.0,0.0,348.0,0.0,0.0,22.0,0.0,0.0,0.0,0.0,68.0,42.0,42.0,97.0,15.0,62.0,2935.0,1784.0,136.0,22.0,108.0,18.0,15.0,12.0,266.0,346.0,215.0,152.0,218.0,258.0,18.0,1151.0,12.0,0.0,56.0,10.0,0.0,16.0,50.0,167.0,163.0,215.0,214.0,152.0,96.0,68871.0,1678.0,483.0,1195.0,1796.0,538.0,65.0,77.0,28.0,87.0,396.0,174.0,370.0,61.0,0.0,1678.0,483.0,20.0,136.0,241.0,76.0,10.0,0.0,1195.0,176.0,616.0,403.0,0.0,0.0,0.0,1195.0,28.0,22.0,48.0,133.0,148.0,177.0,37.0,114.0,454.0,34.0,25021422401,0.023878020713463753,68871.0,0.6642538975501113,0.11680572109654351,0.1021288837744534,0.09062140391254316,0.6913118527042578,0.28784266984505363,3476.0,0.1357479387514723,0.6543933054393305,0.7121573301549463,0.3357461024498886
4067.0,4067.0,3964.0,3556.0,165.0,0.0,165.0,0.0,60.0,18.0,0.0,18.0,103.0,56.0,0.0,0.0,0.0,0.0,12.0,35.0,18.0,17.0,4025.0,168.0,58.0,0.0,0.0,0.0,0.0,0.0,0.0,0.0,27.0,13.0,0.0,0.0,5.0,13.0,110.0,0.0,0.0,0.0,0.0,0.0,0.0,17.0,0.0,0.0,0.0,0.0,0.0,93.0,3857.0,1922.0,70.0,14.0,55.0,16.0,36.0,0.0,219.0,360.0,160.0,394.0,363.0,168.0,67.0,1935.0,170.0,19.0,11.0,25.0,0.0,43.0,146.0,323.0,252.0,245.0,380.0,187.0,134.0,120799.0,1876.0,1274.0,602.0,1946.0,1112.0,65.0,69.0,167.0,164.0,274.0,0.0,86.0,9.0,0.0,1876.0,1274.0,0.0,533.0,550.0,133.0,35.0,23.0,602.0,108.0,255.0,131.0,64.0,44.0,0.0,602.0,77.0,11.0,81.0,91.0,86.0,85.0,13.0,57.0,66.0,35.0,25021422402,0.025325792967789525,120799.0,0.39516957862281604,0.057569296375266525,0.040570445045488075,0.040570445045488075,0.8743545611015491,0.6791044776119403,4067.0,0.04173913043478261,0.36710963455149503,0.3208955223880597,0.604830421377184
4126.0,4126.0,3950.0,3435.0,247.0,0.0,125.0,0.0,63.0,80.0,10.0,70.0,176.0,16.0,0.0,0.0,0.0,0.0,34.0,126.0,55.0,71.0,4126.0,497.0,327.0,0.0,0.0,0.0,0.0,0.0,36.0,101.0,28.0,26.0,0.0,40.0,74.0,22.0,170.0,0.0,20.0,0.0,16.0,0.0,0.0,5.0,0.0,47.0,25.0,36.0,0.0,21.0,3629.0,1934.0,62.0,75.0,17.0,21.0,0.0,25.0,162.0,367.0,277.0,210.0,447.0,205.0,66.0,1695.0,132.0,0.0,73.0,41.0,0.0,12.0,56.0,365.0,311.0,197.0,278.0,192.0,38.0,87614.0,2113.0,1285.0,828.0,2113.0,1017.0,163.0,26.0,30.0,189.0,175.0,308.0,205.0,0.0,0.0,2113.0,1285.0,44.0,503.0,566.0,121.0,51.0,0.0,828.0,132.0,431.0,244.0,21.0,0.0,0.0,828.0,0.0,25.0,94.0,131.0,65.0,143.0,35.0,72.0,167.0,96.0,25021422501,0.04265632573921473,87614.0,0.4415522953147184,0.0832938949361098,0.03029568589432865,0.059864275327193406,0.8325254483761513,0.608140085186938,4126.0,0.1204556471158507,0.5036231884057971,0.391859914813062,0.5584477046852816
6228.0,6228.0,5787.0,4588.0,436.0,0.0,288.0,0.0,56.0,419.0,60.0,359.0,441.0,41.0,0.0,0.0,0.0,0.0,400.0,0.0,0.0,0.0,6228.0,794.0,426.0,0.0,0.0,0.0,0.0,36.0,0.0,4.0,75.0,49.0,200.0,27.0,0.0,35.0,368.0,1.0,0.0,36.0,0.0,0.0,1.0,54.0,121.0,1.0,37.0,36.0,62.0,19.0,5434.0,2781.0,196.0,74.0,105.0,102.0,0.0,22.0,287.0,452.0,354.0,289.0,419.0,377.0,104.0,2653.0,153.0,0.0,42.0,72.0,0.0,21.0,192.0,302.0,299.0,259.0,503.0,441.0,369.0,92995.0,2756.0,1539.0,1217.0,2868.0,1394.0,161.0,141.0,133.0,335.0,174.0,124.0,406.0,0.0,0.0,2756.0,1539.0,31.0,439.0,910.0,158.0,1.0,0.0,1217.0,419.0,468.0,233.0,97.0,0.0,0.0,1217.0,84.0,126.0,133.0,33.0,104.0,83.0,0.0,156.0,372.0,126.0,25021422502,0.0708092485549133,92995.0,0.45781032078103207,0.1632801161103048,0.046242774566473986,0.07000642260757868,0.7366730892742454,0.5584179970972424,6228.0,0.12748876043673732,0.5020542317173378,0.4415820029027576,0.5421896792189679
6964.0,6964.0,6585.0,5444.0,549.0,0.0,333.0,0.0,56.0,203.0,108.0,95.0,379.0,209.0,0.0,0.0,0.0,0.0,0.0,170.0,170.0,0.0,6964.0,247.0,86.0,0.0,0.0,0.0,0.0,0.0,0.0,0.0,25.0,6.0,0.0,0.0,0.0,55.0,161.0,0.0,0.0,0.0,0.0,0.0,0.0,0.0,0.0,0.0,49.0,32.0,17.0,63.0,6717.0,3479.0,177.0,47.0,255.0,149.0,16.0,234.0,284.0,518.0,285.0,403.0,575.0,350.0,186.0,3238.0,212.0,0.0,98.0,66.0,194.0,92.0,101.0,378.0,533.0,592.0,411.0,353.0,208.0,133988.0,2579.0,2493.0,86.0,2592.0,2403.0,92.0,74.0,0.0,0.0,0.0,16.0,0.0,7.0,0.0,2579.0,2493.0,44.0,679.0,1327.0,361.0,43.0,39.0,86.0,67.0,0.0,19.0,0.0,0.0,0.0,86.0,0.0,0.0,19.0,0.0,0.0,0.0,0.0,0.0,0.0,67.0,25021422600,0.05442274554853532,133988.0,0.03742283950617284,0.04303993796044979,0.04781734635267088,0.07883400344629524,0.7817346352670879,0.9666537417603722,6964.0,0.03546812176909822,0.0,0.033346258239627766,0.9625771604938271
3811.0,3811.0,3652.0,3008.0,24.0,0.0,422.0,0.0,28.0,170.0,26.0,144.0,159.0,39.0,0.0,0.0,0.0,0.0,18.0,102.0,102.0,0.0,3766.0,123.0,21.0,0.0,0.0,0.0,0.0,0.0,0.0,0.0,0.0,0.0,0.0,11.0,0.0,10.0,102.0,0.0,0.0,0.0,0.0,0.0,0.0,0.0,28.0,0.0,19.0,34.0,21.0,0.0,3643.0,1816.0,82.0,31.0,133.0,18.0,0.0,14.0,117.0,355.0,307.0,137.0,333.0,189.0,100.0,1827.0,112.0,0.0,157.0,87.0,15.0,8.0,77.0,257.0,174.0,171.0,341.0,236.0,192.0,112292.0,1554.0,1323.0,231.0,1585.0,1202.0,20.0,106.0,0.0,16.0,87.0,84.0,70.0,0.0,0.0,1554.0,1323.0,51.0,374.0,685.0,136.0,69.0,8.0,231.0,73.0,158.0,0.0,0.0,0.0,0.0,231.0,0.0,32.0,31.0,10.0,64.0,10.0,11.0,0.0,62.0,11.0,25021422700,0.0417213329834689,112292.0,0.22902208201892746,0.07979407979407979,0.11073209131461559,0.006297559695617948,0.7892941485174495,0.8513513513513513,3811.0,0.03266064790228359,0.3593073593073593,0.14864864864864866,0.7709779179810725
3852.0,3852.0,3646.0,3020.0,51.0,0.0,301.0,0.0,0.0,274.0,134.0,140.0,206.0,29.0,0.0,13.0,0.0,0.0,122.0,42.0,12.0,30.0,3852.0,364.0,192.0,0.0,0.0,0.0,0.0,0.0,0.0,62.0,17.0,0.0,39.0,42.0,11.0,21.0,172.0,0.0,0.0,0.0,0.0,0.0,0.0,0.0,0.0,0.0,68.0,27.0,21.0,56.0,3488.0,1676.0,85.0,16.0,19.0,14.0,10.0,14.0,120.0,150.0,227.0,178.0,305.0,404.0,134.0,1812.0,161.0,0.0,27.0,25.0,16.0,15.0,74.0,181.0,162.0,218.0,425.0,330.0,178.0,122050.0,1858.0,1539.0,319.0,1956.0,1120.0,36.0,74.0,39.0,7.0,48.0,70.0,562.0,0.0,0.0,1858.0,1539.0,35.0,560.0,711.0,189.0,30.0,14.0,319.0,0.0,236.0,37.0,46.0,0.0,0.0,319.0,10.0,42.0,0.0,75.0,36.0,0.0,7.0,11.0,94.0,44.0,25021422800,0.05347871235721703,122050.0,0.40899795501022496,0.01883745963401507,0.07814122533748702,0.0132398753894081,0.7840083073727934,0.8283100107642627,3852.0,0.09449636552440291,0.3510971786833856,0.17168998923573736,0.591002044989775
3785.0,3785.0,3704.0,3588.0,29.0,34.0,7.0,0.0,0.0,46.0,41.0,5.0,81.0,1.0,0.0,0.0,0.0,0.0,2.0,78.0,39.0,39.0,3785.0,152.0,53.0,0.0,0.0,6.0,0.0,0.0,0.0,11.0,2.0,0.0,16.0,18.0,0.0,0.0,99.0,0.0,0.0,5.0,6.0,9.0,0.0,0.0,0.0,1.0,13.0,20.0,20.0,25.0,3633.0,1663.0,133.0,29.0,90.0,102.0,18.0,22.0,64.0,133.0,179.0,266.0,318.0,234.0,75.0,1970.0,135.0,27.0,107.0,96.0,52.0,82.0,97.0,125.0,199.0,242.0,396.0,252.0,160.0,217792.0,1337.0,1184.0,153.0,1406.0,1173.0,41.0,54.0,93.0,36.0,0.0,9.0,0.0,0.0,0.0,1337.0,1184.0,29.0,144.0,633.0,285.0,68.0,25.0,153.0,11.0,110.0,32.0,0.0,0.0,0.0,153.0,0.0,19.0,0.0,11.0,10.0,28.0,9.0,10.0,41.0,25.0,25021423101,0.021400264200792603,217792.0,0.13655761024182078,0.029917726252804786,0.0018494055482166448,0.007661822985468956,0.9479524438573316,0.8855646970830217,3785.0,0.04015852047556143,0.5751633986928104,0.11443530291697832,0.8634423897581792
4642.0,4642.0,4375.0,4224.0,30.0,0.0,9.0,0.0,0.0,112.0,0.0,112.0,267.0,88.0,0.0,0.0,0.0,0.0,6.0,173.0,173.0,0.0,4599.0,99.0,71.0,0.0,0.0,0.0,0.0,0.0,0.0,0.0,58.0,0.0,0.0,0.0,0.0,13.0,28.0,0.0,0.0,0.0,0.0,0.0,0.0,0.0,0.0,0.0,0.0,0.0,16.0,12.0,4500.0,2321.0,247.0,25.0,249.0,90.0,58.0,78.0,99.0,160.0,319.0,285.0,403.0,161.0,147.0,2179.0,244.0,28.0,140.0,95.0,15.0,87.0,56.0,114.0,397.0,377.0,266.0,232.0,128.0,190441.0,1700.0,1338.0,362.0,1838.0,1431.0,64.0,72.0,14.0,148.0,29.0,0.0,80.0,0.0,0.0,1700.0,1338.0,0.0,222.0,799.0,222.0,78.0,17.0,362.0,63.0,207.0,82.0,0.0,0.0,10.0,362.0,26.0,0.0,55.0,68.0,36.0,29.0,7.0,10.0,116.0,15.0,25021423102,0.057518311072813445,190441.0,0.18661588683351468,0.03705882352941176,0.001938819474364498,0.006462731581214994,0.909952606635071,0.7870588235294118,4642.0,0.021526418786692758,0.44751381215469616,0.21294117647058824,0.8133841131664853
7012.0,7012.0,6556.0,5999.0,261.0,0.0,106.0,0.0,0.0,190.0,45.0,145.0,456.0,23.0,0.0,0.0,0.0,0.0,181.0,252.0,211.0,41.0,7012.0,656.0,321.0,0.0,0.0,70.0,47.0,0.0,0.0,38.0,59.0,53.0,6.0,4.0,29.0,15.0,335.0,0.0,0.0,0.0,46.0,0.0,0.0,0.0,32.0,98.0,31.0,64.0,19.0,45.0,6356.0,3040.0,174.0,0.0,231.0,146.0,10.0,11.0,287.0,386.0,433.0,319.0,297.0,478.0,268.0,3316.0,192.0,0.0,82.0,107.0,0.0,94.0,184.0,439.0,386.0,440.0,514.0,559.0,319.0,84631.0,3096.0,1989.0,1107.0,3270.0,1348.0,259.0,190.0,327.0,282.0,121.0,82.0,328.0,333.0,0.0,3096.0,1989.0,29.0,947.0,694.0,187.0,73.0,59.0,1107.0,106.0,688.0,214.0,99.0,0.0,0.0,1107.0,125.0,146.0,88.0,53.0,69.0,78.0,73.0,62.0,399.0,14.0,25021440101,0.06503137478608101,84631.0,0.5085626911314984,0.0436046511627907,0.015116942384483743,0.0372219053051911,0.855533371363377,0.6424418604651163,7012.0,0.09355390758699372,0.5528455284552846,0.35755813953488375,0.4914373088685015
2931.0,2931.0,2717.0,2392.0,49.0,0.0,87.0,0.0,118.0,71.0,17.0,54.0,214.0,8.0,0.0,0.0,0.0,0.0,120.0,86.0,69.0,17.0,2931.0,81.0,26.0,0.0,0.0,0.0,0.0,0.0,0.0,0.0,7.0,0.0,2.0,8.0,0.0,9.0,55.0,0.0,0.0,0.0,0.0,0.0,0.0,6.0,0.0,30.0,0.0,10.0,0.0,9.0,2850.0,1481.0,102.0,0.0,107.0,56.0,47.0,74.0,115.0,183.0,222.0,196.0,144.0,199.0,36.0,1369.0,100.0,0.0,10.0,69.0,31.0,12.0,98.0,138.0,174.0,172.0,339.0,138.0,88.0,150714.0,1100.0,966.0,134.0,1200.0,1059.0,57.0,73.0,0.0,0.0,11.0,0.0,0.0,0.0,0.0,1100.0,966.0,0.0,250.0,483.0,148.0,66.0,19.0,134.0,0.0,45.0,89.0,0.0,0.0,0.0,134.0,0.0,55.0,0.0,0.0,31.0,0.0,11.0,20.0,17.0,0.0,25021440102,0.07301262367792562,150714.0,0.07,0.0,0.02968270214943705,0.01671784373933811,0.8161037188672808,0.8781818181818182,2931.0,0.027635619242579325,0.3582089552238806,0.12181818181818181,0.93
3100.0,3100.0,3053.0,2930.0,0.0,0.0,36.0,0.0,3.0,84.0,48.0,36.0,47.0,0.0,0.0,0.0,0.0,0.0,0.0,47.0,47.0,0.0,3086.0,74.0,21.0,0.0,0.0,0.0,0.0,0.0,0.0,5.0,0.0,0.0,5.0,5.0,0.0,6.0,53.0,0.0,0.0,0.0,0.0,0.0,0.0,0.0,10.0,25.0,0.0,5.0,0.0,13.0,3012.0,1564.0,79.0,19.0,131.0,68.0,11.0,57.0,128.0,89.0,184.0,345.0,253.0,143.0,57.0,1448.0,75.0,7.0,207.0,33.0,4.0,25.0,82.0,104.0,209.0,276.0,245.0,135.0,46.0,192941.0,980.0,943.0,37.0,980.0,943.0,6.0,27.0,4.0,0.0,0.0,0.0,0.0,0.0,0.0,980.0,943.0,0.0,91.0,401.0,265.0,149.0,37.0,37.0,7.0,0.0,30.0,0.0,0.0,0.0,37.0,0.0,0.0,7.0,27.0,0.0,0.0,0.0,0.0,0.0,3.0,25021441202,0.015161290322580645,192941.0,0.03163265306122449,0.007142857142857143,0.011612903225806452,0.0,0.9451612903225807,0.9622448979591837,3100.0,0.023979261179520414,0.0,0.03775510204081633,0.9683673469387755
3591.0,3591.0,3568.0,2862.0,235.0,0.0,121.0,0.0,6.0,344.0,88.0,256.0,23.0,14.0,0.0,0.0,0.0,0.0,9.0,0.0,0.0,0.0,3437.0,212.0,96.0,0.0,22.0,0.0,0.0,0.0,0.0,0.0,11.0,11.0,0.0,2.0,49.0,1.0,116.0,0.0,0.0,10.0,10.0,0.0,0.0,0.0,28.0,0.0,0.0,9.0,40.0,19.0,3225.0,1569.0,21.0,8.0,110.0,75.0,38.0,20.0,168.0,199.0,154.0,236.0,221.0,151.0,168.0,1656.0,93.0,6.0,89.0,32.0,46.0,21.0,112.0,173.0,141.0,302.0,272.0,190.0,179.0,121221.0,1484.0,1115.0,369.0,1763.0,994.0,240.0,57.0,98.0,109.0,0.0,58.0,207.0,0.0,0.0,1484.0,1115.0,21.0,297.0,467.0,213.0,71.0,46.0,369.0,152.0,113.0,104.0,0.0,0.0,0.0,369.0,0.0,0.0,20.0,60.0,56.0,36.0,28.0,0.0,111.0,58.0,25021441203,0.006404901141743247,121221.0,0.30005672149744755,0.11657681940700809,0.03369534948482317,0.06544138123085491,0.7969924812030075,0.7513477088948787,3591.0,0.06168169915624091,0.4742547425474255,0.2486522911051213,0.6999432785025524
5606.0,5606.0,5346.0,5014.0,81.0,0.0,154.0,0.0,0.0,97.0,62.0,35.0,260.0,37.0,0.0,0.0,0.0,0.0,217.0,6.0,6.0,0.0,5561.0,550.0,191.0,0.0,0.0,0.0,0.0,0.0,0.0,72.0,0.0,22.0,0.0,50.0,40.0,7.0,359.0,2.0,0.0,64.0,0.0,0.0,0.0,29.0,0.0,165.0,0.0,18.0,78.0,3.0,5011.0,2511.0,101.0,22.0,176.0,124.0,50.0,48.0,270.0,161.0,289.0,325.0,429.0,350.0,166.0,2500.0,125.0,9.0,146.0,59.0,33.0,131.0,191.0,107.0,272.0,316.0,462.0,274.0,375.0,149297.0,1875.0,1501.0,374.0,1893.0,1548.0,37.0,168.0,6.0,33.0,43.0,7.0,51.0,0.0,0.0,1875.0,1501.0,6.0,297.0,712.0,353.0,104.0,29.0,374.0,16.0,256.0,102.0,0.0,0.0,0.0,374.0,19.0,53.0,104.0,30.0,35.0,0.0,0.0,12.0,94.0,27.0,25021441204,0.04637887977167321,149297.0,0.16270470153195984,0.011733333333333333,0.027470567249375667,0.014448804851944346,0.8943988583660364,0.8005333333333333,5606.0,0.09890307498651321,0.28342245989304815,0.19946666666666665,0.8372952984680402
6000.0,6000.0,5548.0,4726.0,120.0,0.0,348.0,0.0,205.0,149.0,67.0,82.0,452.0,151.0,12.0,28.0,0.0,0.0,14.0,247.0,247.0,0.0,5095.0,357.0,56.0,0.0,0.0,0.0,0.0,0.0,0.0,0.0,8.0,26.0,16.0,0.0,6.0,0.0,301.0,0.0,0.0,0.0,0.0,0.0,126.0,12.0,2.0,2.0,69.0,55.0,22.0,13.0,4738.0,2305.0,62.0,61.0,93.0,30.0,39.0,87.0,236.0,297.0,323.0,367.0,387.0,203.0,120.0,2433.0,251.0,19.0,182.0,121.0,24.0,30.0,181.0,329.0,293.0,260.0,293.0,258.0,192.0,134427.0,1951.0,1551.0,400.0,1990.0,1420.0,160.0,91.0,118.0,0.0,0.0,73.0,128.0,0.0,0.0,1951.0,1551.0,0.0,381.0,796.0,239.0,79.0,56.0,400.0,45.0,226.0,129.0,0.0,0.0,0.0,400.0,16.0,8.0,44.0,69.0,79.0,27.0,15.0,80.0,37.0,25.0,25021442101,0.07533333333333334,134427.0,0.20603015075376885,0.023065094823167605,0.058,0.02,0.7876666666666666,0.7949769349051768,6000.0,0.07006869479882237,0.3975,0.20502306509482318,0.7939698492462312
6797.0,6797.0,6469.0,5576.0,0.0,0.0,534.0,0.0,20.0,339.0,115.0,224.0,328.0,184.0,0.0,0.0,0.0,0.0,0.0,144.0,144.0,0.0,6797.0,99.0,78.0,0.0,0.0,0.0,10.0,0.0,0.0,4.0,0.0,0.0,0.0,19.0,45.0,0.0,21.0,0.0,0.0,0.0,10.0,0.0,0.0,0.0,0.0,0.0,0.0,11.0,0.0,0.0,6698.0,3424.0,167.0,26.0,281.0,200.0,85.0,196.0,187.0,178.0,501.0,535.0,605.0,323.0,140.0,3274.0,288.0,14.0,183.0,151.0,32.0,75.0,163.0,357.0,455.0,465.0,622.0,373.0,96.0,184620.0,2403.0,2228.0,175.0,2403.0,1969.0,163.0,0.0,129.0,130.0,12.0,0.0,0.0,0.0,0.0,2403.0,2228.0,13.0,262.0,1230.0,513.0,210.0,0.0,175.0,0.0,163.0,12.0,0.0,0.0,0.0,175.0,0.0,0.0,0.0,0.0,118.0,0.0,0.0,0.0,0.0,57.0,25021442103,0.04825658378696484,184620.0,0.11277569704535996,0.005409904286308781,0.07856407238487569,0.0,0.8203619243784023,0.9271743653766126,6797.0,0.014565249374724143,0.0,0.07282563462338744,0.88722430295464
5661.0,5661.0,5468.0,4975.0,19.0,0.0,394.0,0.0,13.0,67.0,0.0,67.0,193.0,0.0,0.0,0.0,0.0,0.0,0.0,193.0,193.0,0.0,5661.0,279.0,207.0,0.0,0.0,0.0,23.0,0.0,0.0,0.0,166.0,0.0,0.0,0.0,2.0,16.0,72.0,0.0,0.0,0.0,0.0,0.0,0.0,0.0,0.0,47.0,0.0,25.0,0.0,0.0,5382.0,2516.0,94.0,0.0,164.0,114.0,13.0,55.0,394.0,205.0,335.0,391.0,373.0,292.0,86.0,2866.0,191.0,72.0,209.0,109.0,0.0,24.0,266.0,311.0,391.0,449.0,405.0,290.0,149.0,158672.0,2150.0,1943.0,207.0,2150.0,1486.0,197.0,44.0,12.0,168.0,112.0,29.0,84.0,18.0,0.0,2150.0,1943.0,0.0,409.0,1046.0,348.0,126.0,14.0,207.0,0.0,168.0,39.0,0.0,0.0,0.0,207.0,0.0,16.0,15.0,105.0,25.0,0.0,0.0,0.0,46.0,0.0,25021442104,0.03409291644585762,158672.0,0.2172093023255814,0.0,0.06959901077548136,0.0033562974739445328,0.8788199964670553,0.9037209302325582,5661.0,0.0492845786963434,0.2222222222222222,0.09627906976744185,0.7827906976744186
2235.0,2235.0,2010.0,1664.0,99.0,0.0,159.0,0.0,48.0,40.0,40.0,0.0,225.0,86.0,0.0,0.0,0.0,0.0,48.0,91.0,91.0,0.0,2235.0,129.0,36.0,0.0,0.0,0.0,0.0,0.0,0.0,29.0,0.0,0.0,0.0,0.0,7.0,0.0,93.0,0.0,0.0,0.0,0.0,0.0,0.0,0.0,10.0,25.0,0.0,16.0,42.0,0.0,2106.0,974.0,47.0,0.0,96.0,58.0,0.0,0.0,47.0,100.0,177.0,219.0,129.0,86.0,15.0,1132.0,0.0,16.0,58.0,39.0,6.0,97.0,112.0,100.0,153.0,144.0,279.0,79.0,49.0,139091.0,900.0,620.0,280.0,980.0,403.0,219.0,0.0,15.0,0.0,14.0,84.0,245.0,0.0,0.0,900.0,620.0,0.0,166.0,182.0,216.0,50.0,6.0,280.0,18.0,153.0,92.0,9.0,8.0,0.0,280.0,0.0,0.0,38.0,58.0,31.0,5.0,17.0,11.0,110.0,10.0,25021442105,0.10067114093959731,139091.0,0.3653061224489796,0.02,0.07114093959731543,0.04429530201342282,0.7445190156599553,0.6888888888888889,2235.0,0.05771812080536913,0.5107142857142857,0.3111111111111111,0.6346938775510204
3816.0,3816.0,3686.0,3261.0,42.0,0.0,151.0,0.0,79.0,153.0,92.0,61.0,130.0,59.0,0.0,0.0,0.0,0.0,20.0,51.0,51.0,0.0,3801.0,312.0,73.0,0.0,0.0,0.0,0.0,0.0,40.0,0.0,6.0,0.0,10.0,7.0,0.0,10.0,239.0,0.0,0.0,0.0,0.0,9.0,0.0,74.0,0.0,82.0,19.0,6.0,0.0,49.0,3489.0,1860.0,68.0,0.0,178.0,110.0,8.0,76.0,153.0,165.0,220.0,387.0,209.0,213.0,73.0,1629.0,50.0,12.0,108.0,34.0,68.0,59.0,91.0,184.0,216.0,277.0,269.0,203.0,58.0,159439.0,1482.0,1138.0,344.0,1600.0,1082.0,74.0,66.0,42.0,0.0,102.0,70.0,155.0,9.0,0.0,1482.0,1138.0,41.0,108.0,616.0,296.0,36.0,41.0,344.0,0.0,253.0,88.0,3.0,0.0,0.0,344.0,0.0,12.0,35.0,34.0,75.0,25.0,0.0,31.0,132.0,0.0,25021442201,0.034067085953878404,159439.0,0.2775,0.02766531713900135,0.03957023060796646,0.0110062893081761,0.8545597484276729,0.7678812415654521,3816.0,0.08208366219415943,0.5465116279069767,0.2321187584345479,0.7225
4035.0,4035.0,3838.0,3168.0,282.0,0.0,220.0,0.0,0.0,168.0,51.0,117.0,197.0,53.0,0.0,0.0,0.0,0.0,66.0,78.0,18.0,60.0,3977.0,374.0,181.0,0.0,0.0,10.0,10.0,0.0,0.0,79.0,0.0,0.0,39.0,35.0,0.0,8.0,193.0,0.0,0.0,0.0,0.0,0.0,0.0,0.0,36.0,10.0,13.0,40.0,11.0,83.0,3603.0,1634.0,120.0,0.0,59.0,104.0,38.0,82.0,94.0,373.0,179.0,242.0,140.0,130.0,73.0,1969.0,8.0,46.0,216.0,48.0,50.0,44.0,171.0,193.0,200.0,257.0,320.0,225.0,191.0,93871.0,1744.0,1075.0,669.0,1917.0,801.0,406.0,28.0,70.0,183.0,127.0,55.0,247.0,0.0,0.0,1744.0,1075.0,9.0,436.0,354.0,248.0,28.0,0.0,669.0,178.0,341.0,150.0,0.0,0.0,0.0,669.0,0.0,0.0,39.0,94.0,50.0,10.0,72.0,87.0,265.0,52.0,25021442203,0.04882280049566295,93871.0,0.37037037037037035,0.10722477064220183,0.05452292441140025,0.06988847583643122,0.7851301115241636,0.6163990825688074,4035.0,0.09404073422177521,0.648729446935725,0.3836009174311927,0.6296296296296297
4610.0,4610.0,4376.0,3891.0,122.0,0.0,178.0,0.0,0.0,185.0,42.0,143.0,234.0,21.0,3.0,0.0,26.0,0.0,2.0,182.0,182.0,0.0,4528.0,337.0,149.0,0.0,0.0,0.0,26.0,10.0,0.0,52.0,0.0,0.0,45.0,0.0,9.0,7.0,188.0,0.0,0.0,21.0,0.0,21.0,28.0,0.0,20.0,6.0,56.0,20.0,7.0,9.0,4191.0,2085.0,117.0,0.0,84.0,29.0,82.0,51.0,173.0,284.0,226.0,506.0,263.0,199.0,71.0,2106.0,87.0,28.0,193.0,204.0,0.0,28.0,90.0,174.0,284.0,410.0,342.0,174.0,92.0,121522.0,1740.0,1116.0,624.0,1971.0,968.0,68.0,325.0,277.0,133.0,69.0,74.0,47.0,0.0,10.0,1740.0,1116.0,8.0,177.0,693.0,127.0,50.0,61.0,624.0,93.0,370.0,89.0,62.0,10.0,0.0,624.0,13.0,64.0,100.0,96.0,74.0,75.0,9.0,89.0,63.0,41.0,25021442204,0.050759219088937095,121522.0,0.46930492135971585,0.058045977011494256,0.0386117136659436,0.026464208242950107,0.8440347071583514,0.6413793103448275,4610.0,0.07442579505300354,0.3782051282051282,0.3586206896551724,0.5256215119228818
4086.0,4086.0,3625.0,3384.0,2.0,0.0,16.0,0.0,39.0,184.0,69.0,115.0,461.0,72.0,0.0,0.0,0.0,0.0,45.0,344.0,138.0,206.0,4082.0,354.0,238.0,6.0,7.0,27.0,0.0,0.0,0.0,23.0,0.0,91.0,0.0,12.0,34.0,38.0,116.0,0.0,0.0,22.0,8.0,0.0,0.0,0.0,18.0,29.0,0.0,7.0,8.0,24.0,3728.0,1722.0,62.0,20.0,114.0,172.0,11.0,34.0,107.0,265.0,228.0,296.0,247.0,90.0,76.0,2006.0,158.0,31.0,153.0,49.0,52.0,13.0,216.0,246.0,291.0,229.0,253.0,160.0,155.0,138019.0,1466.0,1122.0,344.0,1750.0,1368.0,49.0,205.0,92.0,30.0,0.0,6.0,0.0,0.0,0.0,1466.0,1122.0,0.0,302.0,527.0,121.0,109.0,63.0,344.0,38.0,100.0,136.0,60.0,10.0,0.0,344.0,12.0,50.0,72.0,42.0,14.0,7.0,27.0,41.0,31.0,48.0,25021443103,0.1128242780225159,138019.0,0.19028571428571428,0.02592087312414734,0.003915810083210965,0.0004894762604013706,0.8281938325991189,0.7653478854024557,4086.0,0.08672219500244978,0.3081395348837209,0.23465211459754434,0.8097142857142857
4778.0,4778.0,4755.0,4452.0,34.0,0.0,74.0,0.0,0.0,195.0,56.0,139.0,23.0,0.0,0.0,0.0,0.0,0.0,0.0,23.0,23.0,0.0,4739.0,467.0,194.0,79.0,0.0,0.0,0.0,0.0,0.0,74.0,15.0,0.0,14.0,12.0,0.0,0.0,273.0,15.0,0.0,91.0,0.0,0.0,0.0,53.0,49.0,12.0,29.0,0.0,24.0,0.0,4272.0,2083.0,70.0,24.0,148.0,76.0,22.0,81.0,97.0,311.0,267.0,301.0,372.0,196.0,118.0,2189.0,38.0,38.0,144.0,52.0,0.0,0.0,159.0,258.0,405.0,241.0,423.0,330.0,101.0,137917.0,1735.0,1536.0,199.0,1735.0,1355.0,188.0,38.0,72.0,13.0,0.0,16.0,0.0,53.0,0.0,1735.0,1536.0,9.0,291.0,715.0,443.0,22.0,56.0,199.0,0.0,133.0,66.0,0.0,0.0,0.0,199.0,13.0,10.0,6.0,7.0,0.0,36.0,12.0,28.0,68.0,19.0,25021443104,0.004813729593972373,137917.0,0.1106628242074928,0.005187319884726225,0.015487651737128506,0.007115948095437421,0.9317706153202177,0.8853025936599423,4778.0,0.09854399662376029,0.7236180904522613,0.11469740634005764,0.8893371757925072
2240.0,2240.0,1934.0,1828.0,0.0,0.0,52.0,0.0,31.0,23.0,19.0,4.0,306.0,0.0,0.0,0.0,0.0,0.0,250.0,56.0,56.0,0.0,2240.0,99.0,23.0,0.0,0.0,0.0,0.0,0.0,0.0,0.0,15.0,0.0,0.0,0.0,0.0,8.0,76.0,0.0,0.0,0.0,0.0,0.0,0.0,29.0,0.0,14.0,7.0,2.0,15.0,9.0,2141.0,1057.0,118.0,0.0,61.0,15.0,12.0,0.0,168.0,128.0,195.0,90.0,159.0,79.0,32.0,1084.0,102.0,12.0,40.0,54.0,32.0,36.0,195.0,144.0,70.0,126.0,128.0,73.0,72.0,130208.0,788.0,627.0,161.0,788.0,543.0,126.0,14.0,40.0,60.0,0.0,0.0,5.0,0.0,0.0,788.0,627.0,0.0,187.0,306.0,71.0,28.0,35.0,161.0,25.0,90.0,28.0,18.0,0.0,0.0,161.0,16.0,23.0,43.0,0.0,10.0,31.0,0.0,19.0,19.0,0.0,25021443105,0.13660714285714284,130208.0,0.15101522842639595,0.031725888324873094,0.023214285714285715,0.0,0.8160714285714286,0.7956852791878173,2240.0,0.044196428571428574,0.42857142857142855,0.20431472081218274,0.8489847715736041
6306.0,6306.0,6052.0,4653.0,68.0,0.0,44.0,0.0,113.0,1174.0,935.0,239.0,254.0,30.0,0.0,0.0,0.0,0.0,80.0,144.0,0.0,144.0,6282.0,62.0,44.0,0.0,0.0,0.0,0.0,0.0,0.0,0.0,44.0,0.0,0.0,0.0,0.0,0.0,18.0,0.0,0.0,0.0,0.0,0.0,0.0,0.0,0.0,0.0,0.0,0.0,17.0,1.0,6220.0,3135.0,178.0,9.0,530.0,220.0,30.0,15.0,295.0,262.0,514.0,212.0,505.0,294.0,71.0,3085.0,107.0,30.0,222.0,136.0,18.0,0.0,238.0,288.0,598.0,390.0,482.0,255.0,321.0,101921.0,2357.0,1721.0,636.0,2418.0,1680.0,194.0,39.0,0.0,58.0,214.0,36.0,197.0,0.0,0.0,2357.0,1721.0,0.0,361.0,909.0,294.0,133.0,24.0,636.0,23.0,494.0,72.0,0.0,47.0,0.0,636.0,13.0,0.0,79.0,17.0,42.0,0.0,16.0,119.0,337.0,13.0,25021443106,0.040279099270535995,101921.0,0.22497932175351532,0.00975816716164616,0.006977481763399937,0.01078338090707263,0.7378686964795433,0.7301654645736105,6306.0,0.009869468322190385,0.7421383647798742,0.26983453542638947,0.7750206782464847
4050.0,4050.0,3947.0,2623.0,825.0,0.0,190.0,0.0,138.0,171.0,51.0,120.0,103.0,2.0,40.0,0.0,0.0,0.0,48.0,13.0,13.0,0.0,3914.0,258.0,68.0,0.0,0.0,0.0,0.0,0.0,0.0,0.0,0.0,42.0,0.0,17.0,9.0,0.0,190.0,44.0,0.0,63.0,0.0,0.0,0.0,0.0,0.0,40.0,2.0,6.0,35.0,0.0,3656.0,1789.0,36.0,11.0,139.0,101.0,12.0,67.0,111.0,157.0,217.0,290.0,290.0,232.0,126.0,1867.0,65.0,0.0,83.0,89.0,0.0,75.0,144.0,166.0,170.0,306.0,377.0,168.0,224.0,127500.0,1258.0,1122.0,136.0,1285.0,1154.0,9.0,19.0,24.0,0.0,65.0,0.0,0.0,14.0,0.0,1258.0,1122.0,15.0,251.0,458.0,231.0,152.0,15.0,136.0,19.0,86.0,16.0,0.0,15.0,0.0,136.0,0.0,0.0,31.0,10.0,11.0,29.0,10.0,8.0,24.0,13.0,25021456101,0.0254320987654321,127500.0,0.09494163424124513,0.02702702702702703,0.04691358024691358,0.2037037037037037,0.6476543209876543,0.8918918918918919,4050.0,0.06591722023505366,0.5220588235294118,0.10810810810810811,0.9050583657587549
4973.0,4973.0,4944.0,3102.0,936.0,43.0,336.0,0.0,254.0,273.0,236.0,37.0,29.0,0.0,0.0,0.0,0.0,0.0,29.0,0.0,0.0,0.0,4933.0,767.0,245.0,0.0,0.0,0.0,22.0,0.0,0.0,34.0,52.0,0.0,37.0,100.0,0.0,0.0,522.0,34.0,0.0,70.0,0.0,0.0,0.0,73.0,13.0,39.0,50.0,97.0,43.0,103.0,4166.0,1913.0,71.0,0.0,109.0,69.0,17.0,70.0,62.0,259.0,343.0,325.0,205.0,146.0,237.0,2253.0,248.0,0.0,117.0,40.0,0.0,43.0,152.0,114.0,358.0,484.0,174.0,352.0,171.0,79894.0,2082.0,1368.0,714.0,2168.0,1044.0,139.0,280.0,227.0,225.0,113.0,123.0,17.0,0.0,0.0,2082.0,1368.0,0.0,272.0,711.0,330.0,28.0,27.0,714.0,112.0,430.0,115.0,0.0,28.0,29.0,714.0,0.0,68.0,27.0,78.0,51.0,92.0,19.0,0.0,379.0,0.0,25021456102,0.005831490046249749,79894.0,0.45433579335793356,0.053794428434197884,0.06756485019103158,0.18821636838930222,0.6237683490850593,0.6570605187319885,4973.0,0.15548347861341982,0.6862745098039216,0.34293948126801155,0.5456642066420664
4116.0,4116.0,3679.0,1995.0,926.0,0.0,324.0,0.0,72.0,362.0,259.0,103.0,437.0,120.0,67.0,0.0,26.0,0.0,77.0,147.0,94.0,53.0,4047.0,324.0,184.0,0.0,0.0,0.0,0.0,0.0,0.0,0.0,83.0,0.0,50.0,13.0,16.0,22.0,140.0,0.0,0.0,0.0,0.0,0.0,0.0,0.0,0.0,73.0,0.0,11.0,30.0,26.0,3723.0,1882.0,164.0,12.0,109.0,105.0,0.0,66.0,149.0,189.0,183.0,321.0,344.0,145.0,95.0,1841.0,49.0,0.0,93.0,44.0,0.0,0.0,86.0,444.0,202.0,387.0,228.0,222.0,86.0,116239.0,1497.0,1054.0,443.0,1600.0,1080.0,0.0,11.0,16.0,31.0,83.0,140.0,239.0,0.0,0.0,1497.0,1054.0,21.0,258.0,456.0,206.0,84.0,29.0,443.0,57.0,201.0,174.0,11.0,0.0,0.0,443.0,18.0,0.0,37.0,26.0,114.0,62.0,0.0,92.0,85.0,9.0,25021456200,0.10617103984450924,116239.0,0.325,0.052104208416833664,0.07871720116618076,0.2249757045675413,0.4846938775510204,0.7040748162992652,4116.0,0.08005930318754632,0.5395033860045146,0.2959251837007348,0.675
2213.0,2213.0,2124.0,1140.0,260.0,0.0,85.0,0.0,111.0,528.0,226.0,302.0,89.0,0.0,52.0,0.0,0.0,0.0,12.0,25.0,25.0,0.0,2213.0,181.0,55.0,8.0,0.0,8.0,8.0,0.0,0.0,0.0,3.0,8.0,5.0,15.0,0.0,0.0,126.0,19.0,8.0,0.0,0.0,0.0,0.0,17.0,8.0,24.0,4.0,26.0,20.0,0.0,2032.0,1047.0,86.0,0.0,72.0,30.0,0.0,41.0,158.0,83.0,177.0,62.0,168.0,60.0,110.0,985.0,7.0,0.0,71.0,22.0,0.0,66.0,39.0,142.0,131.0,152.0,105.0,131.0,119.0,64688.0,903.0,483.0,420.0,967.0,415.0,13.0,57.0,132.0,69.0,200.0,19.0,62.0,0.0,0.0,903.0,483.0,44.0,235.0,114.0,20.0,25.0,45.0,420.0,69.0,244.0,74.0,33.0,0.0,0.0,420.0,0.0,26.0,32.0,4.0,7.0,73.0,47.0,64.0,159.0,8.0,25021456301,0.04021690013556258,64688.0,0.5573940020682523,0.12513842746400886,0.03840939900587438,0.1174875734297334,0.5151378219611388,0.5348837209302325,2213.0,0.08178942611839132,0.8166666666666667,0.46511627906976744,0.44260599793174765
5201.0,5201.0,5126.0,2842.0,1480.0,0.0,506.0,0.0,132.0,166.0,130.0,36.0,75.0,0.0,0.0,0.0,0.0,51.0,24.0,0.0,0.0,0.0,5194.0,400.0,92.0,0.0,0.0,12.0,0.0,56.0,0.0,0.0,0.0,12.0,2.0,0.0,0.0,10.0,308.0,11.0,0.0,0.0,0.0,0.0,59.0,0.0,0.0,34.0,97.0,26.0,15.0,66.0,4794.0,2196.0,81.0,29.0,29.0,246.0,16.0,0.0,34.0,424.0,260.0,284.0,368.0,356.0,69.0,2598.0,0.0,0.0,261.0,0.0,0.0,76.0,85.0,262.0,396.0,383.0,432.0,475.0,228.0,73011.0,2459.0,1569.0,890.0,2499.0,845.0,722.0,0.0,177.0,283.0,126.0,59.0,287.0,0.0,0.0,2459.0,1569.0,85.0,594.0,593.0,229.0,46.0,22.0,890.0,162.0,402.0,298.0,0.0,28.0,0.0,890.0,0.0,0.0,0.0,124.0,74.0,13.0,0.0,57.0,562.0,60.0,25021456302,0.014420303787733128,73011.0,0.37294917967186875,0.10044733631557544,0.09728898288790618,0.28456066141126707,0.5464333781965006,0.6380642537616917,5201.0,0.07701193685021178,0.7101123595505618,0.36193574623830826,0.6270508203281312
2823.0,2823.0,2614.0,1602.0,356.0,18.0,69.0,0.0,254.0,315.0,174.0,141.0,209.0,0.0,38.0,0.0,11.0,0.0,87.0,73.0,73.0,0.0,2823.0,157.0,60.0,0.0,0.0,4.0,4.0,0.0,7.0,13.0,24.0,0.0,0.0,8.0,0.0,0.0,97.0,0.0,0.0,0.0,27.0,0.0,0.0,10.0,0.0,13.0,4.0,0.0,9.0,34.0,2666.0,1206.0,73.0,0.0,34.0,74.0,16.0,21.0,187.0,142.0,153.0,177.0,219.0,85.0,25.0,1460.0,46.0,65.0,114.0,46.0,39.0,4.0,123.0,195.0,205.0,163.0,232.0,151.0,77.0,102909.0,985.0,733.0,252.0,1068.0,731.0,17.0,139.0,77.0,75.0,10.0,11.0,0.0,8.0,0.0,985.0,733.0,51.0,180.0,231.0,202.0,69.0,0.0,252.0,62.0,48.0,127.0,15.0,0.0,0.0,252.0,0.0,29.0,65.0,46.0,0.0,36.0,8.0,4.0,40.0,24.0,25021456401,0.07403471484236628,102909.0,0.299625468164794,0.11472081218274112,0.024442082890541977,0.12610697839178178,0.5674814027630181,0.7441624365482233,2823.0,0.05561459440311725,0.3492063492063492,0.25583756345177666,0.700374531835206
5849.0,5849.0,5373.0,3418.0,588.0,0.0,416.0,0.0,381.0,570.0,252.0,318.0,476.0,0.0,50.0,0.0,0.0,0.0,184.0,242.0,221.0,21.0,5849.0,341.0,94.0,0.0,0.0,0.0,0.0,0.0,24.0,6.0,2.0,0.0,12.0,3.0,14.0,33.0,247.0,0.0,0.0,13.0,54.0,0.0,0.0,0.0,0.0,4.0,46.0,0.0,64.0,66.0,5508.0,2600.0,63.0,19.0,205.0,123.0,23.0,83.0,127.0,274.0,351.0,320.0,362.0,539.0,111.0,2908.0,188.0,0.0,205.0,81.0,17.0,58.0,253.0,372.0,235.0,349.0,602.0,399.0,149.0,167744.0,2118.0,2041.0,77.0,2155.0,2070.0,31.0,53.0,1.0,0.0,0.0,0.0,0.0,0.0,0.0,2118.0,2041.0,24.0,319.0,854.0,668.0,95.0,81.0,77.0,0.0,1.0,39.0,37.0,0.0,0.0,77.0,0.0,0.0,1.0,0.0,0.0,0.0,0.0,39.0,0.0,37.0,25021456402,0.08138143272354248,167744.0,0.02505800464037123,0.0113314447592068,0.07112326893486066,0.10053000512908189,0.5843733971619081,0.9636449480642115,5849.0,0.05830056419900838,0.5064935064935064,0.03635505193578848,0.9749419953596288
4774.0,4774.0,4268.0,2498.0,1142.0,0.0,279.0,0.0,120.0,229.0,164.0,65.0,506.0,68.0,170.0,0.0,0.0,0.0,161.0,107.0,81.0,26.0,4722.0,217.0,116.0,0.0,0.0,0.0,0.0,0.0,0.0,18.0,0.0,0.0,88.0,0.0,0.0,10.0,101.0,0.0,0.0,9.0,0.0,0.0,11.0,0.0,0.0,9.0,9.0,3.0,25.0,35.0,4505.0,2268.0,77.0,9.0,275.0,35.0,17.0,15.0,208.0,440.0,259.0,236.0,267.0,233.0,197.0,2237.0,185.0,6.0,161.0,27.0,13.0,139.0,158.0,366.0,270.0,309.0,264.0,208.0,131.0,130625.0,1717.0,1299.0,418.0,1724.0,1050.0,93.0,264.0,271.0,28.0,0.0,11.0,7.0,0.0,0.0,1717.0,1299.0,18.0,321.0,548.0,274.0,122.0,16.0,418.0,83.0,199.0,95.0,23.0,18.0,0.0,418.0,0.0,72.0,19.0,56.0,30.0,18.0,59.0,9.0,116.0,39.0,25021457100,0.10599078341013825,130625.0,0.33700696055684454,0.058823529411764705,0.05844155844155844,0.23921240050272308,0.5232509426057813,0.7565521258008153,4774.0,0.04595510376958916,0.48325358851674644,0.24344787419918462,0.6629930394431555
6144.0,6144.0,5897.0,4650.0,320.0,8.0,709.0,0.0,18.0,192.0,69.0,123.0,247.0,14.0,0.0,0.0,0.0,0.0,0.0,233.0,233.0,0.0,6144.0,45.0,44.0,0.0,0.0,0.0,0.0,0.0,0.0,40.0,4.0,0.0,0.0,0.0,0.0,0.0,1.0,0.0,0.0,0.0,0.0,0.0,0.0,0.0,0.0,0.0,0.0,0.0,0.0,1.0,6099.0,2952.0,101.0,82.0,302.0,160.0,81.0,179.0,226.0,163.0,401.0,557.0,281.0,234.0,185.0,3147.0,121.0,67.0,318.0,88.0,93.0,177.0,188.0,145.0,431.0,516.0,410.0,297.0,296.0,201167.0,2072.0,1779.0,293.0,2192.0,1680.0,143.0,37.0,21.0,166.0,17.0,0.0,128.0,0.0,0.0,2072.0,1779.0,126.0,313.0,896.0,263.0,144.0,37.0,293.0,46.0,85.0,111.0,51.0,0.0,0.0,293.0,13.0,35.0,66.0,44.0,0.0,20.0,23.0,12.0,55.0,25.0,25021457200,0.040201822916666664,201167.0,0.16833941605839417,0.08301158301158301,0.11539713541666667,0.052083333333333336,0.7568359375,0.8585907335907336,6144.0,0.00732421875,0.37542662116040953,0.1414092664092664,0.8316605839416058
0.0,0.0,0.0,0.0,0.0,0.0,0.0,0.0,0.0,0.0,0.0,0.0,0.0,0.0,0.0,0.0,0.0,0.0,0.0,0.0,0.0,0.0,0.0,0.0,0.0,0.0,0.0,0.0,0.0,0.0,0.0,0.0,0.0,0.0,0.0,0.0,0.0,0.0,0.0,0.0,0.0,0.0,0.0,0.0,0.0,0.0,0.0,0.0,0.0,0.0,0.0,0.0,0.0,0.0,0.0,0.0,0.0,0.0,0.0,0.0,0.0,0.0,0.0,0.0,0.0,0.0,0.0,0.0,0.0,0.0,0.0,0.0,0.0,0.0,0.0,0.0,0.0,0.0,0.0,0.0,0.0,,0.0,0.0,0.0,0.0,0.0,0.0,0.0,0.0,0.0,0.0,0.0,0.0,0.0,0.0,0.0,0.0,0.0,0.0,0.0,0.0,0.0,0.0,0.0,0.0,0.0,0.0,0.0,0.0,0.0,0.0,0.0,0.0,0.0,0.0,0.0,0.0,0.0,0.0,0.0,0.0,25021980000,,nan,,,,,,,0.0,,,,
3548.0,3548.0,3499.0,3199.0,11.0,0.0,29.0,0.0,155.0,105.0,0.0,105.0,49.0,11.0,0.0,0.0,0.0,0.0,0.0,38.0,31.0,7.0,3530.0,115.0,18.0,0.0,0.0,0.0,0.0,0.0,0.0,0.0,0.0,8.0,0.0,0.0,10.0,0.0,97.0,0.0,0.0,0.0,0.0,0.0,0.0,0.0,8.0,12.0,20.0,31.0,0.0,26.0,3415.0,1646.0,108.0,52.0,102.0,22.0,21.0,38.0,96.0,50.0,224.0,147.0,333.0,297.0,156.0,1769.0,75.0,0.0,62.0,35.0,10.0,54.0,106.0,197.0,181.0,247.0,371.0,324.0,107.0,116101.0,1641.0,1372.0,269.0,2036.0,1727.0,89.0,17.0,79.0,97.0,0.0,27.0,0.0,0.0,0.0,1641.0,1372.0,45.0,506.0,490.0,280.0,21.0,30.0,269.0,8.0,154.0,107.0,0.0,0.0,0.0,269.0,13.0,9.0,5.0,12.0,30.0,16.0,39.0,25.0,91.0,29.0,25023500101,0.013810597519729425,116101.0,0.10805500982318271,0.032297379646556976,0.008173618940248028,0.0031003382187147687,0.9016347237880497,0.8360755636806825,3548.0,0.032577903682719546,0.6356877323420075,0.1639244363193175,0.8919449901768173
3006.0,3006.0,2966.0,2823.0,0.0,7.0,91.0,0.0,2.0,43.0,0.0,43.0,40.0,0.0,0.0,0.0,0.0,0.0,0.0,40.0,40.0,0.0,3006.0,187.0,36.0,0.0,0.0,0.0,0.0,0.0,0.0,0.0,0.0,0.0,0.0,21.0,15.0,0.0,151.0,0.0,0.0,42.0,0.0,0.0,23.0,0.0,0.0,20.0,0.0,14.0,42.0,10.0,2819.0,1440.0,61.0,0.0,0.0,0.0,15.0,67.0,61.0,267.0,84.0,73.0,511.0,220.0,81.0,1379.0,0.0,0.0,0.0,53.0,0.0,4.0,32.0,283.0,63.0,284.0,239.0,291.0,130.0,135391.0,1411.0,1091.0,320.0,1546.0,823.0,44.0,56.0,23.0,247.0,0.0,128.0,225.0,0.0,0.0,1411.0,1091.0,0.0,475.0,286.0,121.0,195.0,14.0,320.0,14.0,242.0,64.0,0.0,0.0,0.0,320.0,46.0,14.0,22.0,31.0,29.0,15.0,0.0,46.0,71.0,46.0,25023500103,0.01330671989354624,135391.0,0.43919793014230274,0.009922041105598866,0.030272787757817696,0.0,0.9391217564870259,0.7732104890148831,3006.0,0.062208915502328675,0.4125,0.22678951098511693,0.5608020698576973
3584.0,3584.0,3584.0,3425.0,0.0,0.0,35.0,0.0,28.0,96.0,56.0,40.0,0.0,0.0,0.0,0.0,0.0,0.0,0.0,0.0,0.0,0.0,3576.0,285.0,114.0,0.0,0.0,0.0,0.0,0.0,5.0,18.0,0.0,0.0,8.0,40.0,14.0,29.0,171.0,0.0,0.0,2.0,16.0,0.0,0.0,0.0,0.0,14.0,68.0,20.0,21.0,30.0,3291.0,1506.0,23.0,5.0,49.0,11.0,5.0,10.0,107.0,157.0,186.0,115.0,483.0,226.0,129.0,1785.0,41.0,0.0,62.0,9.0,26.0,27.0,146.0,231.0,113.0,95.0,548.0,314.0,173.0,110149.0,1657.0,1286.0,371.0,2256.0,1720.0,7.0,157.0,125.0,87.0,106.0,54.0,0.0,0.0,0.0,1657.0,1286.0,41.0,406.0,553.0,121.0,128.0,37.0,371.0,0.0,235.0,112.0,24.0,0.0,0.0,371.0,25.0,0.0,70.0,50.0,50.0,5.0,2.0,25.0,119.0,25.0,25023500104,0.0,110149.0,0.23448581560283688,0.024743512371756187,0.009765625,0.0,0.9556361607142857,0.7761013880506941,3584.0,0.0796979865771812,0.40700808625336926,0.22389861194930596,0.7655141843971631
3550.0,3550.0,3517.0,3342.0,17.0,0.0,77.0,0.0,0.0,81.0,28.0,53.0,33.0,9.0,0.0,0.0,0.0,0.0,0.0,24.0,24.0,0.0,3550.0,206.0,58.0,0.0,0.0,0.0,8.0,0.0,0.0,0.0,0.0,12.0,0.0,30.0,8.0,0.0,148.0,0.0,0.0,0.0,0.0,0.0,0.0,0.0,11.0,0.0,17.0,15.0,35.0,70.0,3344.0,1607.0,98.0,21.0,261.0,105.0,9.0,18.0,108.0,50.0,228.0,266.0,194.0,179.0,70.0,1737.0,119.0,13.0,144.0,54.0,37.0,46.0,82.0,129.0,219.0,197.0,292.0,243.0,162.0,181071.0,1292.0,1108.0,184.0,1322.0,1130.0,3.0,7.0,0.0,0.0,0.0,41.0,83.0,58.0,0.0,1292.0,1108.0,71.0,177.0,574.0,197.0,67.0,22.0,184.0,19.0,113.0,42.0,0.0,0.0,10.0,184.0,17.0,0.0,32.0,9.0,9.0,36.0,0.0,0.0,81.0,0.0,25023501101,0.009295774647887323,181071.0,0.14296520423600606,0.0696594427244582,0.021690140845070423,0.004788732394366197,0.9414084507042253,0.8575851393188855,3550.0,0.05802816901408451,0.6358695652173914,0.14241486068111456,0.857034795763994
8930.0,8930.0,8621.0,7935.0,44.0,0.0,285.0,0.0,17.0,340.0,210.0,130.0,309.0,49.0,90.0,0.0,0.0,0.0,87.0,83.0,83.0,0.0,8785.0,376.0,162.0,0.0,0.0,0.0,0.0,0.0,44.0,0.0,0.0,12.0,0.0,49.0,42.0,15.0,214.0,0.0,0.0,0.0,0.0,0.0,0.0,0.0,0.0,0.0,0.0,107.0,16.0,91.0,8409.0,4127.0,198.0,113.0,451.0,221.0,60.0,207.0,70.0,186.0,640.0,729.0,547.0,443.0,262.0,4282.0,235.0,47.0,190.0,196.0,69.0,48.0,330.0,328.0,638.0,716.0,593.0,554.0,338.0,199257.0,3806.0,2815.0,991.0,4019.0,2360.0,357.0,204.0,402.0,146.0,182.0,20.0,348.0,0.0,0.0,3806.0,2815.0,0.0,709.0,1436.0,521.0,121.0,28.0,991.0,100.0,719.0,172.0,0.0,0.0,0.0,991.0,105.0,129.0,132.0,90.0,89.0,73.0,56.0,28.0,246.0,43.0,25023501102,0.034602463605823065,199257.0,0.32396118437422244,0.02627430373095113,0.031914893617021274,0.004927211646136618,0.8885778275475924,0.7396216500262743,8930.0,0.04280022766078543,0.4066599394550959,0.2603783499737257,0.6760388156257776
4325.0,4325.0,4273.0,4212.0,15.0,0.0,0.0,0.0,0.0,46.0,0.0,46.0,52.0,42.0,0.0,0.0,0.0,0.0,0.0,10.0,10.0,0.0,4325.0,91.0,0.0,0.0,0.0,0.0,0.0,0.0,0.0,0.0,0.0,0.0,0.0,0.0,0.0,0.0,91.0,0.0,0.0,0.0,0.0,0.0,0.0,0.0,0.0,0.0,0.0,9.0,18.0,64.0,4234.0,2207.0,195.0,96.0,299.0,82.0,39.0,24.0,175.0,91.0,267.0,370.0,292.0,157.0,120.0,2027.0,38.0,0.0,292.0,70.0,17.0,87.0,169.0,65.0,227.0,371.0,309.0,224.0,158.0,242768.0,1395.0,1373.0,22.0,1438.0,1317.0,56.0,10.0,0.0,55.0,0.0,0.0,0.0,0.0,0.0,1395.0,1373.0,0.0,300.0,756.0,232.0,73.0,12.0,22.0,0.0,10.0,12.0,0.0,0.0,0.0,22.0,0.0,0.0,12.0,10.0,0.0,0.0,0.0,0.0,0.0,0.0,25023501201,0.012023121387283236,242768.0,0.045201668984700974,0.0,0.0,0.003468208092485549,0.9738728323699422,0.9842293906810036,4325.0,0.021040462427745665,0.0,0.015770609318996417,0.954798331015299
2452.0,2452.0,2412.0,2392.0,0.0,0.0,0.0,0.0,0.0,20.0,20.0,0.0,40.0,3.0,0.0,0.0,0.0,0.0,17.0,20.0,15.0,5.0,2452.0,168.0,70.0,0.0,0.0,0.0,30.0,0.0,0.0,0.0,5.0,0.0,29.0,6.0,0.0,0.0,98.0,0.0,0.0,0.0,0.0,0.0,32.0,0.0,3.0,0.0,29.0,15.0,0.0,19.0,2284.0,1129.0,95.0,14.0,166.0,52.0,13.0,34.0,48.0,104.0,144.0,185.0,104.0,123.0,47.0,1155.0,66.0,28.0,93.0,82.0,7.0,7.0,133.0,79.0,123.0,211.0,173.0,87.0,66.0,214792.0,787.0,779.0,8.0,787.0,787.0,0.0,0.0,0.0,0.0,0.0,0.0,0.0,0.0,0.0,787.0,779.0,35.0,94.0,372.0,125.0,112.0,41.0,8.0,0.0,3.0,5.0,0.0,0.0,0.0,8.0,0.0,0.0,0.0,0.0,0.0,0.0,0.0,0.0,3.0,5.0,25023501203,0.01631321370309951,214792.0,0.0,0.044472681067344345,0.0,0.0,0.9755301794453507,0.9898348157560356,2452.0,0.06851549755301795,0.375,0.010165184243964422,1.0
5026.0,5026.0,4878.0,4607.0,5.0,0.0,218.0,0.0,0.0,48.0,48.0,0.0,148.0,0.0,0.0,0.0,0.0,0.0,8.0,140.0,140.0,0.0,4948.0,189.0,27.0,0.0,0.0,0.0,0.0,0.0,0.0,1.0,0.0,2.0,0.0,0.0,0.0,24.0,162.0,0.0,0.0,0.0,0.0,0.0,66.0,0.0,0.0,2.0,0.0,23.0,0.0,71.0,4759.0,2147.0,64.0,73.0,143.0,81.0,27.0,10.0,157.0,94.0,231.0,93.0,301.0,382.0,491.0,2612.0,107.0,17.0,44.0,31.0,0.0,39.0,31.0,92.0,211.0,149.0,360.0,401.0,1130.0,94922.0,2409.0,1741.0,668.0,2578.0,1187.0,68.0,0.0,0.0,18.0,16.0,147.0,1142.0,0.0,0.0,2409.0,1741.0,101.0,606.0,596.0,343.0,89.0,6.0,668.0,167.0,494.0,7.0,0.0,0.0,0.0,668.0,14.0,0.0,0.0,0.0,38.0,48.0,0.0,131.0,342.0,95.0,25023501204,0.029446876243533624,94922.0,0.5131885182311869,0.11124948111249482,0.043374452845204935,0.0009948269001193793,0.916633505769996,0.7227065172270651,5026.0,0.038197251414713015,0.7799401197604791,0.2772934827729348,0.48681148176881306
6842.0,6842.0,5856.0,5010.0,104.0,0.0,54.0,0.0,510.0,178.0,65.0,113.0,986.0,201.0,174.0,0.0,0.0,0.0,288.0,323.0,323.0,0.0,6842.0,131.0,28.0,0.0,0.0,0.0,0.0,0.0,10.0,0.0,0.0,0.0,4.0,0.0,0.0,14.0,103.0,0.0,0.0,0.0,0.0,0.0,0.0,24.0,0.0,0.0,18.0,41.0,6.0,14.0,6711.0,3723.0,381.0,28.0,335.0,80.0,37.0,19.0,222.0,799.0,637.0,432.0,479.0,225.0,49.0,2988.0,173.0,0.0,222.0,112.0,69.0,79.0,328.0,503.0,393.0,496.0,262.0,264.0,87.0,125997.0,2443.0,1599.0,844.0,2489.0,1347.0,75.0,462.0,461.0,16.0,0.0,39.0,89.0,0.0,0.0,2443.0,1599.0,26.0,351.0,906.0,169.0,131.0,16.0,844.0,36.0,521.0,172.0,115.0,0.0,0.0,844.0,0.0,104.0,280.0,124.0,82.0,37.0,45.0,23.0,149.0,0.0,25023502101,0.14410990938322127,125997.0,0.4286862193652069,0.025378632828489563,0.007892429114294067,0.015200233849751535,0.7322420344928383,0.654523127302497,6842.0,0.019146448406898567,0.3009478672985782,0.34547687269750305,0.5713137806347931
4761.0,4761.0,4699.0,4301.0,105.0,21.0,28.0,0.0,34.0,210.0,54.0,156.0,62.0,47.0,15.0,0.0,0.0,0.0,0.0,0.0,0.0,0.0,4761.0,445.0,237.0,31.0,0.0,11.0,0.0,0.0,0.0,60.0,0.0,0.0,67.0,42.0,13.0,13.0,208.0,0.0,0.0,0.0,0.0,0.0,0.0,20.0,0.0,0.0,37.0,79.0,57.0,15.0,4316.0,1900.0,51.0,0.0,171.0,66.0,92.0,120.0,107.0,208.0,265.0,278.0,245.0,211.0,86.0,2416.0,180.0,0.0,78.0,79.0,0.0,74.0,198.0,250.0,263.0,466.0,362.0,285.0,181.0,121976.0,1911.0,1518.0,393.0,2058.0,1107.0,282.0,80.0,61.0,256.0,52.0,157.0,0.0,63.0,0.0,1911.0,1518.0,0.0,513.0,616.0,186.0,163.0,40.0,393.0,68.0,235.0,90.0,0.0,0.0,0.0,393.0,0.0,0.0,101.0,15.0,0.0,16.0,0.0,83.0,178.0,0.0,25023502102,0.013022474270111321,121976.0,0.3250728862973761,0.035583464154892726,0.0058811174123083385,0.02205419029615627,0.9033816425120773,0.7943485086342229,4761.0,0.0934677588741861,0.7048346055979644,0.20565149136577707,0.6749271137026239
6098.0,6098.0,5587.0,5273.0,204.0,0.0,22.0,0.0,0.0,88.0,38.0,50.0,511.0,25.0,0.0,0.0,0.0,0.0,410.0,76.0,76.0,0.0,5942.0,567.0,147.0,67.0,0.0,0.0,0.0,0.0,0.0,0.0,2.0,17.0,0.0,0.0,46.0,15.0,420.0,24.0,0.0,56.0,0.0,0.0,0.0,0.0,140.0,0.0,47.0,88.0,14.0,51.0,5375.0,2767.0,267.0,0.0,148.0,10.0,15.0,42.0,236.0,446.0,505.0,252.0,463.0,202.0,181.0,2608.0,70.0,36.0,156.0,179.0,0.0,13.0,38.0,201.0,376.0,261.0,632.0,381.0,265.0,88472.0,2543.0,2157.0,386.0,2589.0,1433.0,396.0,334.0,70.0,19.0,33.0,0.0,0.0,304.0,0.0,2543.0,2157.0,168.0,639.0,991.0,169.0,150.0,40.0,386.0,0.0,251.0,72.0,63.0,0.0,0.0,386.0,0.0,0.0,21.0,20.0,0.0,0.0,20.0,42.0,208.0,75.0,25023502200,0.08379796654640866,88472.0,0.29354963306295867,0.06606370428627605,0.0036077402427025255,0.033453591341423415,0.8647097408986553,0.84821077467558,6098.0,0.09542241669471559,0.6994818652849741,0.15178922532441996,0.7064503669370413
7547.0,7547.0,7419.0,6553.0,30.0,0.0,167.0,0.0,65.0,604.0,410.0,194.0,128.0,0.0,0.0,0.0,0.0,0.0,24.0,104.0,58.0,46.0,7547.0,334.0,160.0,0.0,0.0,0.0,0.0,15.0,15.0,75.0,21.0,0.0,0.0,18.0,0.0,16.0,174.0,0.0,0.0,0.0,43.0,0.0,0.0,0.0,21.0,75.0,0.0,0.0,17.0,18.0,7213.0,3894.0,169.0,66.0,453.0,294.0,14.0,241.0,386.0,258.0,329.0,698.0,427.0,345.0,214.0,3319.0,163.0,30.0,214.0,112.0,82.0,49.0,302.0,426.0,385.0,579.0,461.0,245.0,271.0,205804.0,2560.0,2181.0,379.0,2617.0,2107.0,139.0,45.0,74.0,17.0,0.0,44.0,191.0,0.0,0.0,2560.0,2181.0,40.0,369.0,978.0,512.0,252.0,30.0,379.0,56.0,302.0,0.0,0.0,21.0,0.0,379.0,0.0,0.0,35.0,73.0,7.0,0.0,19.0,139.0,98.0,8.0,25023503101,0.016960381608586192,205804.0,0.14176538020634313,0.0375,0.0221279978799523,0.003975089439512389,0.8682920365708229,0.851953125,7547.0,0.0442559957599046,0.6754617414248021,0.148046875,0.8582346197936569
7298.0,7298.0,7244.0,6464.0,75.0,13.0,422.0,0.0,0.0,270.0,104.0,166.0,54.0,0.0,0.0,0.0,0.0,0.0,28.0,26.0,26.0,0.0,7208.0,372.0,113.0,0.0,0.0,17.0,0.0,0.0,0.0,0.0,29.0,17.0,0.0,17.0,0.0,33.0,259.0,15.0,0.0,0.0,0.0,0.0,0.0,3.0,7.0,16.0,46.0,16.0,25.0,131.0,6836.0,3237.0,118.0,32.0,348.0,143.0,29.0,148.0,380.0,258.0,472.0,596.0,372.0,239.0,102.0,3599.0,250.0,139.0,263.0,100.0,17.0,232.0,204.0,165.0,476.0,518.0,502.0,435.0,298.0,162303.0,2455.0,2055.0,400.0,2514.0,2005.0,107.0,0.0,102.0,16.0,40.0,134.0,110.0,0.0,0.0,2455.0,2055.0,0.0,254.0,893.0,497.0,307.0,104.0,400.0,34.0,350.0,16.0,0.0,0.0,0.0,400.0,0.0,0.0,48.0,0.0,107.0,25.0,0.0,11.0,209.0,0.0,25023503102,0.007399287476020828,162303.0,0.15990453460620524,0.01384928716904277,0.05782406138668128,0.010276788161140039,0.8857221156481228,0.8370672097759674,7298.0,0.05160932297447281,0.6125,0.1629327902240326,0.8400954653937948
5377.0,5377.0,5260.0,4957.0,47.0,0.0,75.0,6.0,0.0,175.0,39.0,136.0,117.0,0.0,0.0,0.0,0.0,0.0,43.0,74.0,74.0,0.0,5222.0,139.0,30.0,0.0,0.0,12.0,0.0,0.0,0.0,0.0,0.0,0.0,12.0,0.0,6.0,0.0,109.0,33.0,0.0,0.0,0.0,0.0,0.0,0.0,25.0,12.0,0.0,15.0,24.0,0.0,5083.0,2479.0,161.0,16.0,162.0,86.0,95.0,240.0,179.0,317.0,263.0,289.0,392.0,183.0,96.0,2604.0,156.0,28.0,149.0,124.0,0.0,52.0,292.0,304.0,305.0,433.0,321.0,240.0,200.0,180369.0,1795.0,1661.0,134.0,1855.0,1632.0,61.0,47.0,11.0,15.0,0.0,58.0,0.0,31.0,0.0,1795.0,1661.0,6.0,257.0,879.0,338.0,133.0,48.0,134.0,18.0,72.0,44.0,0.0,0.0,0.0,134.0,19.0,0.0,25.0,7.0,15.0,33.0,0.0,0.0,18.0,17.0,25023504101,0.021759345359866095,180369.0,0.08733153638814016,0.013370473537604457,0.013948298307606471,0.008740933606100057,0.9218895294774038,0.9253481894150418,5377.0,0.026618153963998466,0.3805970149253731,0.07465181058495822,0.9126684636118598
5984.0,5984.0,5780.0,5283.0,12.0,0.0,282.0,0.0,11.0,192.0,54.0,138.0,204.0,87.0,0.0,0.0,0.0,0.0,23.0,94.0,94.0,0.0,5984.0,161.0,108.0,0.0,0.0,0.0,27.0,0.0,25.0,0.0,2.0,0.0,3.0,36.0,0.0,15.0,53.0,0.0,0.0,0.0,0.0,0.0,9.0,2.0,0.0,0.0,2.0,0.0,8.0,32.0,5823.0,2951.0,248.0,58.0,402.0,71.0,72.0,101.0,257.0,130.0,513.0,471.0,243.0,265.0,120.0,2872.0,319.0,25.0,272.0,148.0,36.0,107.0,107.0,148.0,557.0,365.0,303.0,338.0,147.0,208485.0,1890.0,1714.0,176.0,1972.0,1857.0,35.0,0.0,25.0,0.0,55.0,0.0,0.0,0.0,0.0,1890.0,1714.0,0.0,153.0,906.0,458.0,179.0,18.0,176.0,24.0,31.0,49.0,72.0,0.0,0.0,176.0,0.0,0.0,19.0,8.0,0.0,24.0,7.0,6.0,102.0,10.0,25023504102,0.03409090909090909,208485.0,0.04056795131845842,0.012698412698412698,0.04712566844919786,0.002005347593582888,0.8828542780748663,0.9068783068783068,5984.0,0.026905080213903743,0.7897727272727273,0.09312169312169312,0.9594320486815415
5568.0,5568.0,5490.0,4981.0,18.0,0.0,308.0,0.0,0.0,183.0,33.0,150.0,78.0,73.0,0.0,0.0,0.0,0.0,0.0,5.0,5.0,0.0,5535.0,127.0,62.0,0.0,0.0,0.0,0.0,0.0,0.0,0.0,0.0,0.0,5.0,0.0,57.0,0.0,65.0,0.0,0.0,0.0,0.0,0.0,0.0,0.0,0.0,0.0,15.0,30.0,11.0,9.0,5408.0,2647.0,162.0,57.0,287.0,31.0,16.0,106.0,148.0,236.0,314.0,464.0,380.0,264.0,182.0,2761.0,118.0,28.0,297.0,157.0,26.0,80.0,162.0,325.0,346.0,329.0,324.0,339.0,230.0,192863.0,1901.0,1769.0,132.0,1941.0,1747.0,110.0,8.0,0.0,0.0,15.0,52.0,9.0,0.0,0.0,1901.0,1769.0,0.0,254.0,939.0,369.0,111.0,96.0,132.0,8.0,103.0,21.0,0.0,0.0,0.0,132.0,0.0,0.0,20.0,9.0,17.0,58.0,10.0,18.0,0.0,0.0,25023505102,0.014008620689655173,192863.0,0.04327666151468315,0.004208311415044713,0.05531609195402299,0.003232758620689655,0.8945761494252874,0.9305628616517623,5568.0,0.022944896115627823,0.6515151515151515,0.06943713834823777,0.9567233384853169
2956.0,2956.0,2870.0,2803.0,0.0,0.0,30.0,0.0,0.0,37.0,8.0,29.0,86.0,0.0,0.0,0.0,0.0,0.0,0.0,86.0,52.0,34.0,2956.0,75.0,29.0,0.0,0.0,0.0,0.0,0.0,0.0,0.0,0.0,0.0,0.0,0.0,20.0,9.0,46.0,0.0,0.0,0.0,0.0,0.0,0.0,0.0,0.0,0.0,0.0,30.0,8.0,8.0,2881.0,1452.0,30.0,4.0,50.0,28.0,19.0,58.0,142.0,193.0,207.0,175.0,380.0,100.0,66.0,1429.0,160.0,0.0,45.0,87.0,37.0,16.0,169.0,93.0,93.0,183.0,321.0,146.0,79.0,132761.0,1232.0,1042.0,190.0,1343.0,1115.0,80.0,65.0,17.0,40.0,26.0,0.0,0.0,0.0,0.0,1232.0,1042.0,8.0,271.0,466.0,120.0,145.0,32.0,190.0,0.0,128.0,62.0,0.0,0.0,0.0,190.0,0.0,0.0,27.0,8.0,11.0,16.0,0.0,0.0,119.0,9.0,25023505103,0.029093369418132613,132761.0,0.11020104244229337,0.006493506493506494,0.010148849797023005,0.0,0.9482408660351827,0.8457792207792207,2956.0,0.02537212449255751,0.7105263157894737,0.15422077922077923,0.8897989575577067
4033.0,4033.0,4033.0,3919.0,0.0,0.0,15.0,0.0,25.0,74.0,11.0,63.0,0.0,0.0,0.0,0.0,0.0,0.0,0.0,0.0,0.0,0.0,4033.0,159.0,79.0,0.0,0.0,0.0,0.0,0.0,0.0,23.0,0.0,0.0,11.0,10.0,19.0,16.0,80.0,0.0,0.0,0.0,0.0,0.0,0.0,0.0,0.0,0.0,0.0,70.0,10.0,0.0,3874.0,1653.0,32.0,34.0,162.0,79.0,0.0,0.0,59.0,97.0,202.0,345.0,356.0,155.0,132.0,2221.0,134.0,29.0,195.0,94.0,18.0,92.0,229.0,95.0,290.0,225.0,392.0,205.0,223.0,136743.0,1691.0,1493.0,198.0,1800.0,1670.0,109.0,21.0,0.0,0.0,0.0,0.0,0.0,0.0,0.0,1691.0,1493.0,10.0,415.0,826.0,186.0,50.0,6.0,198.0,0.0,99.0,33.0,0.0,66.0,0.0,198.0,87.0,0.0,0.0,0.0,31.0,0.0,40.0,13.0,16.0,11.0,25023505104,0.0,136743.0,0.011666666666666667,0.0059136605558840925,0.0037193156459211507,0.0,0.9717332010909993,0.882909520993495,4033.0,0.0394247458467642,0.3484848484848485,0.11709047900650503,0.9883333333333333
2115.0,2115.0,2109.0,1972.0,10.0,0.0,111.0,16.0,0.0,0.0,0.0,0.0,6.0,0.0,0.0,0.0,0.0,0.0,0.0,6.0,6.0,0.0,2003.0,41.0,20.0,0.0,0.0,0.0,0.0,0.0,0.0,0.0,0.0,8.0,12.0,0.0,0.0,0.0,21.0,0.0,0.0,0.0,0.0,0.0,0.0,0.0,0.0,0.0,7.0,0.0,14.0,0.0,1962.0,955.0,16.0,0.0,127.0,41.0,0.0,35.0,29.0,84.0,176.0,99.0,79.0,160.0,109.0,1007.0,56.0,75.0,148.0,16.0,0.0,32.0,13.0,52.0,201.0,74.0,81.0,127.0,132.0,142950.0,808.0,745.0,63.0,1173.0,971.0,97.0,29.0,18.0,36.0,15.0,7.0,0.0,0.0,0.0,808.0,745.0,0.0,240.0,349.0,134.0,22.0,0.0,63.0,19.0,32.0,0.0,12.0,0.0,0.0,63.0,0.0,0.0,0.0,0.0,44.0,0.0,0.0,0.0,19.0,0.0,25023505201,0.0028368794326241137,142950.0,0.08951406649616368,0.023514851485148515,0.0524822695035461,0.004728132387706856,0.932387706855792,0.9220297029702971,2115.0,0.020469296055916127,0.30158730158730157,0.07797029702970297,0.9104859335038363
4693.0,4693.0,4656.0,4333.0,1.0,0.0,0.0,0.0,213.0,109.0,100.0,9.0,37.0,13.0,0.0,0.0,0.0,0.0,1.0,23.0,23.0,0.0,4624.0,154.0,4.0,0.0,0.0,0.0,0.0,0.0,0.0,0.0,0.0,1.0,2.0,1.0,0.0,0.0,150.0,0.0,0.0,0.0,0.0,0.0,0.0,0.0,0.0,0.0,13.0,71.0,0.0,66.0,4470.0,1962.0,94.0,0.0,132.0,111.0,28.0,39.0,155.0,76.0,261.0,166.0,373.0,303.0,224.0,2508.0,128.0,53.0,241.0,36.0,0.0,40.0,124.0,135.0,264.0,272.0,463.0,497.0,255.0,119938.0,2073.0,1713.0,360.0,2159.0,1707.0,89.0,15.0,97.0,30.0,47.0,151.0,13.0,10.0,0.0,2073.0,1713.0,51.0,483.0,900.0,179.0,100.0,0.0,360.0,50.0,231.0,63.0,0.0,16.0,0.0,360.0,8.0,16.0,14.0,114.0,26.0,39.0,11.0,21.0,102.0,9.0,25023505202,0.007884082676326443,119938.0,0.1681333950903196,0.04872165943077665,0.0,0.00021308331557639036,0.9232900063924995,0.8263386396526773,4693.0,0.03330449826989619,0.48055555555555557,0.1736613603473227,0.8318666049096805
6169.0,6169.0,5776.0,5267.0,165.0,0.0,19.0,0.0,0.0,325.0,288.0,37.0,393.0,102.0,0.0,0.0,0.0,0.0,147.0,144.0,116.0,28.0,6114.0,617.0,381.0,0.0,49.0,0.0,101.0,19.0,19.0,0.0,91.0,0.0,21.0,45.0,2.0,34.0,236.0,41.0,0.0,0.0,0.0,0.0,0.0,0.0,46.0,2.0,52.0,3.0,29.0,63.0,5497.0,2665.0,146.0,0.0,60.0,104.0,47.0,146.0,315.0,194.0,441.0,299.0,494.0,266.0,153.0,2832.0,148.0,18.0,160.0,155.0,25.0,95.0,329.0,380.0,244.0,460.0,423.0,162.0,233.0,102128.0,2550.0,1681.0,869.0,2550.0,1460.0,113.0,27.0,170.0,227.0,312.0,51.0,190.0,0.0,0.0,2550.0,1681.0,0.0,311.0,907.0,326.0,78.0,59.0,869.0,83.0,575.0,196.0,15.0,0.0,0.0,869.0,21.0,0.0,61.0,190.0,0.0,15.0,110.0,88.0,338.0,46.0,25023506102,0.06370562489868699,102128.0,0.38313725490196077,0.032549019607843135,0.0030799157075701088,0.02674663640784568,0.8537850543037769,0.6592156862745098,6169.0,0.100915930650965,0.6340621403912543,0.3407843137254902,0.6168627450980392
2667.0,2667.0,2621.0,2520.0,24.0,6.0,71.0,0.0,0.0,0.0,0.0,0.0,46.0,0.0,0.0,13.0,0.0,0.0,0.0,33.0,33.0,0.0,2655.0,846.0,245.0,0.0,0.0,87.0,0.0,0.0,0.0,30.0,25.0,11.0,83.0,0.0,9.0,0.0,601.0,107.0,0.0,200.0,7.0,30.0,0.0,41.0,0.0,102.0,29.0,65.0,6.0,14.0,1809.0,891.0,18.0,9.0,145.0,90.0,3.0,39.0,7.0,46.0,153.0,100.0,89.0,132.0,60.0,918.0,21.0,0.0,79.0,26.0,43.0,10.0,0.0,50.0,209.0,117.0,114.0,161.0,88.0,112083.0,894.0,853.0,41.0,1005.0,882.0,117.0,6.0,0.0,0.0,0.0,0.0,0.0,0.0,0.0,894.0,853.0,4.0,189.0,508.0,127.0,25.0,0.0,41.0,0.0,0.0,41.0,0.0,0.0,0.0,41.0,0.0,0.0,0.0,14.0,6.0,0.0,0.0,0.0,21.0,0.0,25023506103,0.01724784401949756,112083.0,0.005970149253731343,0.0044742729306487695,0.02662167229096363,0.008998875140607425,0.9448818897637795,0.9541387024608501,2667.0,0.31864406779661014,0.5121951219512195,0.04586129753914989,0.9940298507462687
4099.0,4099.0,3732.0,3571.0,0.0,0.0,32.0,0.0,0.0,129.0,34.0,95.0,367.0,200.0,0.0,0.0,0.0,0.0,81.0,86.0,65.0,21.0,4063.0,76.0,11.0,0.0,0.0,0.0,0.0,0.0,0.0,0.0,0.0,0.0,0.0,0.0,0.0,11.0,65.0,0.0,0.0,0.0,0.0,0.0,0.0,0.0,0.0,43.0,0.0,11.0,0.0,11.0,3987.0,1879.0,36.0,11.0,157.0,53.0,46.0,36.0,171.0,145.0,319.0,229.0,358.0,156.0,162.0,2108.0,109.0,13.0,97.0,52.0,53.0,59.0,175.0,111.0,481.0,223.0,286.0,207.0,242.0,173281.0,1539.0,1345.0,194.0,1573.0,1499.0,74.0,0.0,0.0,0.0,0.0,0.0,0.0,0.0,0.0,1539.0,1345.0,0.0,283.0,640.0,330.0,80.0,12.0,194.0,0.0,142.0,52.0,0.0,0.0,0.0,194.0,0.0,0.0,0.0,0.0,0.0,0.0,0.0,0.0,51.0,143.0,25023506104,0.08953403269090023,173281.0,0.0,0.0,0.00780678214198585,0.0,0.8711880946572335,0.8739441195581547,4099.0,0.01870539010583313,0.26288659793814434,0.12605588044184535,1.0
2957.0,2957.0,2957.0,2906.0,0.0,0.0,6.0,0.0,20.0,25.0,13.0,12.0,0.0,0.0,0.0,0.0,0.0,0.0,0.0,0.0,0.0,0.0,2957.0,89.0,45.0,0.0,0.0,0.0,0.0,0.0,0.0,0.0,6.0,0.0,0.0,22.0,17.0,0.0,44.0,0.0,0.0,0.0,0.0,0.0,0.0,0.0,0.0,0.0,0.0,20.0,18.0,6.0,2868.0,1443.0,108.0,15.0,117.0,26.0,0.0,38.0,125.0,127.0,169.0,228.0,177.0,181.0,132.0,1425.0,25.0,0.0,107.0,170.0,5.0,23.0,62.0,109.0,157.0,313.0,183.0,126.0,145.0,135000.0,1158.0,856.0,302.0,1232.0,764.0,110.0,12.0,117.0,11.0,47.0,171.0,0.0,0.0,0.0,1158.0,856.0,0.0,112.0,506.0,153.0,73.0,12.0,302.0,40.0,230.0,21.0,11.0,0.0,0.0,302.0,0.0,0.0,8.0,38.0,32.0,29.0,79.0,18.0,98.0,0.0,25023506202,0.0,135000.0,0.2905844155844156,0.03454231433506045,0.002029083530605343,0.0,0.9827527899898546,0.7392055267702936,2957.0,0.030098072370645924,0.7417218543046358,0.2607944732297064,0.7094155844155844
5447.0,5447.0,5398.0,5362.0,15.0,0.0,21.0,0.0,0.0,0.0,0.0,0.0,49.0,0.0,0.0,0.0,0.0,0.0,15.0,34.0,34.0,0.0,5432.0,360.0,139.0,0.0,0.0,0.0,0.0,0.0,0.0,32.0,0.0,0.0,54.0,0.0,29.0,24.0,221.0,0.0,0.0,0.0,0.0,0.0,0.0,37.0,0.0,0.0,0.0,41.0,13.0,130.0,5072.0,2846.0,160.0,50.0,146.0,65.0,19.0,104.0,188.0,431.0,262.0,508.0,368.0,296.0,249.0,2226.0,146.0,0.0,134.0,74.0,0.0,88.0,115.0,297.0,295.0,286.0,319.0,342.0,130.0,133946.0,2181.0,1964.0,217.0,2511.0,2084.0,11.0,150.0,72.0,84.0,110.0,0.0,0.0,0.0,0.0,2181.0,1964.0,0.0,382.0,1088.0,387.0,50.0,57.0,217.0,0.0,114.0,66.0,37.0,0.0,0.0,217.0,0.0,0.0,33.0,18.0,19.0,10.0,50.0,14.0,73.0,0.0,25023506203,0.00899577749219754,133946.0,0.1656710473914775,0.0,0.003855333210941803,0.002753809436387002,0.9843950798604737,0.9005043558000917,5447.0,0.0662739322533137,0.6774193548387096,0.09949564419990829,0.8343289526085225
2120.0,2120.0,2099.0,2063.0,0.0,0.0,0.0,0.0,31.0,5.0,5.0,0.0,21.0,0.0,0.0,0.0,0.0,0.0,0.0,21.0,14.0,7.0,2100.0,143.0,73.0,0.0,0.0,0.0,24.0,0.0,0.0,0.0,0.0,0.0,0.0,44.0,0.0,5.0,70.0,0.0,0.0,0.0,0.0,0.0,0.0,10.0,8.0,0.0,22.0,6.0,0.0,24.0,1957.0,918.0,36.0,0.0,0.0,12.0,0.0,27.0,100.0,124.0,74.0,99.0,328.0,65.0,53.0,1039.0,12.0,0.0,54.0,0.0,0.0,0.0,36.0,151.0,69.0,115.0,368.0,159.0,75.0,124773.0,950.0,760.0,190.0,1286.0,1240.0,0.0,24.0,0.0,0.0,0.0,22.0,0.0,0.0,0.0,950.0,760.0,53.0,150.0,397.0,61.0,93.0,6.0,190.0,31.0,104.0,55.0,0.0,0.0,0.0,190.0,6.0,0.0,0.0,45.0,6.0,21.0,0.0,0.0,75.0,37.0,25023506205,0.00990566037735849,124773.0,0.03576982892690513,0.08842105263157894,0.0,0.0,0.9731132075471698,0.8,2120.0,0.0680952380952381,0.5052631578947369,0.2,0.9642301710730948
2420.0,2420.0,2409.0,2315.0,0.0,0.0,16.0,0.0,0.0,78.0,42.0,36.0,11.0,0.0,0.0,0.0,0.0,0.0,11.0,0.0,0.0,0.0,2409.0,98.0,33.0,0.0,0.0,0.0,0.0,0.0,0.0,0.0,0.0,0.0,0.0,0.0,7.0,26.0,65.0,0.0,0.0,0.0,0.0,0.0,0.0,0.0,0.0,0.0,0.0,31.0,0.0,34.0,2311.0,1044.0,39.0,0.0,20.0,0.0,43.0,22.0,45.0,18.0,121.0,190.0,318.0,144.0,84.0,1267.0,22.0,9.0,61.0,20.0,0.0,0.0,101.0,102.0,91.0,174.0,235.0,286.0,166.0,106250.0,1144.0,961.0,183.0,1656.0,1497.0,33.0,0.0,22.0,0.0,11.0,0.0,93.0,0.0,0.0,1144.0,961.0,12.0,354.0,409.0,167.0,0.0,19.0,183.0,14.0,169.0,0.0,0.0,0.0,0.0,183.0,0.0,0.0,0.0,41.0,27.0,77.0,0.0,26.0,12.0,0.0,25023506206,0.004545454545454545,106250.0,0.07608695652173914,0.022727272727272728,0.006611570247933884,0.0,0.9566115702479339,0.840034965034965,2420.0,0.0406807804068078,0.6284153005464481,0.15996503496503497,0.9239130434782609
5504.0,5504.0,5354.0,5115.0,8.0,0.0,29.0,0.0,61.0,141.0,9.0,132.0,150.0,45.0,0.0,0.0,0.0,0.0,46.0,59.0,59.0,0.0,5381.0,164.0,62.0,0.0,0.0,0.0,0.0,0.0,0.0,0.0,0.0,0.0,9.0,26.0,27.0,0.0,102.0,0.0,0.0,0.0,12.0,0.0,0.0,0.0,0.0,0.0,11.0,27.0,6.0,46.0,5217.0,2572.0,249.0,36.0,116.0,191.0,55.0,132.0,170.0,191.0,292.0,419.0,316.0,164.0,241.0,2645.0,149.0,27.0,219.0,145.0,43.0,27.0,119.0,267.0,203.0,466.0,406.0,332.0,242.0,193413.0,1993.0,1886.0,107.0,2053.0,1724.0,87.0,13.0,13.0,10.0,7.0,35.0,164.0,0.0,0.0,1993.0,1886.0,48.0,289.0,1038.0,347.0,97.0,67.0,107.0,48.0,52.0,0.0,7.0,0.0,0.0,107.0,0.0,32.0,0.0,0.0,0.0,0.0,10.0,7.0,49.0,9.0,25023507101,0.027252906976744186,193413.0,0.11787627861665854,0.0481685900652283,0.005268895348837209,0.0014534883720930232,0.9293241279069767,0.946312092323131,5504.0,0.03047760639286378,0.616822429906542,0.05368790767686904,0.8821237213833415
4242.0,4242.0,4133.0,3732.0,3.0,0.0,290.0,0.0,0.0,108.0,94.0,14.0,109.0,7.0,0.0,0.0,0.0,0.0,0.0,102.0,102.0,0.0,4242.0,178.0,86.0,0.0,0.0,0.0,0.0,0.0,22.0,27.0,0.0,0.0,10.0,0.0,27.0,0.0,92.0,0.0,0.0,0.0,0.0,0.0,0.0,14.0,2.0,7.0,27.0,13.0,10.0,19.0,4064.0,2068.0,104.0,0.0,158.0,103.0,34.0,81.0,90.0,122.0,110.0,326.0,388.0,314.0,238.0,1996.0,33.0,0.0,177.0,126.0,29.0,48.0,197.0,126.0,149.0,357.0,321.0,263.0,170.0,206500.0,1654.0,1596.0,58.0,1777.0,1621.0,23.0,8.0,7.0,118.0,0.0,0.0,0.0,0.0,0.0,1654.0,1596.0,11.0,242.0,857.0,392.0,73.0,21.0,58.0,0.0,26.0,32.0,0.0,0.0,0.0,58.0,0.0,9.0,0.0,7.0,5.0,0.0,11.0,0.0,11.0,15.0,25023507103,0.025695426685525696,206500.0,0.07484524479459764,0.006650544135429262,0.06836397925506836,0.0007072135785007072,0.8797736916548797,0.9649334945586457,4242.0,0.041961338991041965,0.3793103448275862,0.03506650544135429,0.9251547552054024
6439.0,6439.0,6368.0,6146.0,63.0,0.0,7.0,0.0,45.0,107.0,95.0,12.0,71.0,0.0,0.0,0.0,0.0,0.0,3.0,68.0,68.0,0.0,6439.0,475.0,207.0,0.0,0.0,62.0,0.0,0.0,7.0,0.0,3.0,0.0,0.0,44.0,71.0,20.0,268.0,0.0,0.0,0.0,0.0,0.0,0.0,119.0,0.0,0.0,29.0,17.0,80.0,23.0,5964.0,3040.0,93.0,56.0,279.0,13.0,10.0,84.0,183.0,266.0,390.0,437.0,491.0,430.0,308.0,2924.0,146.0,0.0,424.0,48.0,70.0,29.0,177.0,97.0,400.0,347.0,367.0,453.0,366.0,144552.0,2483.0,2110.0,373.0,2543.0,1924.0,106.0,70.0,18.0,134.0,0.0,82.0,209.0,0.0,0.0,2483.0,2110.0,16.0,393.0,944.0,600.0,141.0,16.0,373.0,119.0,96.0,158.0,0.0,0.0,0.0,373.0,0.0,0.0,74.0,71.0,19.0,0.0,36.0,35.0,138.0,0.0,25023507104,0.011026556918776208,144552.0,0.20173023987416439,0.05436971405557793,0.0010871253300201895,0.009784127970181706,0.9544960397577263,0.8497784937575513,6439.0,0.07376921882279858,0.5603217158176944,0.15022150624244865,0.7982697601258356
7304.0,7304.0,7210.0,7120.0,15.0,0.0,0.0,0.0,0.0,75.0,0.0,75.0,94.0,50.0,0.0,0.0,0.0,0.0,16.0,28.0,28.0,0.0,7207.0,309.0,79.0,0.0,0.0,0.0,0.0,0.0,17.0,0.0,0.0,13.0,1.0,16.0,0.0,32.0,230.0,0.0,0.0,0.0,0.0,0.0,0.0,0.0,3.0,0.0,18.0,18.0,71.0,120.0,6898.0,3468.0,206.0,0.0,245.0,153.0,141.0,57.0,162.0,367.0,485.0,399.0,477.0,579.0,197.0,3430.0,137.0,38.0,135.0,188.0,77.0,21.0,175.0,327.0,412.0,524.0,809.0,366.0,221.0,193313.0,2813.0,2389.0,424.0,2880.0,2218.0,225.0,0.0,71.0,100.0,19.0,230.0,17.0,0.0,0.0,2813.0,2389.0,90.0,299.0,1509.0,295.0,121.0,75.0,424.0,57.0,263.0,16.0,69.0,0.0,19.0,424.0,0.0,84.0,0.0,85.0,64.0,32.0,0.0,27.0,61.0,71.0,25023508101,0.012869660460021906,193313.0,0.1517361111111111,0.05225737646640597,0.0,0.002053669222343921,0.9748083242059146,0.8492712406683256,7304.0,0.042874982655751355,0.2830188679245283,0.15072875933167437,0.8482638888888889
4691.0,4691.0,4559.0,4247.0,28.0,0.0,10.0,0.0,25.0,249.0,73.0,176.0,132.0,0.0,0.0,0.0,0.0,0.0,28.0,104.0,104.0,0.0,4691.0,145.0,61.0,0.0,0.0,0.0,0.0,0.0,0.0,0.0,17.0,5.0,0.0,21.0,18.0,0.0,84.0,0.0,0.0,0.0,0.0,0.0,0.0,0.0,35.0,0.0,0.0,5.0,26.0,18.0,4546.0,2346.0,146.0,0.0,147.0,42.0,30.0,56.0,354.0,235.0,238.0,342.0,354.0,278.0,124.0,2200.0,98.0,18.0,101.0,58.0,12.0,80.0,188.0,236.0,261.0,334.0,417.0,221.0,176.0,104826.0,1869.0,1681.0,188.0,1983.0,1791.0,59.0,24.0,77.0,32.0,0.0,0.0,0.0,0.0,0.0,1869.0,1681.0,22.0,455.0,689.0,308.0,145.0,62.0,188.0,0.0,104.0,24.0,60.0,0.0,0.0,188.0,0.0,18.0,10.0,0.0,64.0,26.0,64.0,0.0,0.0,6.0,25023508102,0.028138989554465997,104826.0,0.0670700958144226,0.011771000535045479,0.002131741632914091,0.005968876572159454,0.9053506714986144,0.8994114499732477,4691.0,0.030910253677254317,0.4787234042553192,0.10058855002675228,0.9329299041855774
6387.0,6387.0,6349.0,6090.0,55.0,0.0,110.0,0.0,8.0,86.0,47.0,39.0,38.0,11.0,0.0,0.0,0.0,0.0,27.0,0.0,0.0,0.0,6387.0,278.0,94.0,0.0,0.0,0.0,0.0,0.0,0.0,0.0,0.0,0.0,7.0,19.0,7.0,61.0,184.0,0.0,0.0,0.0,0.0,0.0,0.0,58.0,10.0,16.0,0.0,35.0,11.0,54.0,6109.0,2974.0,202.0,21.0,179.0,133.0,34.0,141.0,362.0,302.0,313.0,263.0,544.0,293.0,187.0,3135.0,213.0,50.0,79.0,85.0,81.0,76.0,316.0,325.0,287.0,517.0,611.0,300.0,195.0,155345.0,2218.0,2146.0,72.0,2280.0,1948.0,176.0,45.0,44.0,0.0,67.0,0.0,0.0,0.0,0.0,2218.0,2146.0,0.0,325.0,896.0,575.0,309.0,41.0,72.0,0.0,62.0,0.0,10.0,0.0,0.0,72.0,0.0,18.0,0.0,0.0,0.0,13.0,0.0,26.0,0.0,15.0,25023508200,0.005949585094723657,155345.0,0.06842105263157895,0.0,0.017222483168936903,0.008611241584468451,0.9534992954438704,0.9675383228133454,6387.0,0.04352591200876781,0.5416666666666666,0.032461677186654644,0.9315789473684211
7453.0,7453.0,7391.0,7050.0,80.0,0.0,104.0,0.0,0.0,157.0,24.0,133.0,62.0,28.0,14.0,0.0,0.0,0.0,20.0,0.0,0.0,0.0,7266.0,163.0,58.0,0.0,0.0,0.0,0.0,0.0,0.0,0.0,0.0,0.0,0.0,19.0,19.0,20.0,105.0,0.0,0.0,0.0,0.0,0.0,0.0,0.0,0.0,0.0,36.0,18.0,29.0,22.0,7103.0,3662.0,244.0,92.0,255.0,146.0,12.0,166.0,213.0,427.0,485.0,321.0,694.0,267.0,340.0,3441.0,228.0,42.0,251.0,42.0,18.0,72.0,158.0,315.0,733.0,430.0,591.0,461.0,100.0,122025.0,2933.0,2379.0,554.0,2933.0,2293.0,142.0,132.0,35.0,103.0,14.0,134.0,27.0,53.0,0.0,2933.0,2379.0,11.0,404.0,1287.0,488.0,169.0,20.0,554.0,115.0,305.0,97.0,37.0,0.0,0.0,554.0,131.0,21.0,204.0,0.0,24.0,0.0,18.0,87.0,69.0,0.0,25023509101,0.008318797799543807,122025.0,0.16979202182066144,0.04295942720763723,0.013954112437944453,0.010733932644572656,0.9459278143029652,0.8111148994203887,7453.0,0.022433250756950178,0.3140794223826715,0.18888510057961133,0.8302079781793386
6574.0,6574.0,6574.0,6168.0,95.0,3.0,0.0,0.0,12.0,296.0,122.0,174.0,0.0,0.0,0.0,0.0,0.0,0.0,0.0,0.0,0.0,0.0,6560.0,272.0,73.0,0.0,0.0,0.0,0.0,0.0,0.0,0.0,8.0,0.0,6.0,14.0,34.0,11.0,199.0,0.0,0.0,22.0,21.0,0.0,0.0,0.0,0.0,20.0,24.0,28.0,33.0,51.0,6288.0,3194.0,143.0,27.0,42.0,184.0,73.0,39.0,240.0,455.0,266.0,582.0,273.0,560.0,310.0,3094.0,35.0,35.0,200.0,45.0,35.0,258.0,102.0,229.0,330.0,506.0,512.0,474.0,333.0,114844.0,2754.0,2239.0,515.0,2865.0,2155.0,47.0,48.0,218.0,101.0,56.0,58.0,17.0,165.0,0.0,2754.0,2239.0,101.0,526.0,964.0,253.0,314.0,81.0,515.0,218.0,217.0,80.0,0.0,0.0,0.0,515.0,36.0,50.0,32.0,179.0,0.0,0.0,74.0,0.0,131.0,13.0,25023509102,0.0,114844.0,0.23141361256544501,0.11583151779230211,0.0,0.014450867052023121,0.9382415576513539,0.8129992737835875,6574.0,0.041463414634146344,0.39805825242718446,0.18700072621641248,0.768586387434555
5169.0,5169.0,4694.0,2346.0,1362.0,0.0,424.0,0.0,63.0,499.0,389.0,110.0,475.0,0.0,0.0,0.0,0.0,0.0,200.0,275.0,250.0,25.0,5169.0,131.0,51.0,0.0,0.0,13.0,0.0,0.0,0.0,4.0,6.0,0.0,0.0,26.0,1.0,1.0,80.0,0.0,0.0,20.0,8.0,0.0,5.0,0.0,0.0,6.0,21.0,9.0,1.0,10.0,5038.0,2375.0,171.0,5.0,153.0,157.0,60.0,62.0,173.0,389.0,253.0,343.0,197.0,333.0,79.0,2663.0,187.0,0.0,201.0,76.0,66.0,102.0,213.0,382.0,371.0,270.0,259.0,426.0,110.0,102303.0,1578.0,1554.0,24.0,1676.0,1596.0,39.0,35.0,0.0,6.0,0.0,0.0,0.0,0.0,0.0,1578.0,1554.0,34.0,306.0,784.0,326.0,66.0,38.0,24.0,0.0,0.0,24.0,0.0,0.0,0.0,24.0,18.0,0.0,0.0,6.0,0.0,0.0,0.0,0.0,0.0,0.0,25023510100,0.09189398336235248,102303.0,0.024463007159904536,0.021546261089987327,0.0820274714644999,0.2634939059779454,0.4538595473012188,0.9847908745247148,5169.0,0.025343393306248792,0.0,0.015209125475285171,0.9755369928400954
7408.0,7408.0,6953.0,2573.0,3106.0,55.0,65.0,0.0,31.0,1123.0,815.0,308.0,455.0,22.0,5.0,0.0,0.0,0.0,234.0,194.0,178.0,16.0,7306.0,564.0,192.0,0.0,0.0,0.0,0.0,0.0,0.0,0.0,0.0,50.0,133.0,0.0,9.0,0.0,372.0,0.0,0.0,0.0,109.0,55.0,54.0,0.0,44.0,50.0,0.0,0.0,35.0,25.0,6742.0,3504.0,272.0,69.0,281.0,146.0,14.0,119.0,222.0,493.0,511.0,365.0,632.0,255.0,125.0,3238.0,249.0,0.0,244.0,126.0,61.0,34.0,402.0,433.0,462.0,228.0,576.0,283.0,140.0,124556.0,2506.0,1640.0,866.0,2506.0,1487.0,207.0,66.0,276.0,311.0,46.0,95.0,18.0,0.0,0.0,2506.0,1640.0,13.0,280.0,906.0,307.0,61.0,73.0,866.0,218.0,117.0,443.0,46.0,16.0,26.0,866.0,15.0,150.0,61.0,136.0,34.0,110.0,83.0,40.0,237.0,0.0,25023510200,0.061420086393088554,124556.0,0.3240223463687151,0.09217877094972067,0.008774298056155507,0.4192764578833693,0.34732721382289417,0.6544293695131684,7408.0,0.07719682452778538,0.5427251732101617,0.3455706304868316,0.6759776536312849
4465.0,4465.0,3979.0,848.0,1387.0,8.0,147.0,0.0,131.0,1458.0,1458.0,0.0,486.0,0.0,0.0,39.0,0.0,0.0,214.0,233.0,233.0,0.0,4444.0,594.0,291.0,0.0,0.0,40.0,0.0,0.0,24.0,0.0,11.0,33.0,55.0,51.0,51.0,26.0,303.0,19.0,0.0,8.0,11.0,0.0,0.0,0.0,46.0,58.0,0.0,54.0,81.0,26.0,3850.0,2217.0,417.0,15.0,101.0,155.0,23.0,54.0,245.0,500.0,305.0,133.0,156.0,77.0,36.0,1633.0,118.0,60.0,64.0,117.0,0.0,10.0,139.0,359.0,147.0,228.0,199.0,165.0,27.0,57190.0,1608.0,441.0,1167.0,1700.0,293.0,103.0,303.0,534.0,408.0,0.0,0.0,35.0,11.0,13.0,1608.0,441.0,13.0,108.0,183.0,110.0,27.0,0.0,1167.0,433.0,600.0,134.0,0.0,0.0,0.0,1167.0,18.0,56.0,45.0,104.0,99.0,126.0,43.0,256.0,363.0,57.0,25023510300,0.10884658454647256,57190.0,0.7594117647058823,0.277363184079602,0.03292273236282195,0.31063829787234043,0.18992161254199327,0.27425373134328357,4465.0,0.13366336633663367,0.675235646958012,0.7257462686567164,0.23294117647058823
4321.0,4321.0,3808.0,384.0,2000.0,6.0,26.0,0.0,568.0,824.0,676.0,148.0,513.0,142.0,7.0,13.0,0.0,0.0,8.0,343.0,150.0,193.0,4321.0,866.0,391.0,19.0,0.0,11.0,6.0,0.0,18.0,61.0,61.0,47.0,77.0,28.0,59.0,4.0,475.0,200.0,16.0,11.0,0.0,0.0,0.0,0.0,140.0,62.0,8.0,7.0,11.0,20.0,3455.0,1871.0,193.0,61.0,283.0,59.0,44.0,23.0,168.0,378.0,237.0,116.0,237.0,72.0,0.0,1584.0,14.0,55.0,289.0,93.0,35.0,76.0,66.0,369.0,226.0,100.0,125.0,58.0,78.0,57639.0,1303.0,339.0,964.0,1423.0,155.0,19.0,454.0,570.0,69.0,156.0,0.0,0.0,0.0,0.0,1303.0,339.0,14.0,159.0,125.0,15.0,0.0,26.0,964.0,272.0,430.0,204.0,58.0,0.0,0.0,964.0,46.0,52.0,52.0,156.0,86.0,60.0,31.0,110.0,304.0,67.0,25023510400,0.11872251793566305,57639.0,0.8777231201686577,0.2194934765924789,0.006017125665355242,0.4628558204119417,0.0888683175190928,0.2601688411358404,4321.0,0.20041657023837076,0.5238589211618258,0.7398311588641596,0.12227687983134224
4112.0,4112.0,4000.0,1340.0,1379.0,0.0,74.0,0.0,123.0,1084.0,889.0,195.0,112.0,0.0,0.0,12.0,0.0,0.0,10.0,90.0,72.0,18.0,4018.0,562.0,210.0,0.0,0.0,0.0,29.0,0.0,0.0,48.0,0.0,0.0,60.0,53.0,20.0,0.0,352.0,40.0,0.0,0.0,39.0,0.0,0.0,11.0,0.0,85.0,20.0,149.0,8.0,0.0,3456.0,1546.0,138.0,63.0,85.0,175.0,27.0,16.0,77.0,249.0,245.0,153.0,96.0,135.0,87.0,1910.0,125.0,0.0,106.0,64.0,57.0,69.0,190.0,232.0,283.0,294.0,222.0,114.0,154.0,107784.0,1292.0,1018.0,274.0,1376.0,527.0,23.0,204.0,264.0,73.0,285.0,0.0,0.0,0.0,0.0,1292.0,1018.0,50.0,415.0,410.0,59.0,64.0,20.0,274.0,90.0,78.0,38.0,68.0,0.0,0.0,274.0,9.0,38.0,93.0,0.0,0.0,0.0,0.0,0.0,65.0,69.0,25023510501,0.027237354085603113,107784.0,0.6002906976744186,0.10835913312693499,0.01799610894941634,0.3353599221789883,0.32587548638132297,0.7879256965944272,4112.0,0.13987058237929317,0.23722627737226276,0.21207430340557276,0.3997093023255814
4249.0,4249.0,3598.0,1390.0,1769.0,0.0,30.0,0.0,124.0,285.0,99.0,186.0,651.0,15.0,27.0,0.0,0.0,0.0,316.0,293.0,275.0,18.0,4016.0,662.0,228.0,0.0,0.0,36.0,57.0,0.0,25.0,10.0,44.0,27.0,0.0,26.0,0.0,3.0,434.0,58.0,0.0,21.0,0.0,49.0,32.0,22.0,5.0,108.0,59.0,23.0,30.0,27.0,3354.0,1627.0,132.0,0.0,229.0,55.0,42.0,19.0,66.0,120.0,317.0,207.0,171.0,84.0,185.0,1727.0,126.0,7.0,38.0,53.0,12.0,34.0,142.0,289.0,326.0,117.0,249.0,181.0,153.0,66000.0,1586.0,637.0,949.0,1611.0,579.0,74.0,20.0,113.0,216.0,178.0,170.0,229.0,32.0,0.0,1586.0,637.0,40.0,185.0,339.0,31.0,42.0,0.0,949.0,182.0,566.0,132.0,69.0,0.0,0.0,949.0,34.0,86.0,31.0,135.0,70.0,108.0,30.0,154.0,294.0,7.0,25023510503,0.15321252059308071,66000.0,0.5946617008069522,0.13997477931904162,0.007060484819957637,0.416333254883502,0.32713579665803716,0.4016393442622951,4249.0,0.1648406374501992,0.6174920969441517,0.5983606557377049,0.4053382991930478
2334.0,2334.0,2083.0,557.0,842.0,0.0,0.0,0.0,343.0,341.0,290.0,51.0,251.0,170.0,0.0,0.0,0.0,0.0,16.0,65.0,65.0,0.0,2334.0,626.0,282.0,29.0,36.0,0.0,26.0,0.0,0.0,8.0,0.0,28.0,8.0,74.0,0.0,73.0,344.0,0.0,0.0,24.0,24.0,8.0,36.0,0.0,0.0,27.0,0.0,66.0,49.0,110.0,1708.0,913.0,63.0,8.0,56.0,48.0,0.0,101.0,59.0,117.0,100.0,173.0,113.0,68.0,7.0,795.0,4.0,35.0,0.0,11.0,5.0,24.0,32.0,163.0,125.0,148.0,96.0,23.0,129.0,35500.0,936.0,411.0,525.0,991.0,446.0,0.0,21.0,108.0,64.0,41.0,0.0,308.0,3.0,0.0,936.0,411.0,3.0,109.0,138.0,67.0,94.0,0.0,525.0,369.0,133.0,12.0,11.0,0.0,0.0,525.0,0.0,0.0,51.0,71.0,59.0,27.0,171.0,86.0,15.0,45.0,25023510504,0.1075407026563839,35500.0,0.549949545913219,0.3974358974358974,0.0,0.3607540702656384,0.23864610111396745,0.4391025641025641,2334.0,0.26820908311910885,0.5695238095238095,0.5608974358974359,0.450050454086781
4846.0,4846.0,4111.0,970.0,1513.0,0.0,445.0,0.0,398.0,785.0,315.0,470.0,735.0,0.0,0.0,0.0,0.0,0.0,735.0,0.0,0.0,0.0,4773.0,1377.0,731.0,0.0,0.0,35.0,0.0,0.0,131.0,88.0,73.0,0.0,0.0,201.0,94.0,109.0,646.0,49.0,0.0,0.0,100.0,0.0,0.0,156.0,0.0,147.0,0.0,112.0,59.0,23.0,3396.0,1703.0,45.0,0.0,190.0,99.0,0.0,41.0,99.0,548.0,133.0,131.0,255.0,162.0,0.0,1693.0,163.0,74.0,94.0,0.0,23.0,0.0,111.0,237.0,223.0,210.0,254.0,118.0,186.0,57938.0,2101.0,927.0,1174.0,2149.0,154.0,227.0,209.0,87.0,382.0,748.0,58.0,284.0,0.0,0.0,2101.0,927.0,108.0,609.0,72.0,138.0,0.0,0.0,1174.0,370.0,485.0,252.0,67.0,0.0,0.0,1174.0,0.0,116.0,52.0,85.0,430.0,58.0,105.0,45.0,270.0,13.0,25023510505,0.1516714816343376,57938.0,0.8227082363890181,0.22751070918610186,0.09182831200990507,0.31221626083367726,0.2001650846058605,0.44121846739647785,4846.0,0.2884978001257071,0.4071550255536627,0.5587815326035221,0.17729176361098184
3472.0,3472.0,3338.0,1695.0,759.0,0.0,235.0,0.0,9.0,640.0,472.0,168.0,134.0,0.0,0.0,0.0,0.0,0.0,15.0,119.0,85.0,34.0,3363.0,333.0,153.0,0.0,0.0,23.0,11.0,0.0,0.0,20.0,18.0,17.0,21.0,32.0,0.0,11.0,180.0,0.0,23.0,22.0,23.0,0.0,0.0,0.0,18.0,27.0,17.0,22.0,0.0,28.0,3030.0,1330.0,0.0,16.0,26.0,12.0,14.0,140.0,183.0,182.0,71.0,272.0,154.0,145.0,115.0,1700.0,187.0,26.0,126.0,143.0,23.0,0.0,230.0,80.0,226.0,258.0,196.0,173.0,32.0,162083.0,1123.0,1047.0,76.0,1176.0,1152.0,0.0,7.0,17.0,0.0,0.0,0.0,0.0,0.0,0.0,1123.0,1047.0,26.0,319.0,292.0,192.0,130.0,88.0,76.0,7.0,36.0,0.0,33.0,0.0,0.0,76.0,0.0,0.0,25.0,0.0,8.0,9.0,0.0,0.0,26.0,8.0,25023510600,0.03859447004608295,162083.0,0.02040816326530612,0.029385574354407838,0.06768433179723503,0.21860599078341014,0.48819124423963134,0.9323241317898486,3472.0,0.09901873327386262,0.4605263157894737,0.06767586821015138,0.9795918367346939
6426.0,6426.0,5529.0,2159.0,1919.0,0.0,115.0,0.0,136.0,1200.0,1118.0,82.0,897.0,8.0,204.0,0.0,0.0,0.0,177.0,508.0,508.0,0.0,6361.0,495.0,167.0,0.0,0.0,31.0,45.0,0.0,0.0,17.0,1.0,0.0,0.0,10.0,2.0,61.0,328.0,48.0,0.0,56.0,0.0,0.0,0.0,64.0,73.0,48.0,5.0,34.0,0.0,0.0,5866.0,2546.0,135.0,20.0,85.0,15.0,11.0,54.0,272.0,493.0,362.0,412.0,358.0,223.0,106.0,3320.0,26.0,84.0,349.0,150.0,179.0,132.0,638.0,154.0,414.0,498.0,238.0,276.0,182.0,95395.0,2062.0,1687.0,375.0,2090.0,1504.0,30.0,166.0,275.0,41.0,40.0,28.0,0.0,6.0,0.0,2062.0,1687.0,45.0,469.0,713.0,420.0,40.0,0.0,375.0,112.0,148.0,35.0,80.0,0.0,0.0,375.0,28.0,5.0,0.0,19.0,6.0,73.0,0.0,66.0,178.0,0.0,25023510700,0.1395891690009337,95395.0,0.2660287081339713,0.07613967022308439,0.017896047307812014,0.29863056333644566,0.335978835978836,0.8181377303588748,6426.0,0.07781795315202013,0.8453333333333334,0.18186226964112512,0.7339712918660287
7904.0,7904.0,7043.0,775.0,3791.0,0.0,0.0,0.0,914.0,1563.0,1246.0,317.0,861.0,21.0,295.0,0.0,0.0,0.0,341.0,204.0,79.0,125.0,7812.0,1203.0,395.0,29.0,0.0,45.0,0.0,0.0,0.0,116.0,29.0,29.0,52.0,22.0,20.0,53.0,808.0,34.0,0.0,223.0,78.0,0.0,0.0,118.0,92.0,11.0,120.0,4.0,128.0,0.0,6609.0,3015.0,40.0,22.0,284.0,197.0,76.0,58.0,416.0,396.0,280.0,632.0,439.0,143.0,32.0,3594.0,344.0,66.0,194.0,209.0,47.0,232.0,480.0,399.0,460.0,520.0,351.0,238.0,54.0,75099.0,2361.0,555.0,1806.0,2500.0,380.0,45.0,331.0,1101.0,316.0,66.0,84.0,177.0,0.0,0.0,2361.0,555.0,34.0,121.0,293.0,56.0,51.0,0.0,1806.0,478.0,506.0,737.0,85.0,0.0,0.0,1806.0,87.0,28.0,370.0,102.0,218.0,300.0,94.0,157.0,429.0,21.0,25023510800,0.10893218623481782,75099.0,0.83,0.216857263871241,0.0,0.4796305668016194,0.09805161943319839,0.23506988564167725,7904.0,0.15399385560675882,0.5426356589147286,0.7649301143583227,0.17
2094.0,2094.0,1734.0,342.0,469.0,0.0,0.0,0.0,540.0,383.0,344.0,39.0,360.0,5.0,0.0,0.0,0.0,0.0,32.0,323.0,318.0,5.0,2088.0,902.0,323.0,11.0,0.0,0.0,10.0,0.0,0.0,42.0,34.0,59.0,41.0,57.0,69.0,0.0,579.0,0.0,0.0,15.0,17.0,0.0,14.0,0.0,83.0,90.0,11.0,118.0,120.0,111.0,1186.0,596.0,0.0,49.0,36.0,79.0,17.0,0.0,234.0,64.0,31.0,32.0,54.0,0.0,0.0,590.0,0.0,0.0,20.0,0.0,0.0,0.0,42.0,23.0,73.0,174.0,50.0,156.0,52.0,26109.0,1069.0,91.0,978.0,1211.0,0.0,30.0,201.0,186.0,72.0,126.0,41.0,546.0,9.0,0.0,1069.0,91.0,0.0,52.0,0.0,39.0,0.0,0.0,978.0,580.0,374.0,24.0,0.0,0.0,0.0,978.0,62.0,16.0,64.0,93.0,99.0,92.0,61.0,162.0,329.0,0.0,25023510900,0.17191977077363896,26109.0,0.9752270850536746,0.5425631431244153,0.0,0.2239732569245463,0.16332378223495703,0.08512628624883069,2094.0,0.43199233716475094,0.6584867075664622,0.9148737137511693,0.02477291494632535
2974.0,2974.0,2568.0,514.0,775.0,0.0,43.0,59.0,562.0,615.0,511.0,104.0,406.0,158.0,4.0,0.0,2.0,1.0,141.0,100.0,85.0,15.0,2974.0,724.0,458.0,15.0,0.0,66.0,91.0,0.0,18.0,18.0,28.0,114.0,23.0,59.0,26.0,0.0,266.0,0.0,0.0,33.0,11.0,22.0,43.0,0.0,55.0,56.0,2.0,9.0,27.0,8.0,2250.0,900.0,96.0,0.0,98.0,0.0,4.0,71.0,69.0,99.0,121.0,40.0,199.0,78.0,25.0,1350.0,69.0,0.0,88.0,123.0,0.0,28.0,127.0,220.0,206.0,122.0,262.0,83.0,22.0,72846.0,1038.0,436.0,602.0,1146.0,264.0,76.0,309.0,233.0,69.0,49.0,0.0,146.0,0.0,0.0,1038.0,436.0,49.0,138.0,149.0,65.0,35.0,0.0,602.0,186.0,312.0,85.0,19.0,0.0,0.0,602.0,0.0,44.0,167.0,57.0,110.0,21.0,10.0,14.0,153.0,26.0,25023511000,0.13651647612642906,72846.0,0.7033158813263525,0.22639691714836224,0.014458641560188298,0.2605917955615333,0.17283120376597175,0.42003853564547206,2974.0,0.24344317417619368,0.3289036544850498,0.5799614643545279,0.29668411867364747
5555.0,5555.0,5069.0,2290.0,1977.0,0.0,179.0,27.0,131.0,465.0,318.0,147.0,486.0,51.0,0.0,0.0,0.0,0.0,299.0,136.0,101.0,35.0,5528.0,249.0,128.0,0.0,0.0,58.0,0.0,0.0,0.0,11.0,13.0,0.0,21.0,0.0,17.0,8.0,121.0,0.0,28.0,0.0,0.0,0.0,0.0,17.0,37.0,0.0,0.0,0.0,10.0,29.0,5279.0,2789.0,165.0,102.0,194.0,97.0,10.0,145.0,265.0,293.0,263.0,480.0,350.0,313.0,112.0,2490.0,105.0,50.0,138.0,64.0,34.0,32.0,117.0,353.0,214.0,386.0,520.0,254.0,223.0,102042.0,1962.0,1858.0,104.0,1971.0,1882.0,12.0,68.0,9.0,0.0,0.0,0.0,0.0,0.0,0.0,1962.0,1858.0,126.0,362.0,904.0,452.0,14.0,0.0,104.0,0.0,48.0,0.0,17.0,39.0,0.0,104.0,0.0,0.0,0.0,0.0,72.0,0.0,0.0,0.0,0.0,32.0,25023511100,0.08748874887488749,102042.0,0.03906646372399797,0.06422018348623854,0.03222322232223222,0.3558955895589559,0.41224122412241226,0.9469928644240571,5555.0,0.04504341534008683,0.0,0.053007135575942915,0.960933536276002
5331.0,5331.0,4292.0,1725.0,1219.0,14.0,140.0,0.0,711.0,483.0,301.0,182.0,1039.0,90.0,8.0,0.0,0.0,0.0,705.0,236.0,207.0,29.0,5226.0,714.0,176.0,15.0,0.0,0.0,12.0,0.0,0.0,15.0,18.0,0.0,4.0,62.0,16.0,34.0,538.0,41.0,1.0,36.0,43.0,13.0,0.0,25.0,137.0,88.0,27.0,8.0,110.0,9.0,4512.0,2134.0,103.0,14.0,217.0,52.0,7.0,10.0,196.0,257.0,235.0,337.0,387.0,206.0,113.0,2378.0,185.0,29.0,244.0,111.0,24.0,62.0,168.0,304.0,263.0,337.0,237.0,360.0,54.0,75437.0,1974.0,1048.0,926.0,2128.0,1123.0,153.0,207.0,217.0,79.0,14.0,37.0,298.0,0.0,0.0,1974.0,1048.0,21.0,224.0,462.0,199.0,35.0,107.0,926.0,287.0,551.0,76.0,4.0,8.0,0.0,926.0,37.0,59.0,143.0,48.0,105.0,141.0,28.0,9.0,157.0,199.0,25023511200,0.19489776777340087,75437.0,0.40037593984962405,0.15602836879432624,0.026261489401613207,0.22866253986118926,0.3235790658413056,0.5309017223910841,5331.0,0.13662456946039037,0.3617710583153348,0.4690982776089159,0.599624060150376
6185.0,6185.0,5603.0,1083.0,2582.0,0.0,27.0,0.0,407.0,1504.0,1371.0,133.0,582.0,62.0,54.0,0.0,0.0,0.0,334.0,132.0,105.0,27.0,6085.0,701.0,323.0,0.0,31.0,0.0,26.0,11.0,0.0,10.0,110.0,52.0,0.0,40.0,43.0,0.0,378.0,0.0,0.0,27.0,14.0,0.0,13.0,58.0,60.0,45.0,8.0,58.0,66.0,29.0,5384.0,2557.0,114.0,15.0,278.0,241.0,21.0,28.0,411.0,155.0,313.0,454.0,232.0,199.0,96.0,2827.0,238.0,24.0,251.0,231.0,15.0,15.0,131.0,321.0,450.0,288.0,407.0,277.0,179.0,65333.0,2136.0,1378.0,758.0,2191.0,1108.0,39.0,401.0,306.0,84.0,0.0,43.0,210.0,0.0,0.0,2136.0,1378.0,51.0,348.0,635.0,257.0,82.0,5.0,758.0,130.0,512.0,116.0,0.0,0.0,0.0,758.0,8.0,38.0,0.0,42.0,188.0,74.0,131.0,48.0,229.0,0.0,25023511301,0.09409862570735651,65333.0,0.47649475125513463,0.0847378277153558,0.004365400161681488,0.41746160064672594,0.17510105092966854,0.6451310861423221,6185.0,0.1152013147082991,0.6358839050131926,0.3548689138576779,0.5235052487448654
3795.0,3795.0,3054.0,1157.0,961.0,0.0,140.0,0.0,332.0,464.0,161.0,303.0,741.0,25.0,0.0,0.0,0.0,0.0,493.0,223.0,194.0,29.0,3790.0,332.0,144.0,0.0,0.0,31.0,59.0,0.0,25.0,0.0,6.0,0.0,0.0,11.0,9.0,3.0,188.0,26.0,0.0,0.0,21.0,0.0,0.0,23.0,5.0,48.0,22.0,12.0,25.0,6.0,3458.0,1875.0,135.0,0.0,204.0,57.0,67.0,29.0,199.0,189.0,279.0,194.0,174.0,276.0,72.0,1583.0,136.0,0.0,12.0,0.0,0.0,19.0,186.0,196.0,310.0,145.0,147.0,267.0,165.0,103021.0,1122.0,859.0,263.0,1137.0,874.0,0.0,0.0,19.0,116.0,9.0,0.0,119.0,0.0,0.0,1122.0,859.0,26.0,129.0,392.0,186.0,35.0,91.0,263.0,122.0,56.0,85.0,0.0,0.0,0.0,263.0,14.0,61.0,24.0,90.0,19.0,0.0,4.0,32.0,19.0,0.0,25023511302,0.19525691699604744,103021.0,0.23131046613896217,0.1319073083778966,0.03689064558629776,0.2532279314888011,0.3048748353096179,0.7655971479500892,3795.0,0.08759894459102903,0.20912547528517111,0.23440285204991088,0.7686895338610378
3834.0,3834.0,2848.0,116.0,1015.0,0.0,0.0,0.0,398.0,1319.0,1291.0,28.0,986.0,21.0,28.0,0.0,0.0,0.0,426.0,511.0,511.0,0.0,3828.0,609.0,342.0,0.0,0.0,25.0,85.0,15.0,25.0,34.0,62.0,42.0,21.0,11.0,0.0,22.0,267.0,0.0,0.0,24.0,15.0,0.0,0.0,57.0,0.0,90.0,11.0,34.0,0.0,36.0,3219.0,1690.0,25.0,113.0,44.0,48.0,41.0,32.0,275.0,519.0,195.0,156.0,149.0,93.0,0.0,1529.0,46.0,74.0,115.0,83.0,39.0,74.0,92.0,298.0,101.0,257.0,173.0,149.0,28.0,78077.0,1268.0,323.0,945.0,1411.0,202.0,19.0,348.0,689.0,144.0,9.0,0.0,0.0,0.0,0.0,1268.0,323.0,38.0,9.0,168.0,108.0,0.0,0.0,945.0,187.0,559.0,126.0,73.0,0.0,0.0,945.0,125.0,64.0,65.0,132.0,65.0,116.0,112.0,104.0,162.0,0.0,25023511400,0.2571726656233698,78077.0,0.8433734939759037,0.1774447949526814,0.0,0.26473656755346897,0.03025560772039645,0.2547318611987382,3834.0,0.1590909090909091,0.5227513227513227,0.7452681388012619,0.1566265060240964
5254.0,5254.0,4172.0,325.0,1409.0,0.0,133.0,0.0,992.0,1313.0,1274.0,39.0,1082.0,510.0,0.0,0.0,0.0,0.0,374.0,198.0,177.0,21.0,5239.0,730.0,321.0,26.0,0.0,70.0,23.0,18.0,38.0,10.0,70.0,0.0,66.0,0.0,0.0,0.0,409.0,19.0,20.0,40.0,0.0,0.0,27.0,23.0,111.0,102.0,1.0,56.0,10.0,0.0,4509.0,2263.0,320.0,46.0,156.0,148.0,71.0,44.0,192.0,253.0,391.0,230.0,240.0,153.0,19.0,2246.0,73.0,39.0,398.0,146.0,66.0,71.0,264.0,241.0,317.0,261.0,239.0,116.0,15.0,86513.0,1657.0,696.0,961.0,1721.0,376.0,63.0,620.0,599.0,9.0,54.0,0.0,0.0,0.0,0.0,1657.0,696.0,24.0,249.0,235.0,172.0,12.0,4.0,961.0,427.0,321.0,197.0,16.0,0.0,0.0,961.0,14.0,76.0,36.0,33.0,199.0,50.0,100.0,79.0,306.0,68.0,25023511500,0.20593833269889608,86513.0,0.7449157466589192,0.272178636089318,0.025314046440807005,0.2681766273315569,0.06185763228016749,0.420036210018105,5254.0,0.13933956861996563,0.5567117585848075,0.579963789981895,0.25508425334108076
3904.0,3904.0,3467.0,866.0,1498.0,0.0,0.0,0.0,375.0,728.0,387.0,341.0,437.0,47.0,78.0,0.0,0.0,0.0,211.0,101.0,79.0,22.0,3773.0,670.0,232.0,36.0,0.0,44.0,0.0,0.0,42.0,75.0,0.0,24.0,0.0,11.0,0.0,0.0,438.0,75.0,0.0,95.0,0.0,0.0,0.0,0.0,46.0,107.0,33.0,12.0,27.0,43.0,3103.0,1604.0,187.0,0.0,191.0,113.0,27.0,46.0,171.0,123.0,328.0,181.0,116.0,100.0,21.0,1499.0,40.0,30.0,147.0,104.0,27.0,62.0,78.0,199.0,255.0,150.0,238.0,57.0,112.0,81157.0,1120.0,408.0,712.0,1265.0,443.0,103.0,138.0,430.0,0.0,0.0,63.0,88.0,0.0,0.0,1120.0,408.0,17.0,109.0,173.0,62.0,47.0,0.0,712.0,229.0,191.0,215.0,77.0,0.0,0.0,712.0,0.0,51.0,46.0,123.0,139.0,0.0,65.0,101.0,166.0,21.0,25023511601,0.11193647540983606,81157.0,0.5683794466403163,0.21964285714285714,0.0,0.3837090163934426,0.22182377049180327,0.36428571428571427,3904.0,0.17757752451630002,0.46629213483146065,0.6357142857142857,0.4316205533596838
3749.0,3749.0,3021.0,1360.0,885.0,0.0,74.0,0.0,353.0,349.0,238.0,111.0,728.0,205.0,96.0,0.0,0.0,0.0,274.0,153.0,70.0,83.0,3749.0,702.0,268.0,0.0,0.0,0.0,0.0,0.0,0.0,24.0,89.0,0.0,21.0,23.0,99.0,12.0,434.0,41.0,0.0,0.0,0.0,0.0,0.0,0.0,111.0,0.0,11.0,166.0,67.0,38.0,3047.0,1413.0,117.0,0.0,70.0,40.0,24.0,11.0,80.0,145.0,210.0,204.0,209.0,168.0,135.0,1634.0,114.0,21.0,80.0,123.0,0.0,106.0,73.0,237.0,155.0,274.0,150.0,220.0,81.0,59497.0,1577.0,1057.0,520.0,1621.0,979.0,19.0,68.0,56.0,34.0,47.0,37.0,362.0,11.0,8.0,1577.0,1057.0,137.0,299.0,426.0,163.0,18.0,14.0,520.0,278.0,128.0,62.0,52.0,0.0,0.0,520.0,21.0,58.0,79.0,23.0,33.0,52.0,105.0,103.0,34.0,12.0,25023511602,0.19418511603094157,59497.0,0.37939543491671807,0.2631578947368421,0.019738596959189118,0.236062950120032,0.3627634035742865,0.6702599873176919,3749.0,0.18724993331555081,0.5653846153846154,0.3297400126823082,0.6156693399136336
5199.0,5199.0,4658.0,2319.0,1760.0,0.0,136.0,0.0,72.0,371.0,254.0,117.0,541.0,50.0,14.0,0.0,0.0,0.0,66.0,411.0,397.0,14.0,5135.0,188.0,122.0,20.0,18.0,9.0,0.0,8.0,0.0,0.0,20.0,0.0,16.0,21.0,0.0,10.0,66.0,0.0,0.0,0.0,0.0,0.0,5.0,7.0,0.0,8.0,4.0,8.0,0.0,34.0,4947.0,2476.0,79.0,0.0,128.0,77.0,27.0,33.0,101.0,477.0,444.0,251.0,414.0,261.0,184.0,2471.0,123.0,34.0,82.0,55.0,32.0,86.0,191.0,273.0,267.0,328.0,539.0,245.0,216.0,122860.0,1683.0,1576.0,107.0,1705.0,1633.0,0.0,20.0,40.0,8.0,0.0,0.0,4.0,0.0,0.0,1683.0,1576.0,31.0,417.0,606.0,405.0,117.0,0.0,107.0,0.0,21.0,86.0,0.0,0.0,0.0,107.0,0.0,10.0,27.0,47.0,0.0,0.0,7.0,0.0,12.0,4.0,25023511701,0.10405847278322754,122860.0,0.04222873900293255,0.0184194890077243,0.02615887670705905,0.33852663973841124,0.4460473167916907,0.936423054070113,5199.0,0.03661148977604674,0.17757009345794392,0.06357694592988711,0.9577712609970674
2806.0,2806.0,2476.0,1136.0,963.0,0.0,57.0,0.0,60.0,260.0,168.0,92.0,330.0,0.0,6.0,148.0,0.0,0.0,146.0,30.0,24.0,6.0,2636.0,78.0,42.0,0.0,0.0,0.0,0.0,0.0,0.0,0.0,2.0,0.0,0.0,11.0,19.0,10.0,36.0,0.0,0.0,0.0,0.0,0.0,0.0,0.0,2.0,1.0,0.0,28.0,2.0,3.0,2558.0,1381.0,118.0,12.0,126.0,35.0,0.0,63.0,121.0,156.0,186.0,222.0,188.0,129.0,25.0,1177.0,86.0,8.0,111.0,7.0,16.0,15.0,38.0,87.0,260.0,227.0,152.0,123.0,47.0,120660.0,980.0,691.0,289.0,1025.0,744.0,6.0,0.0,31.0,17.0,182.0,0.0,6.0,39.0,0.0,980.0,691.0,11.0,182.0,254.0,154.0,90.0,0.0,289.0,8.0,228.0,34.0,19.0,0.0,0.0,289.0,0.0,63.0,48.0,66.0,0.0,24.0,17.0,35.0,17.0,19.0,25023511702,0.11760513186029936,120660.0,0.2682926829268293,0.019387755102040816,0.020313613684960798,0.34319315751960083,0.40484675694939415,0.7051020408163265,2806.0,0.02959028831562974,0.3217993079584775,0.29489795918367345,0.7317073170731707
7183.0,7183.0,6789.0,6074.0,18.0,0.0,97.0,0.0,411.0,189.0,141.0,48.0,394.0,88.0,0.0,0.0,0.0,0.0,289.0,17.0,0.0,17.0,7077.0,170.0,75.0,18.0,0.0,16.0,0.0,0.0,0.0,0.0,0.0,0.0,0.0,41.0,0.0,0.0,95.0,0.0,0.0,0.0,0.0,0.0,0.0,50.0,24.0,0.0,0.0,4.0,17.0,0.0,6907.0,3423.0,371.0,0.0,114.0,69.0,80.0,162.0,149.0,503.0,727.0,393.0,519.0,222.0,114.0,3484.0,167.0,39.0,360.0,184.0,0.0,72.0,196.0,337.0,709.0,491.0,424.0,276.0,229.0,128064.0,2540.0,2016.0,524.0,2560.0,1728.0,206.0,196.0,80.0,176.0,113.0,37.0,24.0,0.0,0.0,2540.0,2016.0,42.0,460.0,742.0,470.0,76.0,226.0,524.0,92.0,328.0,76.0,0.0,9.0,19.0,524.0,0.0,0.0,141.0,0.0,81.0,36.0,64.0,44.0,149.0,9.0,25023520100,0.05485173325908395,128064.0,0.24453125,0.05275590551181102,0.013504106919114576,0.002505916747876932,0.8456076848113602,0.7937007874015748,7183.0,0.024021478027412745,0.5591603053435115,0.2062992125984252,0.75546875
3653.0,3653.0,3363.0,2896.0,39.0,0.0,248.0,0.0,0.0,180.0,136.0,44.0,290.0,21.0,0.0,0.0,0.0,0.0,131.0,138.0,138.0,0.0,3653.0,283.0,142.0,13.0,0.0,0.0,0.0,0.0,20.0,15.0,25.0,10.0,33.0,26.0,0.0,0.0,141.0,29.0,0.0,0.0,4.0,0.0,0.0,0.0,17.0,5.0,0.0,43.0,0.0,43.0,3370.0,1719.0,121.0,25.0,90.0,99.0,28.0,29.0,128.0,347.0,208.0,212.0,213.0,179.0,40.0,1651.0,87.0,0.0,79.0,81.0,4.0,12.0,54.0,326.0,217.0,213.0,326.0,194.0,58.0,109435.0,1511.0,1092.0,419.0,1582.0,1009.0,50.0,142.0,124.0,204.0,53.0,0.0,0.0,0.0,0.0,1511.0,1092.0,5.0,233.0,543.0,235.0,60.0,16.0,419.0,35.0,318.0,66.0,0.0,0.0,0.0,419.0,0.0,57.0,5.0,35.0,78.0,40.0,13.0,28.0,89.0,74.0,25023520201,0.07938680536545305,109435.0,0.3305941845764855,0.026472534745201854,0.06788940596769778,0.010676156583629894,0.7927730632356967,0.7227001985440106,3653.0,0.07747057213249384,0.40572792362768495,0.2772998014559894,0.6694058154235145
6217.0,6217.0,6012.0,5215.0,43.0,0.0,270.0,0.0,20.0,464.0,427.0,37.0,205.0,7.0,0.0,0.0,0.0,0.0,23.0,175.0,175.0,0.0,6217.0,424.0,222.0,130.0,52.0,0.0,0.0,0.0,0.0,0.0,0.0,20.0,20.0,0.0,0.0,0.0,202.0,0.0,0.0,0.0,0.0,0.0,0.0,0.0,44.0,20.0,8.0,58.0,23.0,49.0,5793.0,2809.0,34.0,105.0,253.0,132.0,35.0,12.0,123.0,387.0,413.0,473.0,469.0,152.0,221.0,2984.0,147.0,34.0,293.0,98.0,0.0,90.0,323.0,322.0,415.0,474.0,453.0,138.0,197.0,130539.0,2337.0,1533.0,804.0,2337.0,1358.0,237.0,21.0,158.0,91.0,225.0,61.0,186.0,0.0,0.0,2337.0,1533.0,16.0,378.0,712.0,300.0,115.0,12.0,804.0,50.0,253.0,447.0,54.0,0.0,0.0,804.0,21.0,0.0,56.0,140.0,151.0,77.0,82.0,0.0,166.0,111.0,25023520202,0.03297410326524047,130539.0,0.31750106974753955,0.028241335044929396,0.04342930673958501,0.006916519221489464,0.8388290172108734,0.6559691912708601,6217.0,0.06820009650957053,0.40422885572139305,0.34403080872913994,0.6824989302524604
4582.0,4582.0,4330.0,3828.0,142.0,0.0,94.0,0.0,27.0,239.0,206.0,33.0,252.0,38.0,0.0,26.0,26.0,0.0,106.0,56.0,49.0,7.0,4582.0,293.0,119.0,0.0,0.0,0.0,8.0,0.0,13.0,13.0,45.0,0.0,7.0,10.0,10.0,13.0,174.0,33.0,0.0,39.0,0.0,0.0,0.0,14.0,6.0,12.0,6.0,9.0,46.0,9.0,4289.0,1934.0,114.0,14.0,183.0,103.0,5.0,34.0,126.0,121.0,382.0,160.0,375.0,207.0,110.0,2355.0,90.0,17.0,195.0,86.0,0.0,42.0,298.0,233.0,385.0,275.0,358.0,249.0,127.0,112083.0,1730.0,1339.0,391.0,1822.0,1129.0,321.0,38.0,91.0,64.0,38.0,141.0,0.0,0.0,0.0,1730.0,1339.0,27.0,255.0,728.0,228.0,30.0,71.0,391.0,14.0,256.0,76.0,45.0,0.0,0.0,391.0,0.0,19.0,8.0,20.0,56.0,125.0,0.0,70.0,84.0,9.0,25023521101,0.05499781754692274,112083.0,0.20417124039517015,0.023699421965317918,0.020515058926233086,0.030990833697075514,0.8354430379746836,0.7739884393063584,4582.0,0.06394587516368398,0.7135549872122762,0.22601156069364162,0.7958287596048299
3499.0,3499.0,3140.0,2988.0,22.0,30.0,1.0,0.0,8.0,91.0,13.0,78.0,359.0,248.0,0.0,0.0,0.0,0.0,0.0,111.0,50.0,61.0,3499.0,436.0,142.0,0.0,0.0,0.0,0.0,0.0,0.0,0.0,5.0,0.0,0.0,67.0,70.0,0.0,294.0,55.0,0.0,15.0,0.0,0.0,13.0,29.0,33.0,0.0,22.0,9.0,105.0,13.0,3063.0,1596.0,16.0,11.0,97.0,68.0,95.0,183.0,147.0,111.0,321.0,158.0,220.0,129.0,40.0,1467.0,64.0,14.0,158.0,36.0,0.0,8.0,143.0,125.0,326.0,164.0,207.0,122.0,100.0,94922.0,1347.0,919.0,428.0,1422.0,757.0,106.0,327.0,136.0,54.0,14.0,0.0,28.0,0.0,0.0,1347.0,919.0,0.0,248.0,424.0,194.0,53.0,0.0,428.0,11.0,211.0,206.0,0.0,0.0,0.0,428.0,0.0,36.0,16.0,19.0,22.0,10.0,95.0,0.0,125.0,105.0,25023521102,0.10260074306944841,94922.0,0.3931082981715893,0.008166295471417966,0.0002857959416976279,0.006287510717347814,0.8539582737925121,0.682256867112101,3499.0,0.12460703058016576,0.5373831775700935,0.317743132887899,0.6068917018284107
3261.0,3261.0,3200.0,2221.0,84.0,0.0,27.0,0.0,190.0,678.0,342.0,336.0,61.0,19.0,16.0,0.0,0.0,0.0,8.0,18.0,18.0,0.0,3261.0,355.0,153.0,0.0,0.0,15.0,15.0,0.0,0.0,0.0,20.0,40.0,44.0,19.0,0.0,0.0,202.0,34.0,0.0,0.0,0.0,0.0,0.0,59.0,73.0,12.0,0.0,16.0,8.0,0.0,2906.0,1441.0,110.0,16.0,39.0,144.0,0.0,34.0,157.0,235.0,239.0,207.0,111.0,116.0,33.0,1465.0,109.0,42.0,62.0,48.0,0.0,35.0,166.0,244.0,233.0,201.0,91.0,165.0,69.0,99405.0,1224.0,607.0,617.0,1272.0,470.0,140.0,140.0,195.0,99.0,63.0,68.0,97.0,0.0,0.0,1224.0,607.0,36.0,136.0,306.0,35.0,94.0,0.0,617.0,28.0,226.0,320.0,30.0,13.0,0.0,617.0,0.0,199.0,0.0,31.0,89.0,29.0,18.0,104.0,128.0,19.0,25023521201,0.01870591842992947,99405.0,0.5204402515723271,0.05228758169934641,0.00827966881324747,0.025758969641214352,0.681079423489727,0.4959150326797386,3261.0,0.1088623121741797,0.4521880064829822,0.5040849673202614,0.47955974842767296
3953.0,3953.0,3804.0,3623.0,32.0,0.0,0.0,0.0,21.0,128.0,44.0,84.0,149.0,31.0,0.0,0.0,0.0,0.0,17.0,101.0,52.0,49.0,3953.0,125.0,69.0,10.0,11.0,0.0,0.0,0.0,0.0,12.0,10.0,12.0,0.0,2.0,0.0,12.0,56.0,0.0,0.0,0.0,0.0,0.0,0.0,20.0,10.0,0.0,0.0,0.0,15.0,11.0,3828.0,1807.0,133.0,52.0,63.0,87.0,19.0,37.0,103.0,203.0,191.0,320.0,326.0,198.0,75.0,2021.0,69.0,0.0,53.0,120.0,39.0,18.0,382.0,195.0,205.0,360.0,266.0,213.0,101.0,122083.0,1441.0,1236.0,205.0,1464.0,1118.0,112.0,130.0,33.0,35.0,36.0,0.0,0.0,0.0,0.0,1441.0,1236.0,21.0,280.0,574.0,195.0,94.0,72.0,205.0,23.0,163.0,19.0,0.0,0.0,0.0,205.0,0.0,7.0,10.0,15.0,9.0,25.0,35.0,37.0,19.0,48.0,25023521202,0.037692891474829245,122083.0,0.1598360655737705,0.030534351145038167,0.0,0.008095117632178092,0.9165190994181635,0.8577376821651631,3953.0,0.031621553250695676,0.5658536585365853,0.14226231783483692,0.8401639344262295
4694.0,4694.0,4554.0,4275.0,9.0,0.0,25.0,0.0,45.0,200.0,105.0,95.0,140.0,43.0,13.0,0.0,0.0,0.0,37.0,47.0,47.0,0.0,4659.0,113.0,23.0,0.0,0.0,0.0,0.0,0.0,0.0,12.0,0.0,0.0,11.0,0.0,0.0,0.0,90.0,0.0,0.0,0.0,0.0,12.0,0.0,0.0,0.0,13.0,0.0,31.0,0.0,34.0,4546.0,2252.0,142.0,25.0,75.0,87.0,10.0,78.0,307.0,255.0,267.0,339.0,397.0,214.0,56.0,2294.0,69.0,23.0,207.0,51.0,31.0,78.0,281.0,231.0,294.0,353.0,289.0,227.0,160.0,130929.0,1635.0,1502.0,133.0,1687.0,1517.0,0.0,42.0,107.0,21.0,0.0,0.0,0.0,0.0,0.0,1635.0,1502.0,55.0,197.0,587.0,375.0,141.0,147.0,133.0,0.0,24.0,109.0,0.0,0.0,0.0,133.0,0.0,0.0,0.0,0.0,0.0,0.0,0.0,88.0,45.0,0.0,25023522101,0.02982530890498509,130929.0,0.1007705986959099,0.03363914373088685,0.005325948018747337,0.0019173412867490413,0.9107371112057946,0.9186544342507645,4694.0,0.024254131787937325,1.0,0.08134556574923547,0.8992294013040901
5966.0,5966.0,5965.0,5403.0,8.0,20.0,26.0,0.0,0.0,508.0,310.0,198.0,1.0,0.0,0.0,0.0,0.0,0.0,0.0,1.0,1.0,0.0,5916.0,168.0,45.0,0.0,0.0,0.0,0.0,0.0,6.0,0.0,0.0,0.0,22.0,0.0,17.0,0.0,123.0,0.0,0.0,0.0,0.0,0.0,0.0,0.0,12.0,0.0,0.0,0.0,96.0,15.0,5748.0,2899.0,159.0,40.0,202.0,262.0,7.0,61.0,130.0,154.0,442.0,451.0,323.0,500.0,168.0,2849.0,103.0,31.0,367.0,36.0,86.0,16.0,336.0,216.0,372.0,363.0,364.0,337.0,222.0,140208.0,2213.0,1922.0,291.0,2213.0,1563.0,269.0,175.0,116.0,38.0,39.0,0.0,13.0,0.0,0.0,2213.0,1922.0,31.0,476.0,683.0,499.0,191.0,42.0,291.0,43.0,184.0,64.0,0.0,0.0,0.0,291.0,0.0,13.0,47.0,37.0,29.0,0.0,0.0,0.0,148.0,17.0,25023522102,0.00016761649346295676,140208.0,0.17216448260280162,0.033438770899231814,0.004358028830036876,0.0013409319477036541,0.9056319141803554,0.868504292815183,5966.0,0.028397565922920892,0.5085910652920962,0.13149570718481698,0.8278355173971984
3354.0,3354.0,3200.0,2842.0,75.0,0.0,0.0,0.0,149.0,134.0,19.0,115.0,154.0,43.0,0.0,0.0,0.0,0.0,2.0,109.0,109.0,0.0,3354.0,79.0,18.0,0.0,0.0,0.0,0.0,0.0,11.0,5.0,0.0,2.0,0.0,0.0,0.0,0.0,61.0,28.0,0.0,0.0,0.0,0.0,0.0,0.0,26.0,7.0,0.0,0.0,0.0,0.0,3275.0,1586.0,130.0,14.0,112.0,23.0,44.0,25.0,219.0,264.0,262.0,131.0,245.0,73.0,44.0,1689.0,116.0,10.0,136.0,73.0,39.0,89.0,211.0,284.0,156.0,220.0,219.0,88.0,48.0,132600.0,1172.0,887.0,285.0,1212.0,958.0,43.0,78.0,120.0,13.0,0.0,0.0,0.0,0.0,0.0,1172.0,887.0,30.0,75.0,519.0,133.0,113.0,17.0,285.0,79.0,163.0,30.0,0.0,0.0,13.0,285.0,0.0,45.0,0.0,8.0,0.0,0.0,0.0,13.0,137.0,82.0,25023523100,0.045915324985092425,132600.0,0.1740924092409241,0.09300341296928327,0.0,0.022361359570661897,0.8473464519976148,0.7568259385665529,3354.0,0.02355396541443053,0.5263157894736842,0.2431740614334471,0.8259075907590759
3136.0,3136.0,3063.0,2775.0,101.0,0.0,0.0,0.0,0.0,187.0,63.0,124.0,73.0,0.0,0.0,0.0,0.0,0.0,0.0,73.0,17.0,56.0,3049.0,252.0,87.0,8.0,0.0,35.0,39.0,0.0,0.0,0.0,0.0,0.0,0.0,0.0,0.0,5.0,165.0,0.0,0.0,25.0,0.0,0.0,33.0,27.0,29.0,8.0,23.0,8.0,0.0,12.0,2797.0,1522.0,95.0,22.0,103.0,78.0,77.0,85.0,153.0,74.0,112.0,222.0,255.0,162.0,84.0,1275.0,9.0,13.0,85.0,63.0,0.0,45.0,139.0,123.0,153.0,196.0,275.0,72.0,102.0,115938.0,1001.0,733.0,268.0,1026.0,802.0,19.0,0.0,93.0,38.0,14.0,49.0,11.0,0.0,0.0,1001.0,733.0,14.0,176.0,270.0,166.0,66.0,41.0,268.0,112.0,65.0,71.0,9.0,11.0,0.0,268.0,0.0,11.0,45.0,0.0,47.0,51.0,30.0,0.0,43.0,41.0,25023523201,0.023278061224489797,115938.0,0.19980506822612085,0.1258741258741259,0.0,0.03220663265306122,0.8848852040816326,0.7322677322677322,3136.0,0.08265004919645785,0.4626865671641791,0.2677322677322677,0.8001949317738791
4332.0,4332.0,4077.0,3853.0,53.0,0.0,0.0,0.0,65.0,106.0,32.0,74.0,255.0,18.0,0.0,0.0,0.0,0.0,0.0,237.0,237.0,0.0,4323.0,74.0,19.0,0.0,0.0,0.0,0.0,0.0,0.0,0.0,0.0,0.0,9.0,0.0,0.0,10.0,55.0,0.0,0.0,0.0,0.0,0.0,0.0,0.0,23.0,0.0,14.0,0.0,0.0,18.0,4249.0,2116.0,0.0,0.0,121.0,36.0,68.0,37.0,191.0,314.0,272.0,427.0,362.0,198.0,90.0,2133.0,170.0,48.0,100.0,29.0,38.0,0.0,95.0,192.0,356.0,488.0,255.0,213.0,149.0,183016.0,1612.0,1486.0,126.0,1618.0,1374.0,78.0,23.0,25.0,57.0,0.0,0.0,0.0,61.0,0.0,1612.0,1486.0,64.0,256.0,593.0,391.0,90.0,92.0,126.0,0.0,23.0,96.0,0.0,7.0,0.0,126.0,25.0,0.0,0.0,7.0,0.0,0.0,0.0,0.0,71.0,23.0,25023523203,0.05886426592797784,183016.0,0.10259579728059333,0.03970223325062035,0.0,0.012234533702677746,0.8894275161588181,0.9218362282878412,4332.0,0.017117742308582002,0.5634920634920635,0.07816377171215881,0.8974042027194067
3634.0,3634.0,3529.0,3199.0,65.0,0.0,40.0,0.0,67.0,158.0,48.0,110.0,105.0,61.0,26.0,0.0,0.0,0.0,0.0,18.0,0.0,18.0,3634.0,255.0,110.0,11.0,0.0,8.0,0.0,0.0,0.0,0.0,7.0,0.0,0.0,0.0,42.0,42.0,145.0,0.0,0.0,13.0,21.0,7.0,0.0,43.0,0.0,11.0,9.0,7.0,20.0,14.0,3379.0,1740.0,58.0,35.0,187.0,83.0,24.0,39.0,126.0,136.0,146.0,320.0,256.0,228.0,102.0,1639.0,126.0,0.0,35.0,12.0,24.0,55.0,110.0,216.0,237.0,227.0,207.0,268.0,122.0,119135.0,1396.0,1199.0,197.0,1446.0,1183.0,34.0,81.0,80.0,52.0,0.0,0.0,0.0,16.0,0.0,1396.0,1199.0,15.0,317.0,541.0,146.0,149.0,31.0,197.0,9.0,155.0,26.0,0.0,7.0,0.0,197.0,0.0,23.0,15.0,20.0,36.0,38.0,7.0,33.0,16.0,9.0,25023523204,0.028893780957622454,119135.0,0.15836791147994467,0.017191977077363897,0.01100715465052284,0.017886626307099616,0.8802971931755641,0.8588825214899714,3634.0,0.07017061089708311,0.47715736040609136,0.14111747851002865,0.8416320885200553
3535.0,3535.0,3504.0,3302.0,31.0,0.0,0.0,0.0,28.0,143.0,36.0,107.0,31.0,14.0,0.0,0.0,0.0,0.0,11.0,6.0,6.0,0.0,3394.0,83.0,12.0,0.0,0.0,0.0,0.0,0.0,0.0,0.0,0.0,12.0,0.0,0.0,0.0,0.0,71.0,0.0,0.0,0.0,13.0,0.0,15.0,21.0,0.0,13.0,0.0,0.0,0.0,9.0,3311.0,1752.0,84.0,19.0,114.0,10.0,19.0,33.0,358.0,226.0,204.0,260.0,231.0,98.0,96.0,1559.0,63.0,0.0,168.0,36.0,51.0,14.0,109.0,237.0,130.0,344.0,150.0,217.0,40.0,132171.0,1197.0,1111.0,86.0,1215.0,1034.0,61.0,72.0,12.0,14.0,0.0,0.0,0.0,22.0,0.0,1197.0,1111.0,21.0,229.0,400.0,296.0,142.0,23.0,86.0,0.0,0.0,86.0,0.0,0.0,0.0,86.0,0.0,0.0,0.0,0.0,13.0,41.0,22.0,0.0,0.0,10.0,25023524101,0.00876944837340877,132171.0,0.09876543209876543,0.017543859649122806,0.0,0.00876944837340877,0.9340876944837341,0.9281537176274018,3535.0,0.024454920447849145,0.7325581395348837,0.07184628237259816,0.9012345679012346
4173.0,4173.0,4124.0,3710.0,47.0,3.0,154.0,0.0,17.0,193.0,108.0,85.0,49.0,31.0,0.0,0.0,0.0,0.0,0.0,18.0,18.0,0.0,4163.0,294.0,120.0,0.0,0.0,0.0,0.0,0.0,0.0,0.0,78.0,8.0,0.0,2.0,21.0,11.0,174.0,0.0,30.0,30.0,0.0,0.0,0.0,0.0,38.0,0.0,0.0,38.0,11.0,27.0,3869.0,1945.0,124.0,17.0,79.0,81.0,19.0,41.0,208.0,336.0,263.0,219.0,150.0,295.0,113.0,1924.0,163.0,19.0,41.0,60.0,10.0,63.0,58.0,355.0,192.0,295.0,247.0,187.0,234.0,119375.0,1750.0,1309.0,441.0,1763.0,1202.0,50.0,190.0,23.0,56.0,42.0,0.0,0.0,200.0,0.0,1750.0,1309.0,36.0,322.0,649.0,142.0,73.0,87.0,441.0,31.0,152.0,158.0,42.0,58.0,0.0,441.0,10.0,11.0,152.0,28.0,14.0,51.0,0.0,30.0,108.0,37.0,25023524102,0.011742151929067817,119375.0,0.28984685195689164,0.038285714285714284,0.03690390606278457,0.011262880421758926,0.8890486460579918,0.748,4173.0,0.07062214748979101,0.42857142857142855,0.252,0.7101531480431084
7060.0,7060.0,6427.0,5201.0,885.0,30.0,0.0,0.0,14.0,297.0,174.0,123.0,633.0,0.0,0.0,0.0,0.0,0.0,415.0,218.0,173.0,45.0,7038.0,399.0,203.0,18.0,0.0,0.0,0.0,0.0,0.0,77.0,8.0,65.0,0.0,14.0,7.0,14.0,196.0,0.0,0.0,0.0,16.0,0.0,0.0,28.0,24.0,0.0,0.0,0.0,0.0,128.0,6639.0,3096.0,170.0,14.0,260.0,76.0,50.0,59.0,293.0,500.0,412.0,372.0,359.0,334.0,197.0,3543.0,155.0,67.0,162.0,27.0,26.0,329.0,350.0,724.0,420.0,409.0,419.0,314.0,141.0,95188.0,2939.0,1800.0,1139.0,3065.0,1464.0,185.0,233.0,216.0,100.0,153.0,158.0,556.0,0.0,0.0,2939.0,1800.0,0.0,399.0,797.0,220.0,246.0,138.0,1139.0,68.0,627.0,389.0,15.0,40.0,0.0,1139.0,0.0,202.0,45.0,168.0,165.0,89.0,178.0,156.0,136.0,0.0,25023525101,0.08966005665722379,95188.0,0.46199021207177815,0.023137121469887716,0.0,0.1253541076487252,0.736685552407932,0.6124532153793807,7060.0,0.056692242114237,0.49078138718173836,0.38754678462061926,0.5380097879282218
7149.0,7149.0,6882.0,6598.0,73.0,0.0,42.0,0.0,0.0,169.0,0.0,169.0,267.0,47.0,13.0,0.0,0.0,0.0,16.0,191.0,115.0,76.0,6943.0,274.0,149.0,0.0,0.0,14.0,18.0,0.0,0.0,24.0,0.0,14.0,17.0,13.0,34.0,15.0,125.0,0.0,0.0,0.0,18.0,0.0,0.0,24.0,6.0,27.0,0.0,29.0,4.0,17.0,6669.0,3459.0,283.0,0.0,327.0,93.0,44.0,78.0,221.0,461.0,334.0,582.0,354.0,536.0,146.0,3210.0,94.0,51.0,136.0,41.0,0.0,45.0,387.0,252.0,504.0,441.0,576.0,472.0,211.0,148386.0,2199.0,1937.0,262.0,2199.0,1808.0,121.0,171.0,44.0,0.0,28.0,0.0,0.0,0.0,27.0,2199.0,1937.0,27.0,154.0,1063.0,311.0,267.0,115.0,262.0,0.0,65.0,94.0,103.0,0.0,0.0,262.0,0.0,0.0,62.0,5.0,54.0,74.0,0.0,40.0,27.0,0.0,25023525104,0.03734788082249266,148386.0,0.11050477489768076,0.01227830832196453,0.005874947545111205,0.010211218352217093,0.9229262833962792,0.8808549340609367,7149.0,0.03946420855537952,0.5381679389312977,0.11914506593906321,0.8772169167803547
4247.0,4247.0,4102.0,3334.0,295.0,0.0,317.0,0.0,0.0,156.0,116.0,40.0,145.0,0.0,0.0,33.0,0.0,0.0,64.0,48.0,48.0,0.0,4247.0,180.0,104.0,0.0,0.0,0.0,38.0,0.0,0.0,12.0,0.0,21.0,0.0,0.0,26.0,7.0,76.0,0.0,0.0,18.0,0.0,0.0,28.0,0.0,0.0,0.0,0.0,17.0,13.0,0.0,4067.0,2138.0,219.0,17.0,251.0,72.0,80.0,148.0,80.0,141.0,366.0,360.0,202.0,85.0,117.0,1929.0,55.0,75.0,111.0,76.0,43.0,61.0,156.0,274.0,281.0,307.0,277.0,146.0,67.0,163125.0,1327.0,1327.0,0.0,1327.0,1243.0,84.0,0.0,0.0,0.0,0.0,0.0,0.0,0.0,0.0,1327.0,1327.0,26.0,239.0,564.0,322.0,141.0,35.0,0.0,0.0,0.0,0.0,0.0,0.0,0.0,0.0,0.0,0.0,0.0,0.0,0.0,0.0,0.0,0.0,0.0,0.0,25023525204,0.03414174711561102,163125.0,0.0,0.019593067068575734,0.07464092300447375,0.06946079585589827,0.7850247233341182,1.0,4247.0,0.042382858488344714,,0.0,1.0
7748.0,7748.0,7606.0,6962.0,0.0,0.0,25.0,0.0,27.0,592.0,346.0,246.0,142.0,19.0,0.0,0.0,0.0,0.0,31.0,92.0,71.0,21.0,7748.0,205.0,61.0,0.0,0.0,0.0,0.0,0.0,0.0,0.0,0.0,0.0,0.0,47.0,0.0,14.0,144.0,0.0,0.0,0.0,0.0,0.0,0.0,0.0,1.0,2.0,0.0,53.0,43.0,45.0,7543.0,3614.0,135.0,50.0,355.0,41.0,23.0,92.0,432.0,298.0,592.0,639.0,371.0,477.0,109.0,3929.0,159.0,30.0,341.0,363.0,38.0,92.0,106.0,432.0,525.0,584.0,488.0,467.0,304.0,118556.0,2955.0,2823.0,132.0,3102.0,2259.0,262.0,21.0,0.0,51.0,55.0,0.0,0.0,454.0,0.0,2955.0,2823.0,91.0,761.0,1309.0,212.0,312.0,138.0,132.0,0.0,114.0,18.0,0.0,0.0,0.0,132.0,0.0,0.0,0.0,43.0,0.0,11.0,0.0,25.0,0.0,53.0,25023526100,0.018327310273619,118556.0,0.18729851708575113,0.030795262267343484,0.003226639132679401,0.0,0.8985544656685597,0.9553299492385787,7748.0,0.02645844088797109,0.2727272727272727,0.04467005076142132,0.8127014829142488
4395.0,4395.0,4272.0,3684.0,74.0,4.0,34.0,0.0,91.0,385.0,235.0,150.0,123.0,43.0,0.0,17.0,0.0,0.0,40.0,23.0,23.0,0.0,4372.0,415.0,144.0,26.0,12.0,10.0,0.0,0.0,0.0,52.0,0.0,15.0,8.0,9.0,7.0,5.0,271.0,6.0,0.0,41.0,0.0,35.0,14.0,0.0,40.0,39.0,19.0,39.0,15.0,23.0,3957.0,1786.0,7.0,11.0,67.0,102.0,0.0,71.0,105.0,203.0,183.0,149.0,398.0,277.0,213.0,2171.0,0.0,0.0,112.0,12.0,43.0,38.0,88.0,297.0,168.0,337.0,506.0,389.0,181.0,95750.0,2098.0,1697.0,401.0,2169.0,1082.0,203.0,60.0,109.0,64.0,214.0,194.0,80.0,163.0,0.0,2098.0,1697.0,16.0,511.0,906.0,159.0,33.0,72.0,401.0,165.0,154.0,82.0,0.0,0.0,0.0,401.0,44.0,56.0,47.0,97.0,30.0,18.0,24.0,24.0,35.0,26.0,25023530100,0.027986348122866895,95750.0,0.40756108805901337,0.08627264061010487,0.007736063708759955,0.01683731513083049,0.8382252559726963,0.8088655862726406,4395.0,0.09492223238792315,0.2518703241895262,0.1911344137273594,0.5924389119409866
4337.0,4337.0,4066.0,2937.0,93.0,0.0,0.0,61.0,530.0,445.0,312.0,133.0,271.0,1.0,0.0,0.0,0.0,0.0,243.0,27.0,27.0,0.0,4327.0,891.0,536.0,0.0,0.0,0.0,0.0,0.0,0.0,77.0,62.0,241.0,40.0,4.0,51.0,61.0,355.0,0.0,0.0,0.0,0.0,0.0,0.0,49.0,63.0,54.0,63.0,62.0,28.0,36.0,3436.0,1637.0,26.0,35.0,76.0,62.0,0.0,19.0,85.0,456.0,193.0,171.0,278.0,198.0,38.0,1799.0,35.0,21.0,36.0,65.0,0.0,147.0,88.0,388.0,166.0,165.0,328.0,230.0,130.0,80745.0,2121.0,860.0,1261.0,2144.0,561.0,166.0,442.0,359.0,281.0,0.0,32.0,303.0,0.0,0.0,2121.0,860.0,12.0,304.0,376.0,139.0,25.0,4.0,1261.0,368.0,545.0,341.0,7.0,0.0,0.0,1261.0,54.0,74.0,90.0,176.0,178.0,77.0,105.0,43.0,423.0,41.0,25023530200,0.06248558911690109,80745.0,0.6609141791044776,0.17916077322017915,0.0,0.021443394051187458,0.6771962185842748,0.40546911834040544,4337.0,0.20591633926507974,0.5138778747026169,0.5945308816595946,0.33908582089552236
4063.0,4063.0,3896.0,3532.0,17.0,0.0,33.0,0.0,0.0,314.0,104.0,210.0,167.0,70.0,0.0,0.0,0.0,0.0,50.0,47.0,47.0,0.0,4063.0,277.0,54.0,0.0,0.0,0.0,0.0,0.0,0.0,0.0,0.0,0.0,30.0,24.0,0.0,0.0,223.0,0.0,0.0,0.0,0.0,0.0,58.0,2.0,0.0,0.0,119.0,24.0,0.0,20.0,3786.0,1793.0,29.0,0.0,13.0,117.0,0.0,38.0,81.0,349.0,391.0,240.0,321.0,125.0,89.0,1993.0,61.0,0.0,0.0,71.0,0.0,13.0,182.0,366.0,266.0,223.0,247.0,158.0,406.0,77163.0,2280.0,885.0,1395.0,2498.0,547.0,317.0,380.0,242.0,340.0,250.0,139.0,283.0,0.0,0.0,2280.0,885.0,0.0,440.0,252.0,128.0,65.0,0.0,1395.0,172.0,779.0,317.0,127.0,0.0,0.0,1395.0,30.0,85.0,93.0,311.0,256.0,150.0,110.0,156.0,204.0,0.0,25023530300,0.04110263352202806,77163.0,0.6541232986389112,0.07543859649122807,0.008122077282795964,0.0041841004184100415,0.8693083928131923,0.3881578947368421,4063.0,0.06817622446468127,0.4444444444444444,0.6118421052631579,0.3458767013610889
5761.0,5761.0,5761.0,5631.0,0.0,15.0,114.0,0.0,0.0,1.0,0.0,1.0,0.0,0.0,0.0,0.0,0.0,0.0,0.0,0.0,0.0,0.0,5761.0,135.0,30.0,0.0,0.0,0.0,0.0,0.0,0.0,0.0,1.0,0.0,0.0,2.0,10.0,17.0,105.0,0.0,0.0,0.0,0.0,0.0,0.0,0.0,0.0,1.0,0.0,1.0,103.0,0.0,5626.0,2811.0,207.0,85.0,62.0,104.0,16.0,23.0,262.0,160.0,465.0,343.0,409.0,385.0,290.0,2815.0,62.0,20.0,142.0,221.0,50.0,56.0,64.0,281.0,388.0,446.0,332.0,543.0,210.0,135114.0,2210.0,2150.0,60.0,2210.0,1703.0,0.0,0.0,23.0,18.0,0.0,0.0,0.0,466.0,0.0,2210.0,2150.0,41.0,499.0,1090.0,412.0,108.0,0.0,60.0,0.0,37.0,0.0,23.0,0.0,0.0,60.0,0.0,0.0,23.0,0.0,0.0,0.0,0.0,0.0,0.0,37.0,25023530400,0.0,135114.0,0.22941176470588234,0.018552036199095023,0.0197882312098594,0.0,0.9774344731817393,0.9728506787330317,5761.0,0.02343343169588613,0.0,0.027149321266968326,0.7705882352941177
6116.0,6116.0,5593.0,4773.0,108.0,0.0,14.0,0.0,362.0,336.0,134.0,202.0,523.0,94.0,0.0,94.0,0.0,0.0,20.0,315.0,296.0,19.0,5665.0,766.0,229.0,0.0,0.0,46.0,0.0,0.0,0.0,28.0,0.0,0.0,0.0,73.0,47.0,35.0,537.0,74.0,0.0,18.0,0.0,0.0,44.0,37.0,0.0,117.0,11.0,61.0,101.0,74.0,4899.0,2368.0,85.0,50.0,182.0,30.0,61.0,74.0,191.0,219.0,240.0,353.0,488.0,246.0,149.0,2531.0,83.0,41.0,212.0,17.0,19.0,185.0,111.0,276.0,258.0,367.0,319.0,383.0,260.0,100038.0,2508.0,1567.0,941.0,2614.0,1334.0,233.0,266.0,186.0,35.0,246.0,74.0,240.0,0.0,0.0,2508.0,1567.0,7.0,627.0,706.0,162.0,65.0,0.0,941.0,165.0,631.0,122.0,23.0,0.0,0.0,941.0,52.0,0.0,126.0,83.0,84.0,117.0,58.0,35.0,368.0,18.0,25023530500,0.0855134074558535,100038.0,0.4005355776587605,0.0685805422647528,0.002289077828646174,0.01765860039241334,0.7804120340091563,0.6248006379585327,6116.0,0.135216240070609,0.614240170031881,0.3751993620414673,0.5994644223412395
6593.0,6593.0,6336.0,5577.0,349.0,24.0,5.0,0.0,251.0,130.0,52.0,78.0,257.0,49.0,0.0,33.0,0.0,0.0,102.0,73.0,62.0,11.0,5485.0,164.0,74.0,0.0,0.0,0.0,0.0,0.0,0.0,0.0,0.0,0.0,24.0,32.0,18.0,0.0,90.0,0.0,0.0,0.0,0.0,0.0,0.0,22.0,18.0,0.0,0.0,33.0,17.0,0.0,5321.0,2539.0,201.0,21.0,269.0,63.0,18.0,52.0,139.0,237.0,282.0,433.0,350.0,298.0,176.0,2782.0,149.0,75.0,154.0,58.0,39.0,69.0,253.0,211.0,352.0,356.0,542.0,235.0,289.0,132024.0,2002.0,1905.0,97.0,2194.0,2018.0,135.0,30.0,11.0,0.0,0.0,0.0,0.0,0.0,0.0,2002.0,1905.0,89.0,291.0,925.0,356.0,192.0,52.0,97.0,36.0,3.0,28.0,30.0,0.0,0.0,97.0,0.0,30.0,8.0,0.0,0.0,0.0,0.0,20.0,39.0,0.0,25023530600,0.0389807371454573,132024.0,0.018687329079307202,0.06243756243756244,0.0007583801001061733,0.05293493098741089,0.8458971636584256,0.9515484515484516,6593.0,0.02989972652689152,0.6082474226804123,0.04845154845154845,0.9813126709206929
6456.0,6456.0,6355.0,6017.0,63.0,0.0,45.0,0.0,17.0,213.0,152.0,61.0,101.0,67.0,0.0,0.0,0.0,0.0,2.0,32.0,32.0,0.0,6433.0,246.0,21.0,0.0,0.0,0.0,0.0,0.0,0.0,0.0,0.0,5.0,0.0,16.0,0.0,0.0,225.0,0.0,0.0,0.0,0.0,0.0,0.0,0.0,1.0,16.0,0.0,29.0,32.0,147.0,6187.0,2982.0,0.0,0.0,40.0,40.0,89.0,41.0,128.0,200.0,246.0,289.0,421.0,696.0,792.0,3205.0,0.0,0.0,88.0,22.0,41.0,44.0,108.0,254.0,159.0,290.0,425.0,1125.0,649.0,115755.0,3375.0,2985.0,390.0,3764.0,2167.0,807.0,0.0,175.0,16.0,98.0,113.0,315.0,73.0,0.0,3375.0,2985.0,29.0,899.0,1717.0,252.0,59.0,29.0,390.0,57.0,263.0,70.0,0.0,0.0,0.0,390.0,13.0,13.0,0.0,17.0,78.0,81.0,14.0,30.0,144.0,0.0,25023530700,0.015644361833952913,115755.0,0.20988310308182784,0.02548148148148148,0.006970260223048327,0.009758364312267658,0.932001239157373,0.8844444444444445,6456.0,0.03824032333281517,0.6897435897435897,0.11555555555555555,0.7901168969181721
7002.0,7002.0,6906.0,6318.0,49.0,0.0,23.0,0.0,0.0,516.0,320.0,196.0,96.0,41.0,0.0,0.0,0.0,0.0,22.0,33.0,33.0,0.0,6991.0,185.0,41.0,0.0,0.0,0.0,0.0,0.0,0.0,0.0,0.0,0.0,8.0,0.0,16.0,17.0,144.0,0.0,0.0,0.0,0.0,0.0,0.0,0.0,7.0,28.0,0.0,43.0,0.0,66.0,6806.0,3015.0,229.0,77.0,149.0,62.0,97.0,151.0,150.0,271.0,331.0,443.0,297.0,424.0,334.0,3791.0,224.0,74.0,307.0,218.0,73.0,49.0,326.0,226.0,462.0,491.0,394.0,476.0,471.0,138750.0,2532.0,2405.0,127.0,2732.0,2157.0,461.0,17.0,0.0,13.0,8.0,0.0,0.0,76.0,0.0,2532.0,2405.0,47.0,497.0,1400.0,281.0,167.0,13.0,127.0,8.0,45.0,67.0,7.0,0.0,0.0,127.0,10.0,0.0,32.0,0.0,0.0,7.0,0.0,0.0,53.0,25.0,25023530801,0.013710368466152529,138750.0,0.04172767203513909,0.021721958925750396,0.003284775778349043,0.006998000571265353,0.9023136246786633,0.9498420221169036,7002.0,0.026462594764697468,0.47244094488188976,0.050157977883096366,0.958272327964861
4506.0,4506.0,4287.0,3930.0,10.0,0.0,56.0,0.0,34.0,257.0,92.0,165.0,219.0,28.0,0.0,0.0,0.0,0.0,61.0,130.0,117.0,13.0,4506.0,260.0,63.0,36.0,0.0,0.0,0.0,0.0,10.0,8.0,0.0,0.0,0.0,9.0,0.0,0.0,197.0,0.0,0.0,0.0,0.0,0.0,0.0,113.0,0.0,55.0,0.0,10.0,18.0,1.0,4246.0,2040.0,107.0,0.0,227.0,54.0,21.0,0.0,148.0,285.0,225.0,142.0,288.0,370.0,173.0,2206.0,129.0,31.0,34.0,36.0,10.0,10.0,233.0,274.0,335.0,216.0,360.0,346.0,192.0,129473.0,1909.0,1616.0,293.0,2766.0,2546.0,68.0,0.0,78.0,10.0,44.0,20.0,0.0,0.0,0.0,1909.0,1616.0,41.0,399.0,753.0,332.0,45.0,46.0,293.0,77.0,94.0,122.0,0.0,0.0,0.0,293.0,0.0,0.0,16.0,7.0,55.0,0.0,9.0,0.0,171.0,35.0,25023530802,0.04860186418109188,129473.0,0.0549530007230658,0.061812467260345734,0.012427873945849977,0.0022192632046160675,0.8721704394141145,0.8465165007857517,4506.0,0.05770084332001776,0.6143344709897611,0.1534834992142483,0.9450469992769343
4712.0,4712.0,4668.0,4260.0,14.0,0.0,0.0,0.0,17.0,377.0,151.0,226.0,44.0,20.0,0.0,0.0,0.0,0.0,12.0,12.0,12.0,0.0,4670.0,46.0,31.0,0.0,0.0,0.0,0.0,0.0,0.0,16.0,15.0,0.0,0.0,0.0,0.0,0.0,15.0,0.0,0.0,0.0,0.0,0.0,0.0,0.0,0.0,0.0,0.0,15.0,0.0,0.0,4624.0,2305.0,79.0,36.0,102.0,19.0,11.0,21.0,287.0,379.0,251.0,247.0,350.0,327.0,196.0,2319.0,75.0,0.0,153.0,110.0,77.0,66.0,67.0,252.0,251.0,300.0,463.0,319.0,186.0,125425.0,1735.0,1650.0,85.0,1903.0,1555.0,159.0,38.0,82.0,48.0,0.0,0.0,8.0,13.0,0.0,1735.0,1650.0,24.0,246.0,875.0,391.0,81.0,33.0,85.0,0.0,59.0,7.0,19.0,0.0,0.0,85.0,7.0,0.0,0.0,18.0,12.0,0.0,0.0,14.0,5.0,29.0,25023530902,0.00933786078098472,125425.0,0.09931686810299527,0.0138328530259366,0.0,0.0029711375212224107,0.9040747028862479,0.9510086455331412,4712.0,0.009850107066381156,0.2235294117647059,0.04899135446685879,0.9006831318970048
6706.0,6706.0,6438.0,6001.0,45.0,0.0,20.0,0.0,0.0,372.0,255.0,117.0,268.0,54.0,0.0,0.0,0.0,0.0,0.0,214.0,174.0,40.0,6679.0,701.0,395.0,48.0,51.0,15.0,0.0,0.0,0.0,130.0,0.0,0.0,104.0,35.0,12.0,0.0,306.0,31.0,0.0,0.0,0.0,0.0,0.0,0.0,109.0,0.0,65.0,12.0,62.0,27.0,5978.0,3164.0,235.0,7.0,133.0,123.0,99.0,132.0,197.0,430.0,281.0,325.0,520.0,492.0,190.0,2814.0,284.0,17.0,127.0,70.0,0.0,82.0,224.0,423.0,361.0,280.0,473.0,342.0,131.0,130625.0,2508.0,2067.0,441.0,2711.0,2284.0,81.0,11.0,0.0,0.0,0.0,33.0,245.0,57.0,0.0,2508.0,2067.0,0.0,299.0,1244.0,316.0,148.0,60.0,441.0,41.0,205.0,105.0,90.0,0.0,0.0,441.0,0.0,139.0,0.0,65.0,12.0,14.0,9.0,0.0,202.0,0.0,25023530903,0.03996421115419028,130625.0,0.12762818148284766,0.01634768740031898,0.0029824038174768863,0.006710408589322994,0.8948702654339398,0.8241626794258373,6706.0,0.10495583171133403,0.5102040816326531,0.17583732057416268,0.8723718185171524
3306.0,3306.0,3133.0,2872.0,8.0,0.0,0.0,0.0,20.0,233.0,11.0,222.0,173.0,0.0,0.0,0.0,0.0,0.0,15.0,158.0,158.0,0.0,3286.0,124.0,38.0,0.0,0.0,0.0,18.0,0.0,11.0,0.0,0.0,0.0,0.0,9.0,0.0,0.0,86.0,0.0,0.0,0.0,0.0,0.0,20.0,14.0,14.0,0.0,28.0,0.0,0.0,10.0,3162.0,1801.0,96.0,41.0,241.0,162.0,0.0,20.0,80.0,140.0,244.0,265.0,262.0,202.0,48.0,1361.0,74.0,0.0,72.0,6.0,0.0,0.0,10.0,204.0,192.0,347.0,240.0,148.0,68.0,132083.0,1285.0,1201.0,84.0,1508.0,1373.0,4.0,10.0,48.0,0.0,0.0,0.0,73.0,0.0,0.0,1285.0,1201.0,0.0,296.0,605.0,231.0,52.0,17.0,84.0,0.0,31.0,48.0,5.0,0.0,0.0,84.0,0.0,48.0,0.0,0.0,0.0,0.0,0.0,0.0,11.0,25.0,25023530904,0.05232909860859044,132083.0,0.08687002652519894,0.0,0.0,0.0024198427102238356,0.868723532970357,0.9346303501945525,3306.0,0.03773584905660377,0.13095238095238096,0.06536964980544747,0.9131299734748011
4543.0,4543.0,4499.0,4215.0,10.0,0.0,99.0,0.0,94.0,81.0,7.0,74.0,44.0,38.0,0.0,0.0,0.0,0.0,6.0,0.0,0.0,0.0,4487.0,277.0,129.0,0.0,0.0,0.0,0.0,0.0,0.0,0.0,57.0,2.0,0.0,30.0,32.0,8.0,148.0,0.0,0.0,0.0,0.0,0.0,0.0,0.0,28.0,0.0,11.0,18.0,54.0,37.0,4210.0,1959.0,0.0,36.0,107.0,105.0,9.0,51.0,306.0,244.0,277.0,141.0,360.0,256.0,67.0,2251.0,173.0,34.0,218.0,107.0,0.0,34.0,174.0,217.0,199.0,257.0,466.0,257.0,115.0,107500.0,1706.0,1222.0,484.0,1765.0,1124.0,137.0,25.0,63.0,68.0,68.0,144.0,29.0,107.0,0.0,1706.0,1222.0,0.0,172.0,650.0,300.0,50.0,50.0,484.0,30.0,280.0,79.0,95.0,0.0,0.0,484.0,31.0,8.0,88.0,8.0,0.0,76.0,50.0,63.0,152.0,8.0,25023540101,0.009685230024213076,107500.0,0.2855524079320113,0.017584994138335287,0.021791767554479417,0.002201188641866608,0.9278010125467753,0.716295427901524,4543.0,0.06173389792734567,0.7045454545454546,0.283704572098476,0.7144475920679887
2787.0,2787.0,2726.0,2642.0,0.0,0.0,13.0,0.0,0.0,71.0,35.0,36.0,61.0,0.0,0.0,0.0,0.0,0.0,0.0,61.0,61.0,0.0,2756.0,136.0,20.0,0.0,0.0,0.0,0.0,0.0,0.0,0.0,0.0,0.0,0.0,14.0,0.0,6.0,116.0,0.0,0.0,0.0,0.0,0.0,0.0,1.0,32.0,1.0,2.0,42.0,9.0,29.0,2620.0,1273.0,63.0,16.0,33.0,73.0,10.0,36.0,44.0,168.0,155.0,195.0,260.0,113.0,107.0,1347.0,24.0,0.0,102.0,80.0,10.0,83.0,164.0,154.0,82.0,172.0,268.0,79.0,129.0,119141.0,1041.0,910.0,131.0,1219.0,1206.0,13.0,0.0,0.0,0.0,0.0,0.0,0.0,0.0,0.0,1041.0,910.0,25.0,173.0,287.0,269.0,121.0,35.0,131.0,0.0,40.0,36.0,17.0,0.0,38.0,131.0,9.0,38.0,0.0,67.0,0.0,0.0,0.0,0.0,9.0,8.0,25023540102,0.021887334050950842,119141.0,0.0,0.024015369836695485,0.0046645138141370645,0.0,0.947972730534625,0.8741594620557157,2787.0,0.04934687953555878,0.06870229007633588,0.12584053794428435,1.0
4614.0,4614.0,4572.0,4455.0,3.0,0.0,23.0,0.0,11.0,80.0,39.0,41.0,42.0,30.0,0.0,0.0,0.0,0.0,9.0,3.0,3.0,0.0,4603.0,60.0,17.0,0.0,0.0,0.0,0.0,0.0,0.0,10.0,0.0,7.0,0.0,0.0,0.0,0.0,43.0,0.0,0.0,0.0,0.0,0.0,0.0,2.0,0.0,29.0,0.0,0.0,2.0,10.0,4543.0,2141.0,139.0,15.0,145.0,55.0,7.0,54.0,254.0,120.0,208.0,363.0,432.0,292.0,57.0,2402.0,49.0,11.0,254.0,142.0,17.0,47.0,291.0,321.0,235.0,335.0,440.0,244.0,16.0,171140.0,1468.0,1387.0,81.0,1468.0,1468.0,0.0,0.0,0.0,0.0,0.0,0.0,0.0,0.0,0.0,1468.0,1387.0,12.0,159.0,482.0,356.0,242.0,136.0,81.0,0.0,13.0,57.0,11.0,0.0,0.0,81.0,8.0,0.0,23.0,0.0,0.0,0.0,29.0,0.0,0.0,21.0,25023540103,0.009102730819245773,171140.0,0.0,0.008174386920980926,0.004984828781967924,0.0006501950585175553,0.9655396618985695,0.9448228882833788,4614.0,0.01303497718878992,0.35802469135802467,0.055177111716621256,1.0
5837.0,5837.0,5800.0,5325.0,7.0,0.0,1.0,0.0,187.0,280.0,56.0,224.0,37.0,27.0,0.0,0.0,0.0,0.0,10.0,0.0,0.0,0.0,5837.0,313.0,79.0,57.0,0.0,0.0,0.0,0.0,0.0,0.0,0.0,0.0,0.0,0.0,22.0,0.0,234.0,71.0,0.0,18.0,18.0,0.0,0.0,19.0,53.0,17.0,1.0,34.0,0.0,3.0,5524.0,2657.0,82.0,12.0,89.0,182.0,61.0,31.0,106.0,438.0,221.0,410.0,487.0,428.0,110.0,2867.0,122.0,0.0,137.0,87.0,69.0,136.0,227.0,373.0,277.0,383.0,444.0,411.0,201.0,120273.0,2235.0,1970.0,265.0,2255.0,2130.0,55.0,60.0,0.0,0.0,10.0,0.0,0.0,0.0,0.0,2235.0,1970.0,50.0,274.0,739.0,429.0,325.0,153.0,265.0,3.0,72.0,190.0,0.0,0.0,0.0,265.0,0.0,8.0,127.0,16.0,0.0,24.0,0.0,8.0,65.0,17.0,25023541100,0.006338872708583176,120273.0,0.031042128603104215,0.02371364653243848,0.00017132088401576153,0.0011992461881103306,0.91228370738393,0.8814317673378076,5837.0,0.053623436696933355,0.3660377358490566,0.1185682326621924,0.9689578713968958
7391.0,7391.0,7309.0,6824.0,73.0,0.0,73.0,0.0,0.0,339.0,146.0,193.0,82.0,26.0,0.0,0.0,0.0,0.0,4.0,52.0,52.0,0.0,7296.0,368.0,253.0,0.0,0.0,0.0,14.0,0.0,0.0,8.0,0.0,187.0,13.0,16.0,0.0,15.0,115.0,0.0,0.0,0.0,0.0,10.0,0.0,0.0,0.0,4.0,22.0,16.0,32.0,31.0,6928.0,3630.0,165.0,137.0,243.0,97.0,21.0,157.0,297.0,596.0,314.0,454.0,570.0,457.0,122.0,3298.0,167.0,58.0,363.0,95.0,28.0,69.0,142.0,488.0,446.0,278.0,663.0,330.0,171.0,99256.0,2645.0,2322.0,323.0,2813.0,2678.0,113.0,0.0,0.0,13.0,0.0,0.0,0.0,0.0,9.0,2645.0,2322.0,37.0,621.0,1054.0,358.0,202.0,50.0,323.0,13.0,22.0,265.0,23.0,0.0,0.0,323.0,0.0,11.0,14.0,0.0,0.0,12.0,0.0,0.0,196.0,90.0,25023542101,0.01109457448247869,99256.0,0.004621400639886242,0.01890359168241966,0.00987687728318225,0.00987687728318225,0.9232850764443242,0.877882797731569,7391.0,0.05043859649122807,0.6439628482972136,0.12211720226843101,0.9921791681478849
2597.0,2597.0,2563.0,2438.0,27.0,0.0,39.0,0.0,0.0,59.0,58.0,1.0,34.0,12.0,0.0,0.0,0.0,0.0,0.0,22.0,22.0,0.0,2513.0,160.0,43.0,0.0,4.0,0.0,0.0,0.0,6.0,2.0,0.0,8.0,5.0,4.0,14.0,0.0,117.0,8.0,0.0,4.0,0.0,0.0,0.0,0.0,45.0,11.0,0.0,27.0,12.0,10.0,2353.0,1189.0,68.0,17.0,65.0,37.0,0.0,28.0,133.0,154.0,164.0,168.0,156.0,164.0,35.0,1164.0,90.0,10.0,79.0,34.0,10.0,29.0,36.0,116.0,135.0,136.0,207.0,160.0,122.0,104567.0,1039.0,900.0,139.0,1039.0,725.0,121.0,13.0,4.0,0.0,77.0,13.0,0.0,86.0,0.0,1039.0,900.0,58.0,312.0,282.0,112.0,95.0,41.0,139.0,11.0,91.0,32.0,0.0,5.0,0.0,139.0,5.0,5.0,37.0,0.0,0.0,28.0,0.0,9.0,55.0,0.0,25023542102,0.013092029264536002,104567.0,0.18575553416746873,0.06641000962463908,0.015017327685791297,0.010396611474778591,0.9387755102040817,0.8662175168431184,2597.0,0.06366892160764027,0.6618705035971223,0.13378248315688163,0.8142444658325313
6362.0,6362.0,6157.0,5567.0,17.0,0.0,41.0,0.0,261.0,271.0,185.0,86.0,205.0,171.0,0.0,0.0,0.0,0.0,0.0,34.0,34.0,0.0,6270.0,255.0,28.0,0.0,0.0,0.0,0.0,0.0,0.0,0.0,0.0,0.0,0.0,9.0,15.0,4.0,227.0,0.0,0.0,0.0,0.0,0.0,0.0,0.0,0.0,0.0,40.0,62.0,7.0,118.0,6015.0,2970.0,87.0,29.0,124.0,111.0,70.0,25.0,100.0,298.0,328.0,524.0,428.0,463.0,383.0,3045.0,90.0,0.0,160.0,0.0,0.0,37.0,235.0,227.0,296.0,370.0,456.0,602.0,572.0,93431.0,2772.0,2559.0,213.0,2824.0,2305.0,0.0,65.0,68.0,0.0,23.0,0.0,0.0,363.0,0.0,2772.0,2559.0,100.0,916.0,1018.0,241.0,178.0,106.0,213.0,0.0,66.0,42.0,64.0,41.0,0.0,213.0,27.0,11.0,49.0,18.0,41.0,0.0,0.0,11.0,24.0,32.0,25023542200,0.03222257151839044,93431.0,0.18378186968838528,0.03607503607503607,0.006444514303678089,0.002672115686890915,0.8750392958189248,0.9231601731601732,6362.0,0.04066985645933014,0.1643192488262911,0.07683982683982683,0.8162181303116147
4051.0,4051.0,3488.0,3157.0,20.0,0.0,94.0,0.0,213.0,4.0,4.0,0.0,563.0,276.0,77.0,0.0,0.0,0.0,210.0,0.0,0.0,0.0,3940.0,163.0,98.0,0.0,0.0,10.0,0.0,0.0,0.0,0.0,12.0,17.0,0.0,12.0,45.0,2.0,65.0,8.0,0.0,0.0,0.0,0.0,0.0,0.0,11.0,0.0,2.0,9.0,35.0,0.0,3777.0,1756.0,64.0,0.0,255.0,35.0,60.0,0.0,67.0,337.0,340.0,209.0,218.0,147.0,24.0,2021.0,209.0,0.0,204.0,45.0,52.0,35.0,142.0,510.0,199.0,193.0,237.0,134.0,61.0,116577.0,1627.0,1014.0,613.0,1722.0,762.0,185.0,399.0,123.0,118.0,59.0,0.0,76.0,0.0,0.0,1627.0,1014.0,12.0,229.0,616.0,51.0,40.0,66.0,613.0,21.0,323.0,254.0,15.0,0.0,0.0,613.0,15.0,91.0,110.0,12.0,39.0,58.0,38.0,31.0,209.0,10.0,25023542301,0.13897803011602072,116577.0,0.45005807200929154,0.020282728948985862,0.023204147124166873,0.004937052579609973,0.7793137496914342,0.6232329440688383,4051.0,0.04137055837563452,0.5481239804241436,0.37676705593116167,0.5499419279907085
4104.0,4104.0,4006.0,3786.0,41.0,0.0,41.0,37.0,23.0,78.0,20.0,58.0,98.0,87.0,0.0,0.0,0.0,0.0,2.0,9.0,9.0,0.0,4100.0,544.0,229.0,0.0,11.0,12.0,0.0,52.0,18.0,99.0,10.0,13.0,14.0,0.0,0.0,0.0,315.0,16.0,0.0,0.0,0.0,0.0,0.0,51.0,66.0,30.0,65.0,56.0,19.0,12.0,3556.0,1698.0,63.0,11.0,76.0,79.0,0.0,75.0,59.0,441.0,180.0,288.0,131.0,161.0,134.0,1858.0,102.0,0.0,45.0,11.0,69.0,74.0,118.0,402.0,138.0,185.0,252.0,374.0,88.0,78301.0,1777.0,784.0,993.0,1835.0,759.0,50.0,195.0,146.0,127.0,184.0,325.0,0.0,49.0,0.0,1777.0,784.0,11.0,145.0,510.0,65.0,44.0,9.0,993.0,66.0,522.0,375.0,0.0,30.0,0.0,993.0,0.0,50.0,218.0,71.0,90.0,97.0,71.0,163.0,221.0,12.0,25023542302,0.02387914230019493,78301.0,0.5591280653950954,0.04333145751266179,0.009990253411306042,0.009990253411306042,0.922514619883041,0.44119302194710186,4104.0,0.1326829268292683,0.5558912386706949,0.5588069780528981,0.44087193460490465
2935.0,2935.0,2925.0,2883.0,9.0,0.0,0.0,0.0,1.0,32.0,13.0,19.0,10.0,0.0,0.0,0.0,0.0,0.0,0.0,10.0,0.0,10.0,2917.0,299.0,102.0,0.0,0.0,6.0,0.0,0.0,0.0,4.0,28.0,0.0,36.0,7.0,16.0,5.0,197.0,28.0,0.0,28.0,35.0,6.0,0.0,2.0,9.0,35.0,5.0,10.0,23.0,16.0,2618.0,1311.0,59.0,13.0,126.0,64.0,0.0,16.0,68.0,153.0,131.0,204.0,198.0,209.0,70.0,1307.0,42.0,30.0,61.0,57.0,0.0,45.0,56.0,132.0,149.0,178.0,230.0,212.0,115.0,126736.0,1065.0,991.0,74.0,1251.0,1188.0,11.0,5.0,0.0,0.0,0.0,46.0,0.0,0.0,1.0,1065.0,991.0,10.0,170.0,442.0,152.0,160.0,57.0,74.0,13.0,36.0,8.0,17.0,0.0,0.0,74.0,0.0,0.0,0.0,10.0,21.0,0.0,8.0,7.0,17.0,11.0,25023543100,0.0034071550255536627,126736.0,0.0407673860911271,0.0215962441314554,0.0,0.0030664395229982964,0.9822827938671209,0.9305164319248826,2935.0,0.10250257113472747,0.43243243243243246,0.06948356807511737,0.9584332533972821
5867.0,5867.0,5597.0,4989.0,0.0,0.0,108.0,0.0,142.0,358.0,148.0,210.0,270.0,0.0,0.0,0.0,0.0,0.0,0.0,270.0,270.0,0.0,5867.0,431.0,147.0,10.0,0.0,11.0,0.0,0.0,0.0,0.0,31.0,35.0,11.0,38.0,11.0,0.0,284.0,11.0,0.0,0.0,11.0,0.0,43.0,49.0,29.0,36.0,0.0,78.0,21.0,6.0,5436.0,2850.0,92.0,146.0,233.0,113.0,29.0,43.0,314.0,307.0,475.0,315.0,259.0,259.0,265.0,2586.0,22.0,65.0,218.0,143.0,30.0,0.0,212.0,378.0,374.0,341.0,310.0,335.0,158.0,101295.0,2186.0,1980.0,206.0,2242.0,2076.0,0.0,64.0,11.0,27.0,0.0,0.0,0.0,64.0,0.0,2186.0,1980.0,62.0,324.0,882.0,413.0,234.0,65.0,206.0,20.0,88.0,98.0,0.0,0.0,0.0,206.0,0.0,0.0,0.0,59.0,50.0,0.0,0.0,4.0,66.0,27.0,25023544100,0.046020112493608316,101295.0,0.07404103479036575,0.03751143641354071,0.018408044997443328,0.0,0.8503494119652293,0.9057639524245197,5867.0,0.07346173512868587,0.33980582524271846,0.09423604757548033,0.9259589652096343
5845.0,5845.0,5791.0,5299.0,209.0,0.0,29.0,0.0,0.0,254.0,129.0,125.0,54.0,0.0,0.0,0.0,0.0,0.0,17.0,37.0,37.0,0.0,5831.0,445.0,175.0,20.0,0.0,0.0,0.0,16.0,15.0,26.0,0.0,18.0,13.0,0.0,0.0,67.0,270.0,0.0,0.0,14.0,0.0,0.0,18.0,50.0,3.0,78.0,0.0,23.0,26.0,58.0,5386.0,2646.0,85.0,0.0,187.0,0.0,90.0,0.0,283.0,152.0,250.0,378.0,507.0,358.0,356.0,2740.0,152.0,0.0,106.0,32.0,0.0,7.0,171.0,294.0,205.0,445.0,552.0,520.0,256.0,70660.0,2518.0,2191.0,327.0,2822.0,1684.0,76.0,16.0,47.0,85.0,0.0,0.0,0.0,914.0,0.0,2518.0,2191.0,83.0,519.0,840.0,581.0,94.0,74.0,327.0,37.0,223.0,45.0,22.0,0.0,0.0,327.0,0.0,14.0,0.0,0.0,97.0,22.0,29.0,112.0,36.0,17.0,25023544200,0.009238665526090676,70660.0,0.37632884479092843,0.04765687053216839,0.004961505560307955,0.03575705731394354,0.9065868263473054,0.8701350277998412,5845.0,0.0763162407820271,0.6085626911314985,0.12986497220015886,0.6236711552090716
6808.0,6808.0,6790.0,5217.0,134.0,0.0,65.0,0.0,824.0,550.0,370.0,180.0,18.0,0.0,0.0,0.0,0.0,0.0,18.0,0.0,0.0,0.0,6726.0,705.0,270.0,0.0,0.0,0.0,21.0,17.0,0.0,61.0,0.0,29.0,4.0,72.0,0.0,66.0,435.0,16.0,0.0,18.0,20.0,0.0,49.0,28.0,64.0,68.0,18.0,79.0,5.0,70.0,6021.0,2808.0,40.0,0.0,336.0,36.0,0.0,0.0,293.0,171.0,351.0,372.0,423.0,535.0,251.0,3213.0,34.0,18.0,183.0,23.0,15.0,81.0,291.0,344.0,348.0,353.0,497.0,603.0,423.0,70511.0,2806.0,2453.0,353.0,2984.0,2177.0,48.0,147.0,70.0,98.0,0.0,25.0,0.0,419.0,0.0,2806.0,2453.0,20.0,616.0,815.0,294.0,509.0,199.0,353.0,14.0,330.0,9.0,0.0,0.0,0.0,353.0,11.0,0.0,0.0,0.0,39.0,89.0,14.0,36.0,66.0,98.0,25023545100,0.0026439482961222094,70511.0,0.25435656836461124,0.012116892373485389,0.009547591069330199,0.019682726204465335,0.7663043478260869,0.8741981468282253,6808.0,0.1048171275646744,0.5807365439093485,0.12580185317177478,0.7456434316353887
6587.0,6587.0,6587.0,5102.0,196.0,32.0,29.0,0.0,554.0,674.0,300.0,374.0,0.0,0.0,0.0,0.0,0.0,0.0,0.0,0.0,0.0,0.0,6576.0,321.0,161.0,39.0,5.0,0.0,0.0,0.0,11.0,0.0,46.0,24.0,2.0,34.0,0.0,0.0,160.0,28.0,0.0,0.0,0.0,0.0,0.0,0.0,51.0,0.0,11.0,35.0,23.0,12.0,6255.0,3208.0,130.0,41.0,232.0,0.0,41.0,30.0,294.0,486.0,405.0,178.0,787.0,395.0,189.0,3047.0,90.0,0.0,169.0,165.0,0.0,77.0,135.0,354.0,353.0,420.0,668.0,264.0,352.0,104653.0,2665.0,2098.0,567.0,2943.0,2342.0,67.0,0.0,158.0,0.0,48.0,46.0,0.0,282.0,0.0,2665.0,2098.0,21.0,327.0,1045.0,369.0,300.0,36.0,567.0,81.0,274.0,212.0,0.0,0.0,0.0,567.0,0.0,79.0,0.0,224.0,0.0,0.0,68.0,45.0,61.0,90.0,25023545200,0.0,104653.0,0.18144750254842,0.03827392120075047,0.004402611203886443,0.02975557917109458,0.7745559435251252,0.7872420262664165,6587.0,0.04881386861313869,0.30687830687830686,0.2127579737335835,0.81855249745158
4076.0,4076.0,3707.0,3220.0,0.0,0.0,268.0,0.0,45.0,174.0,174.0,0.0,369.0,0.0,0.0,0.0,0.0,0.0,0.0,369.0,353.0,16.0,4076.0,241.0,178.0,0.0,0.0,0.0,0.0,0.0,0.0,0.0,0.0,0.0,39.0,66.0,15.0,58.0,63.0,0.0,0.0,0.0,0.0,0.0,0.0,0.0,0.0,13.0,0.0,20.0,0.0,30.0,3835.0,2014.0,228.0,0.0,69.0,73.0,0.0,22.0,39.0,294.0,125.0,175.0,460.0,390.0,139.0,1821.0,33.0,0.0,53.0,18.0,0.0,0.0,34.0,219.0,295.0,237.0,425.0,281.0,226.0,82802.0,2121.0,1898.0,223.0,3255.0,2752.0,159.0,80.0,204.0,0.0,60.0,0.0,0.0,0.0,0.0,2121.0,1898.0,112.0,792.0,761.0,125.0,108.0,0.0,223.0,66.0,77.0,80.0,0.0,0.0,0.0,223.0,0.0,0.0,46.0,34.0,0.0,0.0,0.0,15.0,39.0,89.0,25023545300,0.09052993130520118,82802.0,0.10568356374807988,0.08392267798208393,0.06575073601570167,0.0,0.7899901864573111,0.8948609146628949,4076.0,0.05912659470068695,0.242152466367713,0.10513908533710514,0.8943164362519201
5831.0,5831.0,5825.0,5167.0,203.0,0.0,136.0,0.0,34.0,285.0,138.0,147.0,6.0,0.0,0.0,0.0,0.0,0.0,4.0,2.0,2.0,0.0,5738.0,288.0,80.0,0.0,0.0,0.0,0.0,0.0,0.0,16.0,0.0,4.0,12.0,0.0,30.0,18.0,208.0,0.0,0.0,0.0,0.0,0.0,23.0,4.0,48.0,0.0,41.0,32.0,40.0,20.0,5450.0,2515.0,138.0,50.0,122.0,0.0,0.0,34.0,342.0,165.0,146.0,377.0,585.0,355.0,201.0,2935.0,44.0,0.0,0.0,105.0,23.0,23.0,177.0,363.0,272.0,511.0,427.0,685.0,305.0,97210.0,2803.0,2234.0,569.0,3570.0,3065.0,75.0,70.0,127.0,152.0,26.0,20.0,0.0,35.0,0.0,2803.0,2234.0,52.0,744.0,748.0,431.0,259.0,0.0,569.0,175.0,220.0,174.0,0.0,0.0,0.0,569.0,0.0,64.0,96.0,60.0,36.0,152.0,26.0,0.0,117.0,18.0,25023545400,0.0010289830217801406,97210.0,0.12044817927170869,0.08098465929361398,0.023323615160349854,0.03481392557022809,0.8861258789229978,0.7970032108455226,5831.0,0.050191704426629485,0.5184534270650264,0.20299678915447736,0.8795518207282913
6634.0,6634.0,6544.0,5783.0,0.0,53.0,182.0,0.0,73.0,453.0,336.0,117.0,90.0,58.0,0.0,0.0,0.0,0.0,32.0,0.0,0.0,0.0,6634.0,282.0,76.0,0.0,0.0,0.0,0.0,0.0,0.0,20.0,11.0,26.0,2.0,1.0,16.0,0.0,206.0,0.0,0.0,0.0,0.0,0.0,19.0,21.0,24.0,0.0,17.0,89.0,17.0,19.0,6352.0,3239.0,72.0,0.0,166.0,204.0,40.0,79.0,156.0,279.0,260.0,267.0,762.0,480.0,474.0,3113.0,34.0,24.0,139.0,99.0,20.0,151.0,158.0,175.0,338.0,245.0,774.0,461.0,495.0,130241.0,2963.0,2528.0,435.0,3726.0,3318.0,136.0,102.0,47.0,0.0,31.0,0.0,70.0,22.0,0.0,2963.0,2528.0,40.0,769.0,1043.0,422.0,133.0,121.0,435.0,0.0,370.0,0.0,42.0,23.0,0.0,435.0,0.0,38.0,38.0,98.0,12.0,52.0,0.0,87.0,14.0,96.0,25023560100,0.013566475731082304,130241.0,0.07300053676865272,0.01349983125210935,0.027434428700633104,0.0,0.8717214350316551,0.8531893351333109,6634.0,0.042508290624057886,0.35172413793103446,0.14681066486668917,0.9269994632313473
5310.0,5310.0,5282.0,4303.0,244.0,0.0,20.0,0.0,174.0,541.0,325.0,216.0,28.0,0.0,0.0,0.0,0.0,0.0,28.0,0.0,0.0,0.0,5221.0,470.0,108.0,0.0,0.0,0.0,0.0,0.0,19.0,0.0,0.0,47.0,0.0,27.0,15.0,0.0,362.0,0.0,0.0,0.0,34.0,0.0,50.0,0.0,80.0,44.0,57.0,46.0,22.0,29.0,4751.0,2395.0,59.0,0.0,230.0,69.0,16.0,65.0,213.0,180.0,275.0,296.0,379.0,317.0,296.0,2356.0,65.0,36.0,40.0,96.0,12.0,87.0,140.0,149.0,119.0,324.0,575.0,345.0,368.0,143092.0,2105.0,1911.0,194.0,2631.0,2517.0,0.0,0.0,0.0,29.0,0.0,53.0,32.0,0.0,0.0,2105.0,1911.0,51.0,429.0,780.0,420.0,118.0,113.0,194.0,40.0,136.0,18.0,0.0,0.0,0.0,194.0,18.0,0.0,0.0,0.0,29.0,40.0,22.0,0.0,85.0,0.0,25023561100,0.005273069679849341,143092.0,0.043329532497149374,0.04323040380047506,0.003766478342749529,0.045951035781544254,0.8103578154425612,0.9078384798099762,5310.0,0.0900210687607738,0.7577319587628866,0.09216152019002376,0.9566704675028507
5918.0,5918.0,5813.0,4493.0,322.0,0.0,486.0,0.0,314.0,198.0,56.0,142.0,105.0,0.0,40.0,0.0,0.0,0.0,44.0,21.0,9.0,12.0,5918.0,311.0,166.0,0.0,0.0,12.0,0.0,0.0,0.0,0.0,65.0,19.0,1.0,35.0,0.0,34.0,145.0,0.0,0.0,0.0,0.0,0.0,0.0,0.0,11.0,12.0,0.0,13.0,36.0,73.0,5607.0,2782.0,101.0,0.0,182.0,186.0,46.0,76.0,276.0,348.0,309.0,221.0,403.0,316.0,318.0,2825.0,155.0,0.0,208.0,43.0,0.0,41.0,194.0,202.0,394.0,538.0,215.0,643.0,192.0,77697.0,2591.0,1808.0,783.0,2768.0,1459.0,321.0,122.0,12.0,24.0,553.0,40.0,35.0,202.0,0.0,2591.0,1808.0,18.0,552.0,866.0,182.0,151.0,39.0,783.0,0.0,599.0,158.0,26.0,0.0,0.0,783.0,0.0,74.0,20.0,106.0,85.0,81.0,0.0,143.0,259.0,15.0,25023561400,0.01774248056775938,77697.0,0.3569364161849711,0.006947124662292551,0.08212233862791483,0.05441027374112876,0.7592091922946942,0.697800077190274,5918.0,0.052551537681649205,0.6168582375478927,0.30219992280972596,0.6430635838150289
1481.0,1481.0,1273.0,832.0,344.0,9.0,6.0,0.0,32.0,50.0,29.0,21.0,208.0,16.0,0.0,20.0,0.0,0.0,54.0,118.0,111.0,7.0,60.0,7.0,7.0,0.0,0.0,0.0,0.0,0.0,0.0,7.0,0.0,0.0,0.0,0.0,0.0,0.0,0.0,0.0,0.0,0.0,0.0,0.0,0.0,0.0,0.0,0.0,0.0,0.0,0.0,0.0,53.0,15.0,0.0,0.0,0.0,0.0,0.0,0.0,0.0,0.0,0.0,0.0,15.0,0.0,0.0,38.0,0.0,0.0,0.0,0.0,0.0,0.0,0.0,12.0,0.0,0.0,4.0,0.0,22.0,82841.0,38.0,4.0,34.0,38.0,4.0,0.0,0.0,29.0,5.0,0.0,0.0,0.0,0.0,0.0,38.0,4.0,0.0,4.0,0.0,0.0,0.0,0.0,34.0,7.0,22.0,5.0,0.0,0.0,0.0,34.0,0.0,0.0,22.0,0.0,0.0,0.0,5.0,0.0,0.0,7.0,25023980200,0.14044564483457123,82841.0,0.8947368421052632,0.18421052631578946,0.004051316677920324,0.23227548953409857,0.5617825793382849,0.10526315789473684,1481.0,0.11666666666666667,0.14705882352941177,0.8947368421052632,0.10526315789473684
2616.0,2616.0,2474.0,1937.0,306.0,0.0,42.0,0.0,25.0,164.0,73.0,91.0,142.0,84.0,0.0,0.0,0.0,0.0,25.0,33.0,27.0,6.0,12.0,0.0,0.0,0.0,0.0,0.0,0.0,0.0,0.0,0.0,0.0,0.0,0.0,0.0,0.0,0.0,0.0,0.0,0.0,0.0,0.0,0.0,0.0,0.0,0.0,0.0,0.0,0.0,0.0,0.0,12.0,0.0,0.0,0.0,0.0,0.0,0.0,0.0,0.0,0.0,0.0,0.0,0.0,0.0,0.0,12.0,0.0,0.0,0.0,0.0,0.0,0.0,0.0,12.0,0.0,0.0,0.0,0.0,0.0,,6.0,0.0,6.0,32.0,12.0,0.0,0.0,0.0,0.0,0.0,0.0,20.0,0.0,0.0,6.0,0.0,0.0,0.0,0.0,0.0,0.0,0.0,6.0,0.0,6.0,0.0,0.0,0.0,0.0,6.0,0.0,0.0,0.0,0.0,0.0,0.0,6.0,0.0,0.0,0.0,25023980300,0.054281345565749234,nan,0.625,0.0,0.016055045871559634,0.11697247706422019,0.7404434250764526,0.0,2616.0,0.0,1.0,1.0,0.375
0.0,0.0,0.0,0.0,0.0,0.0,0.0,0.0,0.0,0.0,0.0,0.0,0.0,0.0,0.0,0.0,0.0,0.0,0.0,0.0,0.0,0.0,0.0,0.0,0.0,0.0,0.0,0.0,0.0,0.0,0.0,0.0,0.0,0.0,0.0,0.0,0.0,0.0,0.0,0.0,0.0,0.0,0.0,0.0,0.0,0.0,0.0,0.0,0.0,0.0,0.0,0.0,0.0,0.0,0.0,0.0,0.0,0.0,0.0,0.0,0.0,0.0,0.0,0.0,0.0,0.0,0.0,0.0,0.0,0.0,0.0,0.0,0.0,0.0,0.0,0.0,0.0,0.0,0.0,0.0,0.0,,0.0,0.0,0.0,0.0,0.0,0.0,0.0,0.0,0.0,0.0,0.0,0.0,0.0,0.0,0.0,0.0,0.0,0.0,0.0,0.0,0.0,0.0,0.0,0.0,0.0,0.0,0.0,0.0,0.0,0.0,0.0,0.0,0.0,0.0,0.0,0.0,0.0,0.0,0.0,0.0,25023990003,,nan,,,,,,,0.0,,,,
1588.0,1588.0,1517.0,1111.0,126.0,0.0,235.0,0.0,4.0,41.0,4.0,37.0,71.0,17.0,0.0,0.0,0.0,0.0,47.0,7.0,7.0,0.0,1588.0,180.0,141.0,0.0,0.0,0.0,0.0,0.0,0.0,75.0,28.0,1.0,1.0,1.0,35.0,0.0,39.0,0.0,0.0,0.0,0.0,0.0,0.0,19.0,15.0,0.0,5.0,0.0,0.0,0.0,1408.0,733.0,6.0,4.0,17.0,29.0,5.0,40.0,86.0,302.0,73.0,72.0,70.0,13.0,16.0,675.0,2.0,0.0,40.0,29.0,20.0,0.0,99.0,289.0,90.0,54.0,38.0,8.0,6.0,165469.0,541.0,117.0,424.0,568.0,64.0,68.0,202.0,175.0,20.0,16.0,16.0,7.0,0.0,0.0,541.0,117.0,0.0,54.0,53.0,0.0,10.0,0.0,424.0,83.0,160.0,100.0,76.0,0.0,5.0,424.0,34.0,50.0,137.0,41.0,34.0,21.0,11.0,36.0,54.0,6.0,25025000101,0.044710327455919394,165469.0,0.7676056338028169,0.1534195933456562,0.14798488664987405,0.07934508816120907,0.6996221662468514,0.21626617375231053,1588.0,0.11335012594458438,0.28773584905660377,0.7837338262476895,0.2323943661971831
3428.0,3428.0,2984.0,1860.0,181.0,1.0,733.0,0.0,36.0,173.0,0.0,173.0,444.0,0.0,94.0,0.0,32.0,0.0,267.0,51.0,0.0,51.0,3424.0,743.0,234.0,0.0,0.0,52.0,0.0,0.0,0.0,6.0,59.0,0.0,61.0,0.0,22.0,34.0,509.0,29.0,0.0,0.0,0.0,0.0,0.0,177.0,199.0,5.0,21.0,22.0,28.0,28.0,2681.0,1148.0,0.0,0.0,0.0,26.0,0.0,30.0,93.0,566.0,123.0,90.0,120.0,53.0,47.0,1533.0,37.0,0.0,56.0,26.0,49.0,16.0,48.0,752.0,197.0,127.0,78.0,90.0,57.0,86875.0,1715.0,359.0,1356.0,1919.0,4.0,164.0,223.0,281.0,134.0,0.0,134.0,979.0,0.0,0.0,1715.0,359.0,0.0,232.0,118.0,5.0,4.0,0.0,1356.0,286.0,755.0,86.0,174.0,55.0,0.0,1356.0,22.0,106.0,128.0,365.0,70.0,100.0,165.0,126.0,250.0,24.0,25025000102,0.1295215869311552,86875.0,0.9124544033350703,0.16676384839650146,0.21382730455075846,0.05280046674445741,0.5425904317386231,0.20932944606413995,3428.0,0.21699766355140188,0.47271386430678464,0.79067055393586,0.08754559666492966
4407.0,4407.0,3966.0,2635.0,383.0,0.0,333.0,0.0,194.0,421.0,59.0,362.0,441.0,97.0,15.0,0.0,0.0,0.0,150.0,179.0,137.0,42.0,4394.0,750.0,441.0,49.0,0.0,35.0,78.0,21.0,20.0,79.0,58.0,73.0,19.0,0.0,9.0,0.0,309.0,0.0,0.0,78.0,0.0,18.0,0.0,6.0,55.0,86.0,0.0,20.0,19.0,27.0,3644.0,1729.0,63.0,30.0,19.0,39.0,40.0,0.0,160.0,699.0,304.0,149.0,103.0,81.0,42.0,1915.0,206.0,0.0,45.0,42.0,0.0,0.0,158.0,834.0,222.0,49.0,129.0,183.0,47.0,123525.0,1859.0,570.0,1289.0,1911.0,532.0,246.0,372.0,631.0,68.0,51.0,0.0,11.0,0.0,0.0,1859.0,570.0,34.0,329.0,196.0,11.0,0.0,0.0,1289.0,236.0,606.0,299.0,52.0,57.0,39.0,1289.0,29.0,89.0,168.0,210.0,180.0,50.0,67.0,90.0,347.0,59.0,25025000201,0.10006807351940095,123525.0,0.5928833071690215,0.14523937600860679,0.07556160653505786,0.08690719310188337,0.5979124120717041,0.3066164604626143,4407.0,0.17068730086481565,0.42979053529868116,0.6933835395373857,0.40711669283097857
3668.0,3668.0,2764.0,1900.0,121.0,0.0,490.0,0.0,112.0,141.0,19.0,122.0,904.0,0.0,175.0,42.0,13.0,0.0,26.0,648.0,587.0,61.0,3668.0,950.0,293.0,69.0,0.0,55.0,13.0,0.0,0.0,45.0,66.0,15.0,21.0,1.0,8.0,0.0,657.0,130.0,11.0,79.0,33.0,18.0,0.0,139.0,87.0,10.0,29.0,27.0,6.0,88.0,2718.0,1262.0,45.0,5.0,65.0,65.0,0.0,0.0,163.0,376.0,181.0,86.0,36.0,144.0,96.0,1456.0,44.0,0.0,71.0,26.0,0.0,3.0,149.0,452.0,291.0,55.0,75.0,128.0,162.0,72098.0,1507.0,545.0,962.0,1603.0,367.0,116.0,584.0,160.0,63.0,214.0,18.0,41.0,40.0,0.0,1507.0,545.0,62.0,226.0,241.0,8.0,8.0,0.0,962.0,270.0,372.0,253.0,23.0,21.0,23.0,962.0,117.0,91.0,221.0,128.0,83.0,110.0,0.0,13.0,193.0,6.0,25025000202,0.24645583424209377,72098.0,0.6986899563318777,0.22030524220305242,0.13358778625954199,0.03298800436205016,0.5179934569247546,0.36164565361645656,3668.0,0.2589967284623773,0.3284823284823285,0.6383543463835435,0.30131004366812225
2711.0,2711.0,2521.0,1880.0,165.0,0.0,282.0,0.0,24.0,170.0,141.0,29.0,190.0,82.0,32.0,0.0,0.0,0.0,21.0,55.0,33.0,22.0,2624.0,299.0,112.0,0.0,0.0,0.0,11.0,0.0,0.0,78.0,0.0,0.0,21.0,0.0,2.0,0.0,187.0,0.0,0.0,0.0,0.0,12.0,0.0,18.0,95.0,0.0,26.0,36.0,0.0,0.0,2325.0,1025.0,32.0,0.0,37.0,39.0,0.0,34.0,148.0,475.0,32.0,130.0,45.0,31.0,22.0,1300.0,9.0,0.0,0.0,0.0,0.0,18.0,190.0,626.0,102.0,159.0,92.0,80.0,24.0,132900.0,1250.0,539.0,711.0,1316.0,318.0,111.0,280.0,175.0,85.0,67.0,171.0,109.0,0.0,0.0,1250.0,539.0,11.0,367.0,122.0,39.0,0.0,0.0,711.0,172.0,168.0,239.0,99.0,33.0,0.0,711.0,36.0,38.0,94.0,187.0,141.0,61.0,18.0,12.0,77.0,47.0,25025000301,0.07008483954260421,132900.0,0.6740121580547113,0.1464,0.10402065658428625,0.06086315012910365,0.6934710438952416,0.4312,2711.0,0.11394817073170732,0.23628691983122363,0.5688,0.32598784194528874
3210.0,3210.0,2956.0,2103.0,192.0,24.0,447.0,0.0,0.0,190.0,0.0,190.0,254.0,18.0,0.0,0.0,0.0,0.0,153.0,83.0,83.0,0.0,3210.0,321.0,226.0,0.0,0.0,0.0,0.0,0.0,0.0,103.0,70.0,19.0,12.0,13.0,9.0,0.0,95.0,0.0,0.0,0.0,0.0,0.0,0.0,33.0,40.0,0.0,0.0,4.0,9.0,9.0,2889.0,1700.0,0.0,11.0,52.0,0.0,30.0,26.0,120.0,816.0,108.0,96.0,205.0,89.0,147.0,1189.0,7.0,0.0,23.0,32.0,0.0,0.0,115.0,398.0,121.0,140.0,153.0,120.0,80.0,135188.0,1373.0,661.0,712.0,1433.0,275.0,58.0,430.0,458.0,14.0,13.0,185.0,0.0,0.0,0.0,1373.0,661.0,47.0,413.0,143.0,36.0,22.0,0.0,712.0,53.0,237.0,353.0,49.0,20.0,0.0,712.0,22.0,35.0,265.0,189.0,23.0,62.0,14.0,38.0,64.0,0.0,25025000302,0.07912772585669782,135188.0,0.7676203768318214,0.07283321194464676,0.13925233644859814,0.059813084112149535,0.6551401869158878,0.48142753095411506,3210.0,0.1,0.25,0.5185724690458849,0.23237962316817865
4716.0,4716.0,4245.0,3075.0,72.0,0.0,986.0,0.0,19.0,93.0,86.0,7.0,471.0,30.0,14.0,0.0,0.0,0.0,18.0,409.0,381.0,28.0,4716.0,1005.0,354.0,0.0,0.0,0.0,0.0,0.0,0.0,159.0,33.0,0.0,0.0,0.0,111.0,51.0,651.0,0.0,0.0,0.0,0.0,0.0,0.0,55.0,159.0,0.0,69.0,18.0,192.0,158.0,3711.0,1558.0,0.0,0.0,0.0,0.0,0.0,0.0,96.0,1019.0,27.0,107.0,143.0,134.0,32.0,2153.0,0.0,0.0,0.0,0.0,0.0,0.0,288.0,1071.0,165.0,36.0,123.0,172.0,298.0,77716.0,2851.0,384.0,2467.0,2982.0,179.0,19.0,376.0,404.0,108.0,494.0,459.0,943.0,0.0,0.0,2851.0,384.0,51.0,180.0,125.0,0.0,28.0,0.0,2467.0,1156.0,930.0,238.0,102.0,41.0,0.0,2467.0,16.0,161.0,214.0,267.0,592.0,414.0,286.0,166.0,232.0,119.0,25025000401,0.09987277353689568,77716.0,0.9336016096579477,0.42336022448263766,0.2090754877014419,0.015267175572519083,0.6520356234096693,0.1346895826025956,4716.0,0.21310432569974555,0.4450749898662343,0.8653104173974044,0.06639839034205232
3669.0,3669.0,3365.0,2416.0,57.0,0.0,543.0,0.0,109.0,240.0,55.0,185.0,304.0,7.0,0.0,23.0,6.0,0.0,55.0,213.0,192.0,21.0,3621.0,555.0,361.0,0.0,0.0,0.0,0.0,10.0,0.0,167.0,14.0,91.0,13.0,50.0,16.0,0.0,194.0,0.0,0.0,0.0,0.0,0.0,0.0,153.0,10.0,0.0,9.0,0.0,11.0,11.0,3066.0,1848.0,61.0,0.0,19.0,14.0,8.0,0.0,318.0,765.0,206.0,195.0,117.0,104.0,41.0,1218.0,93.0,0.0,27.0,18.0,0.0,11.0,157.0,360.0,95.0,69.0,158.0,38.0,192.0,108235.0,1422.0,350.0,1072.0,1548.0,212.0,44.0,605.0,272.0,50.0,217.0,136.0,12.0,0.0,0.0,1422.0,350.0,45.0,151.0,72.0,82.0,0.0,0.0,1072.0,228.0,510.0,260.0,16.0,17.0,41.0,1072.0,0.0,70.0,237.0,92.0,117.0,72.0,37.0,133.0,287.0,27.0,25025000402,0.08285636413191605,108235.0,0.834625322997416,0.19198312236286919,0.14799672935404742,0.01553556827473426,0.6584900517852276,0.24613220815752462,3669.0,0.15327257663628832,0.49347014925373134,0.7538677918424754,0.165374677002584
6159.0,6159.0,5726.0,3859.0,525.0,0.0,822.0,0.0,47.0,473.0,123.0,350.0,433.0,165.0,0.0,0.0,0.0,0.0,46.0,222.0,222.0,0.0,2768.0,542.0,291.0,0.0,0.0,0.0,0.0,0.0,0.0,107.0,117.0,0.0,0.0,67.0,0.0,0.0,251.0,0.0,0.0,0.0,0.0,0.0,0.0,108.0,74.0,1.0,45.0,0.0,13.0,10.0,2226.0,1157.0,30.0,0.0,36.0,0.0,0.0,0.0,75.0,489.0,189.0,126.0,53.0,85.0,74.0,1069.0,17.0,9.0,0.0,0.0,0.0,0.0,93.0,412.0,89.0,121.0,48.0,87.0,193.0,75536.0,1709.0,271.0,1438.0,1833.0,42.0,0.0,49.0,105.0,218.0,238.0,651.0,530.0,0.0,0.0,1709.0,271.0,77.0,105.0,80.0,0.0,9.0,0.0,1438.0,741.0,582.0,115.0,0.0,0.0,0.0,1438.0,35.0,105.0,208.0,134.0,120.0,98.0,57.0,145.0,428.0,108.0,25025000502,0.07030362071764897,75536.0,0.9770867430441899,0.478642480983031,0.13346322454943985,0.08524111056989771,0.6265627536937814,0.1585722644821533,6159.0,0.1958092485549133,0.5062586926286509,0.8414277355178467,0.022913256955810146
1981.0,1981.0,1846.0,1529.0,42.0,12.0,182.0,0.0,15.0,66.0,56.0,10.0,135.0,48.0,0.0,19.0,0.0,0.0,23.0,45.0,35.0,10.0,1969.0,268.0,132.0,0.0,0.0,0.0,0.0,0.0,0.0,35.0,37.0,0.0,0.0,42.0,9.0,9.0,136.0,0.0,0.0,0.0,0.0,0.0,0.0,37.0,54.0,0.0,0.0,0.0,19.0,26.0,1701.0,712.0,22.0,0.0,0.0,0.0,0.0,0.0,51.0,335.0,32.0,44.0,161.0,20.0,47.0,989.0,5.0,0.0,0.0,0.0,0.0,0.0,176.0,531.0,87.0,66.0,55.0,41.0,28.0,91047.0,1251.0,216.0,1035.0,1314.0,10.0,10.0,50.0,27.0,200.0,497.0,422.0,98.0,0.0,0.0,1251.0,216.0,81.0,114.0,11.0,10.0,0.0,0.0,1035.0,444.0,479.0,104.0,8.0,0.0,0.0,1035.0,0.0,73.0,206.0,119.0,145.0,103.0,86.0,98.0,160.0,45.0,25025000503,0.06814740030287733,91047.0,0.984779299847793,0.4196642685851319,0.09187279151943463,0.02120141342756184,0.7718324078748107,0.17266187050359713,1981.0,0.1361097003555104,0.4318840579710145,0.8273381294964028,0.015220700152207
1758.0,1758.0,1608.0,909.0,230.0,0.0,345.0,36.0,20.0,68.0,11.0,57.0,150.0,67.0,8.0,0.0,0.0,0.0,0.0,75.0,75.0,0.0,1677.0,303.0,179.0,0.0,0.0,0.0,0.0,0.0,0.0,8.0,84.0,28.0,0.0,21.0,0.0,38.0,124.0,0.0,0.0,0.0,0.0,0.0,0.0,12.0,14.0,0.0,0.0,0.0,85.0,13.0,1374.0,639.0,0.0,0.0,0.0,0.0,0.0,20.0,79.0,258.0,80.0,18.0,23.0,65.0,96.0,735.0,32.0,0.0,20.0,0.0,0.0,0.0,90.0,372.0,97.0,5.0,32.0,49.0,38.0,84417.0,1051.0,154.0,897.0,1051.0,8.0,49.0,0.0,84.0,89.0,367.0,86.0,368.0,0.0,0.0,1051.0,154.0,43.0,103.0,0.0,8.0,0.0,0.0,897.0,490.0,316.0,86.0,5.0,0.0,0.0,897.0,48.0,54.0,47.0,68.0,172.0,168.0,130.0,0.0,210.0,0.0,25025000505,0.08532423208191127,84417.0,0.9457659372026641,0.5071360608943863,0.1962457337883959,0.13083048919226395,0.5170648464163823,0.14652711703139867,1758.0,0.1806797853309481,0.5663322185061316,0.8534728829686014,0.05423406279733587
2467.0,2467.0,2309.0,1655.0,226.0,0.0,385.0,0.0,0.0,43.0,22.0,21.0,158.0,28.0,0.0,8.0,0.0,0.0,110.0,12.0,12.0,0.0,2467.0,466.0,248.0,0.0,0.0,0.0,0.0,0.0,0.0,99.0,64.0,38.0,2.0,5.0,9.0,31.0,218.0,0.0,0.0,0.0,0.0,0.0,0.0,97.0,78.0,0.0,0.0,0.0,34.0,9.0,2001.0,945.0,13.0,0.0,0.0,24.0,0.0,0.0,166.0,425.0,140.0,43.0,36.0,52.0,46.0,1056.0,40.0,0.0,8.0,0.0,0.0,12.0,171.0,462.0,168.0,48.0,84.0,18.0,45.0,78221.0,1351.0,243.0,1108.0,1536.0,0.0,11.0,32.0,137.0,290.0,319.0,409.0,338.0,0.0,0.0,1351.0,243.0,39.0,155.0,49.0,0.0,0.0,0.0,1108.0,425.0,562.0,67.0,54.0,0.0,0.0,1108.0,34.0,84.0,116.0,126.0,94.0,74.0,87.0,210.0,274.0,9.0,25025000506,0.06404539927036887,78221.0,0.9928385416666666,0.34344929681717246,0.15605999189298744,0.09160924199432509,0.6708552898256992,0.17986676535899335,2467.0,0.1888933927847588,0.5821299638989169,0.8201332346410066,0.007161458333333333
3717.0,3717.0,3557.0,1653.0,170.0,0.0,1404.0,0.0,26.0,304.0,153.0,151.0,160.0,31.0,0.0,14.0,0.0,0.0,71.0,44.0,44.0,0.0,3707.0,438.0,165.0,0.0,0.0,28.0,0.0,0.0,0.0,47.0,55.0,12.0,12.0,0.0,0.0,11.0,273.0,0.0,0.0,0.0,0.0,0.0,0.0,41.0,42.0,55.0,11.0,0.0,20.0,104.0,3269.0,1655.0,0.0,0.0,126.0,34.0,0.0,29.0,260.0,523.0,179.0,91.0,331.0,29.0,53.0,1614.0,72.0,0.0,0.0,0.0,0.0,0.0,231.0,645.0,177.0,90.0,155.0,106.0,138.0,106573.0,1539.0,356.0,1183.0,1571.0,160.0,99.0,286.0,365.0,132.0,109.0,288.0,132.0,0.0,0.0,1539.0,356.0,66.0,220.0,57.0,6.0,7.0,0.0,1183.0,213.0,622.0,238.0,84.0,26.0,0.0,1183.0,41.0,61.0,320.0,158.0,145.0,115.0,120.0,58.0,132.0,33.0,25025000601,0.04304546677428033,106573.0,0.8351368555060471,0.18128654970760233,0.37772397094430993,0.04573580844767285,0.4447134786117837,0.23131903833658218,3717.0,0.1181548421904505,0.3592561284868977,0.7686809616634178,0.1648631444939529
1840.0,1840.0,1456.0,504.0,145.0,0.0,729.0,0.0,0.0,78.0,0.0,78.0,384.0,0.0,0.0,0.0,0.0,0.0,263.0,121.0,0.0,121.0,1814.0,584.0,189.0,8.0,34.0,34.0,0.0,35.0,0.0,29.0,0.0,6.0,0.0,0.0,43.0,0.0,395.0,40.0,0.0,0.0,0.0,0.0,0.0,123.0,51.0,5.0,0.0,47.0,32.0,97.0,1230.0,622.0,0.0,37.0,10.0,0.0,0.0,0.0,112.0,124.0,123.0,70.0,70.0,53.0,23.0,608.0,60.0,0.0,0.0,0.0,0.0,0.0,13.0,273.0,62.0,14.0,79.0,107.0,0.0,44688.0,1130.0,161.0,969.0,1288.0,0.0,126.0,0.0,76.0,0.0,21.0,195.0,870.0,0.0,0.0,1130.0,161.0,25.0,119.0,17.0,0.0,0.0,0.0,969.0,428.0,488.0,53.0,0.0,0.0,0.0,969.0,18.0,46.0,57.0,69.0,102.0,165.0,104.0,78.0,307.0,23.0,25025000603,0.20869565217391303,44688.0,0.9021739130434783,0.4008849557522124,0.39619565217391306,0.07880434782608696,0.27391304347826084,0.1424778761061947,1840.0,0.3219404630650496,0.6749226006191951,0.8575221238938053,0.09782608695652174
2304.0,2304.0,2085.0,1274.0,85.0,0.0,579.0,0.0,12.0,135.0,11.0,124.0,219.0,10.0,0.0,0.0,0.0,0.0,87.0,122.0,122.0,0.0,2304.0,812.0,358.0,0.0,0.0,0.0,0.0,0.0,0.0,200.0,71.0,42.0,0.0,28.0,0.0,17.0,454.0,30.0,0.0,0.0,0.0,0.0,0.0,291.0,52.0,49.0,0.0,0.0,16.0,16.0,1492.0,817.0,0.0,0.0,0.0,0.0,0.0,0.0,217.0,342.0,0.0,12.0,126.0,11.0,109.0,675.0,0.0,0.0,0.0,0.0,0.0,0.0,143.0,213.0,64.0,63.0,99.0,51.0,42.0,51641.0,1150.0,158.0,992.0,1158.0,10.0,0.0,188.0,136.0,121.0,269.0,303.0,131.0,0.0,0.0,1150.0,158.0,34.0,113.0,11.0,0.0,0.0,0.0,992.0,488.0,381.0,106.0,11.0,0.0,6.0,992.0,15.0,36.0,53.0,117.0,110.0,41.0,40.0,74.0,466.0,40.0,25025000604,0.09505208333333333,51641.0,0.9913644214162349,0.4539130434782609,0.2513020833333333,0.03689236111111111,0.5529513888888888,0.1373913043478261,2304.0,0.3524305555555556,0.626008064516129,0.8626086956521739,0.008635578583765112
4314.0,4314.0,4066.0,2873.0,200.0,0.0,830.0,0.0,0.0,163.0,107.0,56.0,248.0,17.0,0.0,0.0,12.0,0.0,93.0,126.0,126.0,0.0,4309.0,886.0,384.0,0.0,0.0,0.0,0.0,0.0,0.0,114.0,159.0,49.0,2.0,37.0,21.0,2.0,502.0,0.0,0.0,0.0,34.0,42.0,42.0,156.0,146.0,44.0,0.0,19.0,0.0,19.0,3423.0,2020.0,28.0,0.0,0.0,0.0,0.0,0.0,194.0,1326.0,239.0,36.0,67.0,62.0,68.0,1403.0,0.0,0.0,0.0,0.0,0.0,0.0,172.0,1042.0,8.0,44.0,46.0,65.0,26.0,99679.0,2157.0,274.0,1883.0,2157.0,5.0,5.0,207.0,144.0,77.0,1051.0,533.0,135.0,0.0,0.0,2157.0,274.0,84.0,119.0,71.0,0.0,0.0,0.0,1883.0,900.0,768.0,184.0,31.0,0.0,0.0,1883.0,38.0,173.0,241.0,514.0,69.0,75.0,143.0,32.0,560.0,38.0,25025000701,0.05748725081131201,99679.0,0.9953639313861845,0.4561891515994437,0.1923968474733426,0.04636068613815485,0.6659712563745943,0.12702828001854427,4314.0,0.20561615223949872,0.43016463090812534,0.8729717199814557,0.004636068613815485
1535.0,1535.0,1403.0,797.0,133.0,43.0,371.0,0.0,26.0,33.0,23.0,10.0,132.0,64.0,0.0,0.0,0.0,0.0,15.0,53.0,53.0,0.0,1535.0,621.0,356.0,0.0,0.0,0.0,0.0,0.0,0.0,275.0,10.0,0.0,17.0,54.0,0.0,0.0,265.0,0.0,0.0,0.0,0.0,0.0,0.0,181.0,83.0,0.0,0.0,0.0,0.0,1.0,914.0,513.0,0.0,0.0,0.0,0.0,0.0,0.0,136.0,281.0,0.0,24.0,63.0,9.0,0.0,401.0,0.0,0.0,0.0,0.0,0.0,0.0,99.0,250.0,21.0,20.0,11.0,0.0,0.0,43516.0,951.0,19.0,932.0,1122.0,0.0,0.0,28.0,68.0,119.0,307.0,381.0,219.0,0.0,0.0,951.0,19.0,19.0,0.0,0.0,0.0,0.0,0.0,932.0,682.0,240.0,10.0,0.0,0.0,0.0,932.0,7.0,7.0,62.0,47.0,64.0,120.0,76.0,38.0,370.0,141.0,25025000703,0.08599348534201955,43516.0,1.0,0.7371188222923238,0.24169381107491858,0.08664495114006515,0.5192182410423453,0.019978969505783387,1535.0,0.4045602605863192,0.648068669527897,0.9800210304942166,0.0
4314.0,4314.0,3415.0,2320.0,191.0,0.0,768.0,0.0,20.0,116.0,44.0,72.0,899.0,69.0,0.0,61.0,0.0,0.0,515.0,254.0,231.0,23.0,4294.0,847.0,368.0,0.0,0.0,0.0,0.0,0.0,0.0,130.0,143.0,25.0,26.0,44.0,0.0,0.0,479.0,0.0,0.0,0.0,0.0,0.0,0.0,378.0,49.0,0.0,0.0,18.0,34.0,0.0,3447.0,1785.0,0.0,0.0,90.0,0.0,0.0,0.0,119.0,916.0,387.0,58.0,144.0,46.0,25.0,1662.0,0.0,0.0,0.0,0.0,0.0,0.0,403.0,682.0,320.0,0.0,188.0,52.0,17.0,74948.0,2165.0,136.0,2029.0,2272.0,79.0,15.0,18.0,20.0,450.0,546.0,684.0,405.0,55.0,0.0,2165.0,136.0,66.0,55.0,15.0,0.0,0.0,0.0,2029.0,957.0,866.0,206.0,0.0,0.0,0.0,2029.0,54.0,108.0,158.0,256.0,125.0,199.0,147.0,190.0,666.0,126.0,25025000704,0.20839128419100603,74948.0,0.9586267605633803,0.4725173210161663,0.1780250347705146,0.04427445526193788,0.5377839592025963,0.0628175519630485,4314.0,0.19725197950628784,0.5924100542138985,0.9371824480369515,0.04137323943661972
3383.0,3383.0,2848.0,1757.0,87.0,0.0,654.0,0.0,0.0,350.0,84.0,266.0,535.0,52.0,0.0,0.0,0.0,0.0,260.0,223.0,223.0,0.0,3383.0,418.0,201.0,0.0,0.0,0.0,0.0,12.0,12.0,75.0,69.0,0.0,10.0,0.0,0.0,23.0,217.0,0.0,0.0,0.0,0.0,0.0,0.0,78.0,34.0,0.0,75.0,10.0,20.0,0.0,2965.0,1550.0,94.0,0.0,0.0,176.0,0.0,142.0,132.0,520.0,215.0,65.0,87.0,119.0,0.0,1415.0,8.0,0.0,48.0,13.0,0.0,14.0,118.0,551.0,280.0,127.0,143.0,29.0,84.0,98239.0,1281.0,402.0,879.0,1385.0,87.0,107.0,466.0,279.0,139.0,46.0,65.0,196.0,0.0,0.0,1281.0,402.0,141.0,181.0,64.0,16.0,0.0,0.0,879.0,386.0,314.0,107.0,49.0,23.0,0.0,879.0,145.0,51.0,81.0,89.0,176.0,27.0,28.0,122.0,81.0,79.0,25025000804,0.1581436594738398,98239.0,0.859927797833935,0.41139734582357534,0.1933195388708247,0.025716819391073013,0.5193615134496009,0.31381733021077285,3383.0,0.12355897132722436,0.2935153583617747,0.6861826697892272,0.14007220216606497
2943.0,2943.0,2626.0,1140.0,275.0,0.0,1096.0,0.0,26.0,89.0,5.0,84.0,317.0,23.0,166.0,4.0,0.0,0.0,49.0,75.0,75.0,0.0,2595.0,804.0,277.0,0.0,0.0,0.0,0.0,0.0,0.0,241.0,36.0,0.0,0.0,0.0,0.0,0.0,527.0,66.0,0.0,49.0,0.0,0.0,0.0,329.0,70.0,0.0,0.0,13.0,0.0,0.0,1791.0,824.0,61.0,0.0,0.0,0.0,0.0,0.0,72.0,442.0,148.0,11.0,15.0,34.0,41.0,967.0,0.0,0.0,0.0,0.0,0.0,0.0,176.0,647.0,10.0,30.0,10.0,46.0,48.0,70020.0,1297.0,30.0,1267.0,1753.0,89.0,52.0,25.0,192.0,247.0,249.0,346.0,553.0,0.0,0.0,1297.0,30.0,0.0,14.0,16.0,0.0,0.0,0.0,1267.0,744.0,364.0,137.0,22.0,0.0,0.0,1267.0,0.0,59.0,86.0,147.0,163.0,121.0,136.0,46.0,474.0,35.0,25025000805,0.10771321780496092,70020.0,0.9195664575014262,0.5736314572089437,0.3724091063540605,0.09344206591913014,0.3873598369011213,0.02313030069390902,2943.0,0.30982658959537573,0.6132596685082873,0.976869699306091,0.08043354249857387
2235.0,2235.0,1887.0,1164.0,326.0,0.0,330.0,0.0,6.0,61.0,4.0,57.0,348.0,144.0,0.0,0.0,0.0,0.0,59.0,145.0,142.0,3.0,1331.0,341.0,128.0,0.0,0.0,0.0,0.0,0.0,0.0,11.0,117.0,0.0,0.0,0.0,0.0,0.0,213.0,55.0,0.0,0.0,0.0,0.0,0.0,0.0,148.0,0.0,0.0,10.0,0.0,0.0,990.0,423.0,10.0,7.0,0.0,0.0,0.0,0.0,10.0,264.0,79.0,53.0,0.0,0.0,0.0,567.0,85.0,21.0,0.0,0.0,0.0,0.0,26.0,368.0,34.0,25.0,0.0,8.0,0.0,90139.0,742.0,48.0,694.0,911.0,44.0,0.0,0.0,4.0,81.0,0.0,32.0,750.0,0.0,0.0,742.0,48.0,0.0,4.0,44.0,0.0,0.0,0.0,694.0,468.0,215.0,11.0,0.0,0.0,0.0,694.0,0.0,22.0,26.0,27.0,47.0,44.0,19.0,163.0,196.0,150.0,25025000806,0.15570469798657718,90139.0,0.9517014270032931,0.6307277628032345,0.1476510067114094,0.1458612975391499,0.5208053691275167,0.0646900269541779,2235.0,0.256198347107438,0.6080691642651297,0.9353099730458221,0.048298572996706916
3348.0,3348.0,3140.0,1934.0,322.0,0.0,662.0,0.0,26.0,196.0,0.0,196.0,208.0,76.0,0.0,7.0,0.0,0.0,101.0,24.0,17.0,7.0,17.0,7.0,7.0,0.0,0.0,0.0,0.0,0.0,0.0,7.0,0.0,0.0,0.0,0.0,0.0,0.0,0.0,0.0,0.0,0.0,0.0,0.0,0.0,0.0,0.0,0.0,0.0,0.0,0.0,0.0,10.0,10.0,0.0,0.0,0.0,0.0,0.0,0.0,0.0,10.0,0.0,0.0,0.0,0.0,0.0,0.0,0.0,0.0,0.0,0.0,0.0,0.0,0.0,0.0,0.0,0.0,0.0,0.0,0.0,,0.0,0.0,0.0,0.0,0.0,0.0,0.0,0.0,0.0,0.0,0.0,0.0,0.0,0.0,0.0,0.0,0.0,0.0,0.0,0.0,0.0,0.0,0.0,0.0,0.0,0.0,0.0,0.0,0.0,0.0,0.0,0.0,0.0,0.0,0.0,0.0,0.0,0.0,0.0,0.0,25025000807,0.06212664277180406,nan,,,0.1977299880525687,0.0961768219832736,0.5776583034647551,,3348.0,0.4117647058823529,,,
3880.0,3880.0,3531.0,1811.0,200.0,0.0,1197.0,2.0,7.0,314.0,38.0,276.0,349.0,104.0,4.0,20.0,0.0,0.0,128.0,93.0,77.0,16.0,562.0,153.0,99.0,0.0,9.0,0.0,0.0,0.0,0.0,79.0,10.0,1.0,0.0,0.0,0.0,0.0,54.0,0.0,0.0,0.0,0.0,0.0,0.0,46.0,6.0,0.0,0.0,2.0,0.0,0.0,409.0,196.0,0.0,0.0,0.0,0.0,0.0,0.0,3.0,78.0,72.0,14.0,1.0,28.0,0.0,213.0,0.0,0.0,10.0,0.0,0.0,0.0,7.0,109.0,48.0,13.0,0.0,26.0,0.0,,336.0,70.0,266.0,494.0,39.0,0.0,11.0,17.0,81.0,7.0,56.0,283.0,0.0,0.0,336.0,70.0,4.0,56.0,10.0,0.0,0.0,0.0,266.0,183.0,83.0,0.0,0.0,0.0,0.0,266.0,0.0,0.0,30.0,7.0,7.0,32.0,17.0,0.0,150.0,23.0,25025010103,0.08994845360824742,nan,0.9210526315789473,0.5565476190476191,0.30850515463917527,0.05154639175257732,0.46675257731958764,0.20833333333333334,3880.0,0.2722419928825623,0.7481203007518797,0.7916666666666666,0.07894736842105263
4636.0,4636.0,4135.0,2717.0,223.0,0.0,929.0,19.0,14.0,233.0,13.0,220.0,501.0,99.0,10.0,0.0,0.0,0.0,90.0,302.0,260.0,42.0,2400.0,689.0,158.0,0.0,0.0,0.0,0.0,0.0,0.0,55.0,65.0,0.0,15.0,0.0,23.0,0.0,531.0,0.0,0.0,0.0,0.0,0.0,0.0,274.0,72.0,0.0,0.0,44.0,26.0,115.0,1711.0,767.0,0.0,0.0,0.0,13.0,0.0,0.0,104.0,341.0,76.0,27.0,85.0,102.0,19.0,944.0,42.0,0.0,0.0,19.0,0.0,0.0,62.0,422.0,74.0,103.0,58.0,105.0,59.0,81875.0,1576.0,316.0,1260.0,1935.0,9.0,37.0,0.0,142.0,492.0,260.0,360.0,635.0,0.0,0.0,1576.0,316.0,48.0,194.0,65.0,9.0,0.0,0.0,1260.0,917.0,268.0,64.0,11.0,0.0,0.0,1260.0,0.0,91.0,95.0,165.0,157.0,168.0,57.0,97.0,319.0,111.0,25025010104,0.10806729939603106,81875.0,0.9762273901808786,0.6123096446700508,0.20038826574633303,0.04810181190681622,0.5860655737704918,0.20050761421319796,4636.0,0.28708333333333336,0.5087301587301587,0.799492385786802,0.023772609819121448
3173.0,3173.0,2899.0,1794.0,267.0,0.0,599.0,0.0,20.0,219.0,0.0,219.0,274.0,69.0,1.0,0.0,14.0,0.0,107.0,83.0,61.0,22.0,1419.0,567.0,269.0,0.0,0.0,0.0,0.0,0.0,0.0,194.0,74.0,0.0,0.0,0.0,0.0,1.0,298.0,0.0,0.0,0.0,0.0,0.0,0.0,211.0,76.0,5.0,6.0,0.0,0.0,0.0,852.0,309.0,7.0,0.0,4.0,4.0,0.0,0.0,31.0,132.0,36.0,86.0,1.0,4.0,4.0,543.0,11.0,0.0,0.0,0.0,0.0,0.0,129.0,233.0,106.0,4.0,24.0,31.0,5.0,41745.0,962.0,70.0,892.0,1259.0,0.0,4.0,0.0,39.0,349.0,218.0,305.0,344.0,0.0,0.0,962.0,70.0,28.0,35.0,7.0,0.0,0.0,0.0,892.0,451.0,385.0,52.0,4.0,0.0,0.0,892.0,6.0,64.0,6.0,41.0,92.0,81.0,32.0,49.0,351.0,170.0,25025010204,0.08635360857232903,41745.0,0.9968228752978554,0.4979209979209979,0.1887803340687047,0.08414749448471479,0.5653955247399937,0.07276507276507277,3173.0,0.39957716701902746,0.5751121076233184,0.9272349272349273,0.003177124702144559
3857.0,3857.0,3290.0,1773.0,137.0,0.0,1290.0,0.0,7.0,83.0,83.0,0.0,567.0,75.0,1.0,12.0,0.0,0.0,163.0,316.0,316.0,0.0,3729.0,724.0,359.0,0.0,0.0,0.0,0.0,0.0,0.0,129.0,108.0,83.0,0.0,0.0,19.0,20.0,365.0,0.0,0.0,0.0,0.0,0.0,0.0,123.0,136.0,33.0,0.0,0.0,32.0,41.0,3005.0,1602.0,40.0,0.0,51.0,27.0,0.0,14.0,67.0,730.0,314.0,103.0,75.0,82.0,99.0,1403.0,41.0,0.0,22.0,0.0,0.0,0.0,27.0,571.0,439.0,63.0,91.0,60.0,89.0,78008.0,2561.0,151.0,2410.0,2835.0,0.0,23.0,44.0,83.0,0.0,292.0,783.0,1610.0,0.0,0.0,2561.0,151.0,45.0,67.0,39.0,0.0,0.0,0.0,2410.0,1421.0,989.0,0.0,0.0,0.0,0.0,2410.0,136.0,158.0,78.0,106.0,470.0,122.0,243.0,78.0,723.0,296.0,25025010205,0.147005444646098,78008.0,0.9918871252204585,0.5724326434986333,0.3344568317345087,0.03551983406792844,0.45968369198859216,0.058961343225302616,3857.0,0.194153928667203,0.4838174273858921,0.9410386567746973,0.008112874779541446
2121.0,2121.0,1693.0,1109.0,64.0,0.0,353.0,0.0,26.0,141.0,72.0,69.0,428.0,208.0,0.0,0.0,0.0,0.0,88.0,132.0,113.0,19.0,2117.0,624.0,302.0,0.0,0.0,0.0,0.0,2.0,0.0,98.0,193.0,8.0,0.0,1.0,0.0,0.0,322.0,0.0,0.0,0.0,0.0,0.0,0.0,221.0,90.0,0.0,0.0,11.0,0.0,0.0,1493.0,712.0,11.0,0.0,0.0,62.0,0.0,0.0,58.0,414.0,85.0,26.0,45.0,11.0,0.0,781.0,0.0,0.0,0.0,0.0,0.0,0.0,239.0,218.0,171.0,39.0,103.0,0.0,11.0,81875.0,1227.0,32.0,1195.0,1284.0,0.0,0.0,0.0,25.0,72.0,126.0,552.0,509.0,0.0,0.0,1227.0,32.0,19.0,13.0,0.0,0.0,0.0,0.0,1195.0,713.0,435.0,47.0,0.0,0.0,0.0,1195.0,0.0,35.0,67.0,57.0,314.0,83.0,31.0,117.0,478.0,13.0,25025010206,0.20179160773220178,81875.0,1.0,0.5965770171149144,0.16643092880716642,0.030174446016030174,0.5228665723715229,0.026079869600651995,2121.0,0.2947567312234294,0.5933054393305439,0.973920130399348,0.0
5317.0,5317.0,4515.0,3210.0,293.0,6.0,731.0,6.0,53.0,216.0,28.0,188.0,802.0,190.0,18.0,12.0,0.0,0.0,248.0,334.0,170.0,164.0,468.0,86.0,43.0,0.0,0.0,0.0,0.0,0.0,0.0,29.0,0.0,0.0,4.0,6.0,4.0,0.0,43.0,0.0,0.0,0.0,0.0,0.0,0.0,22.0,5.0,16.0,0.0,0.0,0.0,0.0,382.0,193.0,62.0,0.0,0.0,0.0,0.0,0.0,9.0,50.0,26.0,6.0,34.0,6.0,0.0,189.0,12.0,0.0,5.0,0.0,0.0,0.0,32.0,90.0,28.0,6.0,4.0,12.0,0.0,71328.0,283.0,32.0,251.0,323.0,10.0,0.0,0.0,0.0,62.0,66.0,95.0,90.0,0.0,0.0,283.0,32.0,21.0,11.0,0.0,0.0,0.0,0.0,251.0,172.0,58.0,21.0,0.0,0.0,0.0,251.0,30.0,17.0,26.0,11.0,16.0,24.0,16.0,36.0,48.0,27.0,25025010300,0.1508369381230017,71328.0,0.9690402476780186,0.6819787985865724,0.137483543351514,0.05510626293022381,0.6037239044574008,0.11307420494699646,5317.0,0.18376068376068377,0.4940239043824701,0.8869257950530035,0.030959752321981424
2496.0,2496.0,2263.0,1127.0,91.0,0.0,706.0,0.0,72.0,267.0,183.0,84.0,233.0,95.0,0.0,23.0,0.0,0.0,5.0,110.0,85.0,25.0,2496.0,1255.0,738.0,0.0,32.0,0.0,29.0,0.0,0.0,328.0,296.0,0.0,0.0,0.0,13.0,40.0,517.0,0.0,0.0,0.0,0.0,0.0,0.0,252.0,92.0,61.0,0.0,18.0,18.0,76.0,1241.0,657.0,0.0,0.0,0.0,0.0,0.0,0.0,46.0,238.0,69.0,70.0,16.0,134.0,84.0,584.0,26.0,0.0,0.0,0.0,0.0,0.0,58.0,113.0,136.0,98.0,49.0,25.0,79.0,44508.0,1610.0,203.0,1407.0,1917.0,0.0,13.0,0.0,98.0,112.0,262.0,468.0,964.0,0.0,0.0,1610.0,203.0,160.0,43.0,0.0,0.0,0.0,0.0,1407.0,1003.0,324.0,80.0,0.0,0.0,0.0,1407.0,48.0,59.0,48.0,104.0,130.0,159.0,162.0,57.0,529.0,111.0,25025010403,0.09334935897435898,44508.0,0.9932185706833594,0.7223602484472049,0.2828525641025641,0.036458333333333336,0.4515224358974359,0.12608695652173912,2496.0,0.5028044871794872,0.644633972992182,0.8739130434782608,0.006781429316640584
4676.0,4676.0,4242.0,2704.0,229.0,0.0,1046.0,0.0,22.0,241.0,33.0,208.0,434.0,150.0,12.0,10.0,13.0,0.0,179.0,70.0,65.0,5.0,2146.0,1063.0,336.0,0.0,0.0,0.0,3.0,0.0,0.0,269.0,26.0,15.0,7.0,16.0,0.0,0.0,727.0,0.0,0.0,0.0,0.0,0.0,0.0,608.0,17.0,79.0,0.0,5.0,9.0,9.0,1083.0,474.0,25.0,0.0,0.0,0.0,0.0,0.0,122.0,224.0,10.0,28.0,30.0,24.0,11.0,609.0,10.0,0.0,25.0,0.0,0.0,0.0,303.0,91.0,33.0,37.0,68.0,24.0,18.0,28958.0,1257.0,121.0,1136.0,1710.0,0.0,10.0,4.0,153.0,399.0,125.0,873.0,146.0,0.0,0.0,1257.0,121.0,101.0,16.0,4.0,0.0,0.0,0.0,1136.0,915.0,209.0,12.0,0.0,0.0,0.0,1136.0,32.0,36.0,17.0,58.0,37.0,52.0,78.0,52.0,642.0,132.0,25025010404,0.09281437125748503,28958.0,0.9941520467836257,0.8082736674622116,0.22369546621043626,0.04897348160821215,0.5782720273738238,0.09626093874303898,4676.0,0.49534016775396084,0.7253521126760564,0.903739061256961,0.005847953216374269
6924.0,6924.0,5604.0,3150.0,437.0,0.0,1568.0,10.0,39.0,400.0,71.0,329.0,1320.0,167.0,205.0,8.0,26.0,0.0,313.0,601.0,452.0,149.0,1922.0,827.0,382.0,0.0,0.0,0.0,0.0,0.0,0.0,134.0,23.0,40.0,22.0,65.0,30.0,68.0,445.0,18.0,0.0,0.0,0.0,0.0,0.0,105.0,74.0,33.0,62.0,15.0,94.0,44.0,1095.0,402.0,35.0,0.0,0.0,0.0,0.0,8.0,38.0,67.0,50.0,64.0,65.0,48.0,27.0,693.0,70.0,12.0,86.0,10.0,0.0,51.0,78.0,155.0,39.0,8.0,125.0,38.0,21.0,28125.0,916.0,108.0,808.0,1016.0,9.0,0.0,62.0,85.0,76.0,137.0,330.0,317.0,0.0,0.0,916.0,108.0,85.0,14.0,9.0,0.0,0.0,0.0,808.0,526.0,249.0,33.0,0.0,0.0,0.0,808.0,95.0,108.0,39.0,44.0,57.0,161.0,57.0,22.0,177.0,48.0,25025010405,0.19064124783362218,28125.0,0.9911417322834646,0.6670305676855895,0.22645869439630273,0.06311380704794917,0.45493934142114384,0.11790393013100436,6924.0,0.4302809573361082,0.5160891089108911,0.8820960698689956,0.008858267716535433
1330.0,1330.0,1150.0,767.0,112.0,0.0,203.0,0.0,0.0,68.0,23.0,45.0,180.0,36.0,0.0,0.0,5.0,0.0,74.0,65.0,31.0,34.0,1330.0,387.0,209.0,0.0,0.0,40.0,0.0,22.0,0.0,81.0,21.0,0.0,38.0,7.0,0.0,0.0,178.0,0.0,0.0,0.0,0.0,0.0,0.0,77.0,78.0,0.0,0.0,19.0,0.0,4.0,943.0,358.0,9.0,0.0,0.0,0.0,0.0,0.0,54.0,186.0,35.0,43.0,19.0,8.0,4.0,585.0,17.0,0.0,0.0,0.0,0.0,0.0,78.0,361.0,55.0,62.0,7.0,5.0,0.0,83417.0,879.0,108.0,771.0,933.0,0.0,0.0,0.0,5.0,17.0,393.0,465.0,53.0,0.0,0.0,879.0,108.0,30.0,64.0,0.0,14.0,0.0,0.0,771.0,497.0,225.0,49.0,0.0,0.0,0.0,771.0,8.0,28.0,69.0,101.0,80.0,63.0,85.0,90.0,241.0,6.0,25025010408,0.13533834586466165,83417.0,1.0,0.5995449374288965,0.15263157894736842,0.08421052631578947,0.5766917293233083,0.12286689419795221,1330.0,0.29097744360902256,0.6212710765239948,0.8771331058020477,0.0
3442.0,3442.0,2932.0,1885.0,322.0,0.0,563.0,0.0,31.0,131.0,34.0,97.0,510.0,46.0,14.0,0.0,0.0,0.0,76.0,374.0,361.0,13.0,2662.0,879.0,323.0,0.0,0.0,0.0,0.0,0.0,0.0,69.0,85.0,0.0,0.0,12.0,78.0,79.0,556.0,0.0,0.0,0.0,0.0,0.0,0.0,200.0,100.0,25.0,0.0,8.0,48.0,175.0,1783.0,763.0,45.0,0.0,0.0,0.0,0.0,0.0,170.0,211.0,112.0,18.0,74.0,103.0,30.0,1020.0,0.0,0.0,0.0,0.0,0.0,0.0,83.0,526.0,41.0,12.0,150.0,88.0,120.0,56931.0,1759.0,259.0,1500.0,2148.0,35.0,33.0,0.0,237.0,364.0,169.0,135.0,1175.0,0.0,0.0,1759.0,259.0,62.0,117.0,80.0,0.0,0.0,0.0,1500.0,1224.0,220.0,43.0,0.0,0.0,13.0,1500.0,42.0,58.0,61.0,60.0,164.0,108.0,98.0,105.0,685.0,119.0,25025010500,0.1481696687972109,56931.0,0.9683426443202979,0.7310972143263218,0.16356769320162695,0.09355026147588612,0.5476467170249855,0.14724275156338829,3442.0,0.3302028549962434,0.664,0.8527572484366117,0.03165735567970205
3294.0,3294.0,3148.0,2243.0,177.0,0.0,551.0,0.0,0.0,177.0,42.0,135.0,146.0,17.0,0.0,0.0,0.0,0.0,42.0,87.0,87.0,0.0,3255.0,333.0,107.0,0.0,0.0,0.0,0.0,0.0,0.0,31.0,9.0,0.0,0.0,42.0,9.0,16.0,226.0,0.0,0.0,0.0,0.0,0.0,0.0,153.0,25.0,13.0,0.0,0.0,18.0,17.0,2922.0,1310.0,40.0,5.0,108.0,26.0,0.0,0.0,67.0,238.0,206.0,208.0,113.0,198.0,101.0,1612.0,55.0,0.0,25.0,0.0,0.0,0.0,173.0,302.0,298.0,250.0,223.0,160.0,126.0,118710.0,2046.0,452.0,1594.0,2737.0,37.0,0.0,0.0,121.0,216.0,196.0,170.0,1997.0,0.0,0.0,2046.0,452.0,16.0,379.0,40.0,0.0,0.0,17.0,1594.0,917.0,574.0,103.0,0.0,0.0,0.0,1594.0,68.0,146.0,127.0,168.0,212.0,58.0,210.0,164.0,351.0,90.0,25025010600,0.04432301153612629,118710.0,0.9864815491413957,0.4560117302052786,0.16727383120825745,0.05373406193078324,0.6809350333940498,0.2209188660801564,3294.0,0.10230414746543778,0.49121706398996234,0.7790811339198436,0.01351845085860431
2580.0,2580.0,2380.0,1850.0,87.0,0.0,249.0,0.0,10.0,184.0,39.0,145.0,200.0,19.0,0.0,0.0,25.0,8.0,63.0,85.0,76.0,9.0,2199.0,192.0,59.0,0.0,0.0,0.0,0.0,0.0,0.0,39.0,9.0,9.0,2.0,0.0,0.0,0.0,133.0,0.0,0.0,0.0,0.0,0.0,0.0,66.0,45.0,22.0,0.0,0.0,0.0,0.0,2007.0,890.0,0.0,0.0,42.0,46.0,3.0,16.0,39.0,370.0,34.0,109.0,140.0,71.0,20.0,1117.0,9.0,0.0,0.0,2.0,0.0,4.0,98.0,425.0,163.0,105.0,209.0,56.0,46.0,151190.0,1380.0,411.0,969.0,1586.0,16.0,26.0,77.0,232.0,777.0,335.0,93.0,30.0,0.0,0.0,1380.0,411.0,182.0,101.0,109.0,19.0,0.0,0.0,969.0,419.0,498.0,18.0,24.0,0.0,10.0,969.0,51.0,94.0,240.0,94.0,42.0,22.0,86.0,103.0,148.0,89.0,25025010701,0.07751937984496124,151190.0,0.9735182849936949,0.4355072463768116,0.09651162790697675,0.03372093023255814,0.7170542635658915,0.29782608695652174,2580.0,0.08731241473396999,0.37048503611971106,0.7021739130434783,0.02648171500630517
2261.0,2261.0,2091.0,1745.0,11.0,0.0,274.0,0.0,6.0,55.0,13.0,42.0,170.0,22.0,0.0,0.0,0.0,0.0,60.0,88.0,88.0,0.0,2158.0,127.0,23.0,0.0,0.0,0.0,0.0,0.0,0.0,2.0,6.0,0.0,9.0,6.0,0.0,0.0,104.0,0.0,0.0,0.0,0.0,0.0,0.0,16.0,18.0,0.0,44.0,0.0,9.0,17.0,2031.0,961.0,5.0,0.0,11.0,0.0,5.0,15.0,43.0,278.0,86.0,124.0,117.0,178.0,99.0,1070.0,0.0,0.0,9.0,0.0,0.0,0.0,25.0,316.0,94.0,76.0,276.0,201.0,73.0,191406.0,1347.0,723.0,624.0,1763.0,74.0,14.0,7.0,177.0,661.0,312.0,154.0,364.0,0.0,0.0,1347.0,723.0,201.0,349.0,102.0,71.0,0.0,0.0,624.0,374.0,230.0,13.0,7.0,0.0,0.0,624.0,0.0,123.0,112.0,126.0,57.0,22.0,54.0,27.0,93.0,10.0,25025010702,0.07518796992481203,191406.0,0.9500850822461713,0.4268745360059391,0.12118531623175587,0.004865103936311367,0.7717823971693941,0.5367483296213809,2261.0,0.05885078776645042,0.3141025641025641,0.46325167037861914,0.049914917753828704
2467.0,2467.0,2201.0,1866.0,25.0,0.0,184.0,0.0,0.0,126.0,0.0,126.0,266.0,21.0,5.0,0.0,0.0,0.0,66.0,174.0,156.0,18.0,2142.0,163.0,82.0,0.0,0.0,0.0,0.0,0.0,0.0,52.0,22.0,0.0,0.0,0.0,8.0,0.0,81.0,0.0,0.0,0.0,0.0,0.0,0.0,48.0,1.0,0.0,0.0,6.0,0.0,26.0,1979.0,936.0,37.0,0.0,18.0,0.0,20.0,11.0,100.0,262.0,116.0,59.0,170.0,98.0,45.0,1043.0,0.0,0.0,17.0,0.0,4.0,0.0,141.0,263.0,133.0,149.0,205.0,75.0,56.0,135375.0,1451.0,516.0,935.0,1789.0,9.0,40.0,0.0,290.0,564.0,587.0,187.0,112.0,0.0,0.0,1451.0,516.0,129.0,286.0,94.0,7.0,0.0,0.0,935.0,615.0,255.0,51.0,14.0,0.0,0.0,935.0,103.0,114.0,30.0,44.0,177.0,110.0,62.0,27.0,259.0,9.0,25025010801,0.10782326712606405,135375.0,0.9726103968697597,0.512749827705031,0.07458451560599919,0.010133765707336847,0.7563842723956222,0.3556168159889731,2467.0,0.07609710550887021,0.4898395721925134,0.6443831840110269,0.02738960313024036
2868.0,2868.0,2725.0,2507.0,3.0,0.0,141.0,0.0,28.0,46.0,0.0,46.0,143.0,51.0,0.0,0.0,0.0,0.0,0.0,92.0,92.0,0.0,2758.0,221.0,70.0,0.0,0.0,0.0,0.0,0.0,0.0,27.0,0.0,12.0,19.0,2.0,10.0,0.0,151.0,0.0,0.0,0.0,0.0,0.0,0.0,85.0,36.0,0.0,0.0,7.0,8.0,15.0,2537.0,1246.0,7.0,10.0,0.0,0.0,8.0,15.0,144.0,453.0,93.0,88.0,277.0,45.0,106.0,1291.0,5.0,0.0,11.0,34.0,0.0,15.0,100.0,451.0,158.0,97.0,223.0,65.0,132.0,153618.0,1725.0,703.0,1022.0,2054.0,0.0,27.0,26.0,261.0,955.0,517.0,94.0,174.0,0.0,0.0,1725.0,703.0,114.0,469.0,115.0,5.0,0.0,0.0,1022.0,631.0,309.0,82.0,0.0,0.0,0.0,1022.0,84.0,69.0,117.0,165.0,97.0,102.0,24.0,70.0,201.0,93.0,25025010802,0.049860529986053,153618.0,0.9868549172346641,0.4318840579710145,0.049163179916317995,0.0010460251046025104,0.8741283124128313,0.40753623188405796,2868.0,0.08013052936910806,0.388454011741683,0.592463768115942,0.01314508276533593
3620.0,3620.0,3546.0,3503.0,0.0,0.0,15.0,0.0,0.0,28.0,28.0,0.0,74.0,0.0,0.0,0.0,0.0,0.0,3.0,71.0,71.0,0.0,3620.0,152.0,52.0,0.0,0.0,0.0,0.0,0.0,0.0,0.0,0.0,0.0,0.0,20.0,31.0,1.0,100.0,0.0,0.0,0.0,0.0,0.0,0.0,3.0,2.0,34.0,18.0,16.0,27.0,0.0,3468.0,1795.0,0.0,0.0,110.0,24.0,0.0,0.0,198.0,370.0,198.0,210.0,313.0,265.0,107.0,1673.0,56.0,0.0,0.0,58.0,0.0,39.0,55.0,378.0,157.0,125.0,226.0,401.0,178.0,230543.0,2263.0,1366.0,897.0,3076.0,16.0,551.0,176.0,345.0,1056.0,417.0,235.0,280.0,0.0,0.0,2263.0,1366.0,436.0,734.0,196.0,0.0,0.0,0.0,897.0,450.0,431.0,16.0,0.0,0.0,0.0,897.0,98.0,18.0,122.0,32.0,277.0,35.0,80.0,110.0,85.0,40.0,25025020101,0.020441988950276244,230543.0,0.8156697009102731,0.3915156871409633,0.004143646408839779,0.0,0.9676795580110498,0.6036235086168803,3620.0,0.041988950276243095,0.3455964325529543,0.39637649138311976,0.18433029908972692
3258.0,3258.0,3047.0,2637.0,38.0,0.0,239.0,0.0,0.0,133.0,50.0,83.0,211.0,10.0,0.0,8.0,0.0,0.0,0.0,193.0,193.0,0.0,3258.0,334.0,154.0,0.0,0.0,0.0,0.0,0.0,0.0,39.0,0.0,0.0,0.0,0.0,115.0,0.0,180.0,0.0,0.0,0.0,0.0,0.0,0.0,62.0,0.0,0.0,35.0,41.0,22.0,20.0,2924.0,1407.0,60.0,37.0,0.0,0.0,0.0,0.0,101.0,690.0,188.0,172.0,120.0,0.0,39.0,1517.0,0.0,35.0,23.0,23.0,0.0,0.0,217.0,754.0,294.0,69.0,59.0,23.0,20.0,113618.0,2133.0,435.0,1698.0,2406.0,68.0,169.0,110.0,338.0,1047.0,514.0,80.0,80.0,0.0,0.0,2133.0,435.0,107.0,227.0,101.0,0.0,0.0,0.0,1698.0,1277.0,406.0,15.0,0.0,0.0,0.0,1698.0,48.0,150.0,231.0,162.0,230.0,266.0,233.0,104.0,268.0,6.0,25025020200,0.06476365868631062,113618.0,0.9014962593516209,0.6488513830285982,0.07335788827501534,0.011663597298956415,0.8093922651933702,0.2039381153305204,3258.0,0.10251688152240639,0.5129564193168433,0.7960618846694796,0.09850374064837905
2518.0,2518.0,2144.0,1341.0,101.0,0.0,550.0,0.0,45.0,107.0,70.0,37.0,374.0,19.0,0.0,12.0,0.0,0.0,146.0,197.0,197.0,0.0,2441.0,292.0,81.0,0.0,0.0,0.0,0.0,0.0,0.0,44.0,2.0,0.0,0.0,0.0,35.0,0.0,211.0,0.0,0.0,0.0,0.0,0.0,0.0,17.0,37.0,1.0,0.0,30.0,24.0,102.0,2149.0,1386.0,122.0,0.0,0.0,28.0,0.0,23.0,13.0,701.0,239.0,35.0,41.0,88.0,96.0,763.0,59.0,0.0,11.0,0.0,0.0,0.0,31.0,264.0,200.0,32.0,39.0,61.0,66.0,133333.0,1364.0,242.0,1122.0,1533.0,0.0,0.0,13.0,0.0,15.0,0.0,33.0,1472.0,0.0,0.0,1364.0,242.0,132.0,110.0,0.0,0.0,0.0,0.0,1122.0,870.0,237.0,13.0,0.0,0.0,2.0,1122.0,27.0,85.0,87.0,185.0,196.0,107.0,76.0,121.0,217.0,21.0,25025020301,0.14853057982525814,133333.0,1.0,0.7346041055718475,0.21842732327243844,0.04011119936457506,0.5325655281969818,0.1774193548387097,2518.0,0.11962310528471938,0.464349376114082,0.8225806451612904,0.0
1148.0,1148.0,1046.0,974.0,0.0,0.0,33.0,0.0,6.0,33.0,23.0,10.0,102.0,30.0,0.0,0.0,0.0,0.0,0.0,72.0,72.0,0.0,1148.0,139.0,69.0,0.0,0.0,0.0,0.0,0.0,0.0,11.0,0.0,0.0,0.0,27.0,24.0,7.0,70.0,0.0,0.0,0.0,0.0,0.0,0.0,31.0,27.0,0.0,0.0,0.0,0.0,12.0,1009.0,525.0,47.0,0.0,8.0,6.0,0.0,0.0,23.0,237.0,107.0,50.0,10.0,28.0,9.0,484.0,14.0,0.0,0.0,0.0,19.0,1.0,37.0,201.0,107.0,49.0,20.0,13.0,23.0,136944.0,660.0,248.0,412.0,710.0,5.0,15.0,32.0,141.0,336.0,173.0,5.0,3.0,0.0,0.0,660.0,248.0,98.0,130.0,20.0,0.0,0.0,0.0,412.0,343.0,69.0,0.0,0.0,0.0,0.0,412.0,0.0,51.0,71.0,40.0,76.0,44.0,15.0,15.0,73.0,27.0,25025020302,0.08885017421602788,136944.0,0.971830985915493,0.6681818181818182,0.028745644599303136,0.0,0.8484320557491289,0.37575757575757573,1148.0,0.1210801393728223,0.3567961165048544,0.6242424242424243,0.028169014084507043
1441.0,1441.0,1354.0,999.0,61.0,0.0,137.0,0.0,8.0,149.0,12.0,137.0,87.0,6.0,0.0,0.0,0.0,0.0,0.0,81.0,81.0,0.0,1441.0,153.0,75.0,0.0,0.0,0.0,0.0,0.0,0.0,49.0,20.0,6.0,0.0,0.0,0.0,0.0,78.0,0.0,0.0,0.0,0.0,0.0,0.0,55.0,8.0,15.0,0.0,0.0,0.0,0.0,1288.0,546.0,18.0,0.0,0.0,12.0,0.0,0.0,54.0,284.0,125.0,5.0,48.0,0.0,0.0,742.0,84.0,0.0,0.0,0.0,0.0,0.0,57.0,276.0,144.0,71.0,37.0,73.0,0.0,153547.0,803.0,66.0,737.0,975.0,0.0,25.0,0.0,0.0,0.0,0.0,9.0,941.0,0.0,0.0,803.0,66.0,38.0,14.0,14.0,0.0,0.0,0.0,737.0,410.0,309.0,18.0,0.0,0.0,0.0,737.0,6.0,11.0,168.0,126.0,56.0,127.0,49.0,67.0,127.0,0.0,25025020304,0.06037473976405274,153547.0,0.9743589743589743,0.5579078455790785,0.09507286606523248,0.04233171408743928,0.6932685634975712,0.0821917808219178,1441.0,0.10617626648161,0.5020352781546812,0.9178082191780822,0.02564102564102564
4290.0,4290.0,3686.0,2624.0,189.0,0.0,566.0,0.0,33.0,274.0,71.0,203.0,604.0,66.0,36.0,0.0,0.0,0.0,371.0,131.0,123.0,8.0,4099.0,451.0,244.0,0.0,17.0,0.0,0.0,0.0,0.0,0.0,27.0,29.0,0.0,122.0,49.0,0.0,207.0,0.0,0.0,9.0,0.0,0.0,0.0,13.0,96.0,9.0,0.0,54.0,26.0,0.0,3648.0,2066.0,90.0,35.0,153.0,0.0,0.0,29.0,127.0,668.0,301.0,180.0,242.0,205.0,36.0,1582.0,17.0,0.0,0.0,0.0,66.0,54.0,90.0,413.0,357.0,241.0,121.0,149.0,74.0,144591.0,2323.0,428.0,1895.0,2775.0,8.0,0.0,17.0,36.0,105.0,0.0,27.0,2582.0,0.0,0.0,2323.0,428.0,114.0,235.0,53.0,26.0,0.0,0.0,1895.0,1372.0,506.0,17.0,0.0,0.0,0.0,1895.0,61.0,72.0,350.0,205.0,213.0,130.0,144.0,177.0,502.0,41.0,25025020305,0.1407925407925408,144591.0,0.9971171171171171,0.6396900559621179,0.13193473193473193,0.044055944055944055,0.6116550116550117,0.18424451140766251,4290.0,0.11002683581361308,0.5029023746701847,0.8157554885923375,0.002882882882882883
1749.0,1749.0,1642.0,1535.0,0.0,0.0,72.0,0.0,0.0,35.0,20.0,15.0,107.0,55.0,0.0,0.0,0.0,0.0,19.0,33.0,33.0,0.0,1749.0,332.0,84.0,0.0,0.0,0.0,0.0,0.0,0.0,0.0,21.0,0.0,0.0,0.0,7.0,56.0,248.0,0.0,0.0,0.0,0.0,0.0,0.0,145.0,76.0,10.0,0.0,7.0,0.0,10.0,1417.0,578.0,41.0,0.0,0.0,0.0,0.0,0.0,4.0,318.0,132.0,26.0,12.0,23.0,22.0,839.0,0.0,0.0,2.0,0.0,0.0,0.0,290.0,290.0,144.0,49.0,53.0,2.0,9.0,95956.0,1091.0,143.0,948.0,1319.0,9.0,28.0,26.0,453.0,286.0,398.0,54.0,65.0,0.0,0.0,1091.0,143.0,36.0,79.0,26.0,0.0,0.0,2.0,948.0,719.0,229.0,0.0,0.0,0.0,0.0,948.0,0.0,20.0,113.0,169.0,185.0,38.0,21.0,132.0,228.0,42.0,25025030100,0.061177815894797025,95956.0,0.9719484457922669,0.692025664527956,0.0411663807890223,0.0,0.8776443682104059,0.1310724106324473,1749.0,0.18982275586049172,0.4419831223628692,0.8689275893675527,0.028051554207733132
1533.0,1533.0,1447.0,1356.0,24.0,10.0,57.0,0.0,0.0,0.0,0.0,0.0,86.0,0.0,0.0,0.0,0.0,0.0,19.0,67.0,46.0,21.0,1533.0,116.0,13.0,0.0,0.0,0.0,0.0,0.0,0.0,5.0,8.0,0.0,0.0,0.0,0.0,0.0,103.0,0.0,0.0,0.0,0.0,0.0,0.0,64.0,32.0,0.0,0.0,0.0,0.0,7.0,1417.0,542.0,0.0,0.0,9.0,0.0,0.0,8.0,33.0,320.0,75.0,19.0,40.0,15.0,23.0,875.0,0.0,0.0,0.0,0.0,0.0,0.0,168.0,466.0,59.0,71.0,65.0,21.0,25.0,118750.0,979.0,122.0,857.0,1086.0,0.0,0.0,9.0,321.0,277.0,156.0,40.0,283.0,0.0,0.0,979.0,122.0,93.0,22.0,7.0,0.0,0.0,0.0,857.0,547.0,200.0,110.0,0.0,0.0,0.0,857.0,41.0,39.0,72.0,186.0,236.0,66.0,40.0,17.0,139.0,21.0,25025030200,0.056099151989562945,118750.0,1.0,0.6537282941777324,0.03718199608610567,0.015655577299412915,0.8845401174168297,0.12461695607763024,1533.0,0.07566862361382909,0.3057176196032672,0.8753830439223698,0.0
1466.0,1466.0,1387.0,1148.0,55.0,0.0,184.0,0.0,0.0,0.0,0.0,0.0,79.0,24.0,0.0,0.0,4.0,0.0,6.0,45.0,45.0,0.0,1466.0,91.0,40.0,0.0,0.0,0.0,0.0,0.0,0.0,0.0,27.0,0.0,6.0,0.0,4.0,3.0,51.0,0.0,0.0,0.0,0.0,0.0,0.0,0.0,17.0,17.0,0.0,7.0,0.0,10.0,1375.0,713.0,25.0,21.0,0.0,6.0,0.0,0.0,25.0,109.0,71.0,32.0,70.0,237.0,117.0,662.0,0.0,0.0,0.0,0.0,0.0,8.0,0.0,115.0,29.0,37.0,108.0,287.0,78.0,137190.0,843.0,661.0,182.0,912.0,24.0,12.0,4.0,0.0,0.0,0.0,90.0,782.0,0.0,0.0,843.0,661.0,104.0,479.0,73.0,0.0,0.0,5.0,182.0,73.0,88.0,21.0,0.0,0.0,0.0,182.0,9.0,14.0,29.0,33.0,9.0,0.0,30.0,0.0,25.0,33.0,25025030301,0.0538881309686221,137190.0,0.9605263157894737,0.2099644128113879,0.12551159618008187,0.03751705320600273,0.7830832196452933,0.7841043890865955,1466.0,0.06207366984993179,0.3021978021978022,0.2158956109134045,0.039473684210526314
2408.0,2408.0,2288.0,1561.0,169.0,0.0,411.0,0.0,9.0,138.0,0.0,138.0,120.0,48.0,0.0,0.0,0.0,0.0,21.0,51.0,36.0,15.0,1921.0,255.0,238.0,0.0,0.0,0.0,0.0,0.0,0.0,14.0,4.0,16.0,25.0,153.0,26.0,0.0,17.0,0.0,0.0,0.0,0.0,0.0,0.0,9.0,0.0,0.0,0.0,0.0,8.0,0.0,1666.0,833.0,5.0,0.0,0.0,0.0,0.0,0.0,61.0,329.0,148.0,123.0,107.0,41.0,19.0,833.0,6.0,1.0,34.0,0.0,0.0,0.0,41.0,258.0,290.0,45.0,47.0,95.0,16.0,148542.0,1261.0,76.0,1185.0,1557.0,0.0,0.0,0.0,12.0,22.0,65.0,154.0,1304.0,0.0,0.0,1261.0,76.0,10.0,37.0,29.0,0.0,0.0,0.0,1185.0,885.0,236.0,64.0,0.0,0.0,0.0,1185.0,59.0,41.0,158.0,237.0,139.0,109.0,141.0,31.0,241.0,29.0,25025030302,0.04983388704318937,148542.0,1.0,0.7097541633624108,0.17068106312292358,0.0701827242524917,0.6482558139534884,0.06026962727993656,2408.0,0.13274336283185842,0.44050632911392407,0.9397303727200634,0.0
3937.0,3937.0,3880.0,3592.0,243.0,0.0,18.0,0.0,13.0,14.0,14.0,0.0,57.0,19.0,0.0,0.0,0.0,0.0,7.0,31.0,29.0,2.0,3885.0,389.0,250.0,0.0,0.0,0.0,42.0,0.0,0.0,43.0,23.0,10.0,58.0,27.0,0.0,47.0,139.0,0.0,0.0,0.0,0.0,0.0,0.0,69.0,7.0,0.0,0.0,10.0,16.0,37.0,3496.0,1372.0,40.0,36.0,60.0,6.0,0.0,4.0,111.0,585.0,82.0,121.0,153.0,44.0,130.0,2124.0,0.0,0.0,0.0,0.0,0.0,0.0,273.0,1024.0,403.0,98.0,126.0,186.0,14.0,115221.0,2417.0,539.0,1878.0,2804.0,25.0,17.0,98.0,589.0,1030.0,336.0,429.0,280.0,0.0,0.0,2417.0,539.0,222.0,192.0,83.0,42.0,0.0,0.0,1878.0,1016.0,666.0,196.0,0.0,0.0,0.0,1878.0,97.0,114.0,179.0,406.0,284.0,46.0,306.0,186.0,221.0,39.0,25025030400,0.014478028956057912,115221.0,0.985021398002853,0.5122052130740588,0.004572009144018288,0.061722123444246886,0.9123698247396494,0.2230037236243277,3937.0,0.10012870012870013,0.40415335463258784,0.7769962763756724,0.014978601997146932
2217.0,2217.0,2120.0,1854.0,29.0,0.0,175.0,0.0,0.0,62.0,4.0,58.0,97.0,27.0,0.0,0.0,0.0,0.0,11.0,59.0,59.0,0.0,2137.0,198.0,83.0,0.0,0.0,0.0,0.0,0.0,0.0,0.0,0.0,0.0,1.0,45.0,37.0,0.0,115.0,0.0,0.0,0.0,0.0,0.0,0.0,20.0,22.0,0.0,47.0,0.0,26.0,0.0,1939.0,1071.0,36.0,0.0,0.0,0.0,0.0,0.0,262.0,342.0,101.0,96.0,107.0,75.0,52.0,868.0,80.0,0.0,0.0,8.0,0.0,0.0,12.0,310.0,61.0,87.0,155.0,79.0,76.0,126786.0,1288.0,498.0,790.0,1622.0,16.0,14.0,11.0,251.0,500.0,129.0,239.0,462.0,0.0,0.0,1288.0,498.0,162.0,270.0,59.0,7.0,0.0,0.0,790.0,506.0,274.0,0.0,10.0,0.0,0.0,790.0,9.0,74.0,89.0,104.0,60.0,82.0,10.0,92.0,145.0,125.0,25025030500,0.043752819124943616,126786.0,0.9815043156596794,0.5186335403726708,0.07893549842129004,0.013080739738385205,0.8362652232746955,0.38664596273291924,2217.0,0.09265325222274216,0.41645569620253164,0.6133540372670807,0.018495684340320593
2717.0,2717.0,2653.0,2279.0,0.0,0.0,170.0,0.0,0.0,204.0,112.0,92.0,64.0,8.0,0.0,0.0,0.0,0.0,0.0,56.0,52.0,4.0,2707.0,103.0,38.0,0.0,0.0,0.0,0.0,0.0,0.0,0.0,0.0,0.0,10.0,0.0,0.0,28.0,65.0,0.0,0.0,0.0,0.0,0.0,0.0,9.0,16.0,0.0,16.0,8.0,8.0,8.0,2604.0,1333.0,108.0,14.0,88.0,48.0,0.0,9.0,10.0,330.0,239.0,97.0,191.0,146.0,53.0,1271.0,84.0,46.0,109.0,16.0,0.0,0.0,10.0,378.0,186.0,123.0,143.0,83.0,93.0,202167.0,1256.0,738.0,518.0,1283.0,15.0,281.0,117.0,405.0,105.0,94.0,88.0,174.0,0.0,4.0,1256.0,738.0,38.0,504.0,196.0,0.0,0.0,0.0,518.0,220.0,224.0,58.0,12.0,0.0,4.0,518.0,55.0,84.0,103.0,122.0,46.0,5.0,35.0,21.0,35.0,12.0,25025040100,0.023555391976444608,202167.0,0.7661730319563523,0.2054140127388535,0.06256900993743099,0.0,0.8387927861612072,0.5875796178343949,2717.0,0.03804950129294422,0.18532818532818532,0.4124203821656051,0.23070927513639908
1670.0,1670.0,1169.0,681.0,369.0,0.0,6.0,0.0,0.0,113.0,55.0,58.0,501.0,59.0,32.0,5.0,0.0,0.0,114.0,291.0,272.0,19.0,1670.0,504.0,168.0,53.0,0.0,53.0,0.0,0.0,13.0,32.0,0.0,6.0,6.0,0.0,0.0,5.0,336.0,79.0,0.0,60.0,0.0,5.0,22.0,5.0,44.0,20.0,47.0,7.0,19.0,28.0,1166.0,662.0,105.0,38.0,45.0,21.0,0.0,22.0,31.0,138.0,108.0,44.0,25.0,64.0,21.0,504.0,36.0,6.0,0.0,9.0,26.0,4.0,39.0,93.0,116.0,66.0,36.0,37.0,36.0,85438.0,613.0,303.0,310.0,692.0,35.0,68.0,25.0,302.0,168.0,72.0,4.0,18.0,0.0,0.0,613.0,303.0,9.0,212.0,77.0,0.0,0.0,5.0,310.0,184.0,116.0,10.0,0.0,0.0,0.0,310.0,4.0,45.0,34.0,30.0,39.0,79.0,0.0,5.0,69.0,5.0,25025040200,0.3,85438.0,0.8511560693641619,0.31484502446982054,0.003592814371257485,0.22095808383233534,0.40778443113772456,0.49429037520391517,1670.0,0.3017964071856287,0.4935483870967742,0.5057096247960848,0.14884393063583815
4827.0,4827.0,4670.0,4106.0,231.0,0.0,147.0,0.0,0.0,186.0,0.0,186.0,157.0,24.0,15.0,0.0,0.0,0.0,68.0,50.0,14.0,36.0,4827.0,120.0,62.0,49.0,0.0,0.0,0.0,0.0,0.0,0.0,13.0,0.0,0.0,0.0,0.0,0.0,58.0,0.0,0.0,0.0,0.0,0.0,0.0,0.0,39.0,0.0,19.0,0.0,0.0,0.0,4707.0,2171.0,166.0,42.0,245.0,39.0,0.0,17.0,81.0,603.0,418.0,265.0,99.0,149.0,47.0,2536.0,163.0,4.0,285.0,175.0,0.0,0.0,47.0,694.0,457.0,333.0,171.0,141.0,66.0,208319.0,2193.0,1393.0,800.0,2298.0,345.0,534.0,351.0,667.0,156.0,105.0,80.0,60.0,0.0,0.0,2193.0,1393.0,126.0,1007.0,260.0,0.0,0.0,0.0,800.0,318.0,408.0,74.0,0.0,0.0,0.0,800.0,27.0,208.0,216.0,73.0,117.0,50.0,42.0,16.0,51.0,0.0,25025040300,0.032525378081624194,208319.0,0.6174934725848564,0.2024623803009576,0.030453697949036667,0.04785581106277191,0.8506318624404392,0.635202918376653,4827.0,0.024860161591050343,0.19875,0.364797081623347,0.3825065274151436
2882.0,2882.0,2660.0,2181.0,17.0,0.0,225.0,0.0,43.0,194.0,131.0,63.0,222.0,0.0,0.0,2.0,0.0,0.0,101.0,119.0,119.0,0.0,2848.0,122.0,102.0,0.0,0.0,0.0,0.0,0.0,0.0,0.0,17.0,0.0,48.0,0.0,29.0,8.0,20.0,0.0,0.0,0.0,0.0,0.0,0.0,0.0,10.0,0.0,2.0,0.0,0.0,8.0,2726.0,1293.0,60.0,22.0,48.0,65.0,17.0,19.0,20.0,241.0,276.0,160.0,125.0,176.0,64.0,1433.0,140.0,0.0,11.0,54.0,17.0,0.0,13.0,273.0,347.0,133.0,225.0,178.0,42.0,168883.0,1318.0,649.0,669.0,1368.0,108.0,224.0,102.0,313.0,143.0,63.0,64.0,351.0,0.0,0.0,1318.0,649.0,80.0,375.0,194.0,0.0,0.0,0.0,669.0,175.0,414.0,80.0,0.0,0.0,0.0,669.0,109.0,113.0,57.0,105.0,51.0,57.0,77.0,36.0,64.0,0.0,25025040401,0.07702984038861901,168883.0,0.7573099415204678,0.19347496206373294,0.07807078417765441,0.005898681471200555,0.7567661346287301,0.49241274658573597,2882.0,0.042837078651685394,0.34977578475336324,0.507587253414264,0.24269005847953215
4064.0,4064.0,3719.0,2659.0,354.0,0.0,386.0,0.0,33.0,287.0,83.0,204.0,345.0,11.0,45.0,0.0,0.0,0.0,96.0,193.0,193.0,0.0,4064.0,410.0,126.0,0.0,0.0,0.0,0.0,0.0,0.0,15.0,93.0,0.0,4.0,0.0,3.0,11.0,284.0,0.0,0.0,9.0,0.0,0.0,0.0,104.0,105.0,0.0,57.0,9.0,0.0,0.0,3654.0,1886.0,174.0,23.0,77.0,25.0,0.0,0.0,42.0,886.0,319.0,176.0,94.0,19.0,51.0,1768.0,84.0,24.0,107.0,18.0,0.0,24.0,59.0,614.0,412.0,86.0,150.0,130.0,60.0,142941.0,2020.0,829.0,1191.0,2096.0,44.0,343.0,306.0,448.0,101.0,54.0,137.0,663.0,0.0,0.0,2020.0,829.0,52.0,572.0,175.0,30.0,0.0,0.0,1191.0,337.0,715.0,139.0,0.0,0.0,0.0,1191.0,34.0,145.0,171.0,129.0,133.0,115.0,50.0,25.0,360.0,29.0,25025040600,0.08489173228346457,142941.0,0.8153625954198473,0.19257425742574258,0.09498031496062992,0.08710629921259842,0.6542814960629921,0.41039603960396037,4064.0,0.10088582677165354,0.4617968094038623,0.5896039603960396,0.18463740458015268
3872.0,3872.0,3250.0,2171.0,184.0,0.0,738.0,0.0,0.0,157.0,10.0,147.0,622.0,270.0,0.0,0.0,17.0,0.0,112.0,223.0,200.0,23.0,3858.0,503.0,174.0,0.0,0.0,0.0,0.0,0.0,15.0,0.0,0.0,12.0,16.0,25.0,106.0,0.0,329.0,17.0,0.0,20.0,0.0,0.0,0.0,16.0,0.0,0.0,33.0,37.0,206.0,0.0,3355.0,1426.0,31.0,0.0,102.0,129.0,37.0,0.0,131.0,252.0,273.0,133.0,75.0,215.0,48.0,1929.0,19.0,0.0,127.0,97.0,0.0,32.0,24.0,334.0,467.0,176.0,239.0,322.0,92.0,105580.0,2206.0,942.0,1264.0,2370.0,49.0,160.0,0.0,272.0,425.0,49.0,120.0,1295.0,0.0,0.0,2206.0,942.0,49.0,726.0,167.0,0.0,0.0,0.0,1264.0,277.0,710.0,242.0,35.0,0.0,0.0,1264.0,0.0,222.0,72.0,158.0,307.0,93.0,110.0,90.0,212.0,0.0,25025040801,0.1606404958677686,105580.0,0.9118143459915612,0.14777878513145964,0.190599173553719,0.047520661157024795,0.5606921487603306,0.4270172257479601,3872.0,0.1303784344219803,0.3995253164556962,0.5729827742520399,0.08818565400843882
4891.0,4891.0,1658.0,1328.0,118.0,0.0,102.0,0.0,3.0,107.0,0.0,107.0,3233.0,453.0,42.0,68.0,0.0,0.0,614.0,2056.0,1477.0,579.0,4784.0,873.0,264.0,0.0,0.0,17.0,0.0,0.0,0.0,20.0,96.0,0.0,45.0,44.0,42.0,0.0,609.0,0.0,0.0,22.0,21.0,0.0,0.0,68.0,35.0,36.0,186.0,68.0,102.0,71.0,3911.0,1868.0,124.0,63.0,272.0,39.0,0.0,75.0,100.0,362.0,445.0,136.0,161.0,25.0,66.0,2043.0,287.0,0.0,76.0,61.0,0.0,22.0,163.0,455.0,398.0,185.0,171.0,184.0,41.0,50625.0,1681.0,597.0,1084.0,1849.0,163.0,18.0,358.0,565.0,326.0,33.0,27.0,359.0,0.0,0.0,1681.0,597.0,161.0,285.0,79.0,19.0,53.0,0.0,1084.0,455.0,361.0,248.0,0.0,20.0,0.0,1084.0,109.0,9.0,157.0,103.0,82.0,269.0,11.0,43.0,261.0,40.0,25025050101,0.6610100184011449,50625.0,0.9021092482422931,0.36644854253420583,0.020854630954814966,0.024125945614393785,0.2715191167450419,0.355145746579417,4891.0,0.18248327759197325,0.5387453874538746,0.644854253420583,0.09789075175770687
5609.0,5609.0,2355.0,1590.0,107.0,0.0,64.0,0.0,185.0,409.0,63.0,346.0,3254.0,144.0,0.0,0.0,0.0,0.0,513.0,2597.0,1497.0,1100.0,5609.0,1105.0,646.0,93.0,83.0,52.0,29.0,0.0,0.0,23.0,103.0,123.0,88.0,42.0,10.0,0.0,459.0,112.0,40.0,43.0,0.0,0.0,0.0,53.0,49.0,79.0,45.0,0.0,29.0,9.0,4504.0,2462.0,46.0,11.0,187.0,190.0,30.0,20.0,194.0,532.0,572.0,430.0,127.0,99.0,24.0,2042.0,97.0,37.0,79.0,118.0,54.0,0.0,98.0,676.0,262.0,167.0,328.0,97.0,29.0,100636.0,1799.0,562.0,1237.0,1963.0,180.0,38.0,262.0,1084.0,168.0,48.0,34.0,138.0,11.0,0.0,1799.0,562.0,56.0,272.0,222.0,0.0,12.0,0.0,1237.0,670.0,452.0,103.0,0.0,12.0,0.0,1237.0,86.0,78.0,189.0,118.0,161.0,97.0,78.0,48.0,382.0,0.0,25025050200,0.5801390622214299,100636.0,0.8889454915944982,0.40355753196220123,0.011410233553218043,0.019076484221786413,0.28347298983776076,0.3123957754307949,5609.0,0.19700481369228026,0.4890864995957963,0.6876042245692051,0.11105450840550178
3691.0,3691.0,2383.0,1590.0,205.0,0.0,452.0,0.0,0.0,136.0,64.0,72.0,1308.0,276.0,0.0,0.0,10.0,0.0,391.0,631.0,584.0,47.0,3690.0,596.0,293.0,0.0,0.0,0.0,0.0,0.0,22.0,61.0,7.0,0.0,3.0,51.0,59.0,90.0,303.0,0.0,0.0,0.0,0.0,0.0,0.0,33.0,55.0,45.0,0.0,110.0,60.0,0.0,3094.0,1511.0,170.0,14.0,153.0,0.0,0.0,0.0,121.0,384.0,293.0,172.0,95.0,87.0,22.0,1583.0,129.0,0.0,138.0,0.0,0.0,0.0,157.0,485.0,274.0,187.0,115.0,83.0,15.0,67129.0,1905.0,222.0,1683.0,2139.0,0.0,157.0,90.0,151.0,116.0,33.0,190.0,1402.0,0.0,0.0,1905.0,222.0,72.0,120.0,30.0,0.0,0.0,0.0,1683.0,851.0,700.0,132.0,0.0,0.0,0.0,1683.0,49.0,163.0,112.0,237.0,269.0,120.0,237.0,141.0,329.0,26.0,25025050300,0.35437550799241396,67129.0,0.9266012155212716,0.48451443569553804,0.12246003793010024,0.05554050392847467,0.43077756705499864,0.11653543307086614,3691.0,0.16151761517615176,0.49138443256090314,0.8834645669291339,0.07339878447872837
2174.0,2174.0,1368.0,984.0,41.0,0.0,133.0,0.0,201.0,9.0,0.0,9.0,806.0,308.0,0.0,54.0,0.0,0.0,58.0,386.0,372.0,14.0,2174.0,350.0,206.0,0.0,0.0,0.0,4.0,0.0,73.0,0.0,0.0,0.0,27.0,102.0,0.0,0.0,144.0,2.0,0.0,0.0,0.0,0.0,0.0,0.0,13.0,55.0,24.0,30.0,20.0,0.0,1824.0,820.0,13.0,0.0,50.0,0.0,0.0,11.0,88.0,230.0,146.0,72.0,66.0,84.0,60.0,1004.0,37.0,0.0,93.0,69.0,0.0,18.0,91.0,256.0,139.0,121.0,105.0,19.0,56.0,74023.0,1065.0,309.0,756.0,1148.0,46.0,27.0,94.0,637.0,112.0,80.0,17.0,135.0,0.0,0.0,1065.0,309.0,22.0,269.0,18.0,0.0,0.0,0.0,756.0,431.0,243.0,82.0,0.0,0.0,0.0,756.0,55.0,24.0,43.0,42.0,151.0,80.0,6.0,65.0,186.0,104.0,25025050400,0.37074517019319225,74023.0,0.936411149825784,0.4253521126760563,0.06117755289788408,0.018859245630174794,0.45262189512419504,0.29014084507042254,2174.0,0.1609935602575897,0.44576719576719576,0.7098591549295775,0.06358885017421603
1893.0,1893.0,901.0,749.0,10.0,0.0,57.0,0.0,29.0,56.0,21.0,35.0,992.0,66.0,0.0,0.0,0.0,0.0,279.0,647.0,571.0,76.0,1893.0,300.0,157.0,0.0,0.0,22.0,8.0,0.0,22.0,0.0,20.0,0.0,24.0,54.0,0.0,7.0,143.0,0.0,0.0,0.0,0.0,0.0,0.0,29.0,15.0,37.0,24.0,31.0,7.0,0.0,1593.0,1032.0,29.0,0.0,0.0,38.0,6.0,16.0,43.0,383.0,273.0,154.0,77.0,13.0,0.0,561.0,41.0,0.0,7.0,14.0,0.0,6.0,37.0,221.0,72.0,80.0,67.0,8.0,8.0,103571.0,1010.0,345.0,665.0,1061.0,19.0,0.0,7.0,258.0,404.0,61.0,33.0,279.0,0.0,0.0,1010.0,345.0,33.0,289.0,23.0,0.0,0.0,0.0,665.0,216.0,389.0,50.0,10.0,0.0,0.0,665.0,10.0,63.0,68.0,86.0,101.0,16.0,42.0,57.0,222.0,0.0,25025050500,0.5240359218172214,103571.0,0.9820923656927427,0.24653465346534653,0.030110935023771792,0.005282620179609086,0.39566825145272055,0.3415841584158416,1893.0,0.15847860538827258,0.5067669172932331,0.6584158415841584,0.017907634307257305
2508.0,2508.0,557.0,449.0,62.0,0.0,46.0,0.0,0.0,0.0,0.0,0.0,1951.0,148.0,0.0,0.0,0.0,0.0,429.0,1374.0,880.0,494.0,2500.0,284.0,153.0,24.0,0.0,70.0,0.0,0.0,0.0,26.0,0.0,0.0,19.0,0.0,14.0,0.0,131.0,21.0,0.0,10.0,0.0,0.0,0.0,26.0,38.0,17.0,18.0,1.0,0.0,0.0,2216.0,1312.0,57.0,83.0,41.0,16.0,0.0,8.0,99.0,376.0,181.0,271.0,144.0,25.0,11.0,904.0,108.0,2.0,42.0,17.0,0.0,0.0,62.0,292.0,149.0,119.0,79.0,14.0,20.0,79981.0,837.0,140.0,697.0,878.0,7.0,30.0,12.0,698.0,56.0,23.0,44.0,8.0,0.0,0.0,837.0,140.0,19.0,100.0,21.0,0.0,0.0,0.0,697.0,364.0,248.0,85.0,0.0,0.0,0.0,697.0,70.0,32.0,74.0,33.0,95.0,84.0,33.0,139.0,125.0,12.0,25025050600,0.7779106858054227,79981.0,0.9578587699316629,0.45758661887694146,0.018341307814992026,0.024720893141945772,0.17902711323763956,0.16726403823178015,2508.0,0.1136,0.5466284074605452,0.8327359617682198,0.04214123006833713
4180.0,4180.0,1388.0,997.0,66.0,0.0,259.0,0.0,51.0,15.0,9.0,6.0,2792.0,117.0,0.0,0.0,0.0,0.0,556.0,2119.0,1747.0,372.0,4180.0,949.0,573.0,28.0,0.0,104.0,15.0,59.0,0.0,36.0,181.0,74.0,41.0,27.0,8.0,0.0,376.0,53.0,0.0,56.0,16.0,15.0,0.0,32.0,27.0,110.0,35.0,0.0,16.0,16.0,3231.0,1753.0,82.0,0.0,111.0,117.0,0.0,37.0,264.0,331.0,244.0,461.0,59.0,0.0,47.0,1478.0,12.0,0.0,127.0,37.0,0.0,46.0,191.0,238.0,317.0,430.0,40.0,0.0,40.0,83803.0,1564.0,286.0,1278.0,1721.0,26.0,71.0,198.0,1304.0,24.0,6.0,34.0,58.0,0.0,0.0,1564.0,286.0,25.0,215.0,11.0,0.0,35.0,0.0,1278.0,657.0,471.0,150.0,0.0,0.0,0.0,1278.0,0.0,53.0,149.0,134.0,157.0,28.0,344.0,85.0,312.0,16.0,25025050700,0.6679425837320574,83803.0,0.9436374201045904,0.4360613810741688,0.06196172248803828,0.015789473684210527,0.23851674641148327,0.18286445012787725,4180.0,0.2270334928229665,0.6017214397496088,0.8171355498721228,0.056362579895409645
3869.0,3869.0,1265.0,948.0,99.0,0.0,103.0,0.0,0.0,115.0,35.0,80.0,2604.0,137.0,0.0,0.0,0.0,0.0,202.0,2265.0,1575.0,690.0,3869.0,331.0,159.0,0.0,9.0,0.0,0.0,0.0,1.0,30.0,47.0,10.0,18.0,28.0,16.0,0.0,172.0,10.0,0.0,0.0,0.0,0.0,0.0,58.0,78.0,26.0,0.0,0.0,0.0,0.0,3538.0,2271.0,40.0,18.0,180.0,115.0,19.0,11.0,149.0,578.0,534.0,272.0,207.0,111.0,37.0,1267.0,108.0,0.0,45.0,0.0,38.0,0.0,50.0,313.0,356.0,114.0,110.0,73.0,60.0,118167.0,1368.0,413.0,955.0,1636.0,132.0,32.0,271.0,1059.0,39.0,33.0,0.0,0.0,70.0,0.0,1368.0,413.0,93.0,222.0,89.0,0.0,0.0,9.0,955.0,339.0,502.0,77.0,37.0,0.0,0.0,955.0,93.0,152.0,59.0,145.0,58.0,143.0,36.0,102.0,143.0,24.0,25025050901,0.6730421297492892,118167.0,0.8997555012224939,0.3157894736842105,0.026621866115275266,0.02558800723701215,0.24502455414835875,0.3019005847953216,3869.0,0.08555182217627294,0.44397905759162304,0.6980994152046783,0.10024449877750612
4928.0,4928.0,3063.0,2153.0,313.0,0.0,331.0,0.0,0.0,266.0,22.0,244.0,1865.0,0.0,0.0,0.0,0.0,0.0,298.0,1567.0,840.0,727.0,4928.0,373.0,191.0,0.0,0.0,0.0,0.0,0.0,0.0,0.0,100.0,0.0,1.0,55.0,35.0,0.0,182.0,0.0,0.0,0.0,0.0,0.0,0.0,58.0,13.0,0.0,0.0,41.0,0.0,70.0,4555.0,2609.0,122.0,0.0,222.0,28.0,0.0,0.0,68.0,777.0,443.0,231.0,318.0,328.0,72.0,1946.0,84.0,0.0,15.0,98.0,0.0,90.0,51.0,615.0,296.0,168.0,248.0,215.0,66.0,110344.0,2077.0,741.0,1336.0,2106.0,173.0,223.0,738.0,618.0,149.0,48.0,61.0,96.0,0.0,0.0,2077.0,741.0,80.0,349.0,260.0,48.0,4.0,0.0,1336.0,304.0,892.0,119.0,21.0,0.0,0.0,1336.0,105.0,171.0,121.0,133.0,267.0,96.0,150.0,44.0,249.0,0.0,25025051000,0.3784496753246753,110344.0,0.811965811965812,0.18488204140587386,0.06716720779220779,0.06351461038961038,0.4368912337662338,0.3567645642753972,4928.0,0.07568993506493507,0.40344311377245506,0.6432354357246028,0.18803418803418803
6224.0,6224.0,3177.0,2344.0,435.0,0.0,152.0,0.0,20.0,226.0,123.0,103.0,3047.0,194.0,149.0,37.0,0.0,0.0,470.0,2197.0,1615.0,582.0,6103.0,1139.0,596.0,220.0,0.0,0.0,0.0,35.0,11.0,0.0,0.0,0.0,112.0,175.0,43.0,0.0,543.0,35.0,0.0,71.0,0.0,0.0,0.0,22.0,96.0,71.0,124.0,45.0,55.0,24.0,4964.0,2454.0,182.0,0.0,155.0,0.0,13.0,130.0,74.0,730.0,229.0,389.0,405.0,124.0,23.0,2510.0,108.0,16.0,136.0,90.0,0.0,0.0,87.0,638.0,449.0,382.0,327.0,120.0,157.0,74390.0,2661.0,1083.0,1578.0,2794.0,618.0,89.0,903.0,611.0,167.0,216.0,0.0,190.0,0.0,0.0,2661.0,1083.0,90.0,300.0,546.0,135.0,12.0,0.0,1578.0,408.0,709.0,342.0,119.0,0.0,0.0,1578.0,50.0,151.0,257.0,19.0,306.0,340.0,36.0,195.0,160.0,64.0,25025051101,0.48955655526992287,74390.0,0.746957766642806,0.1871476888387824,0.02442159383033419,0.06989074550128535,0.37660668380462725,0.4069898534385569,6224.0,0.18662952646239556,0.4632446134347275,0.593010146561443,0.253042233357194
3328.0,3328.0,2565.0,2067.0,105.0,0.0,167.0,0.0,0.0,226.0,81.0,145.0,763.0,18.0,0.0,0.0,0.0,0.0,51.0,694.0,424.0,270.0,3326.0,455.0,218.0,0.0,0.0,0.0,0.0,0.0,59.0,5.0,68.0,13.0,0.0,26.0,47.0,0.0,237.0,31.0,0.0,41.0,0.0,0.0,0.0,0.0,113.0,21.0,31.0,0.0,0.0,0.0,2871.0,1432.0,44.0,17.0,22.0,30.0,0.0,0.0,51.0,694.0,248.0,195.0,54.0,37.0,40.0,1439.0,72.0,16.0,0.0,0.0,5.0,5.0,159.0,608.0,280.0,146.0,11.0,73.0,64.0,149543.0,1737.0,417.0,1320.0,1856.0,82.0,129.0,197.0,674.0,130.0,0.0,19.0,625.0,0.0,0.0,1737.0,417.0,42.0,256.0,110.0,9.0,0.0,0.0,1320.0,280.0,774.0,266.0,0.0,0.0,0.0,1320.0,80.0,78.0,307.0,297.0,96.0,107.0,57.0,49.0,167.0,82.0,25025051200,0.22926682692307693,149543.0,0.8863146551724138,0.18537708693149108,0.050180288461538464,0.03155048076923077,0.62109375,0.24006908462867013,3328.0,0.13680096211665665,0.2878787878787879,0.7599309153713298,0.1136853448275862
3628.0,3628.0,3481.0,3286.0,32.0,0.0,0.0,0.0,77.0,86.0,55.0,31.0,147.0,40.0,0.0,0.0,0.0,0.0,29.0,78.0,78.0,0.0,3580.0,72.0,14.0,0.0,0.0,0.0,0.0,0.0,0.0,0.0,0.0,0.0,0.0,0.0,9.0,5.0,58.0,0.0,0.0,0.0,0.0,0.0,0.0,42.0,0.0,0.0,0.0,11.0,5.0,0.0,3508.0,1308.0,14.0,0.0,43.0,0.0,28.0,0.0,52.0,346.0,363.0,204.0,105.0,92.0,61.0,2200.0,75.0,0.0,35.0,106.0,0.0,0.0,187.0,800.0,367.0,196.0,169.0,130.0,135.0,170054.0,1875.0,985.0,890.0,1962.0,140.0,221.0,366.0,699.0,205.0,36.0,278.0,17.0,0.0,0.0,1875.0,985.0,110.0,533.0,317.0,20.0,5.0,0.0,890.0,148.0,372.0,304.0,66.0,0.0,0.0,890.0,0.0,153.0,59.0,236.0,103.0,124.0,56.0,26.0,86.0,47.0,25025060101,0.04051819184123484,170054.0,0.8160040774719673,0.1376,0.0,0.008820286659316428,0.9057331863285557,0.5253333333333333,3628.0,0.02011173184357542,0.32808988764044944,0.4746666666666667,0.18399592252803262
2246.0,2246.0,2208.0,2094.0,55.0,0.0,18.0,0.0,0.0,41.0,14.0,27.0,38.0,14.0,0.0,0.0,0.0,0.0,11.0,13.0,7.0,6.0,2246.0,122.0,52.0,0.0,0.0,0.0,4.0,0.0,0.0,0.0,37.0,8.0,1.0,0.0,2.0,0.0,70.0,0.0,0.0,0.0,4.0,0.0,0.0,8.0,46.0,1.0,4.0,7.0,0.0,0.0,2124.0,1064.0,18.0,0.0,20.0,6.0,0.0,11.0,59.0,581.0,130.0,42.0,108.0,51.0,38.0,1060.0,34.0,0.0,36.0,35.0,0.0,10.0,106.0,430.0,128.0,60.0,77.0,88.0,56.0,182667.0,994.0,474.0,520.0,1074.0,142.0,150.0,186.0,540.0,46.0,10.0,0.0,0.0,0.0,0.0,994.0,474.0,81.0,183.0,164.0,0.0,19.0,27.0,520.0,138.0,167.0,145.0,70.0,0.0,0.0,520.0,55.0,44.0,69.0,143.0,24.0,40.0,45.0,13.0,82.0,5.0,25025060200,0.016918967052537846,182667.0,0.7281191806331471,0.22032193158953722,0.008014247551202136,0.024487978628673197,0.9323241317898486,0.4768611670020121,2246.0,0.05431878895814782,0.34615384615384615,0.5231388329979879,0.2718808193668529
3698.0,3698.0,3476.0,3347.0,33.0,0.0,65.0,0.0,0.0,31.0,0.0,31.0,222.0,52.0,0.0,0.0,0.0,0.0,8.0,162.0,146.0,16.0,3698.0,337.0,189.0,0.0,0.0,0.0,13.0,0.0,0.0,0.0,48.0,33.0,4.0,0.0,2.0,89.0,148.0,0.0,0.0,0.0,0.0,0.0,0.0,23.0,8.0,0.0,0.0,0.0,30.0,87.0,3361.0,1527.0,39.0,0.0,28.0,59.0,0.0,0.0,68.0,688.0,260.0,140.0,119.0,81.0,45.0,1834.0,124.0,0.0,149.0,0.0,0.0,30.0,139.0,880.0,254.0,106.0,38.0,57.0,57.0,161750.0,1650.0,660.0,990.0,1805.0,97.0,192.0,443.0,781.0,62.0,58.0,72.0,100.0,0.0,0.0,1650.0,660.0,119.0,357.0,152.0,32.0,0.0,0.0,990.0,207.0,432.0,338.0,0.0,0.0,13.0,990.0,42.0,67.0,158.0,337.0,129.0,13.0,43.0,50.0,116.0,35.0,25025060301,0.060032449972958354,161750.0,0.8398891966759002,0.19757575757575757,0.017577068685776097,0.008923742563547863,0.9050838290968091,0.4,3698.0,0.09113034072471607,0.22424242424242424,0.6,0.16011080332409972
5695.0,5695.0,5424.0,5340.0,35.0,0.0,6.0,0.0,0.0,43.0,42.0,1.0,271.0,23.0,0.0,0.0,0.0,0.0,0.0,248.0,248.0,0.0,5527.0,263.0,122.0,0.0,0.0,0.0,0.0,0.0,0.0,0.0,0.0,73.0,0.0,11.0,17.0,21.0,141.0,0.0,0.0,0.0,0.0,0.0,0.0,0.0,0.0,79.0,13.0,16.0,33.0,0.0,5264.0,2638.0,148.0,0.0,26.0,0.0,0.0,27.0,228.0,1266.0,336.0,99.0,226.0,93.0,189.0,2626.0,146.0,0.0,71.0,28.0,0.0,0.0,366.0,1187.0,217.0,133.0,264.0,79.0,135.0,207368.0,2514.0,1301.0,1213.0,2655.0,288.0,248.0,526.0,1257.0,89.0,58.0,55.0,134.0,0.0,0.0,2514.0,1301.0,289.0,611.0,372.0,29.0,0.0,0.0,1213.0,338.0,529.0,223.0,101.0,22.0,0.0,1213.0,60.0,150.0,240.0,341.0,40.0,151.0,29.0,0.0,154.0,48.0,25025060400,0.047585601404741,207368.0,0.7981167608286253,0.2494033412887828,0.0010535557506584723,0.006145741878841089,0.9376646180860404,0.5175019888623708,5695.0,0.04758458476569567,0.27535037098103876,0.4824980111376293,0.20188323917137477
4393.0,4393.0,3908.0,3452.0,0.0,0.0,299.0,0.0,0.0,157.0,15.0,142.0,485.0,79.0,0.0,0.0,0.0,0.0,95.0,311.0,293.0,18.0,4393.0,121.0,44.0,0.0,0.0,0.0,0.0,0.0,0.0,14.0,0.0,23.0,0.0,7.0,0.0,0.0,77.0,0.0,0.0,0.0,0.0,0.0,0.0,7.0,68.0,0.0,0.0,0.0,2.0,0.0,4272.0,2304.0,236.0,0.0,18.0,0.0,0.0,0.0,112.0,1062.0,382.0,254.0,50.0,31.0,159.0,1968.0,79.0,0.0,38.0,0.0,0.0,9.0,181.0,823.0,361.0,133.0,232.0,61.0,51.0,191469.0,2119.0,1342.0,777.0,2301.0,99.0,242.0,360.0,950.0,205.0,300.0,145.0,0.0,0.0,0.0,2119.0,1342.0,133.0,657.0,470.0,70.0,12.0,0.0,777.0,189.0,303.0,274.0,0.0,11.0,0.0,777.0,21.0,168.0,250.0,72.0,55.0,78.0,26.0,0.0,82.0,25.0,25025060501,0.11040291372638288,191469.0,0.8518035636679705,0.1519584709768759,0.06806282722513089,0.0,0.7857955838834509,0.633317602642756,4393.0,0.02754381971318006,0.23938223938223938,0.366682397357244,0.14819643633202956
1846.0,1846.0,1777.0,1328.0,1.0,0.0,385.0,0.0,0.0,63.0,0.0,63.0,69.0,19.0,0.0,0.0,0.0,0.0,32.0,18.0,18.0,0.0,1846.0,27.0,4.0,0.0,0.0,0.0,0.0,0.0,0.0,0.0,0.0,3.0,0.0,0.0,1.0,0.0,23.0,0.0,0.0,0.0,0.0,0.0,0.0,0.0,10.0,0.0,0.0,0.0,0.0,13.0,1819.0,919.0,17.0,0.0,10.0,0.0,0.0,0.0,56.0,378.0,348.0,46.0,24.0,0.0,40.0,900.0,15.0,0.0,0.0,0.0,0.0,0.0,73.0,533.0,152.0,49.0,31.0,21.0,26.0,190833.0,1138.0,432.0,706.0,1183.0,16.0,30.0,172.0,240.0,206.0,152.0,89.0,278.0,0.0,0.0,1138.0,432.0,196.0,173.0,63.0,0.0,0.0,0.0,706.0,289.0,277.0,124.0,16.0,0.0,0.0,706.0,49.0,16.0,242.0,139.0,135.0,83.0,0.0,11.0,31.0,0.0,25025060601,0.03737811484290358,190833.0,0.9611158072696534,0.42618629173989453,0.2085590465872156,0.0005417118093174431,0.7193932827735645,0.37961335676625657,1846.0,0.014626218851570965,0.17705382436260622,0.6203866432337434,0.03888419273034658
453.0,453.0,442.0,355.0,0.0,0.0,45.0,0.0,0.0,42.0,23.0,19.0,11.0,0.0,0.0,0.0,0.0,0.0,0.0,11.0,11.0,0.0,453.0,24.0,5.0,0.0,0.0,0.0,0.0,0.0,0.0,5.0,0.0,0.0,0.0,0.0,0.0,0.0,19.0,0.0,0.0,0.0,0.0,0.0,0.0,19.0,0.0,0.0,0.0,0.0,0.0,0.0,429.0,262.0,0.0,0.0,7.0,0.0,0.0,0.0,38.0,68.0,102.0,13.0,28.0,6.0,0.0,167.0,0.0,0.0,0.0,0.0,0.0,0.0,78.0,68.0,6.0,5.0,5.0,5.0,0.0,143382.0,296.0,17.0,279.0,364.0,0.0,0.0,0.0,5.0,0.0,0.0,42.0,317.0,0.0,0.0,296.0,17.0,0.0,17.0,0.0,0.0,0.0,0.0,279.0,126.0,153.0,0.0,0.0,0.0,0.0,279.0,0.0,23.0,28.0,5.0,75.0,83.0,5.0,0.0,50.0,10.0,25025060602,0.024282560706401765,143382.0,1.0,0.42567567567567566,0.09933774834437085,0.0,0.7836644591611479,0.057432432432432436,453.0,0.052980132450331126,0.4946236559139785,0.9425675675675675,0.0
2082.0,2082.0,2045.0,1587.0,100.0,0.0,146.0,0.0,0.0,212.0,123.0,89.0,37.0,0.0,0.0,0.0,0.0,0.0,37.0,0.0,0.0,0.0,2082.0,106.0,50.0,0.0,0.0,0.0,0.0,0.0,0.0,5.0,24.0,0.0,21.0,0.0,0.0,0.0,56.0,0.0,0.0,0.0,0.0,0.0,0.0,36.0,20.0,0.0,0.0,0.0,0.0,0.0,1976.0,907.0,40.0,0.0,0.0,16.0,0.0,0.0,95.0,413.0,165.0,95.0,67.0,0.0,16.0,1069.0,28.0,0.0,30.0,0.0,0.0,0.0,21.0,588.0,152.0,91.0,120.0,21.0,18.0,176198.0,1399.0,272.0,1127.0,1629.0,37.0,0.0,7.0,12.0,0.0,69.0,35.0,1469.0,0.0,0.0,1399.0,272.0,104.0,63.0,105.0,0.0,0.0,0.0,1127.0,512.0,497.0,106.0,12.0,0.0,0.0,1127.0,103.0,53.0,239.0,170.0,112.0,10.0,70.0,178.0,182.0,10.0,25025060603,0.01777137367915466,176198.0,0.9772866789441375,0.4403145103645461,0.07012487992315082,0.04803073967339097,0.7622478386167147,0.19442458899213724,2082.0,0.05091258405379443,0.3904170363797693,0.8055754110078628,0.022713321055862493
3252.0,3252.0,3187.0,2741.0,86.0,0.0,312.0,0.0,0.0,48.0,0.0,48.0,65.0,0.0,0.0,0.0,0.0,0.0,65.0,0.0,0.0,0.0,3252.0,82.0,40.0,0.0,0.0,0.0,0.0,0.0,0.0,11.0,15.0,0.0,14.0,0.0,0.0,0.0,42.0,0.0,0.0,0.0,0.0,0.0,0.0,0.0,29.0,13.0,0.0,0.0,0.0,0.0,3170.0,1775.0,134.0,0.0,12.0,0.0,0.0,0.0,83.0,548.0,340.0,215.0,285.0,137.0,21.0,1395.0,0.0,0.0,11.0,0.0,0.0,0.0,43.0,584.0,297.0,157.0,117.0,166.0,20.0,183313.0,2116.0,554.0,1562.0,2619.0,0.0,0.0,0.0,7.0,0.0,19.0,384.0,2209.0,0.0,0.0,2116.0,554.0,129.0,247.0,150.0,28.0,0.0,0.0,1562.0,758.0,637.0,130.0,37.0,0.0,0.0,1562.0,89.0,186.0,90.0,248.0,301.0,80.0,138.0,219.0,204.0,7.0,25025060604,0.01998769987699877,183313.0,1.0,0.41918714555765596,0.0959409594095941,0.026445264452644526,0.8428659286592866,0.2618147448015123,3252.0,0.025215252152521524,0.41037131882202305,0.7381852551984878,0.0
1721.0,1721.0,925.0,174.0,448.0,0.0,118.0,0.0,7.0,178.0,73.0,105.0,796.0,26.0,86.0,0.0,0.0,0.0,253.0,431.0,51.0,380.0,1721.0,759.0,284.0,33.0,0.0,10.0,64.0,0.0,25.0,33.0,25.0,29.0,0.0,56.0,0.0,9.0,475.0,51.0,0.0,25.0,27.0,19.0,17.0,7.0,89.0,56.0,90.0,16.0,52.0,26.0,962.0,424.0,35.0,15.0,9.0,37.0,0.0,16.0,55.0,7.0,170.0,17.0,39.0,14.0,10.0,538.0,7.0,0.0,10.0,0.0,8.0,12.0,94.0,77.0,47.0,37.0,84.0,122.0,40.0,23581.0,779.0,2.0,777.0,799.0,13.0,93.0,2.0,94.0,355.0,234.0,8.0,0.0,0.0,0.0,779.0,2.0,0.0,0.0,2.0,0.0,0.0,0.0,777.0,540.0,201.0,29.0,7.0,0.0,0.0,777.0,78.0,0.0,72.0,65.0,23.0,39.0,137.0,143.0,117.0,103.0,25025060700,0.46252178965717605,23581.0,0.867334167709637,0.693196405648267,0.06856478791400349,0.26031377106333525,0.1011040092969204,0.0025673940949935813,1721.0,0.4410226612434631,0.5611325611325612,0.9974326059050064,0.13266583229036297
4423.0,4423.0,3998.0,3420.0,136.0,0.0,205.0,0.0,42.0,195.0,0.0,195.0,425.0,60.0,0.0,0.0,0.0,0.0,217.0,148.0,148.0,0.0,4403.0,306.0,85.0,0.0,0.0,0.0,0.0,0.0,0.0,5.0,0.0,0.0,0.0,14.0,66.0,0.0,221.0,0.0,0.0,0.0,0.0,0.0,0.0,0.0,0.0,70.0,0.0,88.0,63.0,0.0,4097.0,2336.0,39.0,0.0,63.0,19.0,0.0,0.0,412.0,770.0,582.0,228.0,113.0,98.0,12.0,1761.0,24.0,0.0,23.0,0.0,0.0,0.0,279.0,949.0,269.0,82.0,57.0,16.0,62.0,177739.0,2323.0,1041.0,1282.0,2657.0,244.0,297.0,284.0,1189.0,319.0,70.0,220.0,34.0,0.0,0.0,2323.0,1041.0,169.0,647.0,183.0,42.0,0.0,0.0,1282.0,499.0,482.0,286.0,15.0,0.0,0.0,1282.0,0.0,264.0,127.0,195.0,210.0,47.0,29.0,90.0,297.0,23.0,25025060800,0.09608862762830658,177739.0,0.7963869025216409,0.28755919070167885,0.04634863215012435,0.030748360841058104,0.7732308387971965,0.44812742143779594,4423.0,0.0694980694980695,0.3611544461778471,0.5518725785622041,0.20361309747835904
2348.0,2348.0,1997.0,1471.0,169.0,0.0,330.0,0.0,0.0,27.0,0.0,27.0,351.0,55.0,80.0,0.0,0.0,0.0,69.0,147.0,126.0,21.0,2348.0,427.0,133.0,0.0,0.0,8.0,43.0,0.0,0.0,15.0,10.0,23.0,14.0,20.0,0.0,0.0,294.0,0.0,0.0,31.0,8.0,39.0,0.0,22.0,49.0,57.0,44.0,13.0,31.0,0.0,1921.0,995.0,107.0,0.0,13.0,0.0,0.0,0.0,114.0,345.0,202.0,105.0,29.0,42.0,38.0,926.0,24.0,0.0,0.0,0.0,0.0,0.0,105.0,343.0,185.0,136.0,43.0,73.0,17.0,131923.0,1120.0,529.0,591.0,1258.0,154.0,112.0,167.0,415.0,180.0,0.0,58.0,172.0,0.0,0.0,1120.0,529.0,77.0,286.0,166.0,0.0,0.0,0.0,591.0,321.0,168.0,102.0,0.0,0.0,0.0,591.0,21.0,25.0,40.0,48.0,71.0,60.0,96.0,24.0,121.0,85.0,25025061000,0.14948892674616696,131923.0,0.7885532591414944,0.35535714285714287,0.14054514480408858,0.07197614991482112,0.6264906303236797,0.47232142857142856,2348.0,0.18185689948892675,0.5093062605752962,0.5276785714285714,0.21144674085850557
2585.0,2585.0,1658.0,723.0,382.0,0.0,438.0,0.0,0.0,115.0,112.0,3.0,927.0,103.0,8.0,0.0,0.0,0.0,406.0,410.0,367.0,43.0,2577.0,1216.0,629.0,111.0,0.0,50.0,51.0,2.0,41.0,19.0,17.0,70.0,55.0,171.0,22.0,20.0,587.0,61.0,0.0,58.0,54.0,0.0,34.0,11.0,96.0,59.0,99.0,43.0,34.0,38.0,1361.0,684.0,0.0,0.0,37.0,12.0,13.0,0.0,117.0,109.0,53.0,208.0,95.0,30.0,10.0,677.0,0.0,51.0,69.0,0.0,0.0,0.0,10.0,112.0,91.0,64.0,215.0,28.0,37.0,27474.0,1173.0,0.0,1173.0,1289.0,28.0,218.0,0.0,113.0,665.0,92.0,135.0,38.0,0.0,0.0,1173.0,0.0,0.0,0.0,0.0,0.0,0.0,0.0,1173.0,660.0,367.0,126.0,16.0,4.0,0.0,1173.0,158.0,97.0,30.0,14.0,192.0,265.0,51.0,31.0,224.0,111.0,25025061101,0.3586073500967118,27474.0,0.8091543832428238,0.5626598465473146,0.16943907156673113,0.14777562862669247,0.2796905222437137,0.0,2585.0,0.4718665114474195,0.48678601875532823,1.0,0.1908456167571761
1845.0,1845.0,1750.0,1604.0,26.0,0.0,61.0,0.0,17.0,42.0,13.0,29.0,95.0,0.0,0.0,29.0,0.0,0.0,21.0,45.0,45.0,0.0,1845.0,322.0,169.0,0.0,0.0,0.0,0.0,0.0,0.0,6.0,23.0,1.0,0.0,116.0,23.0,0.0,153.0,0.0,0.0,0.0,0.0,0.0,0.0,5.0,19.0,114.0,8.0,7.0,0.0,0.0,1523.0,841.0,25.0,0.0,9.0,0.0,0.0,0.0,85.0,459.0,66.0,13.0,88.0,68.0,28.0,682.0,42.0,0.0,22.0,0.0,0.0,0.0,58.0,330.0,53.0,55.0,78.0,36.0,8.0,128125.0,995.0,554.0,441.0,1001.0,147.0,33.0,76.0,445.0,231.0,27.0,8.0,34.0,0.0,0.0,995.0,554.0,74.0,348.0,98.0,34.0,0.0,0.0,441.0,148.0,177.0,101.0,15.0,0.0,0.0,441.0,6.0,94.0,88.0,66.0,75.0,0.0,29.0,12.0,62.0,9.0,25025061201,0.051490514905149054,128125.0,0.8201798201798202,0.22311557788944725,0.033062330623306234,0.014092140921409214,0.8693766937669377,0.5567839195979899,1845.0,0.17452574525745257,0.23356009070294784,0.44321608040201005,0.1798201798201798
0.0,0.0,0.0,0.0,0.0,0.0,0.0,0.0,0.0,0.0,0.0,0.0,0.0,0.0,0.0,0.0,0.0,0.0,0.0,0.0,0.0,0.0,0.0,0.0,0.0,0.0,0.0,0.0,0.0,0.0,0.0,0.0,0.0,0.0,0.0,0.0,0.0,0.0,0.0,0.0,0.0,0.0,0.0,0.0,0.0,0.0,0.0,0.0,0.0,0.0,0.0,0.0,0.0,0.0,0.0,0.0,0.0,0.0,0.0,0.0,0.0,0.0,0.0,0.0,0.0,0.0,0.0,0.0,0.0,0.0,0.0,0.0,0.0,0.0,0.0,0.0,0.0,0.0,0.0,0.0,0.0,,0.0,0.0,0.0,0.0,0.0,0.0,0.0,0.0,0.0,0.0,0.0,0.0,0.0,0.0,0.0,0.0,0.0,0.0,0.0,0.0,0.0,0.0,0.0,0.0,0.0,0.0,0.0,0.0,0.0,0.0,0.0,0.0,0.0,0.0,0.0,0.0,0.0,0.0,0.0,0.0,25025061202,,nan,,,,,,,0.0,,,,
2338.0,2338.0,2300.0,1808.0,23.0,0.0,411.0,0.0,11.0,47.0,0.0,47.0,38.0,0.0,0.0,0.0,13.0,0.0,7.0,18.0,18.0,0.0,2338.0,77.0,65.0,6.0,0.0,0.0,0.0,0.0,0.0,8.0,16.0,0.0,0.0,5.0,30.0,0.0,12.0,7.0,0.0,0.0,0.0,0.0,0.0,0.0,5.0,0.0,0.0,0.0,0.0,0.0,2261.0,1067.0,51.0,0.0,21.0,4.0,0.0,24.0,4.0,370.0,258.0,228.0,74.0,33.0,0.0,1194.0,55.0,28.0,16.0,0.0,0.0,12.0,20.0,325.0,416.0,181.0,113.0,28.0,0.0,250001.0,1386.0,860.0,526.0,1550.0,15.0,120.0,20.0,195.0,133.0,73.0,461.0,533.0,0.0,0.0,1386.0,860.0,74.0,606.0,171.0,0.0,9.0,0.0,526.0,156.0,317.0,53.0,0.0,0.0,0.0,526.0,44.0,82.0,127.0,111.0,46.0,31.0,0.0,23.0,62.0,0.0,25025061203,0.016253207869974338,250001.0,0.9129032258064517,0.16594516594516595,0.1757912745936698,0.009837467921300257,0.7733105218135158,0.6204906204906205,2338.0,0.03293413173652695,0.22053231939163498,0.3795093795093795,0.08709677419354839
864.0,864.0,833.0,742.0,22.0,0.0,48.0,0.0,0.0,21.0,0.0,21.0,31.0,12.0,0.0,0.0,7.0,0.0,6.0,6.0,6.0,0.0,864.0,56.0,7.0,0.0,0.0,0.0,0.0,0.0,0.0,0.0,0.0,0.0,0.0,0.0,7.0,0.0,49.0,7.0,0.0,9.0,0.0,0.0,0.0,9.0,5.0,13.0,0.0,0.0,6.0,0.0,808.0,426.0,33.0,0.0,0.0,0.0,0.0,0.0,5.0,18.0,78.0,227.0,15.0,50.0,0.0,382.0,36.0,0.0,0.0,0.0,0.0,0.0,4.0,91.0,44.0,64.0,86.0,49.0,8.0,171365.0,604.0,192.0,412.0,720.0,0.0,0.0,0.0,13.0,0.0,0.0,293.0,414.0,0.0,0.0,604.0,192.0,51.0,133.0,8.0,0.0,0.0,0.0,412.0,231.0,142.0,39.0,0.0,0.0,0.0,412.0,35.0,26.0,15.0,11.0,190.0,14.0,32.0,27.0,62.0,0.0,25025061204,0.03587962962962963,171365.0,1.0,0.46688741721854304,0.05555555555555555,0.02546296296296296,0.8587962962962963,0.31788079470198677,864.0,0.06481481481481481,0.3276699029126214,0.6821192052980133,0.0
3346.0,3346.0,3066.0,1790.0,112.0,0.0,1029.0,0.0,0.0,135.0,0.0,135.0,280.0,27.0,0.0,0.0,0.0,0.0,150.0,103.0,103.0,0.0,2305.0,784.0,399.0,0.0,0.0,0.0,0.0,0.0,0.0,117.0,24.0,0.0,21.0,39.0,54.0,144.0,385.0,0.0,0.0,0.0,0.0,0.0,0.0,125.0,20.0,0.0,0.0,47.0,96.0,97.0,1521.0,746.0,25.0,0.0,0.0,60.0,0.0,0.0,71.0,208.0,99.0,91.0,64.0,51.0,77.0,775.0,9.0,0.0,55.0,0.0,0.0,0.0,90.0,105.0,171.0,116.0,22.0,128.0,79.0,123454.0,1263.0,393.0,870.0,1601.0,0.0,0.0,91.0,32.0,0.0,13.0,160.0,1305.0,0.0,0.0,1263.0,393.0,101.0,270.0,22.0,0.0,0.0,0.0,870.0,658.0,164.0,48.0,0.0,0.0,0.0,870.0,23.0,55.0,138.0,93.0,148.0,58.0,141.0,66.0,85.0,63.0,25025070102,0.08368200836820083,123454.0,1.0,0.6009501187648456,0.3075313807531381,0.03347280334728033,0.5349671249252839,0.31116389548693585,3346.0,0.3401301518438178,0.40229885057471265,0.6888361045130641,0.0
656.0,656.0,497.0,109.0,9.0,0.0,379.0,0.0,0.0,0.0,0.0,0.0,159.0,0.0,0.0,0.0,0.0,0.0,0.0,159.0,130.0,29.0,649.0,61.0,18.0,0.0,0.0,0.0,0.0,0.0,0.0,10.0,8.0,0.0,0.0,0.0,0.0,0.0,43.0,0.0,0.0,0.0,0.0,8.0,0.0,27.0,0.0,8.0,0.0,0.0,0.0,0.0,588.0,196.0,4.0,3.0,8.0,7.0,0.0,0.0,18.0,77.0,35.0,5.0,19.0,20.0,0.0,392.0,0.0,0.0,45.0,72.0,0.0,31.0,13.0,86.0,47.0,84.0,8.0,6.0,0.0,83750.0,279.0,48.0,231.0,305.0,0.0,26.0,23.0,13.0,2.0,0.0,17.0,224.0,0.0,0.0,279.0,48.0,28.0,20.0,0.0,0.0,0.0,0.0,231.0,110.0,116.0,3.0,2.0,0.0,0.0,231.0,0.0,3.0,36.0,40.0,5.0,46.0,21.0,18.0,32.0,30.0,25025070103,0.2423780487804878,83750.0,0.9147540983606557,0.4946236559139785,0.5777439024390244,0.013719512195121951,0.16615853658536586,0.17204301075268819,656.0,0.09399075500770417,0.5064935064935064,0.8279569892473119,0.08524590163934426
2491.0,2491.0,2362.0,1634.0,146.0,0.0,565.0,0.0,0.0,17.0,6.0,11.0,129.0,27.0,0.0,0.0,0.0,0.0,15.0,87.0,87.0,0.0,2491.0,529.0,286.0,0.0,0.0,0.0,0.0,0.0,0.0,204.0,0.0,19.0,33.0,13.0,0.0,17.0,243.0,34.0,0.0,0.0,0.0,0.0,0.0,101.0,13.0,16.0,45.0,12.0,22.0,0.0,1962.0,1171.0,12.0,0.0,34.0,0.0,15.0,0.0,170.0,103.0,170.0,115.0,268.0,274.0,10.0,791.0,25.0,0.0,38.0,0.0,0.0,0.0,7.0,118.0,92.0,125.0,243.0,133.0,10.0,235950.0,1321.0,759.0,562.0,1788.0,62.0,27.0,25.0,28.0,89.0,54.0,191.0,1312.0,0.0,0.0,1321.0,759.0,195.0,409.0,155.0,0.0,0.0,0.0,562.0,411.0,151.0,0.0,0.0,0.0,0.0,562.0,9.0,47.0,44.0,46.0,56.0,47.0,67.0,51.0,130.0,65.0,25025070104,0.05178643115214773,235950.0,0.9502237136465325,0.4587433762301287,0.22681653954235248,0.0586109995985548,0.6559614612605379,0.5745647236941711,2491.0,0.21236451224407868,0.5249110320284698,0.4254352763058289,0.049776286353467564
3871.0,3871.0,3418.0,1852.0,268.0,0.0,1069.0,14.0,19.0,196.0,16.0,180.0,453.0,91.0,29.0,11.0,21.0,0.0,177.0,124.0,99.0,25.0,1376.0,529.0,184.0,5.0,0.0,0.0,0.0,0.0,5.0,14.0,10.0,0.0,0.0,41.0,24.0,85.0,345.0,0.0,0.0,0.0,0.0,5.0,0.0,22.0,24.0,0.0,40.0,87.0,54.0,113.0,847.0,319.0,29.0,0.0,0.0,0.0,0.0,0.0,12.0,164.0,57.0,0.0,2.0,7.0,48.0,528.0,48.0,0.0,0.0,0.0,0.0,0.0,31.0,250.0,0.0,38.0,51.0,7.0,103.0,39178.0,972.0,48.0,924.0,1185.0,18.0,0.0,0.0,38.0,102.0,61.0,9.0,957.0,0.0,0.0,972.0,48.0,8.0,17.0,23.0,0.0,0.0,0.0,924.0,679.0,227.0,18.0,0.0,0.0,0.0,924.0,44.0,112.0,14.0,106.0,145.0,167.0,65.0,9.0,178.0,84.0,25025070201,0.11702402479979333,39178.0,0.9848101265822785,0.7067901234567902,0.2761560320330664,0.06923275639369672,0.47842934642211316,0.04938271604938271,3871.0,0.38444767441860467,0.45346320346320346,0.9506172839506173,0.015189873417721518
3991.0,3991.0,3472.0,936.0,87.0,0.0,2262.0,0.0,0.0,187.0,67.0,120.0,519.0,135.0,0.0,0.0,26.0,0.0,86.0,272.0,272.0,0.0,3888.0,951.0,470.0,14.0,0.0,15.0,10.0,0.0,0.0,157.0,10.0,90.0,1.0,138.0,0.0,35.0,481.0,0.0,0.0,10.0,10.0,0.0,13.0,194.0,108.0,10.0,46.0,0.0,63.0,27.0,2937.0,1177.0,53.0,0.0,55.0,0.0,0.0,25.0,58.0,316.0,218.0,76.0,152.0,171.0,53.0,1760.0,213.0,16.0,79.0,41.0,0.0,0.0,137.0,373.0,320.0,149.0,231.0,193.0,8.0,43780.0,2069.0,145.0,1924.0,2768.0,21.0,47.0,35.0,254.0,126.0,107.0,257.0,1921.0,0.0,0.0,2069.0,145.0,23.0,88.0,34.0,0.0,0.0,0.0,1924.0,1302.0,503.0,119.0,0.0,0.0,0.0,1924.0,96.0,56.0,127.0,177.0,114.0,219.0,104.0,225.0,552.0,254.0,25025070202,0.13004259584064146,43780.0,0.9754335260115607,0.6404059932334462,0.5667752442996743,0.02179904785767978,0.23452768729641693,0.07008216529724505,3991.0,0.24459876543209877,0.5717255717255717,0.9299178347027549,0.024566473988439308
2452.0,2452.0,2304.0,1813.0,0.0,0.0,217.0,0.0,0.0,274.0,168.0,106.0,148.0,60.0,7.0,0.0,0.0,0.0,9.0,72.0,72.0,0.0,2451.0,324.0,74.0,12.0,0.0,0.0,0.0,0.0,0.0,0.0,55.0,0.0,0.0,7.0,0.0,0.0,250.0,0.0,0.0,0.0,0.0,0.0,0.0,219.0,19.0,12.0,0.0,0.0,0.0,0.0,2127.0,1167.0,27.0,15.0,57.0,17.0,0.0,17.0,3.0,254.0,295.0,94.0,213.0,149.0,26.0,960.0,210.0,0.0,74.0,13.0,0.0,0.0,0.0,230.0,175.0,49.0,128.0,16.0,65.0,191346.0,1226.0,625.0,601.0,1560.0,13.0,198.0,155.0,569.0,488.0,20.0,79.0,38.0,0.0,0.0,1226.0,625.0,171.0,243.0,211.0,0.0,0.0,0.0,601.0,254.0,318.0,29.0,0.0,0.0,0.0,601.0,36.0,121.0,59.0,68.0,69.0,81.0,0.0,37.0,30.0,100.0,25025070301,0.06035889070146819,191346.0,0.8647435897435898,0.3466557911908646,0.08849918433931485,0.0,0.7393964110929854,0.5097879282218597,2452.0,0.13219094247246022,0.24625623960066556,0.4902120717781403,0.13525641025641025
1623.0,1623.0,1456.0,1057.0,57.0,0.0,272.0,0.0,0.0,70.0,18.0,52.0,167.0,0.0,32.0,0.0,0.0,0.0,39.0,96.0,41.0,55.0,1623.0,300.0,84.0,0.0,0.0,0.0,0.0,0.0,0.0,0.0,2.0,0.0,75.0,0.0,0.0,7.0,216.0,0.0,0.0,0.0,0.0,0.0,0.0,31.0,8.0,2.0,32.0,24.0,44.0,75.0,1323.0,675.0,40.0,0.0,77.0,18.0,10.0,0.0,0.0,67.0,125.0,201.0,93.0,17.0,27.0,648.0,15.0,0.0,0.0,0.0,0.0,0.0,19.0,130.0,103.0,89.0,150.0,81.0,61.0,121917.0,1069.0,414.0,655.0,1417.0,34.0,110.0,0.0,324.0,116.0,64.0,90.0,679.0,0.0,0.0,1069.0,414.0,88.0,232.0,69.0,25.0,0.0,0.0,655.0,510.0,73.0,72.0,0.0,0.0,0.0,655.0,80.0,35.0,52.0,24.0,118.0,75.0,3.0,28.0,211.0,29.0,25025070302,0.10289587184226741,121917.0,0.8983768525052929,0.5594013096351731,0.16759088108441159,0.03512014787430684,0.6512630930375847,0.3872778297474275,1623.0,0.18484288354898337,0.48396946564885496,0.6127221702525725,0.10162314749470713
3191.0,3191.0,2835.0,1169.0,225.0,0.0,1045.0,0.0,0.0,396.0,179.0,217.0,356.0,127.0,0.0,0.0,2.0,0.0,72.0,155.0,140.0,15.0,3191.0,986.0,438.0,0.0,0.0,9.0,0.0,0.0,34.0,186.0,61.0,2.0,0.0,60.0,82.0,4.0,548.0,9.0,0.0,0.0,9.0,0.0,0.0,102.0,30.0,58.0,46.0,6.0,85.0,203.0,2205.0,1008.0,56.0,7.0,35.0,13.0,0.0,5.0,82.0,382.0,230.0,95.0,65.0,21.0,17.0,1197.0,34.0,0.0,7.0,9.0,4.0,14.0,272.0,393.0,282.0,72.0,59.0,43.0,8.0,78625.0,2012.0,227.0,1785.0,2390.0,0.0,49.0,35.0,100.0,26.0,24.0,199.0,1941.0,16.0,0.0,2012.0,227.0,29.0,198.0,0.0,0.0,0.0,0.0,1785.0,918.0,756.0,111.0,0.0,0.0,0.0,1785.0,0.0,161.0,185.0,153.0,234.0,98.0,257.0,231.0,370.0,96.0,25025070402,0.11156377311187715,78625.0,0.9794979079497907,0.470675944333996,0.32748354747727987,0.07051081165778753,0.36634283923534944,0.11282306163021869,3191.0,0.3089940457536822,0.5355742296918767,0.8871769383697813,0.020502092050209204
2095.0,2095.0,1930.0,1647.0,9.0,0.0,263.0,0.0,0.0,11.0,0.0,11.0,165.0,52.0,0.0,0.0,0.0,0.0,94.0,19.0,0.0,19.0,2095.0,61.0,31.0,0.0,0.0,0.0,0.0,0.0,0.0,6.0,10.0,11.0,2.0,0.0,2.0,0.0,30.0,0.0,0.0,0.0,0.0,0.0,0.0,5.0,9.0,2.0,0.0,3.0,9.0,2.0,2034.0,1144.0,69.0,24.0,62.0,11.0,0.0,0.0,101.0,266.0,148.0,196.0,101.0,89.0,77.0,890.0,25.0,0.0,82.0,25.0,0.0,31.0,43.0,177.0,228.0,131.0,67.0,25.0,56.0,225000.0,1028.0,585.0,443.0,1166.0,23.0,81.0,154.0,376.0,246.0,70.0,24.0,192.0,0.0,0.0,1028.0,585.0,88.0,405.0,49.0,20.0,23.0,0.0,443.0,59.0,337.0,44.0,3.0,0.0,0.0,443.0,40.0,80.0,109.0,41.0,17.0,11.0,20.0,9.0,87.0,29.0,25025070501,0.07875894988066826,225000.0,0.9108061749571184,0.14299610894941633,0.12553699284009545,0.0042959427207637235,0.7861575178997613,0.5690661478599222,2095.0,0.029116945107398567,0.2866817155756208,0.43093385214007784,0.08919382504288165
3613.0,3613.0,2914.0,1604.0,111.0,0.0,1042.0,0.0,112.0,45.0,10.0,35.0,699.0,0.0,38.0,0.0,0.0,0.0,428.0,233.0,181.0,52.0,3597.0,1065.0,646.0,0.0,0.0,0.0,0.0,0.0,83.0,8.0,0.0,0.0,252.0,218.0,39.0,46.0,419.0,0.0,0.0,0.0,0.0,17.0,0.0,12.0,8.0,0.0,0.0,318.0,20.0,44.0,2532.0,1155.0,111.0,0.0,59.0,0.0,0.0,0.0,8.0,278.0,187.0,148.0,225.0,87.0,52.0,1377.0,159.0,0.0,0.0,53.0,0.0,16.0,44.0,333.0,236.0,71.0,309.0,52.0,104.0,71736.0,1911.0,674.0,1237.0,2146.0,27.0,115.0,116.0,759.0,467.0,142.0,223.0,297.0,0.0,0.0,1911.0,674.0,175.0,316.0,159.0,24.0,0.0,0.0,1237.0,526.0,688.0,23.0,0.0,0.0,0.0,1237.0,11.0,84.0,101.0,46.0,225.0,98.0,199.0,55.0,335.0,83.0,25025070502,0.19346803210628286,71736.0,0.9338303821062441,0.36682365253793825,0.2884029892056463,0.030722391364517022,0.44395239413230003,0.35269492412349557,3613.0,0.29608006672226855,0.555375909458367,0.6473050758765044,0.06616961789375582
2256.0,2256.0,2163.0,1744.0,65.0,0.0,94.0,0.0,25.0,235.0,200.0,35.0,93.0,24.0,0.0,0.0,0.0,0.0,0.0,69.0,53.0,16.0,2256.0,138.0,63.0,0.0,0.0,15.0,0.0,0.0,0.0,0.0,9.0,12.0,0.0,0.0,27.0,0.0,75.0,11.0,0.0,0.0,0.0,0.0,0.0,24.0,26.0,12.0,0.0,0.0,0.0,2.0,2118.0,899.0,24.0,16.0,0.0,94.0,0.0,0.0,6.0,201.0,218.0,115.0,89.0,33.0,103.0,1219.0,153.0,0.0,115.0,46.0,28.0,0.0,6.0,351.0,145.0,170.0,118.0,47.0,40.0,243229.0,1121.0,749.0,372.0,1291.0,35.0,223.0,171.0,535.0,248.0,53.0,14.0,7.0,5.0,0.0,1121.0,749.0,158.0,342.0,240.0,9.0,0.0,0.0,372.0,113.0,208.0,39.0,12.0,0.0,0.0,372.0,8.0,37.0,90.0,95.0,56.0,8.0,6.0,6.0,59.0,7.0,25025070600,0.041223404255319146,243229.0,0.8001549186676995,0.24174843889384479,0.041666666666666664,0.028812056737588652,0.7730496453900709,0.6681534344335415,2256.0,0.061170212765957445,0.21236559139784947,0.33184656556645853,0.19984508133230056
2632.0,2632.0,2474.0,1444.0,607.0,12.0,294.0,0.0,13.0,104.0,0.0,104.0,158.0,39.0,45.0,0.0,0.0,0.0,52.0,22.0,9.0,13.0,2632.0,500.0,214.0,22.0,0.0,34.0,0.0,0.0,13.0,29.0,15.0,19.0,0.0,72.0,10.0,0.0,286.0,0.0,8.0,16.0,23.0,0.0,11.0,64.0,55.0,29.0,0.0,69.0,0.0,11.0,2132.0,1175.0,42.0,11.0,27.0,0.0,0.0,4.0,27.0,251.0,191.0,212.0,135.0,143.0,132.0,957.0,21.0,22.0,7.0,0.0,0.0,0.0,41.0,219.0,193.0,85.0,112.0,145.0,112.0,128570.0,1459.0,490.0,969.0,1607.0,12.0,51.0,72.0,575.0,124.0,229.0,269.0,275.0,0.0,0.0,1459.0,490.0,79.0,309.0,93.0,9.0,0.0,0.0,969.0,436.0,484.0,49.0,0.0,0.0,0.0,969.0,81.0,39.0,133.0,31.0,25.0,42.0,28.0,221.0,309.0,60.0,25025070700,0.06003039513677812,128570.0,0.9607965152457997,0.35298149417409186,0.11170212765957446,0.23062310030395136,0.5486322188449848,0.33584647018505825,2632.0,0.1899696048632219,0.6191950464396285,0.6641535298149417,0.03920348475420037
1159.0,1159.0,1021.0,794.0,84.0,0.0,134.0,0.0,0.0,9.0,7.0,2.0,138.0,14.0,0.0,0.0,19.0,0.0,0.0,105.0,105.0,0.0,1159.0,488.0,106.0,0.0,0.0,0.0,0.0,0.0,0.0,24.0,30.0,19.0,7.0,26.0,0.0,0.0,382.0,0.0,0.0,0.0,0.0,0.0,0.0,311.0,64.0,0.0,7.0,0.0,0.0,0.0,671.0,280.0,26.0,0.0,0.0,0.0,0.0,0.0,28.0,141.0,27.0,21.0,19.0,10.0,8.0,391.0,23.0,0.0,0.0,0.0,0.0,0.0,92.0,110.0,24.0,82.0,23.0,21.0,16.0,46525.0,595.0,105.0,490.0,595.0,22.0,0.0,7.0,86.0,263.0,51.0,25.0,141.0,0.0,0.0,595.0,105.0,58.0,25.0,22.0,0.0,0.0,0.0,490.0,244.0,184.0,62.0,0.0,0.0,0.0,490.0,0.0,0.0,17.0,43.0,6.0,49.0,30.0,97.0,234.0,14.0,25025070801,0.11906816220880069,46525.0,0.9630252100840336,0.507563025210084,0.11561691113028473,0.0724762726488352,0.6850733390854185,0.17647058823529413,1159.0,0.42105263157894735,0.8367346938775511,0.8235294117647058,0.03697478991596639
2235.0,2235.0,1942.0,1365.0,273.0,0.0,135.0,0.0,11.0,158.0,29.0,129.0,293.0,40.0,0.0,0.0,0.0,0.0,17.0,236.0,126.0,110.0,2235.0,222.0,110.0,0.0,0.0,0.0,0.0,0.0,0.0,11.0,0.0,58.0,0.0,41.0,0.0,0.0,112.0,0.0,0.0,0.0,0.0,0.0,0.0,20.0,23.0,0.0,8.0,9.0,5.0,47.0,2013.0,971.0,32.0,0.0,24.0,25.0,0.0,0.0,61.0,257.0,147.0,126.0,108.0,152.0,39.0,1042.0,15.0,0.0,32.0,21.0,0.0,6.0,147.0,312.0,123.0,62.0,190.0,24.0,110.0,98250.0,1403.0,392.0,1011.0,1494.0,89.0,33.0,133.0,423.0,346.0,187.0,121.0,162.0,0.0,0.0,1403.0,392.0,116.0,192.0,53.0,10.0,21.0,0.0,1011.0,514.0,459.0,38.0,0.0,0.0,0.0,1011.0,61.0,108.0,55.0,98.0,151.0,120.0,26.0,55.0,337.0,0.0,25025070802,0.13109619686800894,98250.0,0.9183400267737617,0.44903777619387025,0.06040268456375839,0.1221476510067114,0.610738255033557,0.2794012829650748,2235.0,0.09932885906040269,0.5321463897131553,0.7205987170349252,0.08165997322623829
1173.0,1173.0,790.0,274.0,308.0,0.0,119.0,0.0,7.0,82.0,13.0,69.0,383.0,122.0,34.0,47.0,0.0,0.0,0.0,180.0,180.0,0.0,1158.0,282.0,155.0,0.0,0.0,15.0,0.0,12.0,0.0,33.0,55.0,18.0,0.0,10.0,12.0,0.0,127.0,0.0,0.0,0.0,0.0,0.0,0.0,51.0,7.0,0.0,7.0,30.0,32.0,0.0,876.0,339.0,0.0,0.0,6.0,53.0,0.0,0.0,107.0,16.0,17.0,39.0,48.0,35.0,18.0,537.0,14.0,0.0,53.0,0.0,0.0,0.0,90.0,87.0,116.0,126.0,0.0,17.0,34.0,39583.0,597.0,58.0,539.0,633.0,13.0,61.0,0.0,82.0,184.0,209.0,36.0,48.0,0.0,0.0,597.0,58.0,21.0,30.0,7.0,0.0,0.0,0.0,539.0,385.0,94.0,60.0,0.0,0.0,0.0,539.0,0.0,0.0,43.0,145.0,62.0,51.0,55.0,106.0,77.0,0.0,25025070901,0.32651321398124467,39583.0,0.8830963665086888,0.6800670016750419,0.10144927536231885,0.2625745950554135,0.23358908780903667,0.09715242881072027,1173.0,0.24352331606217617,0.536178107606679,0.9028475711892797,0.11690363349131122
2347.0,2347.0,2054.0,1487.0,264.0,3.0,229.0,0.0,0.0,71.0,32.0,39.0,293.0,22.0,0.0,31.0,0.0,0.0,104.0,136.0,101.0,35.0,2333.0,358.0,146.0,0.0,0.0,0.0,0.0,0.0,0.0,12.0,76.0,3.0,24.0,7.0,2.0,22.0,212.0,0.0,0.0,0.0,0.0,0.0,16.0,8.0,90.0,32.0,0.0,12.0,11.0,43.0,1975.0,1050.0,51.0,0.0,36.0,15.0,0.0,18.0,59.0,235.0,237.0,87.0,146.0,155.0,11.0,925.0,42.0,0.0,43.0,16.0,0.0,13.0,27.0,239.0,141.0,132.0,181.0,67.0,24.0,164289.0,1151.0,577.0,574.0,1225.0,13.0,12.0,79.0,396.0,517.0,37.0,62.0,109.0,0.0,0.0,1151.0,577.0,33.0,392.0,152.0,0.0,0.0,0.0,574.0,247.0,198.0,92.0,0.0,37.0,0.0,574.0,64.0,39.0,100.0,21.0,149.0,46.0,87.0,0.0,68.0,0.0,25025070902,0.12484022155943758,164289.0,0.9795918367346939,0.24326672458731538,0.09757136770345122,0.11248402215594376,0.6335747763101832,0.5013032145960035,2347.0,0.15345049292756108,0.3501742160278746,0.49869678540399653,0.02040816326530612
4360.0,4360.0,4012.0,2410.0,865.0,0.0,443.0,0.0,38.0,256.0,93.0,163.0,348.0,174.0,0.0,0.0,11.0,0.0,8.0,155.0,128.0,27.0,4241.0,997.0,510.0,0.0,0.0,91.0,0.0,0.0,0.0,51.0,63.0,24.0,83.0,73.0,121.0,4.0,487.0,0.0,0.0,0.0,0.0,0.0,0.0,29.0,108.0,27.0,86.0,122.0,86.0,29.0,3244.0,1816.0,42.0,18.0,238.0,0.0,0.0,0.0,206.0,462.0,227.0,238.0,122.0,220.0,43.0,1428.0,107.0,0.0,17.0,0.0,0.0,0.0,72.0,403.0,172.0,158.0,251.0,235.0,13.0,101204.0,2282.0,870.0,1412.0,2401.0,67.0,0.0,71.0,509.0,511.0,208.0,414.0,621.0,0.0,0.0,2282.0,870.0,111.0,628.0,113.0,18.0,0.0,0.0,1412.0,786.0,493.0,125.0,8.0,0.0,0.0,1412.0,12.0,178.0,107.0,70.0,179.0,106.0,20.0,302.0,362.0,76.0,25025071101,0.0798165137614679,101204.0,0.9720949604331528,0.39307624890446974,0.10160550458715596,0.19839449541284404,0.5527522935779816,0.38124452234881684,4360.0,0.23508606460740392,0.5594900849858357,0.6187554776511832,0.02790503956684715
4254.0,4254.0,3627.0,1690.0,518.0,15.0,872.0,36.0,38.0,458.0,408.0,50.0,627.0,76.0,18.0,0.0,0.0,0.0,143.0,390.0,381.0,9.0,4242.0,990.0,441.0,98.0,0.0,10.0,0.0,10.0,0.0,16.0,92.0,50.0,36.0,36.0,37.0,56.0,549.0,0.0,0.0,0.0,140.0,0.0,0.0,23.0,103.0,9.0,39.0,128.0,91.0,16.0,3252.0,1829.0,21.0,0.0,99.0,120.0,7.0,108.0,46.0,401.0,247.0,377.0,160.0,108.0,135.0,1423.0,9.0,0.0,70.0,36.0,0.0,19.0,92.0,327.0,205.0,282.0,115.0,94.0,174.0,112222.0,1904.0,627.0,1277.0,2021.0,74.0,73.0,14.0,216.0,40.0,155.0,475.0,974.0,0.0,0.0,1904.0,627.0,158.0,304.0,149.0,0.0,0.0,16.0,1277.0,400.0,673.0,193.0,11.0,0.0,0.0,1277.0,187.0,119.0,68.0,89.0,178.0,179.0,44.0,32.0,331.0,50.0,25025071201,0.1473906911142454,112222.0,0.9272637308263236,0.2930672268907563,0.20498354489891865,0.12176774800188059,0.39727315467795016,0.3293067226890756,4254.0,0.2333804809052334,0.45888801879404856,0.6706932773109243,0.0727362691736764
2775.0,2775.0,2111.0,735.0,757.0,0.0,79.0,0.0,397.0,143.0,94.0,49.0,664.0,7.0,104.0,0.0,0.0,0.0,242.0,311.0,203.0,108.0,2271.0,647.0,438.0,0.0,0.0,37.0,19.0,0.0,19.0,85.0,36.0,115.0,8.0,53.0,66.0,0.0,209.0,0.0,0.0,0.0,49.0,0.0,4.0,0.0,34.0,16.0,18.0,35.0,53.0,0.0,1624.0,993.0,53.0,0.0,133.0,20.0,0.0,28.0,104.0,221.0,64.0,153.0,109.0,85.0,23.0,631.0,15.0,30.0,20.0,0.0,0.0,0.0,84.0,186.0,85.0,52.0,71.0,50.0,38.0,73400.0,814.0,281.0,533.0,896.0,137.0,59.0,151.0,312.0,178.0,59.0,0.0,0.0,0.0,0.0,814.0,281.0,5.0,131.0,27.0,105.0,0.0,13.0,533.0,207.0,254.0,72.0,0.0,0.0,0.0,533.0,1.0,67.0,43.0,56.0,46.0,43.0,43.0,33.0,147.0,54.0,25025080100,0.23927927927927928,73400.0,0.78125,0.26044226044226043,0.02846846846846847,0.2727927927927928,0.2648648648648649,0.3452088452088452,2775.0,0.2848965213562307,0.49906191369606,0.6547911547911548,0.21875
2210.0,2210.0,1430.0,235.0,889.0,0.0,71.0,0.0,191.0,44.0,0.0,44.0,780.0,221.0,80.0,0.0,0.0,0.0,173.0,306.0,205.0,101.0,2201.0,527.0,164.0,20.0,0.0,0.0,30.0,0.0,20.0,25.0,39.0,11.0,4.0,12.0,3.0,0.0,363.0,23.0,0.0,0.0,0.0,13.0,8.0,30.0,119.0,54.0,43.0,41.0,30.0,2.0,1674.0,815.0,42.0,59.0,41.0,0.0,8.0,50.0,151.0,94.0,76.0,151.0,94.0,17.0,32.0,859.0,27.0,0.0,0.0,39.0,0.0,26.0,73.0,234.0,218.0,155.0,73.0,7.0,7.0,45962.0,912.0,223.0,689.0,950.0,23.0,131.0,84.0,458.0,82.0,41.0,95.0,36.0,0.0,0.0,912.0,223.0,15.0,78.0,90.0,5.0,35.0,0.0,689.0,414.0,194.0,81.0,0.0,0.0,0.0,689.0,53.0,0.0,5.0,19.0,69.0,51.0,119.0,69.0,269.0,35.0,25025080300,0.35294117647058826,45962.0,0.8378947368421052,0.47039473684210525,0.03212669683257918,0.40226244343891404,0.10633484162895927,0.24451754385964913,2210.0,0.23943661971830985,0.737300435413643,0.7554824561403509,0.16210526315789472
3112.0,3112.0,1410.0,170.0,1009.0,0.0,108.0,0.0,29.0,94.0,94.0,0.0,1702.0,72.0,167.0,0.0,0.0,0.0,885.0,578.0,432.0,146.0,3104.0,914.0,321.0,74.0,6.0,62.0,0.0,12.0,0.0,81.0,32.0,0.0,28.0,0.0,19.0,7.0,593.0,42.0,0.0,5.0,14.0,0.0,15.0,49.0,107.0,48.0,41.0,84.0,88.0,100.0,2190.0,1030.0,79.0,0.0,143.0,42.0,0.0,39.0,95.0,127.0,102.0,185.0,55.0,131.0,32.0,1160.0,48.0,0.0,202.0,75.0,0.0,25.0,108.0,110.0,180.0,145.0,185.0,63.0,19.0,29375.0,1418.0,106.0,1312.0,1562.0,18.0,333.0,15.0,102.0,121.0,155.0,251.0,567.0,0.0,0.0,1418.0,106.0,39.0,38.0,29.0,0.0,0.0,0.0,1312.0,581.0,580.0,132.0,19.0,0.0,0.0,1312.0,51.0,58.0,163.0,138.0,48.0,168.0,90.0,157.0,364.0,75.0,25025080401,0.5469151670951157,29375.0,0.7752880921895007,0.43723554301833567,0.03470437017994859,0.32422879177377895,0.05462724935732648,0.07475317348377997,3112.0,0.29445876288659795,0.59375,0.92524682651622,0.22471190781049935
3336.0,3336.0,2280.0,376.0,1253.0,121.0,142.0,0.0,122.0,266.0,23.0,243.0,1056.0,9.0,40.0,0.0,0.0,0.0,628.0,379.0,287.0,92.0,3336.0,1008.0,475.0,16.0,0.0,111.0,36.0,17.0,11.0,137.0,17.0,0.0,42.0,88.0,0.0,0.0,533.0,0.0,17.0,38.0,74.0,0.0,57.0,84.0,38.0,84.0,32.0,14.0,84.0,11.0,2328.0,893.0,22.0,45.0,74.0,16.0,0.0,30.0,229.0,131.0,51.0,139.0,70.0,60.0,26.0,1435.0,72.0,0.0,93.0,16.0,28.0,41.0,113.0,184.0,124.0,304.0,285.0,125.0,50.0,49375.0,1397.0,41.0,1356.0,1465.0,22.0,86.0,12.0,472.0,441.0,242.0,48.0,142.0,0.0,0.0,1397.0,41.0,0.0,25.0,16.0,0.0,0.0,0.0,1356.0,725.0,532.0,86.0,13.0,0.0,0.0,1356.0,177.0,69.0,177.0,89.0,193.0,225.0,65.0,106.0,201.0,54.0,25025080500,0.31654676258992803,49375.0,0.9262798634812287,0.5189692197566214,0.042565947242206234,0.37559952038369304,0.11270983213429256,0.02934860415175376,3336.0,0.302158273381295,0.44026548672566373,0.9706513958482462,0.07372013651877134
3890.0,3890.0,3322.0,1416.0,549.0,0.0,1065.0,5.0,19.0,268.0,38.0,230.0,568.0,157.0,93.0,0.0,0.0,0.0,120.0,198.0,113.0,85.0,1406.0,829.0,484.0,0.0,42.0,71.0,0.0,58.0,0.0,148.0,52.0,0.0,72.0,0.0,37.0,4.0,345.0,0.0,0.0,0.0,35.0,0.0,0.0,79.0,0.0,27.0,66.0,42.0,89.0,7.0,577.0,325.0,0.0,0.0,0.0,0.0,0.0,0.0,30.0,161.0,0.0,22.0,86.0,23.0,3.0,252.0,0.0,0.0,0.0,0.0,0.0,0.0,79.0,100.0,9.0,0.0,9.0,39.0,16.0,21250.0,700.0,145.0,555.0,844.0,9.0,101.0,0.0,114.0,50.0,150.0,173.0,247.0,0.0,0.0,700.0,145.0,13.0,123.0,9.0,0.0,0.0,0.0,555.0,456.0,99.0,0.0,0.0,0.0,0.0,555.0,0.0,8.0,89.0,20.0,32.0,46.0,18.0,37.0,219.0,86.0,25025080601,0.14601542416452443,21250.0,0.8696682464454977,0.67,0.2737789203084833,0.14113110539845758,0.3640102827763496,0.20714285714285716,3890.0,0.5896159317211949,0.5765765765765766,0.7928571428571428,0.13033175355450238
4411.0,4411.0,3074.0,1177.0,1057.0,0.0,535.0,0.0,89.0,216.0,8.0,208.0,1337.0,217.0,44.0,8.0,11.0,0.0,866.0,191.0,160.0,31.0,2700.0,1017.0,490.0,0.0,157.0,0.0,0.0,0.0,0.0,89.0,0.0,22.0,78.0,117.0,11.0,16.0,527.0,41.0,0.0,54.0,0.0,0.0,40.0,113.0,93.0,47.0,0.0,70.0,0.0,69.0,1683.0,781.0,0.0,19.0,0.0,35.0,0.0,70.0,154.0,194.0,34.0,131.0,70.0,31.0,43.0,902.0,35.0,0.0,53.0,110.0,0.0,0.0,89.0,198.0,174.0,38.0,140.0,65.0,0.0,34773.0,1042.0,0.0,1042.0,1106.0,46.0,159.0,142.0,133.0,31.0,193.0,161.0,241.0,0.0,0.0,1042.0,0.0,0.0,0.0,0.0,0.0,0.0,0.0,1042.0,582.0,411.0,34.0,0.0,15.0,0.0,1042.0,188.0,59.0,46.0,190.0,17.0,70.0,115.0,60.0,272.0,25.0,25025080801,0.3031058716844253,34773.0,0.8146473779385172,0.5585412667946257,0.12128768986624348,0.23962820222171843,0.26683291770573564,0.0,4411.0,0.37666666666666665,0.4961612284069098,1.0,0.1853526220614828
3288.0,3288.0,2821.0,2027.0,37.0,6.0,676.0,0.0,13.0,62.0,13.0,49.0,467.0,11.0,0.0,0.0,25.0,0.0,105.0,326.0,313.0,13.0,3273.0,1302.0,671.0,0.0,0.0,0.0,0.0,0.0,0.0,446.0,191.0,0.0,34.0,0.0,0.0,0.0,631.0,0.0,0.0,0.0,0.0,0.0,0.0,389.0,189.0,0.0,19.0,22.0,1.0,11.0,1971.0,1155.0,2.0,0.0,4.0,0.0,0.0,0.0,342.0,292.0,111.0,108.0,98.0,59.0,139.0,816.0,2.0,0.0,15.0,0.0,0.0,0.0,166.0,318.0,60.0,92.0,58.0,50.0,55.0,74964.0,1556.0,117.0,1439.0,1627.0,27.0,26.0,106.0,614.0,70.0,11.0,139.0,634.0,0.0,0.0,1556.0,117.0,35.0,59.0,23.0,0.0,0.0,0.0,1439.0,825.0,529.0,85.0,0.0,0.0,0.0,1439.0,38.0,174.0,128.0,141.0,146.0,25.0,46.0,125.0,427.0,189.0,25025080900,0.1420316301703163,74964.0,0.9674247080516287,0.5526992287917738,0.20559610705596107,0.011253041362530414,0.6164841849148418,0.07519280205655526,3288.0,0.39780018331805683,0.43293954134815843,0.9248071979434447,0.032575291948371235
4859.0,4859.0,3821.0,1757.0,509.0,0.0,1363.0,0.0,28.0,164.0,35.0,129.0,1038.0,188.0,90.0,0.0,0.0,0.0,539.0,221.0,221.0,0.0,4853.0,1867.0,1008.0,63.0,58.0,31.0,27.0,32.0,19.0,97.0,306.0,71.0,39.0,63.0,173.0,29.0,859.0,0.0,0.0,55.0,0.0,30.0,0.0,196.0,158.0,67.0,20.0,79.0,55.0,199.0,2986.0,1347.0,0.0,0.0,17.0,18.0,15.0,42.0,314.0,367.0,57.0,183.0,194.0,67.0,73.0,1639.0,52.0,0.0,116.0,16.0,0.0,0.0,281.0,590.0,87.0,216.0,106.0,70.0,105.0,44360.0,2416.0,57.0,2359.0,2474.0,0.0,64.0,303.0,660.0,360.0,150.0,99.0,838.0,0.0,0.0,2416.0,57.0,0.0,57.0,0.0,0.0,0.0,0.0,2359.0,1325.0,832.0,202.0,0.0,0.0,0.0,2359.0,110.0,282.0,107.0,70.0,207.0,263.0,49.0,405.0,787.0,79.0,25025081001,0.2136242025108047,44360.0,0.9741309620048505,0.5484271523178808,0.2805103930849969,0.10475406462235028,0.3615970364272484,0.02359271523178808,4859.0,0.3847104883577169,0.6375582874099195,0.9764072847682119,0.025869037995149554
1643.0,1643.0,1334.0,729.0,109.0,9.0,343.0,26.0,73.0,45.0,21.0,24.0,309.0,138.0,0.0,0.0,0.0,0.0,55.0,116.0,95.0,21.0,1523.0,159.0,38.0,0.0,0.0,0.0,0.0,0.0,0.0,0.0,25.0,13.0,0.0,0.0,0.0,0.0,121.0,21.0,0.0,0.0,0.0,0.0,0.0,4.0,53.0,0.0,0.0,0.0,18.0,25.0,1364.0,632.0,68.0,0.0,16.0,0.0,0.0,0.0,33.0,278.0,144.0,11.0,35.0,28.0,19.0,732.0,85.0,0.0,24.0,0.0,0.0,0.0,21.0,383.0,171.0,12.0,14.0,9.0,13.0,85531.0,857.0,66.0,791.0,902.0,0.0,9.0,33.0,16.0,83.0,200.0,179.0,356.0,0.0,26.0,857.0,66.0,46.0,9.0,11.0,0.0,0.0,0.0,791.0,417.0,334.0,40.0,0.0,0.0,0.0,791.0,10.0,52.0,93.0,63.0,104.0,53.0,86.0,51.0,260.0,19.0,25025081101,0.18807060255629945,85531.0,0.9611973392461197,0.5402567094515752,0.2087644552647596,0.06634205721241632,0.443700547778454,0.07701283547257877,1643.0,0.10439921208141825,0.5689001264222503,0.9229871645274212,0.009977827050997782
2849.0,2849.0,2545.0,1278.0,257.0,0.0,869.0,0.0,0.0,141.0,73.0,68.0,304.0,23.0,22.0,69.0,19.0,0.0,34.0,137.0,53.0,84.0,2825.0,710.0,374.0,0.0,0.0,0.0,0.0,0.0,0.0,219.0,46.0,0.0,32.0,38.0,25.0,14.0,336.0,0.0,0.0,0.0,0.0,0.0,0.0,148.0,66.0,11.0,67.0,0.0,29.0,15.0,2115.0,1270.0,9.0,0.0,0.0,0.0,0.0,0.0,233.0,654.0,178.0,50.0,64.0,69.0,13.0,845.0,0.0,0.0,0.0,34.0,0.0,0.0,159.0,170.0,226.0,19.0,66.0,151.0,20.0,120092.0,1149.0,416.0,733.0,1352.0,5.0,185.0,39.0,395.0,59.0,175.0,207.0,273.0,0.0,14.0,1149.0,416.0,121.0,289.0,0.0,6.0,0.0,0.0,733.0,447.0,216.0,40.0,30.0,0.0,0.0,733.0,42.0,48.0,59.0,232.0,56.0,59.0,26.0,37.0,113.0,61.0,25025081102,0.10670410670410671,120092.0,0.849112426035503,0.49434290687554394,0.305019305019305,0.09020709020709021,0.4485784485784486,0.36205395996518713,2849.0,0.2513274336283186,0.32060027285129605,0.6379460400348129,0.14053254437869822
3481.0,3481.0,1798.0,470.0,964.0,12.0,134.0,0.0,140.0,78.0,0.0,78.0,1683.0,415.0,196.0,0.0,0.0,0.0,404.0,668.0,500.0,168.0,3481.0,1159.0,601.0,203.0,0.0,110.0,102.0,13.0,0.0,81.0,14.0,12.0,39.0,13.0,14.0,0.0,558.0,20.0,0.0,0.0,77.0,0.0,0.0,37.0,84.0,88.0,100.0,77.0,30.0,45.0,2322.0,1032.0,140.0,0.0,97.0,71.0,0.0,3.0,37.0,269.0,159.0,114.0,45.0,55.0,42.0,1290.0,0.0,0.0,77.0,13.0,40.0,31.0,166.0,311.0,141.0,214.0,151.0,93.0,53.0,48490.0,1262.0,156.0,1106.0,1340.0,119.0,0.0,118.0,138.0,233.0,383.0,236.0,90.0,23.0,0.0,1262.0,156.0,14.0,62.0,71.0,9.0,0.0,0.0,1106.0,514.0,446.0,91.0,55.0,0.0,0.0,1106.0,124.0,95.0,127.0,82.0,93.0,102.0,47.0,85.0,305.0,46.0,25025081200,0.48348175811548405,48490.0,0.9111940298507463,0.4183835182250396,0.038494685435219764,0.2769319161160586,0.1350186727951738,0.12361331220285261,3481.0,0.3329503016374605,0.4873417721518987,0.8763866877971473,0.08880597014925373
2730.0,2730.0,1169.0,336.0,298.0,0.0,82.0,0.0,92.0,361.0,298.0,63.0,1561.0,419.0,207.0,10.0,0.0,0.0,717.0,208.0,102.0,106.0,2710.0,1154.0,281.0,0.0,0.0,0.0,0.0,0.0,0.0,43.0,0.0,0.0,22.0,15.0,57.0,144.0,873.0,0.0,0.0,235.0,0.0,137.0,0.0,22.0,132.0,4.0,100.0,79.0,42.0,122.0,1556.0,880.0,117.0,0.0,0.0,83.0,0.0,0.0,86.0,174.0,197.0,0.0,119.0,12.0,92.0,676.0,22.0,0.0,98.0,8.0,83.0,0.0,6.0,48.0,157.0,108.0,43.0,13.0,90.0,34346.0,1156.0,66.0,1090.0,1181.0,43.0,17.0,143.0,125.0,44.0,243.0,234.0,332.0,0.0,0.0,1156.0,66.0,1.0,65.0,0.0,0.0,0.0,0.0,1090.0,633.0,363.0,94.0,0.0,0.0,0.0,1090.0,4.0,102.0,9.0,112.0,356.0,212.0,28.0,82.0,105.0,80.0,25025081301,0.5717948717948718,34346.0,0.9491955969517358,0.5484429065743944,0.030036630036630037,0.10915750915750916,0.12307692307692308,0.05709342560553633,2730.0,0.42583025830258303,0.39174311926605504,0.9429065743944637,0.05080440304826418
2440.0,2440.0,1048.0,125.0,910.0,0.0,0.0,0.0,0.0,13.0,0.0,13.0,1392.0,7.0,20.0,0.0,0.0,0.0,579.0,786.0,456.0,330.0,2409.0,893.0,445.0,6.0,0.0,39.0,33.0,0.0,20.0,17.0,197.0,0.0,12.0,83.0,38.0,0.0,448.0,39.0,0.0,16.0,0.0,0.0,0.0,10.0,22.0,60.0,86.0,78.0,58.0,79.0,1516.0,906.0,0.0,0.0,106.0,0.0,0.0,0.0,73.0,197.0,180.0,162.0,44.0,93.0,51.0,610.0,51.0,0.0,33.0,0.0,0.0,0.0,49.0,75.0,134.0,74.0,46.0,109.0,39.0,32441.0,1171.0,119.0,1052.0,1297.0,45.0,121.0,56.0,222.0,198.0,239.0,213.0,203.0,0.0,0.0,1171.0,119.0,0.0,119.0,0.0,0.0,0.0,0.0,1052.0,673.0,176.0,203.0,0.0,0.0,0.0,1052.0,0.0,197.0,0.0,67.0,52.0,224.0,106.0,183.0,138.0,85.0,25025081302,0.5704918032786885,32441.0,0.8720123361603701,0.5747224594363791,0.0,0.3729508196721312,0.05122950819672131,0.10162254483347566,2440.0,0.37069323370693236,0.6188212927756654,0.8983774551665243,0.12798766383962992
3600.0,3600.0,3086.0,1546.0,1063.0,0.0,317.0,0.0,45.0,115.0,18.0,97.0,514.0,64.0,9.0,0.0,0.0,0.0,244.0,197.0,175.0,22.0,3578.0,940.0,432.0,0.0,0.0,0.0,37.0,0.0,30.0,248.0,29.0,44.0,0.0,44.0,0.0,0.0,508.0,0.0,0.0,0.0,0.0,0.0,0.0,226.0,53.0,35.0,17.0,73.0,67.0,37.0,2638.0,1407.0,53.0,0.0,26.0,0.0,22.0,24.0,393.0,316.0,226.0,118.0,79.0,106.0,44.0,1231.0,84.0,0.0,21.0,27.0,0.0,0.0,215.0,314.0,150.0,86.0,220.0,97.0,17.0,81447.0,1392.0,418.0,974.0,1508.0,119.0,94.0,237.0,621.0,108.0,9.0,137.0,183.0,0.0,0.0,1392.0,418.0,93.0,168.0,126.0,31.0,0.0,0.0,974.0,531.0,295.0,82.0,66.0,0.0,0.0,974.0,80.0,0.0,111.0,174.0,71.0,144.0,74.0,98.0,187.0,35.0,25025081400,0.14277777777777778,81447.0,0.8587533156498673,0.4482758620689655,0.08805555555555555,0.29527777777777775,0.42944444444444446,0.30028735632183906,3600.0,0.26271660145332587,0.5164271047227926,0.6997126436781609,0.14124668435013263
2554.0,2554.0,2173.0,416.0,1549.0,0.0,110.0,0.0,0.0,98.0,12.0,86.0,381.0,2.0,61.0,0.0,0.0,0.0,209.0,109.0,69.0,40.0,2476.0,389.0,134.0,0.0,0.0,0.0,0.0,0.0,0.0,2.0,4.0,12.0,15.0,55.0,40.0,6.0,255.0,1.0,14.0,15.0,31.0,19.0,5.0,54.0,22.0,4.0,44.0,20.0,26.0,0.0,2087.0,948.0,174.0,0.0,11.0,0.0,0.0,19.0,104.0,137.0,184.0,132.0,91.0,60.0,36.0,1139.0,78.0,0.0,70.0,12.0,9.0,15.0,224.0,192.0,147.0,97.0,75.0,38.0,182.0,72365.0,1041.0,443.0,598.0,1108.0,188.0,135.0,187.0,332.0,122.0,56.0,55.0,18.0,15.0,0.0,1041.0,443.0,146.0,214.0,83.0,0.0,0.0,0.0,598.0,188.0,222.0,153.0,35.0,0.0,0.0,598.0,26.0,20.0,43.0,45.0,6.0,134.0,47.0,71.0,184.0,22.0,25025081500,0.14917776037588096,72365.0,0.7084837545126353,0.3208453410182517,0.04306969459671104,0.6064996084573219,0.16288175411119812,0.425552353506244,2554.0,0.15710823909531502,0.7290969899665551,0.574447646493756,0.2915162454873646
3698.0,3698.0,3018.0,295.0,2470.0,0.0,155.0,0.0,0.0,98.0,48.0,50.0,680.0,41.0,30.0,29.0,0.0,0.0,394.0,186.0,132.0,54.0,3653.0,999.0,396.0,46.0,0.0,59.0,0.0,0.0,0.0,30.0,5.0,40.0,51.0,0.0,120.0,45.0,603.0,0.0,0.0,40.0,24.0,0.0,68.0,5.0,98.0,106.0,62.0,50.0,107.0,43.0,2654.0,1229.0,67.0,0.0,23.0,34.0,15.0,10.0,137.0,262.0,150.0,180.0,143.0,130.0,78.0,1425.0,24.0,60.0,29.0,64.0,28.0,48.0,157.0,216.0,189.0,137.0,260.0,124.0,89.0,33892.0,2054.0,647.0,1407.0,2171.0,313.0,432.0,252.0,410.0,418.0,69.0,51.0,199.0,0.0,27.0,2054.0,647.0,87.0,286.0,239.0,35.0,0.0,0.0,1407.0,965.0,332.0,93.0,13.0,4.0,0.0,1407.0,118.0,85.0,130.0,144.0,224.0,81.0,156.0,55.0,414.0,0.0,25025081700,0.1838831800973499,33892.0,0.6444035006909259,0.5121713729308666,0.041914548404543,0.6679286100594917,0.0797728501892915,0.31499513145082764,3698.0,0.27347385710375033,0.501776830135039,0.6850048685491723,0.3431598341777983
3556.0,3556.0,2714.0,158.0,2047.0,0.0,80.0,0.0,0.0,429.0,230.0,199.0,842.0,0.0,64.0,0.0,32.0,0.0,503.0,243.0,210.0,33.0,3556.0,519.0,331.0,0.0,0.0,30.0,0.0,0.0,0.0,65.0,85.0,59.0,0.0,78.0,0.0,14.0,188.0,0.0,0.0,58.0,0.0,0.0,0.0,13.0,27.0,22.0,0.0,0.0,36.0,32.0,3037.0,1514.0,30.0,70.0,24.0,159.0,0.0,33.0,215.0,349.0,188.0,131.0,104.0,149.0,62.0,1523.0,126.0,0.0,7.0,43.0,0.0,46.0,253.0,168.0,210.0,181.0,288.0,147.0,54.0,70956.0,1371.0,562.0,809.0,1592.0,283.0,135.0,209.0,599.0,99.0,130.0,111.0,26.0,0.0,0.0,1371.0,562.0,0.0,333.0,165.0,48.0,0.0,16.0,809.0,352.0,442.0,15.0,0.0,0.0,0.0,809.0,96.0,0.0,43.0,34.0,49.0,114.0,139.0,72.0,241.0,21.0,25025081800,0.23678290213723285,70956.0,0.7374371859296482,0.2567469000729395,0.02249718785151856,0.5756467941507312,0.04443194600674916,0.4099197665937272,3556.0,0.14595050618672667,0.6996291718170581,0.5900802334062728,0.26256281407035176
3508.0,3508.0,2429.0,200.0,1538.0,40.0,164.0,0.0,197.0,290.0,139.0,151.0,1079.0,26.0,16.0,0.0,0.0,0.0,433.0,604.0,498.0,106.0,3309.0,735.0,345.0,0.0,0.0,97.0,37.0,38.0,0.0,30.0,49.0,0.0,5.0,25.0,32.0,32.0,390.0,34.0,0.0,25.0,0.0,0.0,0.0,22.0,54.0,81.0,5.0,43.0,115.0,11.0,2574.0,1277.0,49.0,45.0,24.0,43.0,15.0,0.0,69.0,167.0,146.0,278.0,269.0,81.0,91.0,1297.0,36.0,0.0,45.0,30.0,0.0,0.0,105.0,270.0,152.0,167.0,359.0,82.0,51.0,71767.0,1589.0,516.0,1073.0,1736.0,108.0,395.0,247.0,557.0,267.0,95.0,67.0,0.0,0.0,0.0,1589.0,516.0,87.0,319.0,58.0,52.0,0.0,0.0,1073.0,410.0,469.0,123.0,71.0,0.0,0.0,1073.0,27.0,58.0,172.0,102.0,174.0,145.0,50.0,44.0,259.0,42.0,25025081900,0.30758266818700114,71767.0,0.7102534562211982,0.31277533039647576,0.046750285062713795,0.43842645381984036,0.05701254275940707,0.3247325361862807,3508.0,0.22212148685403446,0.4641192917054986,0.6752674638137193,0.2897465437788018
3331.0,3331.0,2321.0,67.0,1796.0,0.0,40.0,0.0,0.0,418.0,301.0,117.0,1010.0,118.0,13.0,0.0,0.0,0.0,565.0,314.0,270.0,44.0,3324.0,1146.0,494.0,27.0,0.0,31.0,57.0,0.0,62.0,48.0,14.0,126.0,15.0,73.0,41.0,0.0,652.0,14.0,17.0,148.0,34.0,0.0,0.0,61.0,0.0,208.0,0.0,101.0,33.0,36.0,2178.0,1108.0,0.0,27.0,63.0,4.0,0.0,0.0,99.0,367.0,171.0,45.0,125.0,55.0,152.0,1070.0,0.0,0.0,0.0,0.0,89.0,0.0,111.0,106.0,165.0,188.0,276.0,89.0,46.0,58365.0,1380.0,472.0,908.0,1436.0,144.0,0.0,131.0,638.0,222.0,20.0,196.0,14.0,71.0,0.0,1380.0,472.0,43.0,219.0,56.0,145.0,9.0,0.0,908.0,359.0,420.0,129.0,0.0,0.0,0.0,908.0,47.0,0.0,75.0,113.0,0.0,151.0,132.0,93.0,250.0,47.0,25025082000,0.3032122485740018,58365.0,0.8997214484679665,0.29130434782608694,0.012008405884118884,0.5391774241969378,0.02011407985589913,0.34202898550724636,3331.0,0.3447653429602888,0.6894273127753304,0.6579710144927536,0.10027855153203342
4288.0,4288.0,2079.0,559.0,1311.0,0.0,0.0,0.0,188.0,21.0,0.0,21.0,2209.0,128.0,441.0,0.0,0.0,0.0,757.0,883.0,663.0,220.0,4288.0,931.0,331.0,17.0,66.0,66.0,0.0,0.0,0.0,0.0,3.0,0.0,0.0,179.0,0.0,0.0,600.0,155.0,0.0,0.0,0.0,0.0,63.0,0.0,0.0,124.0,28.0,78.0,152.0,0.0,3357.0,1002.0,144.0,47.0,0.0,0.0,0.0,5.0,54.0,114.0,177.0,35.0,220.0,117.0,89.0,2355.0,48.0,6.0,245.0,0.0,114.0,119.0,400.0,245.0,319.0,284.0,216.0,313.0,46.0,29719.0,1999.0,216.0,1783.0,2099.0,162.0,46.0,195.0,149.0,540.0,657.0,114.0,236.0,0.0,0.0,1999.0,216.0,46.0,170.0,0.0,0.0,0.0,0.0,1783.0,947.0,678.0,158.0,0.0,0.0,0.0,1783.0,142.0,106.0,128.0,85.0,329.0,194.0,133.0,207.0,395.0,64.0,25025082100,0.5151585820895522,29719.0,0.9009051929490234,0.49674837418709356,0.0,0.30573694029850745,0.13036380597014927,0.10805402701350675,4288.0,0.21711753731343283,0.5210319685922602,0.8919459729864933,0.09909480705097666
5752.0,5752.0,3806.0,348.0,2897.0,0.0,0.0,0.0,0.0,561.0,352.0,209.0,1946.0,0.0,29.0,0.0,0.0,0.0,1036.0,881.0,808.0,73.0,5752.0,1913.0,729.0,139.0,0.0,82.0,0.0,22.0,0.0,100.0,66.0,36.0,39.0,70.0,175.0,0.0,1184.0,0.0,0.0,240.0,139.0,43.0,71.0,29.0,258.0,64.0,186.0,88.0,13.0,53.0,3839.0,1802.0,244.0,19.0,48.0,91.0,0.0,63.0,180.0,330.0,286.0,255.0,113.0,128.0,45.0,2037.0,80.0,25.0,193.0,115.0,0.0,169.0,157.0,275.0,421.0,191.0,99.0,208.0,104.0,32451.0,2013.0,319.0,1694.0,2126.0,17.0,96.0,154.0,1215.0,262.0,275.0,107.0,0.0,0.0,0.0,2013.0,319.0,10.0,125.0,160.0,24.0,0.0,0.0,1694.0,599.0,655.0,331.0,75.0,0.0,34.0,1694.0,99.0,128.0,140.0,79.0,40.0,48.0,106.0,118.0,891.0,45.0,25025090100,0.33831710709318497,32451.0,0.9468485418626529,0.3025335320417288,0.0,0.5036509040333796,0.06050069541029207,0.15846994535519127,5752.0,0.3325799721835883,0.6865407319952774,0.8415300546448088,0.05315145813734713
2918.0,2918.0,1782.0,64.0,974.0,0.0,188.0,0.0,49.0,507.0,17.0,490.0,1136.0,72.0,212.0,11.0,0.0,0.0,629.0,212.0,86.0,126.0,2918.0,819.0,399.0,60.0,2.0,76.0,12.0,41.0,75.0,15.0,8.0,39.0,25.0,25.0,12.0,9.0,420.0,47.0,0.0,12.0,0.0,6.0,17.0,82.0,48.0,42.0,32.0,38.0,20.0,76.0,2099.0,1058.0,188.0,9.0,68.0,102.0,59.0,57.0,54.0,142.0,99.0,100.0,104.0,76.0,0.0,1041.0,152.0,0.0,99.0,89.0,0.0,4.0,76.0,155.0,139.0,116.0,76.0,86.0,49.0,45575.0,785.0,86.0,699.0,828.0,11.0,36.0,137.0,175.0,129.0,295.0,21.0,24.0,0.0,0.0,785.0,86.0,13.0,32.0,38.0,3.0,0.0,0.0,699.0,406.0,230.0,30.0,33.0,0.0,0.0,699.0,100.0,63.0,45.0,95.0,88.0,64.0,17.0,66.0,141.0,20.0,25025090200,0.38930774503084303,45575.0,0.9432367149758454,0.5337579617834395,0.06442769019876628,0.33379026730637423,0.02193283070596299,0.10955414012738854,2918.0,0.28067169294037014,0.41201716738197425,0.8904458598726115,0.05676328502415459
3763.0,3763.0,1926.0,171.0,1476.0,59.0,172.0,0.0,0.0,48.0,48.0,0.0,1837.0,261.0,144.0,0.0,0.0,0.0,786.0,646.0,193.0,453.0,3763.0,612.0,300.0,35.0,0.0,56.0,28.0,0.0,0.0,73.0,0.0,34.0,35.0,25.0,14.0,0.0,312.0,9.0,0.0,14.0,79.0,15.0,14.0,56.0,1.0,80.0,39.0,5.0,0.0,0.0,3151.0,1443.0,41.0,15.0,221.0,60.0,0.0,100.0,63.0,212.0,131.0,181.0,143.0,175.0,101.0,1708.0,114.0,16.0,110.0,55.0,0.0,53.0,54.0,385.0,267.0,256.0,260.0,98.0,40.0,55098.0,1234.0,390.0,844.0,1363.0,211.0,211.0,126.0,626.0,141.0,48.0,0.0,0.0,0.0,0.0,1234.0,390.0,77.0,149.0,125.0,39.0,0.0,0.0,844.0,236.0,554.0,54.0,0.0,0.0,0.0,844.0,62.0,106.0,46.0,115.0,62.0,61.0,76.0,30.0,277.0,9.0,25025090300,0.48817432899282487,55098.0,0.6903888481291269,0.25364667747163694,0.04570821153335105,0.39224023385596596,0.045442466117459474,0.3160453808752026,3763.0,0.16263619452564443,0.5260663507109005,0.6839546191247974,0.30961115187087307
3624.0,3624.0,2654.0,201.0,1977.0,0.0,77.0,0.0,44.0,355.0,283.0,72.0,970.0,116.0,155.0,57.0,0.0,0.0,484.0,158.0,139.0,19.0,3624.0,448.0,121.0,17.0,0.0,44.0,10.0,0.0,0.0,0.0,6.0,0.0,0.0,29.0,7.0,8.0,327.0,0.0,0.0,0.0,7.0,0.0,19.0,75.0,0.0,59.0,48.0,23.0,96.0,0.0,3176.0,1372.0,12.0,0.0,130.0,146.0,71.0,42.0,151.0,252.0,77.0,196.0,184.0,12.0,99.0,1804.0,25.0,11.0,232.0,69.0,32.0,10.0,236.0,202.0,337.0,212.0,215.0,85.0,138.0,73263.0,1290.0,422.0,868.0,1395.0,128.0,222.0,314.0,589.0,58.0,0.0,19.0,65.0,0.0,0.0,1290.0,422.0,53.0,215.0,112.0,35.0,0.0,7.0,868.0,370.0,287.0,168.0,10.0,33.0,0.0,868.0,138.0,16.0,56.0,84.0,122.0,71.0,140.0,32.0,177.0,32.0,25025090400,0.26766004415011035,73263.0,0.7491039426523297,0.32790697674418606,0.021247240618101546,0.5455298013245033,0.055463576158940396,0.3271317829457364,3624.0,0.12362030905077263,0.4838709677419355,0.6728682170542636,0.25089605734767023
2202.0,2202.0,1687.0,237.0,735.0,0.0,35.0,0.0,142.0,538.0,471.0,67.0,515.0,29.0,107.0,20.0,0.0,0.0,208.0,151.0,151.0,0.0,2202.0,629.0,297.0,19.0,0.0,24.0,31.0,0.0,10.0,25.0,0.0,11.0,10.0,81.0,38.0,48.0,332.0,0.0,0.0,52.0,49.0,0.0,0.0,39.0,21.0,97.0,0.0,0.0,33.0,41.0,1573.0,882.0,8.0,0.0,10.0,39.0,0.0,5.0,82.0,176.0,190.0,159.0,82.0,68.0,63.0,691.0,23.0,0.0,53.0,29.0,0.0,12.0,43.0,178.0,49.0,106.0,102.0,69.0,27.0,64432.0,811.0,247.0,564.0,912.0,153.0,128.0,254.0,322.0,35.0,20.0,0.0,0.0,0.0,0.0,811.0,247.0,15.0,185.0,47.0,0.0,0.0,0.0,564.0,204.0,210.0,125.0,17.0,0.0,8.0,564.0,0.0,10.0,21.0,64.0,38.0,67.0,62.0,30.0,254.0,18.0,25025090600,0.23387829246139874,64432.0,0.6918859649122807,0.27003699136868065,0.01589464123524069,0.3337874659400545,0.10762942779291552,0.30456226880394577,2202.0,0.28564940962761126,0.7322695035460993,0.6954377311960542,0.3081140350877193
4746.0,4746.0,4437.0,2712.0,489.0,0.0,946.0,0.0,0.0,290.0,277.0,13.0,309.0,42.0,0.0,0.0,0.0,0.0,158.0,109.0,109.0,0.0,4746.0,946.0,414.0,0.0,0.0,68.0,0.0,0.0,0.0,91.0,29.0,0.0,182.0,44.0,0.0,0.0,532.0,0.0,0.0,22.0,0.0,78.0,0.0,53.0,22.0,19.0,77.0,105.0,0.0,156.0,3800.0,1791.0,131.0,61.0,14.0,150.0,0.0,0.0,83.0,621.0,320.0,156.0,107.0,115.0,33.0,2009.0,43.0,0.0,50.0,0.0,0.0,19.0,260.0,696.0,296.0,100.0,248.0,226.0,71.0,121053.0,2146.0,1036.0,1110.0,2408.0,148.0,138.0,129.0,1355.0,203.0,47.0,34.0,354.0,0.0,0.0,2146.0,1036.0,43.0,524.0,460.0,5.0,4.0,0.0,1110.0,436.0,440.0,118.0,116.0,0.0,0.0,1110.0,58.0,155.0,125.0,147.0,192.0,60.0,21.0,96.0,256.0,0.0,25025090700,0.06510745891276865,121053.0,0.8812292358803987,0.22320596458527492,0.19932574799831437,0.10303413400758533,0.5714285714285714,0.4827586206896552,4746.0,0.19932574799831437,0.3900900900900901,0.5172413793103449,0.11877076411960133
3062.0,3062.0,2375.0,892.0,628.0,82.0,678.0,0.0,18.0,77.0,41.0,36.0,687.0,68.0,49.0,48.0,0.0,0.0,209.0,313.0,291.0,22.0,3062.0,1070.0,393.0,15.0,0.0,15.0,0.0,0.0,0.0,275.0,18.0,6.0,9.0,12.0,31.0,12.0,677.0,28.0,13.0,13.0,41.0,0.0,0.0,346.0,9.0,28.0,37.0,70.0,2.0,90.0,1992.0,1284.0,48.0,22.0,32.0,12.0,10.0,26.0,173.0,372.0,70.0,179.0,239.0,85.0,16.0,708.0,3.0,23.0,80.0,38.0,0.0,0.0,137.0,231.0,71.0,56.0,60.0,9.0,0.0,58716.0,1486.0,2.0,1484.0,1638.0,28.0,262.0,31.0,91.0,12.0,87.0,310.0,817.0,0.0,0.0,1486.0,2.0,0.0,0.0,2.0,0.0,0.0,0.0,1484.0,510.0,782.0,159.0,33.0,0.0,0.0,1484.0,65.0,110.0,64.0,75.0,187.0,160.0,138.0,138.0,473.0,74.0,25025090901,0.22436316133246245,58716.0,0.8229548229548229,0.34320323014804843,0.22142390594382758,0.20509470934030047,0.2913128674069236,0.0013458950201884253,3062.0,0.34944480731548005,0.612533692722372,0.9986541049798116,0.17704517704517705
3521.0,3521.0,3146.0,1895.0,253.0,0.0,739.0,0.0,125.0,134.0,65.0,69.0,375.0,10.0,0.0,0.0,0.0,0.0,228.0,137.0,122.0,15.0,3513.0,263.0,154.0,0.0,0.0,0.0,0.0,0.0,0.0,0.0,16.0,8.0,62.0,24.0,27.0,17.0,109.0,0.0,0.0,0.0,0.0,0.0,0.0,8.0,12.0,0.0,0.0,36.0,0.0,53.0,3250.0,1683.0,60.0,0.0,103.0,25.0,10.0,20.0,126.0,454.0,405.0,103.0,181.0,123.0,73.0,1567.0,48.0,0.0,112.0,11.0,25.0,94.0,81.0,447.0,177.0,134.0,231.0,137.0,70.0,103676.0,1730.0,623.0,1107.0,1815.0,117.0,111.0,243.0,634.0,75.0,80.0,119.0,436.0,0.0,0.0,1730.0,623.0,23.0,403.0,176.0,21.0,0.0,0.0,1107.0,539.0,389.0,179.0,0.0,0.0,0.0,1107.0,11.0,94.0,80.0,204.0,68.0,152.0,57.0,152.0,250.0,39.0,25025091001,0.10650383413802897,103676.0,0.8743801652892562,0.3248554913294798,0.20988355580800908,0.07185458676512355,0.5381993751775064,0.3601156069364162,3521.0,0.0748647879305437,0.5519421860885275,0.6398843930635838,0.1256198347107438
4688.0,4688.0,4464.0,2166.0,489.0,0.0,1367.0,0.0,6.0,436.0,74.0,362.0,224.0,18.0,11.0,0.0,0.0,0.0,79.0,116.0,91.0,25.0,4659.0,702.0,207.0,0.0,0.0,0.0,0.0,0.0,0.0,8.0,81.0,0.0,31.0,2.0,80.0,5.0,495.0,0.0,0.0,15.0,15.0,0.0,19.0,158.0,83.0,33.0,11.0,132.0,29.0,0.0,3957.0,1988.0,57.0,0.0,109.0,0.0,0.0,23.0,152.0,656.0,431.0,193.0,143.0,153.0,71.0,1969.0,70.0,0.0,76.0,73.0,0.0,38.0,118.0,504.0,359.0,277.0,238.0,94.0,122.0,133200.0,2026.0,926.0,1100.0,2167.0,427.0,28.0,239.0,1082.0,34.0,79.0,120.0,147.0,0.0,11.0,2026.0,926.0,73.0,501.0,316.0,27.0,9.0,0.0,1100.0,389.0,396.0,242.0,59.0,14.0,0.0,1100.0,147.0,29.0,140.0,134.0,155.0,27.0,59.0,131.0,207.0,71.0,25025091100,0.04778156996587031,133200.0,0.7849561605906784,0.228035538005923,0.29159556313993173,0.10430887372013652,0.4620307167235495,0.4570582428430405,4688.0,0.15067611075338055,0.38545454545454544,0.5429417571569596,0.20996769727734194
2945.0,2945.0,1917.0,902.0,613.0,0.0,65.0,0.0,176.0,161.0,92.0,69.0,1028.0,251.0,0.0,0.0,0.0,0.0,545.0,232.0,231.0,1.0,2914.0,930.0,379.0,92.0,30.0,84.0,0.0,0.0,0.0,54.0,5.0,66.0,17.0,0.0,0.0,31.0,551.0,0.0,0.0,59.0,34.0,0.0,0.0,35.0,199.0,107.0,3.0,51.0,63.0,0.0,1984.0,1247.0,61.0,32.0,78.0,56.0,33.0,16.0,86.0,251.0,255.0,33.0,239.0,107.0,0.0,737.0,8.0,0.0,18.0,0.0,0.0,0.0,24.0,241.0,165.0,147.0,58.0,66.0,10.0,72270.0,1267.0,472.0,795.0,1330.0,76.0,53.0,115.0,801.0,193.0,63.0,29.0,0.0,0.0,0.0,1267.0,472.0,105.0,262.0,105.0,0.0,0.0,0.0,795.0,315.0,317.0,57.0,99.0,7.0,0.0,795.0,7.0,175.0,88.0,118.0,71.0,34.0,56.0,36.0,210.0,0.0,25025091200,0.3490662139219015,72270.0,0.9030075187969925,0.3314917127071823,0.022071307300509338,0.20814940577249574,0.3062818336162988,0.372533543804262,2945.0,0.3191489361702128,0.4226415094339623,0.6274664561957379,0.09699248120300752
2933.0,2933.0,2318.0,337.0,778.0,104.0,68.0,0.0,54.0,977.0,887.0,90.0,615.0,129.0,9.0,0.0,0.0,0.0,286.0,191.0,143.0,48.0,2933.0,859.0,357.0,62.0,13.0,30.0,61.0,0.0,21.0,63.0,60.0,0.0,5.0,19.0,23.0,0.0,502.0,12.0,19.0,117.0,30.0,0.0,0.0,103.0,37.0,101.0,41.0,9.0,33.0,0.0,2074.0,1095.0,28.0,0.0,85.0,61.0,0.0,15.0,166.0,287.0,206.0,73.0,89.0,58.0,27.0,979.0,93.0,0.0,65.0,14.0,20.0,10.0,180.0,108.0,196.0,120.0,48.0,101.0,24.0,67333.0,984.0,223.0,761.0,1026.0,64.0,29.0,185.0,484.0,109.0,55.0,60.0,40.0,0.0,0.0,984.0,223.0,60.0,81.0,45.0,31.0,6.0,0.0,761.0,288.0,339.0,121.0,13.0,0.0,0.0,761.0,13.0,88.0,68.0,50.0,102.0,82.0,19.0,84.0,191.0,64.0,25025091300,0.20968291851346743,67333.0,0.9093567251461988,0.35365853658536583,0.023184452778724857,0.26525741561541083,0.11489942038868053,0.2266260162601626,2933.0,0.29287419024889194,0.4940867279894875,0.7733739837398373,0.09064327485380116
3242.0,3242.0,2153.0,253.0,1177.0,0.0,60.0,0.0,258.0,405.0,278.0,127.0,1089.0,16.0,31.0,0.0,0.0,0.0,385.0,657.0,341.0,316.0,3235.0,977.0,504.0,56.0,0.0,98.0,40.0,0.0,13.0,96.0,7.0,0.0,62.0,132.0,0.0,0.0,473.0,9.0,7.0,15.0,24.0,0.0,37.0,77.0,46.0,106.0,97.0,45.0,5.0,5.0,2258.0,1041.0,54.0,0.0,85.0,62.0,0.0,33.0,88.0,133.0,85.0,66.0,151.0,262.0,22.0,1217.0,1.0,0.0,58.0,82.0,42.0,0.0,6.0,165.0,267.0,142.0,209.0,189.0,56.0,65093.0,1164.0,574.0,590.0,1176.0,220.0,103.0,186.0,359.0,100.0,89.0,107.0,12.0,0.0,0.0,1164.0,574.0,92.0,281.0,125.0,47.0,0.0,29.0,590.0,383.0,142.0,57.0,8.0,0.0,0.0,590.0,45.0,59.0,15.0,50.0,69.0,59.0,24.0,65.0,135.0,69.0,25025091400,0.33590376310919184,65093.0,0.7253401360544217,0.40807560137457044,0.01850709438618137,0.36304750154225784,0.07803824799506477,0.49312714776632305,3242.0,0.3020092735703246,0.47966101694915253,0.506872852233677,0.27465986394557823
3530.0,3530.0,2593.0,634.0,656.0,0.0,217.0,0.0,186.0,900.0,779.0,121.0,937.0,248.0,145.0,0.0,0.0,0.0,208.0,336.0,276.0,60.0,3530.0,948.0,409.0,66.0,0.0,53.0,0.0,14.0,0.0,41.0,36.0,135.0,4.0,13.0,47.0,0.0,539.0,54.0,0.0,71.0,26.0,0.0,0.0,57.0,142.0,94.0,26.0,6.0,14.0,49.0,2582.0,1362.0,18.0,0.0,68.0,0.0,23.0,80.0,96.0,338.0,232.0,192.0,205.0,108.0,2.0,1220.0,30.0,1.0,13.0,59.0,14.0,28.0,39.0,394.0,141.0,239.0,138.0,108.0,16.0,66875.0,1597.0,575.0,1022.0,1758.0,69.0,84.0,260.0,1091.0,89.0,94.0,53.0,18.0,0.0,0.0,1597.0,575.0,27.0,403.0,123.0,22.0,0.0,0.0,1022.0,382.0,566.0,74.0,0.0,0.0,0.0,1022.0,17.0,104.0,130.0,81.0,65.0,29.0,35.0,150.0,273.0,138.0,25025091500,0.26543909348441924,66875.0,0.9129692832764505,0.25610519724483405,0.061473087818696884,0.1858356940509915,0.17960339943342776,0.3600500939261115,3530.0,0.26855524079320114,0.4765166340508806,0.6399499060738886,0.08703071672354949
2727.0,2727.0,2494.0,337.0,686.0,0.0,505.0,0.0,32.0,934.0,892.0,42.0,233.0,35.0,0.0,0.0,0.0,0.0,117.0,81.0,62.0,19.0,2646.0,401.0,240.0,0.0,0.0,36.0,0.0,0.0,0.0,36.0,0.0,8.0,50.0,95.0,15.0,0.0,161.0,0.0,0.0,0.0,0.0,0.0,0.0,0.0,44.0,41.0,0.0,37.0,12.0,27.0,2245.0,1233.0,17.0,19.0,120.0,38.0,0.0,99.0,90.0,241.0,185.0,179.0,126.0,75.0,44.0,1012.0,6.0,0.0,54.0,19.0,0.0,19.0,198.0,106.0,183.0,181.0,128.0,81.0,37.0,51029.0,1082.0,287.0,795.0,1248.0,30.0,60.0,54.0,717.0,115.0,88.0,56.0,122.0,6.0,0.0,1082.0,287.0,35.0,108.0,134.0,0.0,0.0,10.0,795.0,260.0,466.0,6.0,0.0,63.0,0.0,795.0,0.0,38.0,143.0,105.0,39.0,52.0,69.0,32.0,255.0,62.0,25025091600,0.08544187752108544,51029.0,0.9278846153846154,0.27264325323475047,0.18518518518518517,0.25155848918225154,0.12357902456912358,0.26524953789279115,2727.0,0.15154950869236583,0.5132075471698113,0.7347504621072088,0.07211538461538461
3477.0,3477.0,1947.0,73.0,1274.0,18.0,6.0,0.0,52.0,524.0,338.0,186.0,1530.0,152.0,230.0,0.0,0.0,0.0,330.0,818.0,483.0,335.0,3477.0,969.0,535.0,153.0,0.0,70.0,163.0,30.0,0.0,27.0,48.0,20.0,16.0,0.0,8.0,0.0,434.0,0.0,19.0,36.0,12.0,18.0,21.0,45.0,24.0,94.0,55.0,0.0,110.0,0.0,2508.0,1225.0,77.0,10.0,158.0,36.0,12.0,19.0,301.0,230.0,163.0,0.0,65.0,64.0,90.0,1283.0,51.0,0.0,11.0,73.0,0.0,91.0,179.0,154.0,180.0,205.0,76.0,168.0,95.0,74892.0,1063.0,406.0,657.0,1169.0,99.0,0.0,298.0,750.0,0.0,0.0,0.0,0.0,22.0,0.0,1063.0,406.0,90.0,195.0,92.0,25.0,4.0,0.0,657.0,197.0,334.0,126.0,0.0,0.0,0.0,657.0,17.0,9.0,67.0,57.0,100.0,60.0,38.0,18.0,291.0,0.0,25025091700,0.4400345125107852,74892.0,0.9153122326775022,0.2699905926622766,0.001725625539257981,0.366407822835778,0.02099511072763877,0.3819379115710254,3477.0,0.2786885245901639,0.619482496194825,0.6180620884289746,0.08468776732249786
3586.0,3586.0,2856.0,81.0,1628.0,0.0,213.0,0.0,169.0,765.0,763.0,2.0,730.0,68.0,64.0,0.0,0.0,0.0,472.0,126.0,118.0,8.0,3571.0,927.0,285.0,0.0,0.0,50.0,0.0,0.0,0.0,0.0,14.0,2.0,2.0,95.0,122.0,0.0,642.0,37.0,0.0,28.0,107.0,0.0,0.0,40.0,107.0,107.0,28.0,19.0,106.0,63.0,2644.0,1504.0,16.0,67.0,111.0,55.0,0.0,61.0,186.0,136.0,328.0,254.0,137.0,71.0,82.0,1140.0,97.0,7.0,145.0,25.0,0.0,2.0,84.0,207.0,131.0,211.0,79.0,72.0,80.0,72597.0,1323.0,272.0,1051.0,1397.0,70.0,61.0,346.0,809.0,0.0,0.0,50.0,61.0,0.0,0.0,1323.0,272.0,24.0,90.0,24.0,74.0,28.0,32.0,1051.0,482.0,362.0,207.0,0.0,0.0,0.0,1051.0,0.0,21.0,222.0,34.0,55.0,95.0,111.0,93.0,145.0,275.0,25025091800,0.20356943669827104,72597.0,0.9062276306370795,0.382464096749811,0.05939765755716676,0.4539877300613497,0.022587841606246516,0.20559334845049132,3586.0,0.2595911509381126,0.4224548049476689,0.7944066515495087,0.09377236936292055
4857.0,4857.0,2776.0,256.0,1902.0,0.0,0.0,0.0,0.0,618.0,422.0,196.0,2081.0,70.0,259.0,0.0,29.0,0.0,700.0,1023.0,810.0,213.0,4799.0,578.0,239.0,0.0,4.0,18.0,27.0,0.0,0.0,47.0,0.0,17.0,39.0,87.0,0.0,0.0,339.0,6.0,0.0,5.0,22.0,0.0,45.0,35.0,26.0,71.0,46.0,32.0,11.0,40.0,4221.0,1908.0,122.0,27.0,153.0,123.0,16.0,148.0,149.0,669.0,142.0,186.0,146.0,27.0,0.0,2313.0,230.0,0.0,150.0,75.0,53.0,7.0,288.0,561.0,257.0,255.0,225.0,107.0,105.0,81932.0,1505.0,529.0,976.0,1619.0,280.0,42.0,321.0,753.0,180.0,43.0,0.0,0.0,0.0,0.0,1505.0,529.0,28.0,179.0,207.0,65.0,50.0,0.0,976.0,255.0,404.0,251.0,34.0,0.0,32.0,976.0,41.0,107.0,132.0,39.0,149.0,67.0,24.0,121.0,296.0,0.0,25025091900,0.4284537780522957,81932.0,0.8011117974058061,0.18803986710963455,0.0,0.3915997529339098,0.05270743257154622,0.3514950166112957,4857.0,0.1204417586997291,0.5204918032786885,0.6485049833887043,0.19888820259419396
5685.0,5685.0,4644.0,444.0,2772.0,0.0,837.0,0.0,10.0,581.0,270.0,311.0,1041.0,26.0,21.0,0.0,0.0,0.0,613.0,381.0,381.0,0.0,5633.0,682.0,350.0,18.0,0.0,51.0,0.0,0.0,0.0,0.0,0.0,29.0,152.0,15.0,40.0,45.0,332.0,0.0,0.0,0.0,0.0,0.0,0.0,82.0,18.0,78.0,27.0,82.0,32.0,13.0,4951.0,2422.0,151.0,0.0,231.0,30.0,65.0,169.0,176.0,383.0,299.0,411.0,195.0,150.0,162.0,2529.0,134.0,47.0,180.0,124.0,17.0,44.0,262.0,426.0,382.0,469.0,142.0,93.0,209.0,60090.0,1779.0,682.0,1097.0,1834.0,170.0,97.0,357.0,1010.0,113.0,31.0,56.0,0.0,0.0,0.0,1779.0,682.0,66.0,332.0,232.0,52.0,0.0,0.0,1097.0,438.0,463.0,91.0,79.0,26.0,0.0,1097.0,137.0,17.0,66.0,175.0,99.0,162.0,73.0,70.0,239.0,59.0,25025092000,0.18311345646437996,60090.0,0.8544165757906216,0.28330522765598654,0.14722955145118732,0.48759894459102904,0.07810026385224274,0.38336143901068015,5685.0,0.12107225279602343,0.495897903372835,0.6166385609893198,0.14558342420937842
6222.0,6222.0,4970.0,2157.0,1462.0,0.0,1345.0,0.0,0.0,6.0,6.0,0.0,1252.0,54.0,34.0,0.0,34.0,0.0,749.0,381.0,261.0,120.0,6061.0,698.0,377.0,0.0,0.0,0.0,0.0,0.0,39.0,4.0,12.0,97.0,83.0,104.0,21.0,17.0,321.0,0.0,0.0,0.0,0.0,0.0,0.0,27.0,91.0,0.0,54.0,16.0,58.0,75.0,5363.0,2716.0,0.0,69.0,0.0,50.0,81.0,15.0,99.0,668.0,344.0,364.0,472.0,445.0,109.0,2647.0,33.0,0.0,42.0,25.0,0.0,137.0,109.0,566.0,165.0,390.0,331.0,648.0,201.0,66210.0,2767.0,1412.0,1355.0,3013.0,492.0,140.0,422.0,1376.0,163.0,169.0,185.0,51.0,15.0,0.0,2767.0,1412.0,337.0,516.0,332.0,227.0,0.0,0.0,1355.0,387.0,669.0,220.0,56.0,23.0,0.0,1355.0,0.0,52.0,183.0,63.0,24.0,189.0,81.0,292.0,368.0,103.0,25025092101,0.20122147219543554,66210.0,0.7902422834384335,0.26165522226237803,0.21616843458694954,0.23497267759562843,0.34667309546769526,0.5102999638597759,6222.0,0.11516251443656163,0.6863468634686347,0.48970003614022406,0.20975771656156655
4006.0,4006.0,2965.0,1251.0,539.0,0.0,948.0,0.0,39.0,188.0,53.0,135.0,1041.0,43.0,13.0,0.0,57.0,0.0,55.0,873.0,510.0,363.0,4006.0,416.0,201.0,0.0,0.0,29.0,0.0,16.0,0.0,26.0,5.0,33.0,71.0,20.0,1.0,0.0,215.0,0.0,0.0,0.0,26.0,0.0,0.0,29.0,17.0,73.0,24.0,0.0,35.0,11.0,3590.0,1810.0,222.0,0.0,48.0,48.0,0.0,32.0,76.0,276.0,231.0,371.0,333.0,133.0,40.0,1780.0,70.0,0.0,84.0,48.0,9.0,37.0,207.0,217.0,381.0,261.0,222.0,150.0,94.0,116818.0,1266.0,748.0,518.0,1291.0,413.0,103.0,334.0,316.0,52.0,46.0,27.0,0.0,0.0,0.0,1266.0,748.0,104.0,240.0,315.0,81.0,8.0,0.0,518.0,143.0,191.0,127.0,20.0,37.0,0.0,518.0,10.0,57.0,59.0,109.0,57.0,11.0,0.0,105.0,99.0,11.0,25025092200,0.2598602096854718,116818.0,0.6003098373353989,0.19510268562401265,0.236645032451323,0.1345481777333999,0.3122815776335497,0.5908372827804107,4006.0,0.1038442336495257,0.41505791505791506,0.40916271721958924,0.3996901626646011
3816.0,3816.0,3214.0,134.0,2256.0,0.0,297.0,0.0,8.0,519.0,303.0,216.0,602.0,0.0,38.0,0.0,0.0,0.0,247.0,317.0,210.0,107.0,3816.0,572.0,224.0,0.0,0.0,52.0,41.0,0.0,16.0,16.0,25.0,31.0,31.0,8.0,0.0,4.0,348.0,63.0,0.0,56.0,0.0,0.0,12.0,34.0,76.0,59.0,29.0,17.0,2.0,0.0,3244.0,1469.0,0.0,29.0,55.0,67.0,62.0,37.0,296.0,139.0,181.0,299.0,151.0,100.0,53.0,1775.0,112.0,0.0,84.0,40.0,0.0,79.0,154.0,217.0,294.0,289.0,290.0,95.0,121.0,58321.0,1281.0,364.0,917.0,1296.0,141.0,88.0,238.0,747.0,44.0,38.0,0.0,0.0,0.0,0.0,1281.0,364.0,65.0,136.0,111.0,16.0,36.0,0.0,917.0,416.0,359.0,96.0,46.0,0.0,0.0,917.0,73.0,0.0,73.0,67.0,231.0,50.0,32.0,53.0,319.0,19.0,25025092300,0.15775681341719078,58321.0,0.8233024691358025,0.375487900078064,0.07783018867924528,0.5911949685534591,0.03511530398322851,0.28415300546448086,3816.0,0.149895178197065,0.495092693565976,0.7158469945355191,0.17669753086419754
5981.0,5981.0,3471.0,72.0,2811.0,47.0,35.0,0.0,0.0,506.0,392.0,114.0,2510.0,323.0,0.0,0.0,0.0,0.0,826.0,1361.0,1194.0,167.0,5981.0,1570.0,734.0,0.0,0.0,125.0,87.0,113.0,0.0,109.0,155.0,54.0,0.0,40.0,51.0,0.0,836.0,86.0,0.0,95.0,31.0,0.0,53.0,73.0,66.0,163.0,170.0,63.0,35.0,1.0,4411.0,2007.0,147.0,46.0,190.0,17.0,46.0,77.0,403.0,308.0,83.0,144.0,286.0,178.0,82.0,2404.0,187.0,0.0,268.0,15.0,183.0,0.0,269.0,358.0,273.0,401.0,176.0,205.0,69.0,50758.0,2176.0,466.0,1710.0,2253.0,109.0,179.0,278.0,651.0,574.0,228.0,155.0,79.0,0.0,0.0,2176.0,466.0,37.0,328.0,101.0,0.0,0.0,0.0,1710.0,884.0,686.0,140.0,0.0,0.0,0.0,1710.0,103.0,88.0,124.0,85.0,132.0,113.0,182.0,230.0,452.0,201.0,25025092400,0.419662263835479,50758.0,0.8721704394141145,0.42325367647058826,0.0058518642367497075,0.4699882962715265,0.012038120715599399,0.21415441176470587,5981.0,0.2624979100484869,0.571345029239766,0.7858455882352942,0.1278295605858855
6142.0,6142.0,4197.0,494.0,3106.0,3.0,100.0,0.0,109.0,385.0,228.0,157.0,1945.0,35.0,261.0,0.0,0.0,0.0,657.0,992.0,915.0,77.0,5995.0,2110.0,856.0,138.0,0.0,219.0,91.0,46.0,0.0,83.0,109.0,0.0,81.0,22.0,67.0,0.0,1254.0,74.0,61.0,149.0,87.0,0.0,26.0,151.0,119.0,268.0,105.0,53.0,70.0,91.0,3885.0,1820.0,68.0,14.0,248.0,115.0,56.0,33.0,283.0,181.0,243.0,200.0,221.0,72.0,86.0,2065.0,65.0,45.0,132.0,16.0,14.0,0.0,249.0,334.0,174.0,371.0,430.0,79.0,156.0,35179.0,2030.0,472.0,1558.0,2172.0,193.0,453.0,151.0,837.0,370.0,45.0,57.0,66.0,0.0,0.0,2030.0,472.0,51.0,184.0,121.0,116.0,0.0,0.0,1558.0,658.0,719.0,113.0,68.0,0.0,0.0,1558.0,97.0,55.0,80.0,224.0,78.0,130.0,189.0,185.0,418.0,102.0,25025100100,0.3166720937805275,35179.0,0.7025782688766115,0.34926108374384235,0.0162813415825464,0.5056984695538912,0.08042982741777922,0.23251231527093597,6142.0,0.3519599666388657,0.5917843388960206,0.767487684729064,0.2974217311233886
3322.0,3322.0,2963.0,40.0,2335.0,0.0,67.0,0.0,0.0,521.0,414.0,107.0,359.0,0.0,19.0,0.0,0.0,0.0,65.0,275.0,239.0,36.0,3294.0,515.0,164.0,29.0,21.0,0.0,0.0,12.0,9.0,13.0,40.0,0.0,20.0,20.0,0.0,0.0,351.0,16.0,0.0,53.0,24.0,0.0,61.0,5.0,93.0,32.0,25.0,30.0,0.0,12.0,2779.0,1244.0,12.0,4.0,131.0,72.0,0.0,17.0,56.0,305.0,300.0,113.0,109.0,73.0,52.0,1535.0,79.0,35.0,48.0,88.0,110.0,13.0,138.0,215.0,42.0,181.0,271.0,243.0,72.0,81004.0,997.0,428.0,569.0,1175.0,139.0,199.0,195.0,533.0,84.0,13.0,0.0,0.0,12.0,0.0,997.0,428.0,13.0,277.0,46.0,90.0,2.0,0.0,569.0,195.0,309.0,65.0,0.0,0.0,0.0,569.0,54.0,65.0,17.0,71.0,83.0,53.0,57.0,46.0,123.0,0.0,25025100200,0.10806742925948223,81004.0,0.7123404255319149,0.2086258776328987,0.0201685731487056,0.7028898254063817,0.012040939193257074,0.4292878635907723,3322.0,0.15634486945962356,0.4903339191564148,0.5707121364092277,0.2876595744680851
3943.0,3943.0,3302.0,44.0,2910.0,0.0,0.0,0.0,0.0,348.0,246.0,102.0,641.0,20.0,120.0,77.0,0.0,0.0,73.0,351.0,304.0,47.0,3920.0,281.0,97.0,20.0,0.0,0.0,36.0,0.0,0.0,0.0,0.0,0.0,11.0,22.0,0.0,8.0,184.0,0.0,0.0,35.0,22.0,0.0,0.0,0.0,48.0,30.0,0.0,35.0,7.0,7.0,3639.0,1663.0,62.0,0.0,112.0,85.0,86.0,73.0,151.0,149.0,235.0,125.0,235.0,222.0,128.0,1976.0,2.0,10.0,102.0,86.0,63.0,203.0,163.0,217.0,204.0,304.0,175.0,313.0,134.0,82176.0,1306.0,640.0,666.0,1414.0,289.0,216.0,321.0,460.0,63.0,0.0,58.0,0.0,7.0,0.0,1306.0,640.0,14.0,240.0,172.0,167.0,47.0,0.0,666.0,199.0,294.0,166.0,0.0,7.0,0.0,666.0,32.0,95.0,14.0,52.0,59.0,65.0,8.0,64.0,270.0,7.0,25025100300,0.16256657367486685,82176.0,0.6428571428571429,0.16309341500765698,0.0,0.7380167385239665,0.011159015977681968,0.4900459418070444,3943.0,0.07168367346938775,0.6111111111111112,0.5099540581929556,0.35714285714285715
4896.0,4896.0,3867.0,597.0,2390.0,0.0,468.0,0.0,127.0,285.0,175.0,110.0,1029.0,31.0,133.0,0.0,0.0,0.0,395.0,470.0,390.0,80.0,4811.0,678.0,350.0,0.0,0.0,146.0,8.0,0.0,26.0,15.0,9.0,35.0,2.0,79.0,17.0,13.0,328.0,7.0,0.0,0.0,0.0,0.0,0.0,11.0,130.0,0.0,77.0,29.0,34.0,40.0,4133.0,1980.0,151.0,20.0,77.0,105.0,15.0,0.0,95.0,362.0,335.0,205.0,323.0,140.0,152.0,2153.0,19.0,0.0,35.0,14.0,0.0,88.0,80.0,498.0,242.0,467.0,352.0,238.0,120.0,122347.0,1918.0,853.0,1065.0,2159.0,532.0,197.0,589.0,623.0,0.0,0.0,80.0,138.0,0.0,0.0,1918.0,853.0,46.0,361.0,184.0,262.0,0.0,0.0,1065.0,575.0,262.0,166.0,62.0,0.0,0.0,1065.0,51.0,79.0,169.0,80.0,237.0,131.0,32.0,80.0,178.0,28.0,25025100400,0.21017156862745098,122347.0,0.6623436776285317,0.3237747653806048,0.09558823529411764,0.4881535947712418,0.12193627450980392,0.44473409801876956,4896.0,0.14092704219496985,0.39530516431924884,0.5552659019812305,0.33765632237146825
8246.0,8246.0,7098.0,1178.0,3672.0,21.0,884.0,51.0,43.0,1249.0,1042.0,207.0,1148.0,2.0,0.0,0.0,0.0,0.0,320.0,826.0,495.0,331.0,8235.0,1761.0,859.0,122.0,52.0,230.0,0.0,0.0,48.0,31.0,169.0,101.0,68.0,22.0,0.0,16.0,902.0,57.0,0.0,0.0,0.0,49.0,0.0,2.0,194.0,109.0,97.0,331.0,18.0,45.0,6474.0,3485.0,343.0,0.0,278.0,160.0,62.0,81.0,238.0,454.0,761.0,326.0,453.0,171.0,158.0,2989.0,137.0,0.0,38.0,135.0,25.0,85.0,207.0,714.0,495.0,552.0,361.0,66.0,174.0,68858.0,3009.0,1164.0,1845.0,3098.0,380.0,137.0,550.0,1172.0,272.0,61.0,193.0,333.0,0.0,0.0,3009.0,1164.0,65.0,440.0,447.0,117.0,0.0,95.0,1845.0,757.0,905.0,135.0,0.0,13.0,35.0,1845.0,100.0,111.0,98.0,63.0,404.0,188.0,18.0,92.0,534.0,237.0,25025100500,0.13921901528013583,68858.0,0.8331181407359587,0.2731804586241276,0.10720349260247393,0.4453068154256609,0.14285714285714285,0.386839481555334,8246.0,0.21384335154826958,0.45094850948509485,0.613160518444666,0.1668818592640413
5938.0,5938.0,5201.0,1819.0,1799.0,81.0,987.0,0.0,0.0,515.0,307.0,208.0,737.0,103.0,118.0,0.0,0.0,0.0,152.0,364.0,188.0,176.0,5938.0,877.0,453.0,0.0,0.0,79.0,28.0,0.0,69.0,1.0,85.0,0.0,0.0,40.0,151.0,0.0,424.0,0.0,0.0,77.0,0.0,0.0,0.0,0.0,63.0,42.0,0.0,84.0,158.0,0.0,5061.0,2422.0,271.0,0.0,117.0,0.0,0.0,70.0,230.0,347.0,528.0,445.0,281.0,58.0,75.0,2639.0,343.0,0.0,186.0,0.0,106.0,0.0,49.0,668.0,392.0,512.0,193.0,159.0,31.0,116907.0,2267.0,966.0,1301.0,2330.0,391.0,37.0,536.0,1000.0,173.0,95.0,98.0,0.0,0.0,0.0,2267.0,966.0,0.0,257.0,628.0,9.0,72.0,0.0,1301.0,148.0,600.0,511.0,42.0,0.0,0.0,1301.0,35.0,109.0,101.0,321.0,0.0,194.0,0.0,37.0,403.0,101.0,25025100601,0.12411586392724823,116907.0,0.8163090128755365,0.06528451698279665,0.16621758167733244,0.3029639609296059,0.30633209834961267,0.42611380679311867,5938.0,0.14769282586729537,0.4873174481168332,0.5738861932068814,0.18369098712446352
2375.0,2375.0,2191.0,1719.0,287.0,0.0,81.0,0.0,0.0,104.0,78.0,26.0,184.0,29.0,0.0,0.0,0.0,0.0,101.0,54.0,54.0,0.0,2273.0,217.0,152.0,0.0,19.0,0.0,19.0,0.0,28.0,0.0,24.0,2.0,55.0,5.0,0.0,0.0,65.0,0.0,0.0,16.0,0.0,0.0,0.0,0.0,37.0,0.0,0.0,12.0,0.0,0.0,2056.0,943.0,39.0,16.0,6.0,0.0,0.0,0.0,89.0,167.0,192.0,166.0,199.0,62.0,7.0,1113.0,73.0,14.0,32.0,56.0,0.0,15.0,60.0,241.0,246.0,121.0,178.0,59.0,18.0,144177.0,929.0,560.0,369.0,973.0,158.0,89.0,160.0,343.0,125.0,59.0,39.0,0.0,0.0,0.0,929.0,560.0,5.0,249.0,220.0,22.0,48.0,16.0,369.0,97.0,139.0,127.0,6.0,0.0,0.0,369.0,10.0,25.0,61.0,69.0,84.0,36.0,0.0,15.0,69.0,0.0,25025100603,0.07747368421052632,144177.0,0.7461459403905447,0.10979547900968784,0.034105263157894736,0.12084210526315789,0.7237894736842105,0.6027987082884823,2375.0,0.09546854377474703,0.3252032520325203,0.39720129171151775,0.2538540596094553
4470.0,4470.0,4414.0,3884.0,79.0,0.0,314.0,0.0,0.0,137.0,15.0,122.0,56.0,0.0,56.0,0.0,0.0,0.0,0.0,0.0,0.0,0.0,4470.0,214.0,37.0,0.0,0.0,0.0,0.0,0.0,0.0,0.0,0.0,0.0,9.0,0.0,16.0,12.0,177.0,0.0,0.0,0.0,11.0,5.0,6.0,0.0,37.0,0.0,37.0,6.0,50.0,25.0,4256.0,2104.0,93.0,0.0,181.0,69.0,51.0,28.0,141.0,533.0,385.0,315.0,103.0,192.0,13.0,2152.0,101.0,29.0,116.0,61.0,59.0,82.0,147.0,353.0,451.0,233.0,240.0,217.0,63.0,121122.0,1904.0,1164.0,740.0,2084.0,624.0,217.0,667.0,323.0,0.0,24.0,59.0,170.0,0.0,0.0,1904.0,1164.0,48.0,484.0,461.0,141.0,13.0,17.0,740.0,106.0,284.0,269.0,74.0,7.0,0.0,740.0,64.0,197.0,55.0,156.0,44.0,67.0,38.0,30.0,78.0,11.0,25025100700,0.012527964205816556,121122.0,0.5964491362763915,0.08088235294117647,0.07024608501118568,0.01767337807606264,0.868903803131991,0.6113445378151261,4470.0,0.04787472035794183,0.28783783783783784,0.38865546218487396,0.40355086372360843
5738.0,5738.0,5025.0,2721.0,1117.0,0.0,684.0,0.0,35.0,468.0,167.0,301.0,713.0,87.0,41.0,0.0,0.0,0.0,87.0,498.0,470.0,28.0,5738.0,692.0,36.0,0.0,0.0,0.0,0.0,0.0,0.0,0.0,0.0,0.0,0.0,0.0,18.0,18.0,656.0,34.0,0.0,102.0,31.0,85.0,0.0,0.0,0.0,130.0,78.0,61.0,33.0,102.0,5046.0,2290.0,226.0,47.0,47.0,5.0,46.0,73.0,185.0,432.0,170.0,207.0,309.0,253.0,290.0,2756.0,0.0,40.0,161.0,77.0,0.0,0.0,95.0,430.0,483.0,466.0,361.0,395.0,248.0,78533.0,2821.0,1251.0,1570.0,2909.0,610.0,109.0,691.0,657.0,33.0,178.0,226.0,405.0,0.0,0.0,2821.0,1251.0,124.0,425.0,594.0,101.0,7.0,0.0,1570.0,461.0,861.0,115.0,133.0,0.0,0.0,1570.0,102.0,210.0,157.0,122.0,64.0,153.0,191.0,30.0,454.0,87.0,25025100800,0.12425932380620425,78533.0,0.7528360261258165,0.2073732718894009,0.11920529801324503,0.19466713140467062,0.47420704078075987,0.4434597660404112,5738.0,0.12059951202509585,0.5273885350318471,0.5565402339595888,0.24716397387418357
4925.0,4925.0,4494.0,1007.0,2547.0,0.0,299.0,0.0,10.0,631.0,273.0,358.0,431.0,62.0,91.0,11.0,0.0,0.0,159.0,108.0,108.0,0.0,4917.0,282.0,149.0,0.0,0.0,23.0,24.0,24.0,0.0,31.0,0.0,0.0,9.0,13.0,12.0,13.0,133.0,0.0,0.0,0.0,21.0,0.0,0.0,0.0,0.0,21.0,15.0,10.0,55.0,11.0,4635.0,2371.0,128.0,0.0,176.0,8.0,65.0,118.0,29.0,401.0,420.0,334.0,372.0,196.0,124.0,2264.0,91.0,38.0,138.0,33.0,17.0,0.0,59.0,529.0,290.0,265.0,311.0,398.0,95.0,116250.0,1796.0,1248.0,548.0,1868.0,726.0,155.0,364.0,170.0,48.0,44.0,130.0,231.0,0.0,0.0,1796.0,1248.0,56.0,373.0,432.0,266.0,121.0,0.0,548.0,215.0,166.0,100.0,31.0,36.0,0.0,548.0,36.0,76.0,123.0,80.0,51.0,53.0,16.0,8.0,63.0,42.0,25025100900,0.08751269035532995,116250.0,0.528372591006424,0.15089086859688197,0.060710659898477154,0.5171573604060914,0.20446700507614213,0.6948775055679287,4925.0,0.05735204392922514,0.25547445255474455,0.3051224944320713,0.471627408993576
6809.0,6809.0,5425.0,103.0,4566.0,0.0,0.0,0.0,16.0,740.0,477.0,263.0,1384.0,415.0,252.0,0.0,0.0,0.0,83.0,634.0,499.0,135.0,6809.0,562.0,68.0,0.0,0.0,0.0,66.0,0.0,0.0,2.0,0.0,0.0,0.0,0.0,0.0,0.0,494.0,0.0,0.0,259.0,0.0,0.0,0.0,0.0,85.0,63.0,60.0,13.0,0.0,14.0,6247.0,3394.0,253.0,18.0,191.0,112.0,41.0,0.0,91.0,902.0,468.0,301.0,620.0,299.0,98.0,2853.0,123.0,0.0,55.0,141.0,72.0,143.0,250.0,313.0,512.0,224.0,563.0,255.0,202.0,84583.0,2421.0,1332.0,1089.0,2684.0,766.0,80.0,781.0,345.0,109.0,238.0,291.0,74.0,0.0,0.0,2421.0,1332.0,78.0,608.0,249.0,127.0,218.0,52.0,1089.0,472.0,372.0,42.0,107.0,0.0,96.0,1089.0,26.0,15.0,144.0,92.0,107.0,123.0,59.0,98.0,425.0,0.0,25025101001,0.20326039065942136,84583.0,0.6847988077496274,0.2271788517141677,0.0,0.6705830518431488,0.015127037744162138,0.550185873605948,6809.0,0.08253781759436041,0.6473829201101928,0.44981412639405205,0.3152011922503726
6226.0,6226.0,5316.0,320.0,4324.0,42.0,60.0,0.0,11.0,559.0,436.0,123.0,910.0,93.0,93.0,0.0,0.0,0.0,286.0,438.0,438.0,0.0,6182.0,1029.0,560.0,29.0,0.0,63.0,98.0,0.0,0.0,0.0,48.0,55.0,73.0,76.0,76.0,42.0,469.0,14.0,0.0,45.0,0.0,0.0,0.0,21.0,37.0,79.0,36.0,22.0,149.0,66.0,5153.0,2229.0,101.0,11.0,29.0,4.0,0.0,27.0,256.0,413.0,251.0,414.0,346.0,241.0,136.0,2924.0,340.0,0.0,342.0,40.0,127.0,164.0,115.0,247.0,293.0,335.0,431.0,270.0,220.0,50104.0,2397.0,671.0,1726.0,2476.0,493.0,448.0,620.0,213.0,0.0,77.0,259.0,366.0,0.0,0.0,2397.0,671.0,78.0,325.0,117.0,94.0,57.0,0.0,1726.0,623.0,720.0,383.0,0.0,0.0,0.0,1726.0,100.0,12.0,99.0,367.0,17.0,294.0,0.0,262.0,478.0,97.0,25025101002,0.1461612592354642,50104.0,0.619951534733441,0.2924488944513976,0.009637006103437198,0.6945069065210407,0.051397365884998394,0.27993324989570295,6226.0,0.16645098673568423,0.5990730011587485,0.720066750104297,0.38004846526655894
4407.0,4407.0,3634.0,141.0,3260.0,0.0,29.0,0.0,54.0,150.0,46.0,104.0,773.0,15.0,178.0,8.0,0.0,0.0,101.0,471.0,386.0,85.0,4391.0,756.0,260.0,0.0,0.0,0.0,40.0,0.0,0.0,70.0,2.0,54.0,27.0,18.0,21.0,28.0,496.0,37.0,0.0,135.0,35.0,0.0,0.0,17.0,45.0,73.0,36.0,34.0,52.0,32.0,3635.0,1592.0,168.0,0.0,21.0,59.0,0.0,5.0,161.0,273.0,346.0,215.0,220.0,49.0,75.0,2043.0,94.0,0.0,104.0,60.0,3.0,45.0,287.0,435.0,147.0,289.0,225.0,185.0,169.0,93750.0,1422.0,727.0,695.0,1493.0,148.0,288.0,557.0,381.0,102.0,17.0,0.0,0.0,0.0,0.0,1422.0,727.0,92.0,362.0,219.0,28.0,26.0,0.0,695.0,185.0,249.0,223.0,38.0,0.0,0.0,695.0,19.0,65.0,86.0,174.0,42.0,35.0,26.0,61.0,156.0,31.0,25025101101,0.1754027683231223,93750.0,0.7079705291359678,0.19479606188466947,0.006580440208758793,0.7397322441570229,0.031994554118447927,0.5112517580872011,4407.0,0.17217034843999088,0.4,0.48874824191279886,0.29202947086403214
5471.0,5471.0,4251.0,77.0,3912.0,0.0,17.0,97.0,32.0,116.0,0.0,116.0,1220.0,5.0,231.0,28.0,0.0,0.0,68.0,888.0,863.0,25.0,5403.0,1577.0,643.0,136.0,14.0,94.0,0.0,33.0,0.0,0.0,89.0,161.0,26.0,85.0,5.0,0.0,934.0,118.0,0.0,158.0,23.0,0.0,0.0,66.0,202.0,217.0,20.0,45.0,7.0,78.0,3826.0,1961.0,111.0,0.0,79.0,48.0,82.0,24.0,279.0,414.0,99.0,381.0,202.0,135.0,107.0,1865.0,34.0,0.0,109.0,101.0,0.0,93.0,113.0,307.0,221.0,228.0,242.0,293.0,124.0,48889.0,1876.0,541.0,1335.0,2009.0,182.0,79.0,325.0,807.0,244.0,161.0,88.0,123.0,0.0,0.0,1876.0,541.0,97.0,289.0,107.0,48.0,0.0,0.0,1335.0,571.0,614.0,114.0,23.0,13.0,0.0,1335.0,91.0,19.0,80.0,129.0,109.0,0.0,120.0,179.0,466.0,142.0,25025101102,0.22299396819594225,48889.0,0.8700846192135391,0.35607675906183367,0.003107292999451654,0.7150429537561689,0.01407420946810455,0.2883795309168444,5471.0,0.291874884323524,0.5730337078651685,0.7116204690831557,0.12991538078646092
1797.0,1797.0,1224.0,427.0,707.0,0.0,13.0,0.0,0.0,77.0,65.0,12.0,573.0,64.0,18.0,0.0,0.0,0.0,420.0,71.0,71.0,0.0,1792.0,406.0,201.0,55.0,27.0,44.0,29.0,0.0,0.0,1.0,28.0,0.0,0.0,10.0,3.0,4.0,205.0,24.0,0.0,5.0,0.0,26.0,0.0,23.0,41.0,46.0,0.0,18.0,9.0,13.0,1386.0,819.0,47.0,36.0,0.0,4.0,18.0,7.0,29.0,243.0,144.0,97.0,51.0,124.0,19.0,567.0,8.0,0.0,33.0,9.0,5.0,15.0,21.0,120.0,89.0,66.0,73.0,106.0,22.0,69675.0,685.0,296.0,389.0,734.0,80.0,46.0,77.0,182.0,171.0,147.0,20.0,11.0,0.0,0.0,685.0,296.0,0.0,144.0,147.0,5.0,0.0,0.0,389.0,152.0,183.0,50.0,4.0,0.0,0.0,389.0,0.0,0.0,43.0,61.0,29.0,34.0,5.0,110.0,72.0,35.0,25025110104,0.31886477462437396,69675.0,0.8283378746594006,0.22189781021897811,0.007234279354479688,0.39343350027824153,0.2376182526432944,0.4321167883211679,1797.0,0.2265625,0.5681233933161953,0.5678832116788322,0.17166212534059946
2630.0,2630.0,2377.0,1422.0,593.0,0.0,137.0,0.0,0.0,225.0,81.0,144.0,253.0,107.0,26.0,5.0,0.0,0.0,53.0,62.0,57.0,5.0,2630.0,161.0,80.0,0.0,0.0,0.0,0.0,0.0,0.0,34.0,0.0,14.0,32.0,0.0,0.0,0.0,81.0,0.0,0.0,0.0,0.0,0.0,0.0,33.0,13.0,0.0,4.0,26.0,0.0,5.0,2469.0,1083.0,61.0,0.0,15.0,0.0,13.0,0.0,22.0,422.0,270.0,142.0,62.0,76.0,0.0,1386.0,53.0,0.0,49.0,0.0,0.0,0.0,136.0,456.0,172.0,134.0,198.0,163.0,25.0,145647.0,1283.0,449.0,834.0,1382.0,11.0,36.0,166.0,651.0,179.0,29.0,73.0,191.0,46.0,0.0,1283.0,449.0,12.0,317.0,110.0,0.0,0.0,10.0,834.0,229.0,533.0,56.0,7.0,9.0,0.0,834.0,11.0,160.0,137.0,166.0,105.0,35.0,13.0,67.0,110.0,30.0,25025110105,0.09619771863117871,145647.0,0.9659913169319826,0.18784099766173032,0.05209125475285171,0.22547528517110266,0.5406844106463878,0.34996102883865937,2630.0,0.06121673003802281,0.2697841726618705,0.6500389711613406,0.03400868306801737
1590.0,1590.0,1411.0,1216.0,82.0,0.0,53.0,0.0,22.0,38.0,0.0,38.0,179.0,0.0,0.0,0.0,0.0,0.0,129.0,50.0,50.0,0.0,1590.0,128.0,44.0,0.0,0.0,0.0,0.0,0.0,0.0,0.0,6.0,2.0,13.0,5.0,0.0,18.0,84.0,0.0,0.0,0.0,0.0,0.0,0.0,0.0,8.0,17.0,3.0,14.0,23.0,19.0,1462.0,796.0,30.0,0.0,0.0,0.0,0.0,0.0,11.0,102.0,177.0,112.0,107.0,36.0,221.0,666.0,10.0,6.0,0.0,51.0,0.0,41.0,3.0,122.0,74.0,49.0,86.0,203.0,21.0,92083.0,770.0,370.0,400.0,793.0,131.0,50.0,101.0,356.0,0.0,0.0,127.0,28.0,0.0,0.0,770.0,370.0,99.0,169.0,87.0,15.0,0.0,0.0,400.0,36.0,299.0,24.0,25.0,16.0,0.0,400.0,31.0,0.0,37.0,34.0,0.0,29.0,4.0,14.0,237.0,14.0,25025110106,0.11257861635220126,92083.0,0.7717528373266078,0.17532467532467533,0.03333333333333333,0.05157232704402516,0.7647798742138365,0.4805194805194805,1590.0,0.08050314465408805,0.71,0.5194805194805194,0.22824716267339218
2235.0,2235.0,1416.0,420.0,871.0,7.0,40.0,0.0,16.0,62.0,8.0,54.0,819.0,49.0,82.0,0.0,0.0,0.0,519.0,169.0,120.0,49.0,2235.0,380.0,231.0,0.0,0.0,10.0,0.0,0.0,7.0,6.0,32.0,28.0,29.0,77.0,16.0,26.0,149.0,0.0,0.0,10.0,0.0,0.0,0.0,16.0,7.0,15.0,28.0,12.0,37.0,24.0,1855.0,795.0,54.0,17.0,87.0,17.0,0.0,30.0,58.0,189.0,56.0,141.0,80.0,47.0,19.0,1060.0,46.0,31.0,144.0,7.0,22.0,16.0,43.0,117.0,170.0,88.0,163.0,66.0,147.0,66607.0,909.0,359.0,550.0,924.0,219.0,36.0,88.0,108.0,70.0,153.0,69.0,181.0,0.0,0.0,909.0,359.0,49.0,143.0,79.0,51.0,15.0,22.0,550.0,276.0,248.0,18.0,0.0,8.0,0.0,550.0,6.0,56.0,23.0,97.0,57.0,81.0,36.0,38.0,143.0,13.0,25025110201,0.36644295302013424,66607.0,0.724025974025974,0.35753575357535755,0.017897091722595078,0.38970917225950785,0.18791946308724833,0.3949394939493949,2235.0,0.17002237136465326,0.5418181818181819,0.605060506050605,0.275974025974026
2654.0,2654.0,2192.0,1179.0,616.0,0.0,158.0,0.0,0.0,239.0,21.0,218.0,462.0,40.0,0.0,11.0,0.0,0.0,173.0,238.0,238.0,0.0,2626.0,151.0,29.0,0.0,0.0,13.0,0.0,0.0,0.0,0.0,0.0,5.0,7.0,4.0,0.0,0.0,122.0,0.0,0.0,12.0,0.0,21.0,15.0,0.0,0.0,11.0,0.0,8.0,14.0,41.0,2475.0,1202.0,118.0,0.0,130.0,48.0,18.0,29.0,63.0,120.0,273.0,92.0,112.0,181.0,18.0,1273.0,120.0,0.0,51.0,26.0,7.0,0.0,59.0,170.0,234.0,163.0,166.0,208.0,69.0,116858.0,973.0,710.0,263.0,993.0,420.0,74.0,317.0,40.0,62.0,48.0,32.0,0.0,0.0,0.0,973.0,710.0,25.0,301.0,291.0,59.0,30.0,4.0,263.0,94.0,88.0,81.0,0.0,0.0,0.0,263.0,12.0,23.0,49.0,5.0,63.0,15.0,8.0,2.0,74.0,12.0,25025110301,0.17407686510926904,116858.0,0.5025176233635448,0.1223021582733813,0.059532780708364735,0.2321024868123587,0.4442351168048229,0.7297019527235354,2654.0,0.0575019040365575,0.376425855513308,0.27029804727646456,0.49748237663645517
3600.0,3600.0,2778.0,1497.0,842.0,0.0,64.0,0.0,244.0,131.0,75.0,56.0,822.0,37.0,43.0,0.0,0.0,0.0,390.0,352.0,298.0,54.0,3599.0,365.0,258.0,19.0,0.0,0.0,35.0,0.0,44.0,14.0,15.0,0.0,53.0,0.0,78.0,0.0,107.0,25.0,0.0,0.0,0.0,0.0,0.0,0.0,0.0,13.0,3.0,12.0,53.0,1.0,3234.0,1660.0,97.0,30.0,84.0,123.0,0.0,0.0,117.0,282.0,327.0,131.0,282.0,131.0,56.0,1574.0,75.0,0.0,154.0,0.0,55.0,10.0,44.0,237.0,402.0,132.0,266.0,109.0,90.0,110904.0,1390.0,846.0,544.0,1512.0,412.0,128.0,287.0,424.0,233.0,28.0,0.0,0.0,0.0,0.0,1390.0,846.0,71.0,390.0,321.0,48.0,16.0,0.0,544.0,142.0,370.0,32.0,0.0,0.0,0.0,544.0,72.0,62.0,47.0,24.0,91.0,75.0,22.0,98.0,53.0,0.0,25025110401,0.22833333333333333,110904.0,0.6428571428571429,0.15323741007194244,0.017777777777777778,0.2338888888888889,0.41583333333333333,0.6086330935251798,3600.0,0.10141706029452625,0.45588235294117646,0.39136690647482014,0.35714285714285715
4969.0,4969.0,3780.0,2468.0,869.0,0.0,282.0,0.0,0.0,161.0,0.0,161.0,1189.0,74.0,59.0,21.0,0.0,0.0,308.0,727.0,557.0,170.0,4934.0,235.0,131.0,0.0,0.0,11.0,13.0,0.0,0.0,16.0,37.0,49.0,0.0,5.0,0.0,0.0,104.0,0.0,4.0,15.0,0.0,13.0,0.0,13.0,18.0,5.0,1.0,3.0,0.0,32.0,4699.0,2036.0,148.0,0.0,120.0,33.0,0.0,47.0,125.0,247.0,433.0,337.0,276.0,176.0,94.0,2663.0,164.0,89.0,262.0,40.0,19.0,10.0,38.0,350.0,472.0,276.0,469.0,267.0,207.0,132069.0,1786.0,1288.0,498.0,1918.0,1015.0,141.0,382.0,266.0,0.0,69.0,13.0,32.0,0.0,0.0,1786.0,1288.0,76.0,463.0,613.0,82.0,54.0,0.0,498.0,103.0,126.0,63.0,182.0,0.0,24.0,498.0,24.0,29.0,160.0,30.0,89.0,14.0,7.0,64.0,59.0,22.0,25025110403,0.2392835580599718,132069.0,0.397288842544317,0.10022396416573348,0.05675186154155766,0.17488428255182129,0.496679412356611,0.7211646136618141,4969.0,0.04762869882448318,0.2891566265060241,0.2788353863381859,0.602711157455683
3352.0,3352.0,2883.0,2394.0,156.0,0.0,120.0,0.0,26.0,187.0,31.0,156.0,469.0,17.0,0.0,0.0,0.0,0.0,105.0,347.0,127.0,220.0,3352.0,189.0,68.0,0.0,0.0,18.0,0.0,0.0,0.0,8.0,0.0,15.0,10.0,0.0,15.0,2.0,121.0,0.0,0.0,17.0,0.0,7.0,0.0,8.0,65.0,13.0,11.0,0.0,0.0,0.0,3163.0,1591.0,116.0,26.0,81.0,47.0,27.0,9.0,79.0,224.0,288.0,312.0,254.0,91.0,37.0,1572.0,50.0,0.0,50.0,152.0,68.0,24.0,38.0,237.0,289.0,219.0,184.0,150.0,111.0,138125.0,1374.0,987.0,387.0,1445.0,744.0,28.0,437.0,175.0,53.0,0.0,0.0,8.0,0.0,0.0,1374.0,987.0,13.0,494.0,345.0,120.0,6.0,9.0,387.0,11.0,251.0,115.0,10.0,0.0,0.0,387.0,42.0,19.0,38.0,39.0,9.0,24.0,12.0,0.0,204.0,0.0,25025110501,0.1399164677804296,138125.0,0.4657439446366782,0.017467248908296942,0.03579952267303103,0.046539379474940336,0.714200477326969,0.7183406113537117,3352.0,0.056384248210023864,0.6201550387596899,0.2816593886462882,0.5342560553633218
4124.0,4124.0,3280.0,2347.0,343.0,0.0,249.0,0.0,61.0,280.0,0.0,280.0,844.0,29.0,46.0,0.0,0.0,0.0,501.0,268.0,224.0,44.0,4124.0,252.0,134.0,0.0,0.0,0.0,0.0,0.0,0.0,11.0,0.0,33.0,0.0,26.0,64.0,0.0,118.0,0.0,0.0,14.0,0.0,0.0,0.0,10.0,18.0,0.0,2.0,5.0,35.0,34.0,3872.0,2108.0,70.0,126.0,173.0,62.0,42.0,21.0,113.0,567.0,217.0,250.0,248.0,133.0,86.0,1764.0,183.0,0.0,70.0,43.0,0.0,13.0,49.0,258.0,390.0,300.0,217.0,145.0,96.0,127788.0,1847.0,1118.0,729.0,1910.0,655.0,179.0,422.0,289.0,66.0,95.0,131.0,73.0,0.0,0.0,1847.0,1118.0,86.0,528.0,394.0,44.0,12.0,54.0,729.0,228.0,386.0,62.0,53.0,0.0,0.0,729.0,267.0,38.0,51.0,50.0,55.0,10.0,84.0,73.0,83.0,18.0,25025110502,0.2046556741028128,127788.0,0.5633507853403141,0.17000541418516513,0.06037827352085354,0.08317167798254123,0.5691076624636275,0.6053059014618299,4124.0,0.061105722599418044,0.3429355281207133,0.39469409853817,0.43664921465968587
2937.0,2937.0,2695.0,2469.0,56.0,0.0,61.0,0.0,0.0,109.0,75.0,34.0,242.0,72.0,0.0,0.0,0.0,0.0,31.0,139.0,133.0,6.0,2793.0,21.0,1.0,0.0,0.0,0.0,0.0,0.0,0.0,0.0,0.0,0.0,0.0,0.0,0.0,1.0,20.0,0.0,0.0,0.0,0.0,0.0,0.0,0.0,10.0,0.0,0.0,10.0,0.0,0.0,2772.0,1291.0,45.0,0.0,105.0,43.0,0.0,33.0,34.0,121.0,104.0,102.0,248.0,271.0,185.0,1481.0,130.0,0.0,28.0,55.0,0.0,25.0,32.0,127.0,165.0,192.0,239.0,255.0,233.0,159397.0,1327.0,862.0,465.0,1396.0,776.0,27.0,113.0,27.0,11.0,71.0,41.0,330.0,0.0,0.0,1327.0,862.0,11.0,297.0,418.0,94.0,42.0,0.0,465.0,242.0,195.0,28.0,0.0,0.0,0.0,465.0,71.0,27.0,0.0,93.0,23.0,0.0,0.0,14.0,215.0,22.0,25025110601,0.08239700374531835,159397.0,0.42478510028653294,0.19065561416729465,0.02076949267960504,0.01906707524685053,0.8406537282941777,0.6495855312735493,2937.0,0.007518796992481203,0.4924731182795699,0.35041446872645066,0.5752148997134671
5070.0,5070.0,4438.0,3771.0,201.0,0.0,153.0,0.0,0.0,313.0,152.0,161.0,632.0,15.0,0.0,0.0,0.0,0.0,103.0,514.0,488.0,26.0,4852.0,205.0,115.0,0.0,0.0,0.0,15.0,0.0,0.0,0.0,22.0,23.0,29.0,3.0,2.0,21.0,90.0,0.0,0.0,0.0,0.0,0.0,0.0,0.0,0.0,7.0,26.0,0.0,23.0,34.0,4647.0,2003.0,167.0,16.0,56.0,0.0,0.0,20.0,31.0,378.0,454.0,262.0,280.0,276.0,63.0,2644.0,267.0,0.0,69.0,40.0,67.0,83.0,148.0,414.0,554.0,332.0,271.0,241.0,158.0,135481.0,2177.0,1366.0,811.0,2315.0,537.0,227.0,584.0,627.0,127.0,94.0,73.0,46.0,0.0,0.0,2177.0,1366.0,11.0,681.0,437.0,103.0,51.0,83.0,811.0,186.0,354.0,249.0,0.0,22.0,0.0,811.0,23.0,27.0,159.0,189.0,125.0,110.0,54.0,35.0,66.0,23.0,25025110607,0.12465483234714005,135481.0,0.6699784017278617,0.09049150206706477,0.03017751479289941,0.03964497041420118,0.7437869822485207,0.6274689940284796,5070.0,0.04225061830173125,0.32675709001233044,0.37253100597152045,0.33002159827213823
1754.0,1754.0,1656.0,1499.0,43.0,0.0,55.0,15.0,10.0,34.0,10.0,24.0,98.0,56.0,0.0,0.0,0.0,0.0,15.0,27.0,27.0,0.0,1754.0,66.0,19.0,0.0,0.0,0.0,0.0,0.0,0.0,0.0,9.0,0.0,0.0,10.0,0.0,0.0,47.0,0.0,0.0,0.0,0.0,0.0,0.0,3.0,9.0,0.0,0.0,0.0,22.0,13.0,1688.0,866.0,30.0,0.0,54.0,21.0,0.0,38.0,42.0,138.0,200.0,79.0,110.0,95.0,59.0,822.0,35.0,0.0,65.0,75.0,0.0,0.0,8.0,147.0,125.0,136.0,87.0,89.0,55.0,250001.0,731.0,515.0,216.0,736.0,154.0,83.0,289.0,105.0,75.0,23.0,0.0,7.0,0.0,0.0,731.0,515.0,35.0,258.0,170.0,25.0,16.0,11.0,216.0,23.0,153.0,30.0,10.0,0.0,0.0,216.0,28.0,37.0,13.0,19.0,29.0,30.0,9.0,20.0,23.0,8.0,25025120103,0.055872291904218926,250001.0,0.6779891304347826,0.07934336525307797,0.03135689851767389,0.02451539338654504,0.854618015963512,0.7045143638850889,1754.0,0.037628278221208664,0.37962962962962965,0.2954856361149111,0.3220108695652174
2414.0,2414.0,2039.0,1612.0,282.0,0.0,77.0,0.0,0.0,68.0,54.0,14.0,375.0,98.0,0.0,0.0,0.0,0.0,185.0,92.0,73.0,19.0,2414.0,131.0,19.0,7.0,0.0,0.0,0.0,0.0,0.0,0.0,6.0,0.0,6.0,0.0,0.0,0.0,112.0,0.0,0.0,0.0,6.0,0.0,0.0,11.0,21.0,7.0,65.0,2.0,0.0,0.0,2283.0,1072.0,59.0,0.0,37.0,0.0,0.0,0.0,47.0,346.0,218.0,77.0,140.0,71.0,77.0,1211.0,31.0,0.0,116.0,34.0,0.0,55.0,105.0,272.0,184.0,125.0,104.0,111.0,74.0,131591.0,1096.0,505.0,591.0,1134.0,139.0,0.0,257.0,376.0,162.0,16.0,130.0,54.0,0.0,0.0,1096.0,505.0,10.0,371.0,124.0,0.0,0.0,0.0,591.0,106.0,347.0,99.0,39.0,0.0,0.0,591.0,55.0,51.0,75.0,111.0,37.0,64.0,7.0,38.0,68.0,85.0,25025120104,0.15534382767191385,131591.0,0.8774250440917107,0.10583941605839416,0.03189726594863297,0.11681855840927921,0.6677713338856669,0.4607664233576642,2414.0,0.054266777133388566,0.29949238578680204,0.5392335766423357,0.12257495590828923
2354.0,2354.0,2181.0,1745.0,89.0,7.0,178.0,0.0,35.0,127.0,42.0,85.0,173.0,36.0,24.0,19.0,0.0,0.0,18.0,76.0,61.0,15.0,2024.0,124.0,22.0,0.0,0.0,0.0,0.0,0.0,0.0,0.0,0.0,0.0,0.0,16.0,0.0,6.0,102.0,0.0,0.0,0.0,0.0,19.0,0.0,0.0,0.0,0.0,30.0,16.0,18.0,19.0,1900.0,930.0,64.0,10.0,97.0,18.0,17.0,18.0,23.0,92.0,84.0,118.0,182.0,143.0,64.0,970.0,27.0,20.0,16.0,42.0,9.0,15.0,18.0,98.0,91.0,149.0,192.0,170.0,123.0,198250.0,905.0,783.0,122.0,952.0,693.0,10.0,37.0,122.0,21.0,26.0,14.0,21.0,8.0,0.0,905.0,783.0,13.0,354.0,321.0,87.0,0.0,8.0,122.0,8.0,62.0,42.0,10.0,0.0,0.0,122.0,0.0,0.0,38.0,0.0,30.0,4.0,0.0,0.0,39.0,11.0,25025120105,0.07349192863211555,198250.0,0.2615546218487395,0.023204419889502764,0.07561597281223449,0.037807986406117246,0.7412914188615123,0.8651933701657458,2354.0,0.06126482213438735,0.3524590163934426,0.13480662983425415,0.7384453781512605
4256.0,4256.0,3547.0,2389.0,563.0,0.0,367.0,0.0,77.0,151.0,31.0,120.0,709.0,169.0,0.0,0.0,0.0,0.0,221.0,319.0,193.0,126.0,4256.0,627.0,237.0,0.0,0.0,0.0,0.0,0.0,0.0,0.0,22.0,169.0,20.0,0.0,0.0,26.0,390.0,0.0,0.0,0.0,0.0,0.0,0.0,33.0,100.0,22.0,27.0,73.0,120.0,15.0,3629.0,1818.0,170.0,19.0,28.0,77.0,0.0,18.0,43.0,692.0,294.0,238.0,134.0,68.0,37.0,1811.0,65.0,0.0,51.0,31.0,16.0,62.0,0.0,950.0,340.0,100.0,55.0,65.0,76.0,105701.0,2243.0,621.0,1622.0,2409.0,87.0,77.0,136.0,952.0,462.0,20.0,209.0,466.0,0.0,0.0,2243.0,621.0,109.0,340.0,172.0,0.0,0.0,0.0,1622.0,423.0,1097.0,102.0,0.0,0.0,0.0,1622.0,24.0,223.0,132.0,244.0,192.0,99.0,163.0,84.0,439.0,22.0,25025120201,0.16658834586466165,105701.0,0.9319219593192196,0.2371823450735622,0.0862312030075188,0.13228383458646617,0.5613251879699248,0.27686134641105664,4256.0,0.14732142857142858,0.4839704069050555,0.7231386535889434,0.06807804068078041
4873.0,4873.0,3543.0,2454.0,666.0,0.0,210.0,0.0,36.0,177.0,0.0,177.0,1330.0,39.0,139.0,0.0,0.0,0.0,447.0,705.0,600.0,105.0,4772.0,403.0,167.0,0.0,0.0,0.0,0.0,0.0,0.0,7.0,24.0,13.0,85.0,38.0,0.0,0.0,236.0,0.0,0.0,0.0,0.0,0.0,0.0,11.0,66.0,0.0,14.0,66.0,79.0,0.0,4369.0,2129.0,127.0,39.0,186.0,14.0,0.0,61.0,53.0,804.0,454.0,195.0,62.0,108.0,26.0,2240.0,50.0,17.0,46.0,49.0,0.0,32.0,244.0,790.0,204.0,426.0,233.0,116.0,33.0,129440.0,2197.0,906.0,1291.0,2239.0,280.0,182.0,162.0,1120.0,113.0,119.0,232.0,31.0,0.0,0.0,2197.0,906.0,139.0,551.0,175.0,31.0,10.0,0.0,1291.0,339.0,701.0,238.0,13.0,0.0,0.0,1291.0,139.0,33.0,177.0,238.0,160.0,192.0,85.0,91.0,75.0,101.0,25025120301,0.2729324851221014,129440.0,0.7936578829834747,0.21756941283568504,0.043094602914016004,0.13667145495587935,0.5035912169095014,0.41238051888939464,4873.0,0.08445096395641241,0.343144848954299,0.5876194811106054,0.20634211701652524
6931.0,6931.0,6427.0,5232.0,565.0,0.0,314.0,0.0,49.0,267.0,17.0,250.0,504.0,111.0,41.0,0.0,0.0,0.0,73.0,279.0,253.0,26.0,6802.0,394.0,81.0,0.0,0.0,0.0,0.0,0.0,0.0,34.0,30.0,0.0,0.0,7.0,10.0,0.0,313.0,0.0,0.0,0.0,0.0,0.0,0.0,197.0,10.0,0.0,0.0,23.0,22.0,61.0,6408.0,2981.0,232.0,27.0,125.0,0.0,37.0,42.0,50.0,758.0,670.0,348.0,354.0,196.0,142.0,3427.0,203.0,23.0,285.0,46.0,22.0,0.0,331.0,672.0,769.0,260.0,465.0,258.0,93.0,179289.0,3011.0,1991.0,1020.0,3032.0,369.0,163.0,548.0,1050.0,386.0,92.0,91.0,333.0,0.0,0.0,3011.0,1991.0,274.0,910.0,578.0,229.0,0.0,0.0,1020.0,198.0,581.0,128.0,113.0,0.0,0.0,1020.0,21.0,71.0,123.0,86.0,252.0,33.0,187.0,43.0,179.0,25.0,25025120400,0.07271677968547108,179289.0,0.8245382585751979,0.15675855197608768,0.04530370797864666,0.08151781849660944,0.7548694272110806,0.6612421122550648,6931.0,0.057924139958835635,0.43333333333333335,0.33875788774493526,0.17546174142480211
2427.0,2427.0,1740.0,1380.0,137.0,0.0,118.0,0.0,24.0,81.0,29.0,52.0,687.0,241.0,97.0,0.0,0.0,0.0,133.0,216.0,146.0,70.0,2427.0,360.0,144.0,8.0,0.0,13.0,0.0,14.0,0.0,58.0,22.0,17.0,0.0,8.0,4.0,0.0,216.0,0.0,0.0,29.0,13.0,9.0,0.0,7.0,116.0,0.0,0.0,11.0,17.0,14.0,2067.0,815.0,114.0,26.0,36.0,0.0,6.0,6.0,64.0,219.0,147.0,83.0,29.0,46.0,39.0,1252.0,48.0,8.0,38.0,60.0,0.0,0.0,14.0,474.0,161.0,85.0,63.0,42.0,259.0,185667.0,1060.0,502.0,558.0,1126.0,60.0,27.0,174.0,673.0,62.0,20.0,66.0,44.0,0.0,0.0,1060.0,502.0,198.0,202.0,102.0,0.0,0.0,0.0,558.0,208.0,261.0,78.0,11.0,0.0,0.0,558.0,18.0,58.0,40.0,95.0,29.0,67.0,47.0,38.0,153.0,13.0,25025120500,0.2830655129789864,185667.0,0.9227353463587922,0.38301886792452833,0.048619695096827356,0.05644829007004532,0.5686032138442522,0.47358490566037736,2427.0,0.14833127317676142,0.546594982078853,0.5264150943396226,0.07726465364120781
2402.0,2402.0,2126.0,1743.0,247.0,0.0,58.0,0.0,0.0,78.0,39.0,39.0,276.0,11.0,0.0,0.0,0.0,0.0,0.0,265.0,265.0,0.0,2402.0,79.0,19.0,0.0,0.0,0.0,0.0,0.0,0.0,0.0,7.0,12.0,0.0,0.0,0.0,0.0,60.0,0.0,0.0,0.0,0.0,0.0,0.0,6.0,16.0,16.0,2.0,0.0,10.0,10.0,2323.0,1082.0,28.0,33.0,159.0,7.0,9.0,0.0,10.0,428.0,122.0,41.0,199.0,46.0,0.0,1241.0,35.0,20.0,0.0,0.0,24.0,0.0,59.0,446.0,168.0,196.0,154.0,75.0,64.0,152727.0,1154.0,522.0,632.0,1225.0,175.0,46.0,366.0,511.0,127.0,0.0,0.0,0.0,0.0,0.0,1154.0,522.0,115.0,251.0,139.0,7.0,0.0,10.0,632.0,172.0,305.0,136.0,19.0,0.0,0.0,632.0,32.0,46.0,57.0,152.0,118.0,52.0,24.0,69.0,70.0,12.0,25025120600,0.11490424646128226,152727.0,0.8195918367346938,0.24870017331022531,0.02414654454621149,0.10283097418817652,0.7256452955870109,0.45233968804159447,2402.0,0.03288925895087427,0.3401898734177215,0.5476603119584056,0.18040816326530612
2050.0,2050.0,1579.0,1144.0,64.0,0.0,283.0,0.0,0.0,88.0,14.0,74.0,471.0,45.0,2.0,112.0,22.0,0.0,60.0,230.0,230.0,0.0,2050.0,109.0,40.0,8.0,0.0,0.0,0.0,0.0,0.0,12.0,20.0,0.0,0.0,0.0,0.0,0.0,69.0,0.0,0.0,0.0,7.0,0.0,0.0,3.0,14.0,10.0,2.0,16.0,5.0,12.0,1941.0,848.0,128.0,7.0,38.0,0.0,0.0,0.0,31.0,281.0,126.0,50.0,71.0,77.0,39.0,1093.0,44.0,0.0,27.0,112.0,0.0,0.0,26.0,352.0,171.0,41.0,127.0,83.0,110.0,161818.0,904.0,466.0,438.0,975.0,27.0,12.0,162.0,310.0,43.0,90.0,44.0,287.0,0.0,0.0,904.0,466.0,82.0,277.0,107.0,0.0,0.0,0.0,438.0,103.0,276.0,59.0,0.0,0.0,0.0,438.0,30.0,35.0,85.0,86.0,27.0,44.0,35.0,41.0,17.0,38.0,25025120700,0.22975609756097562,161818.0,0.96,0.20464601769911506,0.1380487804878049,0.03121951219512195,0.5580487804878049,0.5154867256637168,2050.0,0.05317073170731707,0.3127853881278539,0.48451327433628316,0.04
5841.0,5841.0,5316.0,4167.0,15.0,25.0,785.0,0.0,162.0,162.0,149.0,13.0,525.0,83.0,23.0,0.0,0.0,0.0,185.0,234.0,212.0,22.0,5836.0,366.0,213.0,23.0,0.0,22.0,0.0,0.0,0.0,0.0,0.0,99.0,16.0,0.0,26.0,27.0,153.0,0.0,0.0,0.0,0.0,0.0,0.0,28.0,20.0,14.0,0.0,40.0,0.0,51.0,5470.0,2464.0,219.0,68.0,0.0,372.0,67.0,13.0,71.0,404.0,426.0,313.0,228.0,191.0,92.0,3006.0,223.0,0.0,113.0,65.0,33.0,0.0,181.0,585.0,320.0,535.0,384.0,310.0,257.0,141642.0,2659.0,1711.0,948.0,2849.0,1461.0,248.0,275.0,33.0,266.0,106.0,254.0,206.0,0.0,0.0,2659.0,1711.0,118.0,846.0,611.0,94.0,17.0,25.0,948.0,41.0,551.0,304.0,52.0,0.0,0.0,948.0,16.0,68.0,242.0,178.0,42.0,45.0,82.0,37.0,211.0,27.0,25025130101,0.08988186954288649,141642.0,0.40014040014040014,0.05979691613388492,0.13439479541174457,0.0025680534155110425,0.7134052388289677,0.6434749905979692,5841.0,0.06271418779986292,0.39556962025316456,0.35652500940203086,0.5998595998595999
4581.0,4581.0,4161.0,3558.0,0.0,0.0,355.0,0.0,59.0,189.0,53.0,136.0,420.0,76.0,4.0,0.0,0.0,0.0,33.0,307.0,287.0,20.0,4507.0,157.0,114.0,0.0,0.0,0.0,0.0,0.0,0.0,0.0,0.0,25.0,3.0,83.0,0.0,3.0,43.0,12.0,0.0,0.0,0.0,0.0,0.0,0.0,12.0,0.0,0.0,0.0,0.0,19.0,4350.0,2001.0,164.0,0.0,112.0,141.0,0.0,46.0,101.0,271.0,391.0,249.0,237.0,197.0,92.0,2349.0,101.0,14.0,243.0,77.0,11.0,38.0,78.0,206.0,401.0,308.0,358.0,311.0,203.0,151089.0,1955.0,1458.0,497.0,2042.0,1186.0,44.0,415.0,136.0,154.0,35.0,56.0,16.0,0.0,0.0,1955.0,1458.0,65.0,579.0,630.0,154.0,19.0,11.0,497.0,25.0,347.0,71.0,54.0,0.0,0.0,497.0,0.0,46.0,59.0,82.0,93.0,53.0,0.0,0.0,111.0,53.0,25025130200,0.091683038637852,151089.0,0.39764936336924583,0.04603580562659847,0.07749399694389872,0.0,0.776686313032089,0.7457800511508952,4581.0,0.03483470157532727,0.3299798792756539,0.25421994884910487,0.6023506366307542
4211.0,4211.0,3949.0,3427.0,42.0,0.0,295.0,0.0,43.0,142.0,78.0,64.0,262.0,51.0,0.0,0.0,0.0,0.0,31.0,180.0,171.0,9.0,4211.0,123.0,64.0,0.0,0.0,12.0,0.0,0.0,0.0,0.0,30.0,3.0,3.0,16.0,0.0,0.0,59.0,0.0,0.0,0.0,0.0,0.0,0.0,4.0,0.0,0.0,9.0,46.0,0.0,0.0,4088.0,2025.0,74.0,12.0,33.0,85.0,24.0,70.0,65.0,300.0,262.0,231.0,390.0,328.0,151.0,2063.0,152.0,0.0,135.0,35.0,28.0,48.0,114.0,215.0,253.0,174.0,430.0,278.0,201.0,187121.0,1747.0,1480.0,267.0,1903.0,1321.0,41.0,310.0,82.0,31.0,47.0,37.0,0.0,34.0,0.0,1747.0,1480.0,55.0,462.0,751.0,161.0,30.0,21.0,267.0,65.0,167.0,35.0,0.0,0.0,0.0,267.0,0.0,17.0,28.0,112.0,20.0,0.0,0.0,35.0,40.0,15.0,25025130300,0.06221800047494657,187121.0,0.2842879663688912,0.06868918145392101,0.07005461885537877,0.009973877938731893,0.8138209451436713,0.8471665712650257,4211.0,0.029209213963429115,0.2808988764044944,0.15283342873497424,0.7157120336311088
5400.0,5400.0,5118.0,3780.0,98.0,0.0,711.0,0.0,0.0,529.0,25.0,504.0,282.0,53.0,0.0,0.0,0.0,0.0,196.0,33.0,33.0,0.0,5393.0,249.0,127.0,0.0,0.0,0.0,0.0,0.0,0.0,0.0,0.0,25.0,52.0,0.0,36.0,14.0,122.0,0.0,7.0,0.0,0.0,0.0,0.0,0.0,0.0,22.0,0.0,41.0,52.0,0.0,5144.0,2362.0,242.0,12.0,216.0,0.0,64.0,0.0,64.0,350.0,306.0,278.0,399.0,302.0,129.0,2782.0,215.0,93.0,85.0,120.0,0.0,58.0,100.0,580.0,202.0,430.0,403.0,326.0,170.0,108547.0,2177.0,1503.0,674.0,2452.0,1282.0,72.0,346.0,131.0,99.0,123.0,95.0,160.0,144.0,0.0,2177.0,1503.0,35.0,549.0,491.0,304.0,124.0,0.0,674.0,161.0,299.0,214.0,0.0,0.0,0.0,674.0,26.0,53.0,52.0,114.0,26.0,90.0,0.0,84.0,136.0,93.0,25025130402,0.052222222222222225,108547.0,0.44779771615008157,0.09003215434083602,0.13166666666666665,0.01814814814814815,0.7,0.690399632521819,5400.0,0.04617096235861302,0.4599406528189911,0.309600367478181,0.5522022838499184
2675.0,2675.0,2501.0,1586.0,410.0,0.0,234.0,0.0,51.0,220.0,112.0,108.0,174.0,34.0,0.0,0.0,0.0,0.0,132.0,8.0,8.0,0.0,2594.0,206.0,123.0,35.0,0.0,25.0,0.0,0.0,0.0,7.0,7.0,4.0,0.0,13.0,32.0,0.0,83.0,0.0,0.0,0.0,7.0,0.0,0.0,0.0,0.0,36.0,0.0,25.0,15.0,0.0,2388.0,1264.0,38.0,0.0,61.0,58.0,0.0,21.0,79.0,304.0,98.0,74.0,301.0,169.0,61.0,1124.0,39.0,13.0,54.0,0.0,24.0,51.0,27.0,160.0,142.0,158.0,197.0,146.0,113.0,95795.0,1373.0,771.0,602.0,1438.0,605.0,23.0,135.0,9.0,155.0,123.0,168.0,220.0,0.0,0.0,1373.0,771.0,10.0,312.0,358.0,68.0,23.0,0.0,602.0,255.0,313.0,34.0,0.0,0.0,0.0,602.0,0.0,34.0,18.0,18.0,34.0,148.0,7.0,45.0,259.0,39.0,25025130404,0.06504672897196262,95795.0,0.5632823365785814,0.1930080116533139,0.08747663551401869,0.15327102803738318,0.5928971962616822,0.5615440640932265,2675.0,0.07941403238242097,0.7624584717607974,0.4384559359067735,0.43671766342141866
5861.0,5861.0,4308.0,1117.0,2729.0,0.0,85.0,0.0,0.0,377.0,213.0,164.0,1553.0,18.0,236.0,0.0,0.0,0.0,815.0,484.0,320.0,164.0,5812.0,1491.0,210.0,87.0,0.0,0.0,0.0,0.0,0.0,15.0,2.0,58.0,15.0,0.0,15.0,18.0,1281.0,286.0,0.0,407.0,0.0,0.0,0.0,63.0,259.0,152.0,0.0,7.0,10.0,97.0,4321.0,1886.0,0.0,19.0,272.0,220.0,0.0,0.0,286.0,265.0,161.0,229.0,320.0,48.0,66.0,2435.0,128.0,84.0,384.0,159.0,0.0,0.0,31.0,402.0,408.0,312.0,264.0,213.0,50.0,46033.0,2282.0,506.0,1776.0,2512.0,568.0,819.0,72.0,36.0,500.0,125.0,177.0,215.0,0.0,0.0,2282.0,506.0,17.0,100.0,265.0,16.0,18.0,90.0,1776.0,479.0,1042.0,239.0,16.0,0.0,0.0,1776.0,18.0,136.0,121.0,35.0,129.0,264.0,160.0,275.0,606.0,32.0,25025130406,0.26497184780754135,46033.0,0.4478503184713376,0.21735319894829097,0.014502644599897628,0.46562020133083093,0.19058181197747825,0.22173531989482909,5861.0,0.25653819683413626,0.7347972972972973,0.7782646801051709,0.5521496815286624
5203.0,5203.0,4118.0,1911.0,1835.0,0.0,287.0,0.0,13.0,72.0,30.0,42.0,1085.0,42.0,255.0,0.0,0.0,0.0,531.0,257.0,145.0,112.0,5203.0,94.0,50.0,0.0,0.0,0.0,0.0,0.0,0.0,0.0,14.0,0.0,18.0,0.0,0.0,18.0,44.0,0.0,0.0,0.0,0.0,0.0,0.0,0.0,9.0,0.0,0.0,0.0,12.0,23.0,5109.0,2583.0,206.0,0.0,144.0,173.0,0.0,96.0,282.0,360.0,487.0,353.0,228.0,170.0,84.0,2526.0,77.0,0.0,155.0,229.0,87.0,159.0,68.0,293.0,377.0,244.0,372.0,288.0,177.0,130498.0,1805.0,1439.0,366.0,1929.0,1126.0,264.0,243.0,106.0,67.0,0.0,34.0,88.0,1.0,0.0,1805.0,1439.0,11.0,544.0,701.0,96.0,56.0,31.0,366.0,60.0,151.0,128.0,15.0,0.0,12.0,366.0,25.0,0.0,61.0,20.0,49.0,30.0,0.0,0.0,135.0,46.0,25025140102,0.2085335383432635,130498.0,0.279419388284085,0.03933518005540166,0.055160484335960026,0.3526811454929848,0.36728810301748993,0.7972299168975069,5203.0,0.018066500096098406,0.45081967213114754,0.2027700831024931,0.720580611715915
3746.0,3746.0,2757.0,1071.0,1470.0,0.0,64.0,0.0,0.0,152.0,0.0,152.0,989.0,238.0,13.0,0.0,0.0,0.0,393.0,345.0,317.0,28.0,3746.0,495.0,181.0,0.0,45.0,43.0,0.0,0.0,7.0,75.0,1.0,0.0,0.0,0.0,10.0,0.0,314.0,68.0,0.0,0.0,11.0,0.0,0.0,0.0,0.0,60.0,33.0,72.0,30.0,40.0,3251.0,1590.0,81.0,0.0,71.0,106.0,22.0,8.0,101.0,294.0,251.0,243.0,173.0,151.0,89.0,1661.0,27.0,61.0,125.0,33.0,66.0,16.0,66.0,162.0,210.0,263.0,262.0,257.0,113.0,89676.0,1315.0,861.0,454.0,1360.0,718.0,33.0,324.0,285.0,0.0,0.0,0.0,0.0,0.0,0.0,1315.0,861.0,79.0,398.0,320.0,56.0,0.0,8.0,454.0,95.0,243.0,116.0,0.0,0.0,0.0,454.0,0.0,0.0,12.0,93.0,0.0,107.0,36.0,0.0,146.0,60.0,25025140105,0.2640149492792312,89676.0,0.44779411764705884,0.132319391634981,0.017084890549919914,0.39241857981847306,0.2859049652963161,0.6547528517110266,3746.0,0.13214095034703685,0.6365638766519823,0.3452471482889734,0.5522058823529412
2217.0,2217.0,1677.0,511.0,996.0,0.0,46.0,0.0,19.0,105.0,0.0,105.0,540.0,132.0,25.0,0.0,0.0,0.0,162.0,221.0,179.0,42.0,2205.0,241.0,84.0,0.0,0.0,0.0,0.0,0.0,14.0,6.0,0.0,0.0,0.0,9.0,48.0,7.0,157.0,0.0,0.0,8.0,0.0,12.0,0.0,0.0,0.0,70.0,0.0,11.0,39.0,17.0,1964.0,797.0,73.0,0.0,78.0,46.0,24.0,34.0,68.0,121.0,165.0,33.0,37.0,92.0,26.0,1167.0,97.0,0.0,95.0,46.0,0.0,29.0,95.0,100.0,142.0,181.0,119.0,182.0,81.0,69135.0,1060.0,134.0,926.0,1134.0,102.0,461.0,119.0,69.0,108.0,9.0,111.0,155.0,0.0,0.0,1060.0,134.0,7.0,32.0,64.0,0.0,12.0,19.0,926.0,239.0,644.0,43.0,0.0,0.0,0.0,926.0,23.0,73.0,57.0,83.0,129.0,162.0,98.0,39.0,201.0,61.0,25025140106,0.2435723951285521,69135.0,0.5035273368606702,0.2320754716981132,0.02074875958502481,0.44925575101488496,0.2304916553901669,0.12641509433962264,2217.0,0.10929705215419501,0.5399568034557235,0.8735849056603774,0.4964726631393298
3063.0,3063.0,2009.0,798.0,1147.0,0.0,18.0,0.0,0.0,46.0,6.0,40.0,1054.0,0.0,145.0,0.0,0.0,0.0,642.0,267.0,165.0,102.0,3063.0,389.0,131.0,38.0,0.0,4.0,0.0,0.0,0.0,0.0,33.0,0.0,0.0,0.0,11.0,45.0,258.0,0.0,24.0,62.0,0.0,0.0,0.0,0.0,52.0,21.0,8.0,28.0,46.0,17.0,2674.0,1335.0,81.0,0.0,73.0,136.0,13.0,26.0,29.0,180.0,237.0,253.0,53.0,218.0,36.0,1339.0,95.0,29.0,62.0,17.0,16.0,4.0,25.0,221.0,184.0,241.0,112.0,172.0,161.0,107000.0,1126.0,833.0,293.0,1140.0,508.0,103.0,306.0,120.0,31.0,41.0,17.0,14.0,0.0,0.0,1126.0,833.0,107.0,241.0,355.0,58.0,11.0,61.0,293.0,105.0,94.0,94.0,0.0,0.0,0.0,293.0,51.0,0.0,30.0,61.0,13.0,38.0,0.0,31.0,56.0,13.0,25025140107,0.34410708455762323,107000.0,0.46403508771929824,0.1882770870337478,0.005876591576885406,0.37446947437153116,0.2605288932419197,0.7397868561278863,3063.0,0.12699967352269018,0.42662116040955633,0.2602131438721137,0.5359649122807018
2676.0,2676.0,2164.0,1024.0,904.0,0.0,48.0,0.0,165.0,23.0,7.0,16.0,512.0,16.0,92.0,6.0,0.0,0.0,215.0,183.0,183.0,0.0,2676.0,154.0,44.0,0.0,0.0,0.0,0.0,0.0,0.0,19.0,0.0,7.0,6.0,9.0,3.0,0.0,110.0,0.0,0.0,0.0,0.0,0.0,0.0,0.0,0.0,40.0,6.0,47.0,17.0,0.0,2522.0,1343.0,48.0,72.0,190.0,39.0,5.0,0.0,101.0,275.0,183.0,140.0,106.0,114.0,70.0,1179.0,117.0,11.0,126.0,68.0,0.0,19.0,43.0,199.0,214.0,197.0,49.0,72.0,64.0,112656.0,1029.0,374.0,655.0,1046.0,303.0,19.0,175.0,144.0,103.0,206.0,62.0,34.0,0.0,0.0,1029.0,374.0,14.0,199.0,116.0,28.0,17.0,0.0,655.0,69.0,425.0,150.0,11.0,0.0,0.0,655.0,63.0,33.0,99.0,79.0,53.0,4.0,70.0,53.0,154.0,47.0,25025140201,0.19133034379671152,112656.0,0.6921606118546845,0.08066083576287658,0.017937219730941704,0.33781763826606875,0.38266068759342303,0.36345966958211856,2676.0,0.05754857997010463,0.42900763358778626,0.6365403304178814,0.3078393881453155
5970.0,5970.0,4238.0,2169.0,1883.0,0.0,52.0,0.0,0.0,134.0,14.0,120.0,1732.0,239.0,0.0,0.0,0.0,0.0,826.0,667.0,582.0,85.0,5878.0,127.0,75.0,0.0,0.0,0.0,0.0,0.0,0.0,3.0,0.0,3.0,5.0,30.0,34.0,0.0,52.0,0.0,0.0,0.0,0.0,0.0,0.0,7.0,3.0,0.0,5.0,5.0,23.0,9.0,5751.0,2791.0,257.0,0.0,140.0,83.0,100.0,18.0,301.0,520.0,531.0,294.0,225.0,276.0,46.0,2960.0,199.0,75.0,199.0,11.0,0.0,136.0,133.0,585.0,426.0,286.0,370.0,241.0,299.0,109539.0,2092.0,1273.0,819.0,2143.0,802.0,147.0,480.0,376.0,48.0,17.0,256.0,17.0,0.0,0.0,2092.0,1273.0,0.0,699.0,305.0,226.0,28.0,15.0,819.0,97.0,164.0,477.0,81.0,0.0,0.0,819.0,15.0,41.0,198.0,60.0,56.0,100.0,105.0,34.0,176.0,34.0,25025140202,0.2901172529313233,109539.0,0.5571628558096127,0.046367112810707455,0.008710217755443886,0.3154103852596315,0.36331658291457286,0.608508604206501,5970.0,0.021605988431439266,0.5067155067155067,0.39149139579349906,0.44283714419038733
6856.0,6856.0,4382.0,1321.0,2879.0,63.0,17.0,0.0,0.0,102.0,22.0,80.0,2474.0,545.0,0.0,0.0,163.0,80.0,749.0,937.0,937.0,0.0,6822.0,644.0,327.0,0.0,0.0,0.0,0.0,0.0,0.0,80.0,22.0,61.0,0.0,0.0,94.0,70.0,317.0,0.0,0.0,0.0,0.0,0.0,0.0,0.0,1.0,124.0,0.0,1.0,30.0,161.0,6178.0,2507.0,36.0,0.0,219.0,151.0,71.0,4.0,85.0,856.0,172.0,222.0,290.0,194.0,207.0,3671.0,208.0,8.0,29.0,95.0,109.0,0.0,393.0,535.0,396.0,443.0,776.0,408.0,271.0,80245.0,2721.0,902.0,1819.0,2787.0,749.0,233.0,458.0,994.0,57.0,43.0,27.0,226.0,0.0,0.0,2721.0,902.0,115.0,334.0,294.0,101.0,15.0,43.0,1819.0,738.0,544.0,270.0,209.0,58.0,0.0,1819.0,39.0,32.0,64.0,298.0,302.0,214.0,257.0,61.0,475.0,77.0,25025140300,0.36085180863477245,80245.0,0.6476498026551848,0.3134876883498714,0.0024795799299883316,0.41992415402567096,0.1926779463243874,0.33149577361264243,6856.0,0.09440046907065376,0.5536008796041781,0.6685042263873576,0.3523501973448152
8378.0,8378.0,6344.0,1027.0,4740.0,0.0,85.0,0.0,17.0,475.0,176.0,299.0,2034.0,73.0,214.0,0.0,0.0,50.0,909.0,788.0,606.0,182.0,8378.0,880.0,371.0,0.0,0.0,0.0,52.0,0.0,0.0,0.0,3.0,209.0,0.0,0.0,83.0,24.0,509.0,0.0,0.0,25.0,48.0,0.0,0.0,28.0,25.0,131.0,73.0,52.0,83.0,44.0,7498.0,3719.0,194.0,144.0,196.0,68.0,58.0,75.0,283.0,354.0,770.0,339.0,718.0,445.0,75.0,3779.0,41.0,0.0,270.0,80.0,59.0,16.0,274.0,756.0,454.0,329.0,616.0,369.0,515.0,110794.0,3072.0,2208.0,864.0,3157.0,1409.0,329.0,255.0,271.0,124.0,136.0,455.0,178.0,0.0,0.0,3072.0,2208.0,186.0,897.0,649.0,375.0,95.0,6.0,864.0,367.0,344.0,153.0,0.0,0.0,0.0,864.0,0.0,29.0,151.0,121.0,22.0,96.0,59.0,68.0,213.0,105.0,25025140400,0.2427787061351158,110794.0,0.44947735191637633,0.18001302083333334,0.010145619479589401,0.5657674862735736,0.12258295535927428,0.71875,8378.0,0.10503700167104321,0.5046296296296297,0.28125,0.5505226480836237
3652.0,3652.0,961.0,320.0,490.0,0.0,17.0,0.0,74.0,60.0,14.0,46.0,2691.0,64.0,36.0,116.0,0.0,0.0,420.0,2055.0,1424.0,631.0,3585.0,856.0,497.0,77.0,9.0,44.0,35.0,33.0,25.0,44.0,60.0,47.0,13.0,10.0,24.0,76.0,359.0,62.0,0.0,22.0,14.0,12.0,20.0,39.0,59.0,82.0,0.0,0.0,23.0,26.0,2729.0,1465.0,48.0,15.0,85.0,52.0,33.0,34.0,136.0,301.0,308.0,233.0,75.0,129.0,16.0,1264.0,204.0,0.0,98.0,18.0,31.0,0.0,64.0,270.0,231.0,221.0,80.0,47.0,0.0,78664.0,1189.0,187.0,1002.0,1189.0,20.0,62.0,131.0,338.0,281.0,66.0,121.0,156.0,14.0,0.0,1189.0,187.0,10.0,103.0,18.0,47.0,9.0,0.0,1002.0,376.0,408.0,206.0,12.0,0.0,0.0,1002.0,74.0,103.0,98.0,74.0,150.0,70.0,59.0,69.0,276.0,29.0,25025160102,0.7368565169769989,78664.0,0.9310344827586207,0.3246425567703953,0.004654983570646221,0.13417305585980285,0.08762322015334063,0.15727502102607233,3652.0,0.2387726638772664,0.47305389221556887,0.8427249789739276,0.06896551724137931
4838.0,4838.0,1158.0,513.0,452.0,0.0,11.0,0.0,0.0,182.0,175.0,7.0,3680.0,124.0,0.0,0.0,0.0,0.0,1021.0,2535.0,1381.0,1154.0,4608.0,1237.0,464.0,41.0,0.0,61.0,38.0,0.0,0.0,93.0,18.0,103.0,110.0,0.0,0.0,0.0,773.0,85.0,0.0,63.0,0.0,68.0,35.0,101.0,51.0,132.0,238.0,0.0,0.0,0.0,3371.0,1500.0,89.0,0.0,23.0,141.0,0.0,58.0,201.0,196.0,234.0,296.0,157.0,94.0,11.0,1871.0,184.0,59.0,29.0,131.0,68.0,16.0,199.0,96.0,218.0,361.0,301.0,154.0,55.0,75169.0,1280.0,419.0,861.0,1280.0,19.0,76.0,393.0,524.0,17.0,0.0,74.0,177.0,0.0,0.0,1280.0,419.0,49.0,268.0,93.0,9.0,0.0,0.0,861.0,499.0,195.0,146.0,11.0,10.0,0.0,861.0,0.0,60.0,34.0,190.0,49.0,44.0,59.0,46.0,379.0,0.0,25025160103,0.7606448945845391,75169.0,0.92578125,0.428125,0.0022736668044646548,0.09342703596527491,0.10603555188094253,0.32734375,4838.0,0.2684461805555556,0.6132404181184669,0.67265625,0.07421875
4703.0,4703.0,363.0,266.0,85.0,0.0,12.0,0.0,0.0,0.0,0.0,0.0,4340.0,27.0,0.0,0.0,0.0,0.0,650.0,3663.0,2259.0,1404.0,4527.0,1074.0,557.0,32.0,0.0,35.0,44.0,21.0,0.0,130.0,21.0,18.0,115.0,72.0,22.0,47.0,517.0,24.0,18.0,0.0,22.0,0.0,9.0,27.0,45.0,113.0,156.0,35.0,26.0,42.0,3453.0,2093.0,149.0,82.0,109.0,39.0,0.0,45.0,134.0,333.0,395.0,446.0,290.0,22.0,49.0,1360.0,191.0,17.0,258.0,53.0,0.0,21.0,109.0,179.0,221.0,123.0,85.0,64.0,39.0,76067.0,1182.0,145.0,1037.0,1287.0,26.0,9.0,183.0,814.0,85.0,12.0,137.0,21.0,0.0,0.0,1182.0,145.0,0.0,84.0,28.0,0.0,33.0,0.0,1037.0,496.0,340.0,173.0,28.0,0.0,0.0,1037.0,0.0,33.0,110.0,91.0,153.0,153.0,98.0,151.0,214.0,34.0,25025160200,0.922815224324899,76067.0,0.9728049728049728,0.4196277495769882,0.0025515628322347436,0.01807357006166277,0.056559642781203484,0.12267343485617598,4703.0,0.23724320742213387,0.5940212150433944,0.877326565143824,0.027195027195027196
2331.0,2331.0,1810.0,1495.0,111.0,0.0,53.0,0.0,15.0,136.0,13.0,123.0,521.0,66.0,0.0,21.0,0.0,0.0,27.0,407.0,383.0,24.0,2247.0,321.0,134.0,10.0,0.0,0.0,0.0,0.0,0.0,0.0,23.0,22.0,0.0,12.0,45.0,22.0,187.0,0.0,0.0,0.0,0.0,0.0,0.0,9.0,26.0,0.0,0.0,50.0,41.0,61.0,1926.0,985.0,10.0,0.0,38.0,0.0,0.0,54.0,42.0,292.0,142.0,38.0,163.0,66.0,140.0,941.0,40.0,0.0,14.0,15.0,0.0,0.0,8.0,254.0,131.0,123.0,95.0,70.0,191.0,77750.0,1395.0,471.0,924.0,1395.0,97.0,125.0,36.0,111.0,144.0,38.0,189.0,655.0,0.0,0.0,1395.0,471.0,18.0,303.0,131.0,19.0,0.0,0.0,924.0,431.0,320.0,173.0,0.0,0.0,0.0,924.0,10.0,39.0,63.0,136.0,75.0,227.0,73.0,113.0,130.0,58.0,25025160300,0.2235092235092235,77750.0,0.8408602150537634,0.3218637992831541,0.022737022737022737,0.047619047619047616,0.6413556413556414,0.33763440860215055,2331.0,0.14285714285714285,0.5876623376623377,0.6623655913978495,0.15913978494623657
3614.0,3614.0,1366.0,824.0,142.0,0.0,136.0,0.0,17.0,247.0,81.0,166.0,2248.0,20.0,0.0,0.0,0.0,0.0,417.0,1811.0,879.0,932.0,3614.0,878.0,319.0,0.0,0.0,41.0,30.0,0.0,32.0,0.0,55.0,43.0,27.0,54.0,0.0,37.0,559.0,50.0,0.0,37.0,48.0,33.0,0.0,76.0,98.0,90.0,32.0,33.0,62.0,0.0,2736.0,1408.0,102.0,0.0,109.0,47.0,31.0,11.0,135.0,234.0,265.0,205.0,217.0,37.0,15.0,1328.0,39.0,93.0,0.0,93.0,0.0,34.0,83.0,360.0,304.0,189.0,64.0,42.0,27.0,72711.0,1544.0,104.0,1440.0,1642.0,44.0,0.0,87.0,536.0,75.0,110.0,247.0,543.0,0.0,0.0,1544.0,104.0,21.0,39.0,33.0,11.0,0.0,0.0,1440.0,515.0,633.0,292.0,0.0,0.0,0.0,1440.0,124.0,52.0,117.0,150.0,235.0,37.0,109.0,110.0,453.0,53.0,25025160400,0.6220254565578307,72711.0,0.9732034104750305,0.3471502590673575,0.03763143331488655,0.039291643608190374,0.2280022136137244,0.06735751295336788,3614.0,0.24294410625345877,0.49236111111111114,0.9326424870466321,0.02679658952496955
5576.0,5576.0,1603.0,717.0,377.0,0.0,152.0,0.0,0.0,357.0,57.0,300.0,3973.0,504.0,316.0,0.0,0.0,0.0,1161.0,1992.0,1673.0,319.0,5495.0,1041.0,662.0,0.0,27.0,0.0,22.0,31.0,0.0,92.0,209.0,2.0,49.0,154.0,53.0,23.0,379.0,0.0,0.0,0.0,0.0,0.0,100.0,0.0,27.0,9.0,140.0,44.0,0.0,59.0,4454.0,2240.0,218.0,35.0,204.0,47.0,10.0,19.0,49.0,512.0,239.0,285.0,221.0,220.0,181.0,2214.0,21.0,0.0,237.0,133.0,39.0,86.0,61.0,713.0,149.0,230.0,256.0,132.0,157.0,53168.0,1973.0,552.0,1421.0,2080.0,393.0,124.0,356.0,655.0,179.0,172.0,0.0,201.0,0.0,0.0,1973.0,552.0,6.0,201.0,281.0,47.0,17.0,0.0,1421.0,505.0,679.0,222.0,15.0,0.0,0.0,1421.0,15.0,54.0,70.0,36.0,261.0,121.0,70.0,35.0,710.0,49.0,25025160501,0.7125179340028694,53168.0,0.7514423076923077,0.25899645210339584,0.027259684361549498,0.06761119081779053,0.1285868005738881,0.2797769893563102,5576.0,0.1894449499545041,0.6586910626319493,0.7202230106436898,0.2485576923076923
5352.0,5352.0,2082.0,932.0,382.0,0.0,81.0,0.0,197.0,490.0,124.0,366.0,3270.0,196.0,94.0,71.0,0.0,0.0,1207.0,1702.0,965.0,737.0,5288.0,1226.0,514.0,108.0,0.0,32.0,11.0,0.0,56.0,79.0,72.0,49.0,35.0,24.0,33.0,15.0,712.0,237.0,0.0,16.0,70.0,0.0,13.0,48.0,122.0,51.0,57.0,41.0,37.0,20.0,4062.0,1896.0,111.0,0.0,99.0,27.0,35.0,50.0,335.0,393.0,378.0,149.0,185.0,100.0,34.0,2166.0,191.0,0.0,248.0,51.0,0.0,128.0,159.0,336.0,249.0,224.0,368.0,106.0,106.0,64167.0,1928.0,572.0,1356.0,2002.0,139.0,107.0,231.0,403.0,152.0,364.0,215.0,391.0,0.0,0.0,1928.0,572.0,129.0,282.0,100.0,42.0,19.0,0.0,1356.0,431.0,724.0,160.0,41.0,0.0,0.0,1356.0,148.0,89.0,106.0,145.0,64.0,158.0,93.0,127.0,426.0,0.0,25025160502,0.6109865470852018,64167.0,0.8771228771228772,0.29045643153526973,0.015134529147982063,0.07137518684603886,0.1741405082212257,0.2966804979253112,5352.0,0.23184568835098335,0.5929203539823009,0.7033195020746889,0.12287712287712288
4901.0,4901.0,1843.0,1070.0,410.0,0.0,76.0,0.0,15.0,272.0,69.0,203.0,3058.0,313.0,0.0,40.0,0.0,0.0,992.0,1713.0,811.0,902.0,4776.0,254.0,156.0,0.0,0.0,0.0,0.0,0.0,0.0,3.0,91.0,12.0,0.0,8.0,19.0,23.0,98.0,0.0,0.0,0.0,0.0,0.0,0.0,0.0,30.0,0.0,57.0,0.0,0.0,11.0,4522.0,2343.0,130.0,0.0,109.0,16.0,31.0,50.0,174.0,655.0,417.0,228.0,313.0,143.0,77.0,2179.0,283.0,18.0,131.0,0.0,70.0,25.0,170.0,522.0,407.0,157.0,229.0,104.0,63.0,100917.0,1569.0,374.0,1195.0,1601.0,89.0,32.0,315.0,248.0,169.0,53.0,80.0,615.0,0.0,0.0,1569.0,374.0,34.0,152.0,129.0,52.0,7.0,0.0,1195.0,209.0,674.0,258.0,0.0,54.0,0.0,1195.0,10.0,130.0,93.0,146.0,153.0,169.0,101.0,148.0,235.0,10.0,25025160601,0.6239542950418282,100917.0,0.924422236102436,0.15487571701720843,0.015507039379718425,0.08365639665374414,0.21832279126708834,0.23836838750796685,4901.0,0.05318257956448911,0.5464435146443515,0.7616316124920331,0.07557776389756403
4941.0,4941.0,1862.0,933.0,379.0,0.0,294.0,0.0,63.0,193.0,0.0,193.0,3079.0,282.0,0.0,0.0,0.0,0.0,639.0,2158.0,685.0,1473.0,4913.0,1215.0,663.0,0.0,18.0,0.0,69.0,49.0,10.0,62.0,116.0,186.0,81.0,28.0,40.0,4.0,552.0,73.0,0.0,47.0,70.0,34.0,33.0,23.0,67.0,99.0,8.0,42.0,15.0,41.0,3698.0,1897.0,132.0,52.0,99.0,0.0,50.0,117.0,125.0,340.0,451.0,181.0,240.0,52.0,58.0,1801.0,115.0,30.0,31.0,256.0,6.0,65.0,106.0,341.0,231.0,308.0,161.0,123.0,28.0,70800.0,1656.0,744.0,912.0,1689.0,367.0,91.0,546.0,242.0,235.0,133.0,75.0,0.0,0.0,0.0,1656.0,744.0,24.0,305.0,214.0,71.0,39.0,91.0,912.0,143.0,625.0,144.0,0.0,0.0,0.0,912.0,111.0,0.0,79.0,43.0,37.0,11.0,59.0,22.0,509.0,41.0,25025160602,0.6231532078526614,70800.0,0.7288336293664891,0.10084541062801933,0.05950212507589557,0.07670512042096742,0.18882817243472982,0.4492753623188406,4941.0,0.24730307347852637,0.6589912280701754,0.5507246376811594,0.27116637063351096
3702.0,3702.0,2357.0,1681.0,100.0,10.0,332.0,0.0,96.0,138.0,68.0,70.0,1345.0,379.0,0.0,0.0,12.0,0.0,684.0,270.0,211.0,59.0,3641.0,382.0,136.0,0.0,0.0,52.0,0.0,0.0,0.0,0.0,0.0,55.0,0.0,11.0,0.0,18.0,246.0,0.0,0.0,0.0,46.0,0.0,0.0,0.0,0.0,41.0,44.0,7.0,25.0,83.0,3259.0,1633.0,55.0,0.0,82.0,114.0,0.0,10.0,83.0,240.0,292.0,218.0,238.0,214.0,87.0,1626.0,51.0,0.0,215.0,63.0,65.0,21.0,79.0,117.0,286.0,151.0,320.0,106.0,152.0,97596.0,1213.0,620.0,593.0,1253.0,418.0,122.0,344.0,92.0,0.0,30.0,97.0,150.0,0.0,0.0,1213.0,620.0,12.0,233.0,307.0,43.0,0.0,25.0,593.0,229.0,217.0,118.0,29.0,0.0,0.0,593.0,0.0,15.0,106.0,26.0,0.0,70.0,31.0,0.0,239.0,106.0,25025170101,0.3633171258779038,97596.0,0.5690343176376695,0.19868095630667765,0.08968125337655321,0.02701242571582928,0.45407887628309024,0.5111294311624073,3702.0,0.10491623180444933,0.5733558178752108,0.4888705688375927,0.4309656823623304
5262.0,5262.0,2535.0,2138.0,108.0,0.0,70.0,0.0,0.0,219.0,89.0,130.0,2727.0,432.0,9.0,0.0,0.0,0.0,776.0,1510.0,1469.0,41.0,5150.0,156.0,61.0,0.0,0.0,0.0,0.0,0.0,7.0,0.0,15.0,13.0,0.0,21.0,5.0,0.0,95.0,0.0,0.0,15.0,0.0,0.0,12.0,19.0,4.0,11.0,0.0,18.0,16.0,0.0,4994.0,2645.0,188.0,0.0,147.0,36.0,0.0,26.0,86.0,373.0,758.0,442.0,291.0,205.0,93.0,2349.0,83.0,30.0,281.0,75.0,0.0,83.0,28.0,485.0,191.0,353.0,394.0,128.0,218.0,118077.0,1542.0,1092.0,450.0,1613.0,796.0,57.0,563.0,95.0,81.0,14.0,7.0,0.0,0.0,0.0,1542.0,1092.0,65.0,274.0,523.0,177.0,45.0,8.0,450.0,74.0,164.0,127.0,85.0,0.0,0.0,450.0,17.0,0.0,0.0,132.0,7.0,61.0,24.0,130.0,65.0,14.0,25025170102,0.5182440136830102,118077.0,0.47117172969621823,0.09014267185473411,0.01330292664386165,0.020524515393386546,0.40630938806537437,0.708171206225681,5262.0,0.030291262135922332,0.6222222222222222,0.2918287937743191,0.5288282703037818
5129.0,5129.0,3622.0,3246.0,137.0,0.0,121.0,0.0,12.0,106.0,9.0,97.0,1507.0,21.0,22.0,20.0,0.0,0.0,587.0,857.0,459.0,398.0,5021.0,987.0,562.0,50.0,0.0,16.0,64.0,38.0,49.0,43.0,10.0,0.0,35.0,54.0,37.0,166.0,425.0,86.0,0.0,0.0,0.0,0.0,0.0,39.0,9.0,87.0,8.0,117.0,60.0,19.0,4034.0,2053.0,49.0,44.0,104.0,9.0,16.0,96.0,175.0,490.0,204.0,135.0,401.0,216.0,114.0,1981.0,157.0,22.0,138.0,57.0,40.0,16.0,206.0,212.0,257.0,180.0,234.0,201.0,261.0,54524.0,1924.0,881.0,1043.0,2180.0,682.0,577.0,591.0,253.0,52.0,11.0,14.0,0.0,0.0,0.0,1924.0,881.0,83.0,252.0,319.0,150.0,68.0,9.0,1043.0,453.0,343.0,184.0,63.0,0.0,0.0,1043.0,50.0,94.0,95.0,0.0,62.0,112.0,29.0,186.0,415.0,0.0,25025170200,0.2938194579840125,54524.0,0.4224770642201835,0.2785862785862786,0.023591343341782024,0.026710859816728407,0.6328719048547475,0.4579002079002079,5129.0,0.19657438757219678,0.7114093959731543,0.5420997920997921,0.5775229357798165
6055.0,6055.0,4879.0,3403.0,828.0,0.0,341.0,0.0,20.0,287.0,287.0,0.0,1176.0,377.0,0.0,0.0,0.0,0.0,268.0,531.0,531.0,0.0,6055.0,547.0,301.0,0.0,0.0,0.0,0.0,91.0,19.0,50.0,0.0,32.0,6.0,0.0,86.0,17.0,246.0,0.0,0.0,18.0,87.0,0.0,0.0,0.0,0.0,17.0,68.0,24.0,0.0,32.0,5508.0,2941.0,209.0,26.0,101.0,68.0,14.0,130.0,140.0,630.0,476.0,496.0,312.0,166.0,173.0,2567.0,89.0,0.0,145.0,3.0,35.0,10.0,51.0,533.0,254.0,434.0,605.0,209.0,199.0,108438.0,2155.0,1496.0,659.0,2378.0,1027.0,244.0,870.0,53.0,0.0,184.0,0.0,0.0,0.0,0.0,2155.0,1496.0,75.0,449.0,585.0,281.0,81.0,25.0,659.0,77.0,339.0,161.0,82.0,0.0,0.0,659.0,24.0,191.0,35.0,0.0,76.0,58.0,0.0,43.0,112.0,120.0,25025170301,0.19421965317919074,108438.0,0.46551724137931033,0.07053364269141531,0.05631709331131297,0.13674649050371593,0.5620148637489678,0.694199535962877,6055.0,0.09033856317093311,0.3232169954476479,0.30580046403712297,0.5344827586206896
3540.0,3540.0,2915.0,1747.0,333.0,0.0,437.0,0.0,258.0,140.0,140.0,0.0,625.0,21.0,0.0,22.0,47.0,0.0,381.0,154.0,134.0,20.0,3380.0,729.0,310.0,0.0,50.0,111.0,0.0,0.0,0.0,31.0,35.0,27.0,56.0,0.0,0.0,0.0,419.0,0.0,0.0,60.0,0.0,0.0,0.0,9.0,114.0,130.0,95.0,11.0,0.0,0.0,2651.0,1396.0,93.0,0.0,31.0,0.0,0.0,27.0,38.0,486.0,288.0,256.0,100.0,47.0,30.0,1255.0,99.0,0.0,25.0,0.0,0.0,36.0,100.0,395.0,230.0,235.0,56.0,39.0,40.0,110671.0,1687.0,246.0,1441.0,1919.0,137.0,47.0,109.0,0.0,28.0,161.0,293.0,1144.0,0.0,0.0,1687.0,246.0,16.0,60.0,107.0,9.0,19.0,35.0,1441.0,189.0,790.0,418.0,44.0,0.0,0.0,1441.0,19.0,45.0,251.0,111.0,211.0,115.0,119.0,72.0,407.0,91.0,25025170302,0.1765536723163842,110671.0,0.9041167274622199,0.12151748666271488,0.12344632768361583,0.0940677966101695,0.49350282485875707,0.14582098399525786,3540.0,0.21568047337278107,0.49479528105482307,0.8541790160047421,0.09588327253778009
5147.0,5147.0,3355.0,2558.0,508.0,0.0,152.0,0.0,25.0,112.0,104.0,8.0,1792.0,313.0,0.0,96.0,0.0,0.0,873.0,510.0,461.0,49.0,5147.0,423.0,136.0,0.0,0.0,0.0,27.0,15.0,0.0,0.0,9.0,0.0,11.0,54.0,18.0,2.0,287.0,0.0,0.0,0.0,24.0,0.0,0.0,37.0,0.0,30.0,0.0,7.0,74.0,115.0,4724.0,2150.0,51.0,19.0,54.0,89.0,45.0,61.0,123.0,317.0,224.0,273.0,373.0,389.0,132.0,2574.0,50.0,44.0,136.0,138.0,0.0,145.0,154.0,521.0,316.0,256.0,351.0,218.0,245.0,72674.0,2050.0,918.0,1132.0,2179.0,610.0,130.0,933.0,163.0,108.0,61.0,33.0,141.0,0.0,0.0,2050.0,918.0,27.0,259.0,427.0,173.0,23.0,9.0,1132.0,245.0,560.0,254.0,73.0,0.0,0.0,1132.0,34.0,22.0,198.0,97.0,72.0,139.0,30.0,106.0,385.0,49.0,25025170400,0.34816397901690305,72674.0,0.6603946764570904,0.1326829268292683,0.029531766077326597,0.098698270837381,0.4969885370118516,0.4478048780487805,5147.0,0.08218379638624441,0.5830388692579506,0.5521951219512196,0.33960532354290957
4314.0,4314.0,3207.0,2723.0,145.0,0.0,100.0,0.0,93.0,146.0,89.0,57.0,1107.0,45.0,45.0,0.0,0.0,0.0,536.0,481.0,449.0,32.0,4277.0,622.0,161.0,0.0,0.0,0.0,0.0,13.0,0.0,9.0,4.0,51.0,9.0,44.0,0.0,31.0,461.0,42.0,0.0,41.0,21.0,0.0,57.0,33.0,69.0,21.0,64.0,24.0,55.0,34.0,3655.0,1988.0,53.0,103.0,172.0,117.0,37.0,125.0,69.0,274.0,166.0,351.0,138.0,202.0,181.0,1667.0,74.0,0.0,127.0,72.0,37.0,26.0,26.0,332.0,140.0,168.0,180.0,249.0,236.0,74967.0,1763.0,1025.0,738.0,1915.0,560.0,116.0,171.0,73.0,27.0,0.0,145.0,823.0,0.0,0.0,1763.0,1025.0,82.0,368.0,489.0,70.0,16.0,0.0,738.0,225.0,435.0,78.0,0.0,0.0,0.0,738.0,52.0,35.0,20.0,66.0,41.0,53.0,107.0,167.0,179.0,18.0,25025170502,0.2566063977746871,74967.0,0.6469973890339425,0.17413499716392514,0.023180343069077423,0.033611497450162266,0.6312007417709782,0.5813953488372093,4314.0,0.14542903904606033,0.6856368563685636,0.4186046511627907,0.35300261096605745
1361.0,1361.0,966.0,886.0,0.0,0.0,27.0,0.0,0.0,53.0,42.0,11.0,395.0,38.0,0.0,0.0,20.0,0.0,76.0,261.0,229.0,32.0,1357.0,261.0,75.0,0.0,0.0,0.0,0.0,0.0,0.0,4.0,4.0,0.0,0.0,53.0,10.0,4.0,186.0,0.0,0.0,30.0,30.0,0.0,0.0,3.0,5.0,25.0,0.0,39.0,22.0,32.0,1096.0,486.0,40.0,0.0,44.0,0.0,5.0,0.0,15.0,91.0,91.0,42.0,94.0,37.0,27.0,610.0,21.0,0.0,5.0,25.0,8.0,25.0,22.0,135.0,101.0,105.0,26.0,76.0,61.0,62188.0,749.0,447.0,302.0,749.0,115.0,10.0,157.0,49.0,12.0,0.0,20.0,386.0,0.0,0.0,749.0,447.0,52.0,296.0,86.0,13.0,0.0,0.0,302.0,70.0,192.0,20.0,20.0,0.0,0.0,302.0,31.0,0.0,29.0,30.0,7.0,31.0,0.0,26.0,103.0,45.0,25025170503,0.29022777369581193,62188.0,0.8331108144192256,0.1628838451268358,0.019838354151359296,0.0,0.6509919177075679,0.5967957276368492,1361.0,0.19233603537214444,0.5298013245033113,0.4032042723631509,0.16688918558077437
3213.0,3213.0,1937.0,1371.0,150.0,0.0,172.0,0.0,160.0,84.0,40.0,44.0,1276.0,26.0,0.0,0.0,0.0,0.0,237.0,1013.0,721.0,292.0,3213.0,128.0,30.0,0.0,0.0,0.0,0.0,0.0,0.0,7.0,0.0,0.0,11.0,12.0,0.0,0.0,98.0,0.0,0.0,8.0,0.0,0.0,0.0,24.0,0.0,0.0,24.0,15.0,0.0,27.0,3085.0,1787.0,4.0,0.0,65.0,16.0,20.0,27.0,227.0,587.0,339.0,333.0,107.0,62.0,0.0,1298.0,71.0,6.0,72.0,39.0,0.0,0.0,174.0,402.0,205.0,190.0,50.0,68.0,21.0,119559.0,1538.0,346.0,1192.0,1760.0,101.0,20.0,104.0,88.0,40.0,157.0,27.0,1223.0,0.0,0.0,1538.0,346.0,145.0,80.0,59.0,62.0,0.0,0.0,1192.0,282.0,698.0,168.0,44.0,0.0,0.0,1192.0,13.0,18.0,208.0,276.0,115.0,110.0,88.0,74.0,200.0,90.0,25025170504,0.3971366324307501,119559.0,0.93125,0.2776332899869961,0.053532524120759414,0.04668534080298786,0.42670401493930904,0.22496749024707413,3213.0,0.03983815748521631,0.3959731543624161,0.7750325097529259,0.06875
5747.0,5747.0,3323.0,2315.0,215.0,0.0,228.0,0.0,177.0,388.0,270.0,118.0,2424.0,180.0,0.0,0.0,0.0,0.0,1123.0,1121.0,944.0,177.0,5747.0,163.0,40.0,0.0,0.0,10.0,0.0,0.0,0.0,0.0,0.0,7.0,1.0,20.0,2.0,0.0,123.0,8.0,0.0,10.0,0.0,0.0,0.0,0.0,43.0,0.0,15.0,0.0,47.0,0.0,5584.0,2824.0,90.0,0.0,243.0,13.0,58.0,0.0,271.0,396.0,518.0,636.0,278.0,189.0,132.0,2760.0,210.0,0.0,340.0,149.0,64.0,12.0,122.0,347.0,293.0,378.0,355.0,291.0,199.0,97793.0,1779.0,1100.0,679.0,2131.0,577.0,43.0,647.0,552.0,69.0,36.0,0.0,207.0,0.0,0.0,1779.0,1100.0,34.0,358.0,467.0,180.0,22.0,39.0,679.0,285.0,156.0,196.0,42.0,0.0,0.0,679.0,19.0,16.0,166.0,0.0,0.0,81.0,50.0,120.0,227.0,0.0,25025170601,0.42178527927614407,97793.0,0.7090567808540591,0.17931422147273748,0.03967287280320167,0.03741082303810684,0.4028188620149643,0.6183249016301293,5747.0,0.02836262397772751,0.7039764359351989,0.38167509836987074,0.29094321914594085
2435.0,2435.0,1369.0,922.0,97.0,0.0,92.0,0.0,10.0,248.0,156.0,92.0,1066.0,90.0,64.0,11.0,0.0,0.0,178.0,723.0,611.0,112.0,2435.0,107.0,31.0,13.0,0.0,0.0,0.0,0.0,0.0,0.0,6.0,0.0,0.0,2.0,10.0,0.0,76.0,0.0,0.0,0.0,0.0,0.0,0.0,0.0,34.0,0.0,0.0,0.0,32.0,10.0,2328.0,1214.0,59.0,4.0,173.0,34.0,0.0,46.0,55.0,380.0,159.0,136.0,60.0,63.0,45.0,1114.0,63.0,0.0,135.0,21.0,0.0,21.0,61.0,339.0,138.0,108.0,86.0,71.0,71.0,80101.0,993.0,311.0,682.0,1095.0,92.0,92.0,240.0,53.0,0.0,0.0,165.0,453.0,0.0,0.0,993.0,311.0,28.0,197.0,71.0,15.0,0.0,0.0,682.0,135.0,405.0,142.0,0.0,0.0,0.0,682.0,0.0,68.0,0.0,129.0,75.0,60.0,12.0,75.0,263.0,0.0,25025170701,0.437782340862423,80101.0,0.8319634703196347,0.16414904330312186,0.037782340862423,0.03983572895277208,0.3786447638603696,0.31319234642497484,2435.0,0.04394250513347023,0.6011730205278593,0.6868076535750252,0.1680365296803653
7854.0,7854.0,2097.0,1546.0,7.0,78.0,271.0,0.0,58.0,137.0,116.0,21.0,5757.0,799.0,62.0,56.0,0.0,0.0,1457.0,3383.0,2772.0,611.0,7854.0,1333.0,551.0,92.0,0.0,0.0,0.0,0.0,0.0,245.0,57.0,0.0,23.0,85.0,29.0,20.0,782.0,0.0,0.0,101.0,123.0,0.0,0.0,156.0,90.0,25.0,211.0,0.0,45.0,31.0,6521.0,3759.0,218.0,23.0,270.0,0.0,0.0,102.0,344.0,673.0,1272.0,43.0,339.0,201.0,274.0,2762.0,151.0,10.0,317.0,55.0,0.0,113.0,258.0,346.0,475.0,423.0,202.0,334.0,78.0,76485.0,2419.0,701.0,1718.0,2492.0,498.0,373.0,419.0,702.0,162.0,108.0,91.0,139.0,0.0,0.0,2419.0,701.0,54.0,487.0,141.0,19.0,0.0,0.0,1718.0,536.0,753.0,365.0,64.0,0.0,0.0,1718.0,0.0,38.0,190.0,193.0,216.0,195.0,128.0,34.0,638.0,86.0,25025170702,0.7330022918258212,76485.0,0.6504815409309791,0.24390243902439024,0.03450471097529921,0.00089126559714795,0.19684237331296156,0.28978916907813146,7854.0,0.16972243442831678,0.5791618160651921,0.7102108309218685,0.34951845906902085
6253.0,6253.0,3870.0,3431.0,1.0,0.0,168.0,0.0,69.0,201.0,122.0,79.0,2383.0,113.0,0.0,0.0,0.0,0.0,623.0,1647.0,1647.0,0.0,6172.0,1027.0,397.0,0.0,0.0,22.0,0.0,0.0,0.0,0.0,0.0,193.0,109.0,17.0,32.0,24.0,630.0,17.0,0.0,0.0,36.0,25.0,0.0,0.0,314.0,15.0,15.0,55.0,152.0,1.0,5145.0,2717.0,173.0,0.0,44.0,79.0,120.0,159.0,212.0,332.0,465.0,377.0,427.0,255.0,74.0,2428.0,70.0,0.0,267.0,130.0,0.0,0.0,172.0,337.0,320.0,446.0,281.0,239.0,166.0,73074.0,2366.0,920.0,1446.0,2475.0,526.0,167.0,559.0,613.0,142.0,104.0,86.0,209.0,69.0,0.0,2366.0,920.0,107.0,492.0,215.0,52.0,54.0,0.0,1446.0,491.0,767.0,122.0,0.0,0.0,66.0,1446.0,23.0,84.0,150.0,223.0,294.0,76.0,102.0,125.0,353.0,16.0,25025170800,0.38109707340476573,73074.0,0.72,0.25274725274725274,0.026867103790180712,0.00015992323684631377,0.5486966256197026,0.3888419273034658,6253.0,0.16639662994167206,0.4536652835408022,0.6111580726965342,0.28
5398.0,5398.0,4590.0,3515.0,325.0,18.0,167.0,0.0,318.0,247.0,17.0,230.0,808.0,511.0,0.0,0.0,0.0,0.0,137.0,160.0,160.0,0.0,5398.0,359.0,117.0,0.0,0.0,0.0,0.0,0.0,0.0,0.0,16.0,45.0,18.0,0.0,15.0,23.0,242.0,0.0,0.0,0.0,0.0,0.0,6.0,54.0,0.0,23.0,29.0,18.0,56.0,56.0,5039.0,2295.0,72.0,42.0,150.0,28.0,0.0,141.0,135.0,201.0,400.0,534.0,281.0,112.0,199.0,2744.0,238.0,0.0,217.0,27.0,16.0,62.0,222.0,305.0,445.0,345.0,270.0,335.0,262.0,107629.0,2431.0,1206.0,1225.0,2529.0,508.0,100.0,501.0,252.0,210.0,147.0,387.0,424.0,0.0,0.0,2431.0,1206.0,56.0,544.0,547.0,29.0,0.0,30.0,1225.0,385.0,473.0,238.0,129.0,0.0,0.0,1225.0,45.0,62.0,278.0,97.0,218.0,153.0,102.0,125.0,133.0,12.0,25025180101,0.14968506854390515,107629.0,0.7595887702649269,0.18140682846565198,0.030937384216376436,0.060207484253427195,0.6511670989255279,0.49609214315096667,5398.0,0.0665061133753242,0.41877551020408166,0.5039078568490333,0.24041122973507315
4531.0,4531.0,2945.0,2844.0,28.0,0.0,37.0,0.0,0.0,36.0,0.0,36.0,1586.0,403.0,40.0,245.0,0.0,0.0,301.0,597.0,469.0,128.0,4531.0,367.0,132.0,0.0,0.0,0.0,0.0,0.0,0.0,0.0,0.0,53.0,11.0,40.0,0.0,28.0,235.0,0.0,0.0,0.0,44.0,0.0,0.0,0.0,8.0,16.0,0.0,24.0,55.0,88.0,4164.0,2029.0,122.0,30.0,114.0,34.0,49.0,167.0,140.0,269.0,280.0,325.0,313.0,100.0,86.0,2135.0,74.0,38.0,113.0,49.0,0.0,91.0,244.0,220.0,277.0,244.0,275.0,148.0,362.0,99861.0,1671.0,1080.0,591.0,1760.0,622.0,121.0,612.0,45.0,26.0,54.0,209.0,71.0,0.0,0.0,1671.0,1080.0,57.0,476.0,390.0,113.0,44.0,0.0,591.0,225.0,237.0,103.0,26.0,0.0,0.0,591.0,17.0,11.0,43.0,46.0,10.0,67.0,35.0,59.0,273.0,30.0,25025180200,0.35003310527477377,99861.0,0.5778409090909091,0.1687612208258528,0.008165967777532554,0.006179651291105716,0.6276760097108806,0.6463195691202872,4531.0,0.08099757227984992,0.7343485617597293,0.35368043087971274,0.42215909090909093
3097.0,3097.0,3020.0,2908.0,18.0,0.0,34.0,0.0,0.0,60.0,60.0,0.0,77.0,0.0,0.0,0.0,0.0,0.0,0.0,77.0,77.0,0.0,3097.0,295.0,88.0,0.0,0.0,0.0,0.0,33.0,0.0,3.0,0.0,0.0,1.0,43.0,0.0,8.0,207.0,0.0,0.0,39.0,0.0,32.0,0.0,0.0,0.0,4.0,46.0,37.0,32.0,17.0,2802.0,1347.0,37.0,0.0,191.0,124.0,0.0,42.0,51.0,69.0,178.0,265.0,163.0,144.0,83.0,1455.0,37.0,41.0,151.0,43.0,44.0,16.0,8.0,110.0,225.0,269.0,152.0,223.0,136.0,155278.0,1144.0,822.0,322.0,1218.0,632.0,21.0,336.0,161.0,20.0,12.0,0.0,36.0,0.0,0.0,1144.0,822.0,46.0,193.0,455.0,98.0,22.0,8.0,322.0,85.0,141.0,96.0,0.0,0.0,0.0,322.0,0.0,55.0,9.0,37.0,53.0,20.0,18.0,8.0,113.0,9.0,25025180301,0.02486277042298999,155278.0,0.4638752052545156,0.1145104895104895,0.010978366160800775,0.005812076202776881,0.9389731998708427,0.7185314685314685,3097.0,0.09525347110106555,0.4937888198757764,0.28146853146853146,0.5361247947454844
1883.0,1883.0,1560.0,1395.0,79.0,0.0,0.0,0.0,0.0,86.0,50.0,36.0,323.0,53.0,0.0,0.0,0.0,0.0,175.0,95.0,48.0,47.0,1883.0,25.0,7.0,0.0,0.0,0.0,0.0,0.0,0.0,0.0,0.0,0.0,0.0,0.0,7.0,0.0,18.0,0.0,0.0,0.0,0.0,0.0,0.0,0.0,0.0,0.0,0.0,0.0,12.0,6.0,1858.0,952.0,50.0,0.0,107.0,8.0,7.0,0.0,40.0,242.0,177.0,58.0,142.0,67.0,54.0,906.0,48.0,0.0,60.0,13.0,17.0,50.0,9.0,90.0,211.0,104.0,145.0,97.0,62.0,119531.0,769.0,435.0,334.0,816.0,360.0,19.0,141.0,64.0,42.0,5.0,120.0,39.0,0.0,26.0,769.0,435.0,6.0,190.0,155.0,72.0,12.0,0.0,334.0,80.0,142.0,71.0,22.0,19.0,0.0,334.0,5.0,61.0,39.0,41.0,35.0,13.0,24.0,35.0,81.0,0.0,25025180400,0.17153478491768454,119531.0,0.5036764705882353,0.11183355006501951,0.0,0.04195432819968136,0.7408390865639937,0.5656697009102731,1883.0,0.013276686139139671,0.45808383233532934,0.4343302990897269,0.4644607843137255
3850.0,3850.0,3257.0,2989.0,148.0,0.0,30.0,0.0,0.0,90.0,53.0,37.0,593.0,72.0,0.0,30.0,0.0,0.0,184.0,307.0,259.0,48.0,3814.0,307.0,86.0,0.0,6.0,11.0,0.0,0.0,0.0,18.0,15.0,16.0,5.0,0.0,5.0,10.0,221.0,0.0,0.0,21.0,0.0,0.0,0.0,20.0,42.0,5.0,36.0,8.0,66.0,23.0,3507.0,1408.0,18.0,8.0,28.0,20.0,0.0,52.0,100.0,250.0,201.0,220.0,277.0,128.0,106.0,2099.0,159.0,63.0,120.0,16.0,6.0,43.0,43.0,318.0,323.0,374.0,241.0,302.0,91.0,115625.0,1884.0,955.0,929.0,2038.0,484.0,47.0,498.0,468.0,266.0,178.0,77.0,20.0,0.0,0.0,1884.0,955.0,46.0,525.0,340.0,38.0,0.0,6.0,929.0,185.0,440.0,200.0,90.0,14.0,0.0,929.0,0.0,132.0,99.0,91.0,49.0,84.0,103.0,62.0,262.0,47.0,25025180500,0.15402597402597404,115625.0,0.739450441609421,0.12261146496815287,0.007792207792207792,0.03844155844155844,0.7763636363636364,0.5069002123142251,3850.0,0.0804929208180388,0.55005382131324,0.49309978768577495,0.260549558390579
29.0,29.0,27.0,27.0,0.0,0.0,0.0,0.0,0.0,0.0,0.0,0.0,2.0,0.0,0.0,1.0,0.0,0.0,1.0,0.0,0.0,0.0,27.0,27.0,27.0,0.0,0.0,0.0,0.0,0.0,0.0,0.0,0.0,0.0,0.0,27.0,0.0,0.0,0.0,0.0,0.0,0.0,0.0,0.0,0.0,0.0,0.0,0.0,0.0,0.0,0.0,0.0,0.0,0.0,0.0,0.0,0.0,0.0,0.0,0.0,0.0,0.0,0.0,0.0,0.0,0.0,0.0,0.0,0.0,0.0,0.0,0.0,0.0,0.0,0.0,0.0,0.0,0.0,0.0,0.0,0.0,,0.0,0.0,0.0,0.0,0.0,0.0,0.0,0.0,0.0,0.0,0.0,0.0,0.0,0.0,0.0,0.0,0.0,0.0,0.0,0.0,0.0,0.0,0.0,0.0,0.0,0.0,0.0,0.0,0.0,0.0,0.0,0.0,0.0,0.0,0.0,0.0,0.0,0.0,0.0,0.0,25025980101,0.06896551724137931,nan,,,0.0,0.0,0.9310344827586207,,29.0,1.0,,,
202.0,202.0,180.0,108.0,44.0,0.0,0.0,0.0,0.0,28.0,0.0,28.0,22.0,9.0,0.0,0.0,0.0,0.0,13.0,0.0,0.0,0.0,92.0,64.0,64.0,0.0,0.0,0.0,0.0,0.0,0.0,0.0,0.0,0.0,46.0,18.0,0.0,0.0,0.0,0.0,0.0,0.0,0.0,0.0,0.0,0.0,0.0,0.0,0.0,0.0,0.0,0.0,28.0,28.0,0.0,0.0,0.0,0.0,0.0,0.0,0.0,0.0,28.0,0.0,0.0,0.0,0.0,0.0,0.0,0.0,0.0,0.0,0.0,0.0,0.0,0.0,0.0,0.0,0.0,0.0,0.0,,0.0,0.0,0.0,0.0,0.0,0.0,0.0,0.0,0.0,0.0,0.0,0.0,0.0,0.0,0.0,0.0,0.0,0.0,0.0,0.0,0.0,0.0,0.0,0.0,0.0,0.0,0.0,0.0,0.0,0.0,0.0,0.0,0.0,0.0,0.0,0.0,0.0,0.0,0.0,0.0,25025980300,0.10891089108910891,nan,,,0.0,0.21782178217821782,0.5346534653465347,,202.0,0.6956521739130435,,,
3.0,3.0,3.0,3.0,0.0,0.0,0.0,0.0,0.0,0.0,0.0,0.0,0.0,0.0,0.0,0.0,0.0,0.0,0.0,0.0,0.0,0.0,3.0,1.0,0.0,0.0,0.0,0.0,0.0,0.0,0.0,0.0,0.0,0.0,0.0,0.0,0.0,0.0,1.0,0.0,0.0,0.0,0.0,0.0,0.0,0.0,0.0,0.0,0.0,0.0,0.0,1.0,2.0,2.0,0.0,0.0,0.0,0.0,0.0,0.0,0.0,0.0,0.0,0.0,0.0,1.0,1.0,0.0,0.0,0.0,0.0,0.0,0.0,0.0,0.0,0.0,0.0,0.0,0.0,0.0,0.0,,0.0,0.0,0.0,5.0,5.0,0.0,0.0,0.0,0.0,0.0,0.0,0.0,0.0,0.0,0.0,0.0,0.0,0.0,0.0,0.0,0.0,0.0,0.0,0.0,0.0,0.0,0.0,0.0,0.0,0.0,0.0,0.0,0.0,0.0,0.0,0.0,0.0,0.0,0.0,0.0,25025980700,0.0,nan,0.0,,0.0,0.0,1.0,,3.0,0.3333333333333333,,,1.0
51.0,51.0,51.0,41.0,0.0,0.0,0.0,0.0,0.0,10.0,10.0,0.0,0.0,0.0,0.0,0.0,0.0,0.0,0.0,0.0,0.0,0.0,51.0,5.0,5.0,0.0,0.0,0.0,0.0,0.0,0.0,0.0,0.0,0.0,0.0,0.0,5.0,0.0,0.0,0.0,0.0,0.0,0.0,0.0,0.0,0.0,0.0,0.0,0.0,0.0,0.0,0.0,46.0,30.0,0.0,0.0,0.0,0.0,0.0,0.0,0.0,15.0,15.0,0.0,0.0,0.0,0.0,16.0,8.0,0.0,0.0,0.0,0.0,0.0,0.0,8.0,0.0,0.0,0.0,0.0,0.0,,34.0,0.0,34.0,34.0,0.0,0.0,0.0,25.0,0.0,0.0,0.0,9.0,0.0,0.0,34.0,0.0,0.0,0.0,0.0,0.0,0.0,0.0,34.0,20.0,14.0,0.0,0.0,0.0,0.0,34.0,0.0,10.0,0.0,15.0,0.0,0.0,4.0,0.0,0.0,5.0,25025980900,0.0,nan,1.0,0.5882352941176471,0.0,0.0,0.803921568627451,0.0,51.0,0.09803921568627451,0.11764705882352941,1.0,0.0
26.0,26.0,26.0,26.0,0.0,0.0,0.0,0.0,0.0,0.0,0.0,0.0,0.0,0.0,0.0,0.0,0.0,0.0,0.0,0.0,0.0,0.0,26.0,0.0,0.0,0.0,0.0,0.0,0.0,0.0,0.0,0.0,0.0,0.0,0.0,0.0,0.0,0.0,0.0,0.0,0.0,0.0,0.0,0.0,0.0,0.0,0.0,0.0,0.0,0.0,0.0,0.0,26.0,14.0,0.0,0.0,0.0,0.0,0.0,0.0,0.0,14.0,0.0,0.0,0.0,0.0,0.0,12.0,0.0,0.0,0.0,0.0,0.0,0.0,0.0,12.0,0.0,0.0,0.0,0.0,0.0,,14.0,0.0,14.0,14.0,0.0,0.0,0.0,14.0,0.0,0.0,0.0,0.0,0.0,0.0,14.0,0.0,0.0,0.0,0.0,0.0,0.0,0.0,14.0,0.0,0.0,14.0,0.0,0.0,0.0,14.0,0.0,0.0,14.0,0.0,0.0,0.0,0.0,0.0,0.0,0.0,25025981000,0.0,nan,1.0,0.0,0.0,0.0,1.0,0.0,26.0,0.0,0.0,1.0,0.0
94.0,94.0,76.0,34.0,38.0,0.0,0.0,0.0,0.0,4.0,0.0,4.0,18.0,0.0,0.0,0.0,0.0,0.0,11.0,7.0,7.0,0.0,14.0,14.0,0.0,0.0,0.0,0.0,0.0,0.0,0.0,0.0,0.0,0.0,0.0,0.0,0.0,0.0,14.0,0.0,0.0,0.0,0.0,0.0,0.0,0.0,14.0,0.0,0.0,0.0,0.0,0.0,0.0,0.0,0.0,0.0,0.0,0.0,0.0,0.0,0.0,0.0,0.0,0.0,0.0,0.0,0.0,0.0,0.0,0.0,0.0,0.0,0.0,0.0,0.0,0.0,0.0,0.0,0.0,0.0,0.0,,14.0,0.0,14.0,14.0,0.0,0.0,0.0,0.0,0.0,14.0,0.0,0.0,0.0,0.0,14.0,0.0,0.0,0.0,0.0,0.0,0.0,0.0,14.0,14.0,0.0,0.0,0.0,0.0,0.0,14.0,0.0,0.0,0.0,0.0,0.0,0.0,0.0,0.0,14.0,0.0,25025981100,0.19148936170212766,nan,1.0,1.0,0.0,0.40425531914893614,0.3617021276595745,0.0,94.0,1.0,1.0,1.0,0.0
0.0,0.0,0.0,0.0,0.0,0.0,0.0,0.0,0.0,0.0,0.0,0.0,0.0,0.0,0.0,0.0,0.0,0.0,0.0,0.0,0.0,0.0,0.0,0.0,0.0,0.0,0.0,0.0,0.0,0.0,0.0,0.0,0.0,0.0,0.0,0.0,0.0,0.0,0.0,0.0,0.0,0.0,0.0,0.0,0.0,0.0,0.0,0.0,0.0,0.0,0.0,0.0,0.0,0.0,0.0,0.0,0.0,0.0,0.0,0.0,0.0,0.0,0.0,0.0,0.0,0.0,0.0,0.0,0.0,0.0,0.0,0.0,0.0,0.0,0.0,0.0,0.0,0.0,0.0,0.0,0.0,,0.0,0.0,0.0,0.0,0.0,0.0,0.0,0.0,0.0,0.0,0.0,0.0,0.0,0.0,0.0,0.0,0.0,0.0,0.0,0.0,0.0,0.0,0.0,0.0,0.0,0.0,0.0,0.0,0.0,0.0,0.0,0.0,0.0,0.0,0.0,0.0,0.0,0.0,0.0,0.0,25025981201,,nan,,,,,,,0.0,,,,
29.0,29.0,20.0,5.0,4.0,0.0,11.0,0.0,0.0,0.0,0.0,0.0,9.0,9.0,0.0,0.0,0.0,0.0,0.0,0.0,0.0,0.0,0.0,0.0,0.0,0.0,0.0,0.0,0.0,0.0,0.0,0.0,0.0,0.0,0.0,0.0,0.0,0.0,0.0,0.0,0.0,0.0,0.0,0.0,0.0,0.0,0.0,0.0,0.0,0.0,0.0,0.0,0.0,0.0,0.0,0.0,0.0,0.0,0.0,0.0,0.0,0.0,0.0,0.0,0.0,0.0,0.0,0.0,0.0,0.0,0.0,0.0,0.0,0.0,0.0,0.0,0.0,0.0,0.0,0.0,0.0,,0.0,0.0,0.0,0.0,0.0,0.0,0.0,0.0,0.0,0.0,0.0,0.0,0.0,0.0,0.0,0.0,0.0,0.0,0.0,0.0,0.0,0.0,0.0,0.0,0.0,0.0,0.0,0.0,0.0,0.0,0.0,0.0,0.0,0.0,0.0,0.0,0.0,0.0,0.0,0.0,25025981202,0.3103448275862069,nan,,,0.3793103448275862,0.13793103448275862,0.1724137931034483,,29.0,,,,
50.0,50.0,50.0,31.0,0.0,0.0,5.0,0.0,0.0,14.0,0.0,14.0,0.0,0.0,0.0,0.0,0.0,0.0,0.0,0.0,0.0,0.0,50.0,0.0,0.0,0.0,0.0,0.0,0.0,0.0,0.0,0.0,0.0,0.0,0.0,0.0,0.0,0.0,0.0,0.0,0.0,0.0,0.0,0.0,0.0,0.0,0.0,0.0,0.0,0.0,0.0,0.0,50.0,19.0,0.0,0.0,0.0,0.0,0.0,0.0,0.0,0.0,0.0,5.0,5.0,9.0,0.0,31.0,0.0,0.0,0.0,0.0,0.0,0.0,0.0,4.0,0.0,9.0,10.0,8.0,0.0,250001.0,32.0,28.0,4.0,42.0,9.0,5.0,0.0,14.0,0.0,0.0,14.0,0.0,0.0,0.0,32.0,28.0,0.0,18.0,10.0,0.0,0.0,0.0,4.0,4.0,0.0,0.0,0.0,0.0,0.0,4.0,0.0,0.0,0.0,0.0,0.0,0.0,4.0,0.0,0.0,0.0,25025981300,0.0,250001.0,0.6666666666666666,0.125,0.1,0.0,0.62,0.875,50.0,0.0,1.0,0.125,0.3333333333333333
0.0,0.0,0.0,0.0,0.0,0.0,0.0,0.0,0.0,0.0,0.0,0.0,0.0,0.0,0.0,0.0,0.0,0.0,0.0,0.0,0.0,0.0,0.0,0.0,0.0,0.0,0.0,0.0,0.0,0.0,0.0,0.0,0.0,0.0,0.0,0.0,0.0,0.0,0.0,0.0,0.0,0.0,0.0,0.0,0.0,0.0,0.0,0.0,0.0,0.0,0.0,0.0,0.0,0.0,0.0,0.0,0.0,0.0,0.0,0.0,0.0,0.0,0.0,0.0,0.0,0.0,0.0,0.0,0.0,0.0,0.0,0.0,0.0,0.0,0.0,0.0,0.0,0.0,0.0,0.0,0.0,,0.0,0.0,0.0,0.0,0.0,0.0,0.0,0.0,0.0,0.0,0.0,0.0,0.0,0.0,0.0,0.0,0.0,0.0,0.0,0.0,0.0,0.0,0.0,0.0,0.0,0.0,0.0,0.0,0.0,0.0,0.0,0.0,0.0,0.0,0.0,0.0,0.0,0.0,0.0,0.0,25025981501,,nan,,,,,,,0.0,,,,
0.0,0.0,0.0,0.0,0.0,0.0,0.0,0.0,0.0,0.0,0.0,0.0,0.0,0.0,0.0,0.0,0.0,0.0,0.0,0.0,0.0,0.0,0.0,0.0,0.0,0.0,0.0,0.0,0.0,0.0,0.0,0.0,0.0,0.0,0.0,0.0,0.0,0.0,0.0,0.0,0.0,0.0,0.0,0.0,0.0,0.0,0.0,0.0,0.0,0.0,0.0,0.0,0.0,0.0,0.0,0.0,0.0,0.0,0.0,0.0,0.0,0.0,0.0,0.0,0.0,0.0,0.0,0.0,0.0,0.0,0.0,0.0,0.0,0.0,0.0,0.0,0.0,0.0,0.0,0.0,0.0,,0.0,0.0,0.0,0.0,0.0,0.0,0.0,0.0,0.0,0.0,0.0,0.0,0.0,0.0,0.0,0.0,0.0,0.0,0.0,0.0,0.0,0.0,0.0,0.0,0.0,0.0,0.0,0.0,0.0,0.0,0.0,0.0,0.0,0.0,0.0,0.0,0.0,0.0,0.0,0.0,25025981502,,nan,,,,,,,0.0,,,,
0.0,0.0,0.0,0.0,0.0,0.0,0.0,0.0,0.0,0.0,0.0,0.0,0.0,0.0,0.0,0.0,0.0,0.0,0.0,0.0,0.0,0.0,0.0,0.0,0.0,0.0,0.0,0.0,0.0,0.0,0.0,0.0,0.0,0.0,0.0,0.0,0.0,0.0,0.0,0.0,0.0,0.0,0.0,0.0,0.0,0.0,0.0,0.0,0.0,0.0,0.0,0.0,0.0,0.0,0.0,0.0,0.0,0.0,0.0,0.0,0.0,0.0,0.0,0.0,0.0,0.0,0.0,0.0,0.0,0.0,0.0,0.0,0.0,0.0,0.0,0.0,0.0,0.0,0.0,0.0,0.0,,0.0,0.0,0.0,0.0,0.0,0.0,0.0,0.0,0.0,0.0,0.0,0.0,0.0,0.0,0.0,0.0,0.0,0.0,0.0,0.0,0.0,0.0,0.0,0.0,0.0,0.0,0.0,0.0,0.0,0.0,0.0,0.0,0.0,0.0,0.0,0.0,0.0,0.0,0.0,0.0,25025981600,,nan,,,,,,,0.0,,,,
0.0,0.0,0.0,0.0,0.0,0.0,0.0,0.0,0.0,0.0,0.0,0.0,0.0,0.0,0.0,0.0,0.0,0.0,0.0,0.0,0.0,0.0,0.0,0.0,0.0,0.0,0.0,0.0,0.0,0.0,0.0,0.0,0.0,0.0,0.0,0.0,0.0,0.0,0.0,0.0,0.0,0.0,0.0,0.0,0.0,0.0,0.0,0.0,0.0,0.0,0.0,0.0,0.0,0.0,0.0,0.0,0.0,0.0,0.0,0.0,0.0,0.0,0.0,0.0,0.0,0.0,0.0,0.0,0.0,0.0,0.0,0.0,0.0,0.0,0.0,0.0,0.0,0.0,0.0,0.0,0.0,,0.0,0.0,0.0,0.0,0.0,0.0,0.0,0.0,0.0,0.0,0.0,0.0,0.0,0.0,0.0,0.0,0.0,0.0,0.0,0.0,0.0,0.0,0.0,0.0,0.0,0.0,0.0,0.0,0.0,0.0,0.0,0.0,0.0,0.0,0.0,0.0,0.0,0.0,0.0,0.0,25025981700,,nan,,,,,,,0.0,,,,
20.0,20.0,20.0,10.0,0.0,0.0,10.0,0.0,0.0,0.0,0.0,0.0,0.0,0.0,0.0,0.0,0.0,0.0,0.0,0.0,0.0,0.0,20.0,0.0,0.0,0.0,0.0,0.0,0.0,0.0,0.0,0.0,0.0,0.0,0.0,0.0,0.0,0.0,0.0,0.0,0.0,0.0,0.0,0.0,0.0,0.0,0.0,0.0,0.0,0.0,0.0,0.0,20.0,16.0,0.0,0.0,0.0,0.0,0.0,0.0,0.0,0.0,0.0,0.0,0.0,10.0,6.0,4.0,0.0,0.0,0.0,0.0,0.0,0.0,0.0,0.0,0.0,0.0,0.0,0.0,4.0,,16.0,16.0,0.0,16.0,16.0,0.0,0.0,0.0,0.0,0.0,0.0,0.0,0.0,0.0,16.0,16.0,0.0,0.0,6.0,0.0,0.0,10.0,0.0,0.0,0.0,0.0,0.0,0.0,0.0,0.0,0.0,0.0,0.0,0.0,0.0,0.0,0.0,0.0,0.0,0.0,25025981800,0.0,nan,0.0,0.0,0.5,0.0,0.5,1.0,20.0,0.0,,0.0,1.0
0.0,0.0,0.0,0.0,0.0,0.0,0.0,0.0,0.0,0.0,0.0,0.0,0.0,0.0,0.0,0.0,0.0,0.0,0.0,0.0,0.0,0.0,0.0,0.0,0.0,0.0,0.0,0.0,0.0,0.0,0.0,0.0,0.0,0.0,0.0,0.0,0.0,0.0,0.0,0.0,0.0,0.0,0.0,0.0,0.0,0.0,0.0,0.0,0.0,0.0,0.0,0.0,0.0,0.0,0.0,0.0,0.0,0.0,0.0,0.0,0.0,0.0,0.0,0.0,0.0,0.0,0.0,0.0,0.0,0.0,0.0,0.0,0.0,0.0,0.0,0.0,0.0,0.0,0.0,0.0,0.0,,0.0,0.0,0.0,0.0,0.0,0.0,0.0,0.0,0.0,0.0,0.0,0.0,0.0,0.0,0.0,0.0,0.0,0.0,0.0,0.0,0.0,0.0,0.0,0.0,0.0,0.0,0.0,0.0,0.0,0.0,0.0,0.0,0.0,0.0,0.0,0.0,0.0,0.0,0.0,0.0,25025981900,,nan,,,,,,,0.0,,,,
0.0,0.0,0.0,0.0,0.0,0.0,0.0,0.0,0.0,0.0,0.0,0.0,0.0,0.0,0.0,0.0,0.0,0.0,0.0,0.0,0.0,0.0,0.0,0.0,0.0,0.0,0.0,0.0,0.0,0.0,0.0,0.0,0.0,0.0,0.0,0.0,0.0,0.0,0.0,0.0,0.0,0.0,0.0,0.0,0.0,0.0,0.0,0.0,0.0,0.0,0.0,0.0,0.0,0.0,0.0,0.0,0.0,0.0,0.0,0.0,0.0,0.0,0.0,0.0,0.0,0.0,0.0,0.0,0.0,0.0,0.0,0.0,0.0,0.0,0.0,0.0,0.0,0.0,0.0,0.0,0.0,,0.0,0.0,0.0,0.0,0.0,0.0,0.0,0.0,0.0,0.0,0.0,0.0,0.0,0.0,0.0,0.0,0.0,0.0,0.0,0.0,0.0,0.0,0.0,0.0,0.0,0.0,0.0,0.0,0.0,0.0,0.0,0.0,0.0,0.0,0.0,0.0,0.0,0.0,0.0,0.0,25025990101,,nan,,,,,,,0.0,,,,
