FIPS,svi_rpl_themes,svi_rpl_theme1,svi_rpl_theme2,svi_rpl_theme3,svi_rpl_theme4,svi_e_totpop,svi_ep_pov150,svi_ep_unemp,svi_ep_nohsdp,svi_ep_uninsur,svi_ep_age65,svi_ep_limeng,svi_ep_minrty,svi_ep_munit,svi_ep_mobile,svi_ep_noveh,svi_ep_groupq
25009201100,0.1839,0.2844,0.2021,0.0531,0.2957,3336,10.6,4.2,2.4,1.0,31.6,0.1,5.8,6.8,0.0,1.5,1.5
25009202101,0.4696,0.3302,0.6365,0.3254,0.5248,2292,6.4,3.1,6.1,1.5,19.0,0.9,16.0,10.3,0.0,11.8,0.6
25009202103,0.2254,0.6798,0.1802,0.0987,0.0389,1541,20.2,5.5,4.8,2.7,11.0,4.4,7.3,0.0,0.0,9.5,0.0
25009202104,0.6259,0.5957,0.4394,0.2517,0.7985,5021,21.9,9.8,1.8,0.7,22.5,1.3,12.9,35.1,0.0,10.5,2.2
25009202200,0.0427,0.113,0.1745,0.2517,0.0565,6354,5.2,2.6,3.1,0.9,19.6,0.4,12.9,2.7,0.0,3.8,0.1
25009203100,0.0672,0.1099,0.3515,0.0762,0.1086,7116,5.7,3.1,0.4,2.0,16.7,1.6,6.6,1.7,0.0,1.8,1.5
25009203200,0.0251,0.0239,0.4407,0.1611,0.0195,4586,5.6,0.4,1.5,0.8,24.9,0.2,9.6,2.6,0.0,1.8,0.0
25009203301,0.0521,0.1011,0.2812,0.0369,0.0929,4302,7.2,2.5,1.5,1.2,20.7,0.1,4.7,0.5,0.0,6.0,0.0
25009203302,0.1714,0.2988,0.5857,0.1299,0.049,4346,7.2,7.3,0.0,1.5,30.0,1.4,8.5,3.6,0.0,5.1,0.0
25009204101,0.6604,0.7433,0.4143,0.4197,0.6359,4905,19.5,8.2,3.1,5.3,12.8,2.4,20.9,6.2,0.0,9.1,9.0
25009204102,0.5964,0.3641,0.678,0.5503,0.7194,5025,16.2,2.1,2.5,1.0,22.3,0.9,29.0,17.8,0.0,7.2,16.3
25009204200,0.7489,0.8092,0.2429,0.6515,0.8449,5177,17.5,8.8,11.0,2.5,13.7,3.5,35.9,17.8,0.0,25.1,1.0
25009204300,0.9567,0.8996,0.9592,0.8607,0.8801,4299,37.9,7.1,21.3,3.0,17.3,15.1,60.2,26.3,0.0,40.2,1.4
25009204400,0.5863,0.6943,0.6095,0.2904,0.3622,3353,15.4,6.6,9.1,1.5,25.0,6.9,14.6,13.8,0.0,20.1,0.4
25009204500,0.376,0.4388,0.0841,0.3092,0.6673,3514,10.7,3.1,3.1,2.3,12.4,1.0,15.2,34.7,0.0,15.7,0.4
25009204600,0.118,0.2831,0.1657,0.3898,0.0873,5095,17.4,1.9,2.2,0.7,16.5,1.3,19.1,1.7,0.0,7.8,0.1
25009204701,0.661,0.5286,0.818,0.7414,0.4978,6680,14.7,5.8,5.9,1.0,18.9,7.9,43.4,46.7,0.0,8.5,0.0
25009204702,0.6353,0.6372,0.6817,0.5959,0.4463,6410,22.6,1.9,11.9,1.7,13.0,7.1,31.4,17.2,0.0,10.1,0.0
25009205100,0.6309,0.6535,0.7841,0.7564,0.253,6010,13.7,3.3,12.8,3.1,14.9,8.7,44.6,8.7,0.0,4.2,0.0
25009205200,0.8575,0.9008,0.8173,0.8613,0.6265,6193,19.0,9.8,23.3,5.8,13.9,18.8,60.3,19.4,0.0,9.9,0.2
25009205300,0.5725,0.5794,0.6566,0.6071,0.3465,4379,13.0,3.3,4.6,5.1,16.7,5.1,32.4,4.3,0.0,6.6,0.1
25009205400,0.5869,0.3723,0.6692,0.5203,0.7006,5454,11.1,4.7,9.7,0.3,18.9,3.9,26.4,9.8,0.4,3.8,0.1
25009205500,0.8186,0.7389,0.946,0.8482,0.5286,4949,19.6,5.5,18.4,1.1,14.5,14.7,58.0,12.5,0.0,15.2,0.0
25009205600,0.7439,0.7081,0.8374,0.8214,0.4633,3737,29.9,3.0,14.1,1.7,13.4,3.9,53.0,22.2,0.0,6.3,0.0
25009205700,0.4821,0.4576,0.5587,0.8245,0.2655,5364,6.5,1.1,11.6,3.1,10.6,6.9,53.4,8.5,0.0,3.4,0.0
25009205800,0.9579,0.9071,0.86,0.9007,0.9611,3628,24.6,5.9,22.4,6.2,9.0,14.0,69.4,11.6,0.7,17.2,0.6
25009205900,0.7621,0.7514,0.6981,0.8813,0.592,4574,18.3,3.4,19.9,2.9,9.4,8.1,65.5,2.0,0.0,11.9,0.7
25009206000,0.8832,0.7797,0.7897,0.9332,0.9247,3552,16.0,3.4,33.7,4.0,6.9,25.9,78.4,46.3,0.0,22.4,1.5
25009206100,0.9843,0.9862,0.9498,0.9631,0.9008,4296,36.8,14.0,38.4,4.8,7.7,31.0,87.9,29.3,0.0,19.9,1.3
25009206200,0.8537,0.8964,0.8387,0.96,0.5292,6456,25.3,8.6,37.4,5.0,4.5,19.8,87.4,11.0,0.0,20.6,0.0
25009206300,0.7276,0.8575,0.4501,0.9176,0.4068,4706,27.1,5.4,28.8,4.1,9.3,16.1,73.6,5.6,0.0,8.6,0.0
25009206400,0.7834,0.7621,0.6962,0.9032,0.6516,6556,21.7,2.8,20.7,4.9,10.8,15.0,70.4,5.4,0.0,7.2,1.6
25009206500,0.9573,0.9196,0.838,0.9369,0.9598,3359,37.2,4.0,33.8,7.2,11.5,19.1,79.7,3.0,1.7,21.3,1.2
25009206600,0.9153,0.9247,0.9391,0.8763,0.6372,5517,22.4,10.2,23.5,4.6,14.4,20.0,64.2,20.1,0.0,13.0,0.3
25009206700,0.8927,0.7746,0.8958,0.8232,0.8914,4048,23.7,3.7,16.3,2.9,17.6,14.9,53.2,37.8,0.0,26.7,2.9
25009206800,0.9981,0.9925,0.9874,0.9375,0.9818,4061,57.7,16.3,44.3,4.8,12.7,28.4,80.1,59.0,0.0,53.4,3.9
25009206900,0.9881,0.946,0.9944,0.8757,0.9328,4758,50.6,8.2,16.3,4.6,26.5,32.0,64.1,76.6,0.0,31.8,0.8
25009207000,0.9937,0.9429,0.9962,0.9438,0.9761,2521,50.7,8.9,34.3,3.8,30.8,23.1,82.7,70.8,0.0,37.5,4.0
25009207100,0.818,0.7702,0.9027,0.9438,0.5355,3965,18.7,0.8,35.9,9.1,6.2,26.1,82.7,2.4,0.0,15.8,0.2
25009207200,0.8688,0.7276,0.9667,0.9332,0.7062,2570,30.9,0.0,33.0,2.8,17.9,24.6,78.4,39.5,0.0,42.5,0.0
25009208101,0.4658,0.7156,0.5122,0.4978,0.0835,5683,14.0,8.5,10.9,2.4,16.5,4.1,24.8,0.0,0.0,2.9,1.5
25009208102,0.3176,0.253,0.5235,0.539,0.2436,3090,10.4,1.6,7.6,0.0,18.9,0.6,27.8,2.6,0.0,6.0,2.8
25009208200,0.4909,0.5782,0.6591,0.3473,0.2411,5395,14.7,0.4,12.3,3.8,21.4,5.6,17.0,12.6,0.0,10.3,0.2
25009208301,0.7514,0.5712,0.7263,0.4834,0.9021,3082,14.9,0.9,12.3,2.3,29.8,1.3,23.9,26.8,5.7,10.0,0.2
25009208302,0.435,0.4608,0.2756,0.5759,0.4369,5283,7.4,3.5,9.6,3.1,22.5,4.9,30.3,8.8,3.2,2.5,0.4
25009208401,0.6761,0.548,0.5788,0.1993,0.9046,3200,19.8,2.4,8.0,2.7,30.9,1.1,11.0,15.5,1.6,1.6,3.3
25009208402,0.3095,0.5248,0.0672,0.3991,0.3992,2833,12.2,3.0,4.2,8.0,11.4,2.0,19.6,16.5,0.0,12.8,0.0
25009209100,0.6114,0.5945,0.7922,0.4622,0.3848,7105,12.3,6.8,2.9,2.8,19.9,4.7,23.0,18.0,0.0,7.6,0.3
25009209200,0.0169,0.0182,0.2599,0.2249,0.0257,5820,4.6,1.8,2.9,0.3,18.6,0.7,11.9,0.0,0.0,2.2,0.2
25009210100,0.1833,0.0891,0.629,0.1455,0.209,6825,6.6,1.5,7.6,0.5,23.5,2.2,9.1,0.0,12.4,0.6,0.3
25009210200,0.1952,0.1224,0.3038,0.0731,0.4545,5371,3.5,3.2,4.7,1.0,24.6,0.0,6.5,0.3,2.4,3.1,2.5
25009210301,0.7677,0.6748,0.5424,0.0637,0.9868,4791,6.0,8.0,6.7,3.0,64.3,1.9,6.2,85.2,4.0,30.9,1.4
25009210302,0.7037,0.4162,0.6309,0.3167,0.9743,4849,11.7,4.1,5.2,0.7,24.6,3.3,15.6,34.6,1.2,3.8,5.4
25009210401,0.6905,0.6234,0.8657,0.7533,0.3804,3325,12.8,1.8,4.6,5.5,23.8,8.0,44.4,18.0,1.7,3.4,0.0
25009210402,0.2605,0.4225,0.6654,0.3011,0.0352,4337,13.5,4.5,8.3,0.2,15.2,2.9,14.9,8.3,0.0,1.4,0.0
25009210500,0.3302,0.4815,0.2053,0.2536,0.3176,7102,12.3,5.1,4.4,3.1,18.9,1.8,13.0,2.8,0.0,7.6,0.4
25009210600,0.6955,0.715,0.8512,0.4354,0.3898,4744,11.6,5.6,9.2,7.9,14.0,4.0,21.8,9.0,0.0,9.5,0.2
25009210700,0.9021,0.8619,0.8788,0.7926,0.8324,4547,17.0,7.1,18.4,5.4,11.3,18.2,48.8,18.4,0.0,10.8,2.2
25009210800,0.8023,0.7778,0.8619,0.7452,0.6114,4261,16.7,4.5,15.3,3.6,20.0,12.9,43.8,39.5,0.0,17.2,0.0
25009210900,0.7282,0.7363,0.9052,0.2648,0.4576,4052,13.6,5.9,18.9,4.1,28.9,7.1,13.4,10.3,0.0,17.5,0.1
25009211100,0.4507,0.6265,0.268,0.2036,0.4093,4015,9.6,9.8,6.3,1.5,30.1,0.2,11.2,15.0,0.0,5.2,7.6
25009211201,0.005,0.0772,0.0596,0.0337,0.0439,2857,3.4,2.8,8.8,0.0,14.5,0.8,4.5,13.9,0.0,0.0,0.0
25009211202,0.3026,0.2793,0.2624,0.2386,0.4639,3646,8.3,4.9,2.4,0.0,16.5,0.5,12.4,14.8,0.0,5.3,0.3
25009211300,0.2844,0.2122,0.2542,0.1043,0.5819,7152,2.7,4.5,4.5,1.7,20.1,0.3,7.7,10.9,0.0,9.8,3.1
25009211401,0.7552,0.4721,0.6503,0.3791,0.9925,4114,13.5,2.5,8.1,0.9,18.4,6.5,18.4,51.0,2.8,7.8,6.6
25009211402,0.4369,0.3183,0.6321,0.2667,0.4708,6126,5.5,4.9,5.2,1.6,24.9,2.7,13.5,8.2,2.4,3.9,0.4
25009212101,0.1965,0.2819,0.1538,0.3473,0.2787,4801,4.9,3.7,13.7,1.1,17.9,3.2,17.0,10.9,0.0,1.2,19.4
25009212102,0.2266,0.2586,0.5053,0.05,0.231,4867,9.1,3.5,5.0,1.5,20.6,2.1,5.6,0.0,2.1,1.0,0.5
25009213100,0.0245,0.0534,0.4363,0.1043,0.0119,8168,1.5,4.1,2.4,0.5,19.6,0.8,7.7,2.6,0.0,0.0,0.0
25009214100,0.322,0.2141,0.7615,0.2954,0.1984,6532,5.6,4.6,3.5,0.6,22.8,1.8,14.7,3.0,0.0,3.9,2.7
25009215101,0.1287,0.032,0.334,0.1587,0.3942,4689,7.1,0.9,1.4,0.1,22.7,0.2,9.5,6.8,0.0,3.0,3.6
25009215102,0.0226,0.1651,0.1117,0.0106,0.0452,2897,7.4,1.2,1.8,2.5,16.2,0.1,2.9,0.0,0.0,3.5,0.3
25009216100,0.0747,0.1444,0.1218,0.1855,0.2015,4933,9.3,2.6,0.8,1.2,13.4,0.6,10.5,0.4,0.0,3.7,26.1
25009217101,0.624,0.4771,0.7426,0.2386,0.715,4587,18.8,2.1,2.3,4.4,17.2,1.0,12.4,12.7,0.0,14.7,4.8
25009217102,0.5851,0.4859,0.7985,0.3791,0.4696,2896,7.3,3.8,2.3,5.1,20.7,2.8,18.4,40.1,0.0,18.9,0.4
25009217201,0.2304,0.2341,0.4419,0.0881,0.2963,4133,6.9,0.9,3.5,3.0,18.9,1.9,7.1,24.1,0.0,4.7,0.6
25009217202,0.0923,0.1544,0.3032,0.1674,0.1111,3501,8.3,2.4,4.1,1.0,24.7,1.0,9.9,3.9,0.0,4.8,0.0
25009217300,0.5524,0.6001,0.6491,0.6109,0.285,4921,25.0,6.7,5.1,1.4,12.0,2.4,32.6,22.3,0.0,8.7,0.2
25009217401,0.6648,0.5775,0.828,0.3254,0.6064,2503,30.3,0.0,2.9,2.8,24.2,4.1,16.0,35.9,0.0,22.6,1.8
25009217402,0.6817,0.6824,0.3911,0.4329,0.8104,3450,20.9,2.8,7.0,3.7,16.8,4.1,21.7,37.1,0.0,9.6,1.1
25009217500,0.4815,0.4702,0.2241,0.2536,0.7395,6590,12.3,5.7,2.0,1.5,14.6,1.0,13.0,9.6,0.0,17.6,5.3
25009217601,0.3735,0.3202,0.4752,0.2249,0.4281,4378,12.0,3.8,2.6,1.2,25.9,0.5,11.9,15.5,0.0,6.5,4.8
25009217602,0.0333,0.1073,0.0251,0.1649,0.371,5455,11.8,2.0,1.5,0.4,14.8,0.3,9.8,11.9,0.0,0.0,44.2
25009218100,0.0496,0.1896,0.285,0.0637,0.0308,5386,6.2,5.0,0.4,1.9,21.9,0.6,6.2,1.3,0.0,0.6,0.2
25009220101,0.3917,0.339,0.2517,0.0706,0.7087,3952,9.5,4.6,2.1,0.9,42.2,0.2,6.4,2.5,0.9,8.1,1.3
25009220102,0.3484,0.6315,0.4959,0.035,0.1061,3021,13.1,13.1,7.5,1.8,30.4,0.3,4.6,2.1,0.0,5.7,0.0
25009221100,0.2392,0.6359,0.2153,0.0381,0.081,3860,12.9,13.5,4.0,1.5,28.7,1.4,4.8,1.0,0.0,3.9,0.0
25009221300,0.2065,0.4557,0.1676,0.0106,0.2122,4613,6.8,6.5,0.8,3.5,36.5,0.0,2.9,3.1,0.0,4.6,0.5
25009221400,0.811,0.7878,0.7213,0.4422,0.8763,3889,38.5,3.6,10.2,3.3,11.9,11.0,22.3,5.0,0.7,9.8,0.9
25009221500,0.8016,0.7947,0.8493,0.1674,0.8205,3256,23.7,5.2,13.9,3.7,26.4,6.5,9.9,23.7,0.0,22.9,2.5
25009221600,0.6824,0.7181,0.6723,0.5353,0.4903,2809,31.3,3.7,3.1,4.5,11.2,2.6,27.6,12.5,0.0,14.4,0.0
25009221700,0.4068,0.7263,0.339,0.1218,0.1293,2696,19.8,3.3,6.2,4.8,35.9,4.1,8.3,2.0,0.0,5.0,0.0
25009221800,0.1262,0.4438,0.1281,0.0606,0.0979,1889,10.2,7.4,5.0,0.9,29.4,0.1,6.1,0.0,0.0,0.0,10.4
25009221901,0.1381,0.381,0.0967,0.035,0.2323,3446,6.2,6.1,1.9,2.7,25.1,0.0,4.6,12.5,0.0,8.7,0.0
25009221902,0.2367,0.4118,0.1011,0.1399,0.3917,3372,8.8,1.7,6.0,2.7,24.1,0.6,8.9,21.3,0.0,7.6,0.0
25009222100,0.1161,0.3773,0.5399,0.0062,0.0113,3674,12.7,1.3,4.6,2.3,15.1,0.8,2.0,0.8,0.0,1.3,0.0
25009223100,0.3854,0.4018,0.5066,0.0881,0.3854,3912,10.8,4.3,1.9,1.9,28.4,0.3,7.1,9.3,0.0,9.1,3.1
25009223200,0.2153,0.4275,0.1268,0.2305,0.2461,4046,11.7,1.4,4.9,3.4,15.3,1.1,12.2,3.1,0.0,7.2,0.1
25009223300,0.0119,0.0364,0.1086,0.0575,0.0741,5833,7.4,2.4,0.6,0.3,20.5,0.7,6.0,8.4,0.0,2.8,0.1
25009250100,0.9812,0.9291,0.99,0.9475,0.8958,3809,39.0,14.4,28.0,2.0,15.5,32.5,83.2,95.3,0.0,41.7,0.3
25009250200,0.8349,0.914,0.7853,0.9569,0.4802,6831,13.4,14.0,22.0,6.7,6.4,15.3,86.7,0.0,0.0,10.0,0.7
25009250300,0.8851,0.9353,0.8117,0.9925,0.6196,2504,33.9,6.4,19.5,5.2,7.3,38.2,96.5,16.4,0.0,20.7,0.0
25009250400,0.9617,0.9222,0.9441,0.9913,0.8632,4282,38.3,12.2,40.9,1.7,9.7,27.4,95.8,17.2,0.9,25.9,0.0
25009250500,0.9341,0.9906,0.9127,0.9831,0.5593,4392,40.3,11.0,36.5,6.8,7.5,32.7,94.1,3.1,0.0,18.3,0.6
25009250600,0.9008,0.9441,0.8675,0.965,0.6008,5933,28.1,9.2,28.7,7.9,8.0,27.0,88.7,5.0,0.0,10.0,0.5
25009250700,0.8876,0.9561,0.8475,0.9775,0.5254,5484,27.2,9.4,26.5,5.9,6.7,31.0,92.7,4.9,0.0,15.3,0.1
25009250800,0.9517,0.9473,0.8776,0.9494,0.8556,8550,34.1,9.5,21.1,5.2,6.8,19.2,83.6,12.2,0.0,22.5,4.2
25009250900,0.9774,0.9944,0.9881,0.9981,0.6955,2425,61.6,12.6,38.9,4.9,12.9,40.9,98.7,20.6,0.0,33.3,0.0
25009251000,0.9987,0.9981,0.9711,0.9819,0.9969,1907,44.5,14.3,48.5,7.1,9.9,36.1,93.9,24.1,1.8,28.2,2.8
25009251100,0.9975,0.9479,0.9994,0.935,0.9605,2857,51.6,7.7,44.0,3.5,27.6,36.1,79.3,46.0,0.0,68.6,8.3
25009251200,0.9718,0.9749,0.9303,0.995,0.8468,1494,48.1,10.9,44.5,3.5,8.0,38.0,97.5,24.0,0.0,47.4,0.3
25009251300,0.9818,1.0,0.9642,0.9875,0.7564,3677,54.6,16.3,54.0,10.9,8.7,32.0,94.8,6.6,0.0,42.4,0.4
25009251400,0.9648,0.9881,0.9278,0.9706,0.7815,5570,43.5,13.9,33.3,5.7,11.6,28.2,90.9,6.8,0.0,21.6,1.5
25009251500,0.9887,0.968,0.9504,0.9575,0.9617,7054,33.9,9.9,24.0,8.3,9.3,18.7,87.0,15.3,1.6,24.1,0.3
25009251600,0.9102,0.9617,0.8305,0.9656,0.6416,6935,32.2,12.4,27.4,7.0,7.0,33.6,88.8,22.0,0.0,18.7,0.0
25009251700,0.9222,0.85,0.6987,0.9419,0.978,5881,27.4,7.7,16.1,2.9,10.5,21.6,81.7,17.1,1.3,11.0,1.2
25009251800,0.7702,0.8311,0.7081,0.8944,0.4401,8482,18.5,5.0,18.2,4.8,10.8,9.9,68.2,10.7,0.0,5.3,0.1
25009252101,0.6943,0.779,0.7464,0.7177,0.2869,3529,14.8,4.7,8.1,8.6,15.9,7.1,41.1,12.5,0.0,7.2,0.7
25009252102,0.0973,0.1858,0.2856,0.5634,0.037,4607,2.7,5.2,2.5,1.9,19.4,0.4,29.7,0.0,0.0,2.9,0.3
25009252201,0.3007,0.4055,0.5405,0.5678,0.0628,3450,14.5,1.9,14.5,1.0,17.2,5.6,29.9,3.2,0.0,2.2,0.3
25009252202,0.1594,0.3233,0.2097,0.4978,0.0891,3611,4.3,2.6,4.8,4.9,16.9,3.5,24.8,0.7,0.0,2.9,0.1
25009252300,0.9479,0.9215,0.9397,0.8557,0.8217,8133,25.6,9.9,18.4,5.1,19.8,13.6,59.4,15.4,0.0,14.7,2.7
25009252400,0.8701,0.9504,0.8004,0.8882,0.5618,4407,27.0,9.8,18.3,7.7,10.1,13.7,66.8,7.6,0.0,11.8,0.2
25009252501,0.8004,0.833,0.8073,0.8026,0.5279,5309,17.0,8.2,15.8,4.6,12.4,6.3,51.0,8.2,0.0,3.7,1.5
25009252502,0.9278,0.8318,0.914,0.722,0.9466,4837,24.9,8.6,8.2,5.5,20.1,4.7,41.6,10.7,1.5,5.5,3.6
25009252601,0.5574,0.5995,0.887,0.6708,0.0847,7175,10.0,7.2,8.1,1.8,19.9,4.0,37.4,12.3,0.0,2.0,0.1
25009252602,0.0722,0.1023,0.2637,0.5728,0.0527,4765,3.3,3.1,4.6,1.1,18.2,2.6,30.1,14.7,0.0,1.5,0.0
25009252603,0.3415,0.3534,0.6277,0.5459,0.118,2989,5.0,2.9,9.3,2.2,14.9,3.3,28.5,8.8,0.0,4.1,0.0
25009253100,0.6014,0.5443,0.8694,0.3991,0.3503,6343,20.6,4.1,4.7,1.2,15.0,4.9,19.6,10.7,0.0,6.5,0.1
25009253201,0.489,0.2655,0.6328,0.1711,0.7294,3171,6.6,4.1,4.5,0.8,19.4,2.7,10.0,20.3,0.0,8.6,4.4
25009253202,0.779,0.6937,0.6397,0.6152,0.8757,7538,21.1,4.1,3.8,7.1,10.6,3.2,32.8,33.6,0.0,7.1,8.9
25009253203,0.1142,0.027,0.354,0.3329,0.2618,4185,6.4,1.5,2.1,0.2,23.2,0.7,16.2,12.7,0.0,4.2,1.3
25009253204,0.3189,0.0621,0.5166,0.5166,0.5361,5572,2.0,2.0,4.2,0.6,16.5,2.3,26.2,26.1,0.0,5.3,2.1
25009253205,0.0019,0.0025,0.1004,0.1255,0.0,4038,1.1,2.1,0.0,0.2,14.7,0.6,8.4,0.0,0.0,0.0,0.0
25009254100,0.258,0.0716,0.5035,0.3473,0.4488,6214,5.8,2.6,1.0,1.1,17.7,1.6,17.0,19.3,0.6,2.0,0.3
25009254200,0.6441,0.533,0.4011,0.4778,0.8581,5348,12.3,9.9,4.0,1.0,16.7,1.8,23.6,15.9,0.0,9.4,20.2
25009254301,0.2116,0.3296,0.2762,0.4129,0.1507,4352,8.5,5.2,6.3,1.7,15.9,1.5,20.5,2.1,0.0,0.6,8.8
25009254302,0.1218,0.0634,0.2411,0.6152,0.1965,4854,3.2,1.0,1.5,2.7,16.7,1.3,32.8,8.4,0.0,0.6,0.3
25009254401,0.2436,0.1846,0.4413,0.6708,0.1682,3763,5.0,4.5,2.6,0.8,10.8,0.9,37.4,26.8,0.0,0.0,0.0
25009254402,0.2963,0.123,0.312,0.7701,0.4124,7907,7.7,3.5,3.0,0.6,12.5,2.3,46.0,19.2,0.0,0.9,0.5
25009254403,0.2021,0.1268,0.6416,0.4585,0.1168,3951,1.3,5.7,2.3,1.3,19.1,1.1,22.9,2.8,0.0,0.9,2.1
25009260100,0.9849,0.9812,0.9586,0.862,0.9303,5495,58.6,22.3,23.3,4.0,12.0,10.6,60.9,54.3,0.0,29.2,3.3
25009260200,0.9799,0.9554,0.9981,0.7002,0.8531,3718,34.9,9.7,15.7,7.0,25.4,7.8,39.3,30.7,0.0,23.9,4.7
25009260301,0.4206,0.3396,0.4821,0.4079,0.4595,4596,13.0,3.8,4.7,0.3,16.5,2.3,20.1,5.9,0.3,2.8,1.5
25009260302,0.3748,0.4112,0.1513,0.3042,0.5675,3623,3.3,3.5,5.9,7.2,16.1,0.6,15.0,6.1,0.0,6.3,2.3
25009260401,0.4796,0.5618,0.6215,0.4154,0.2348,4088,12.8,6.1,3.9,2.4,20.9,0.5,20.7,9.6,0.0,3.1,0.3
25009260402,0.4438,0.4281,0.5957,0.4897,0.285,7034,6.4,4.6,6.7,4.2,19.9,2.8,24.3,13.6,0.0,1.0,0.2
25009260500,0.4187,0.447,0.548,0.5553,0.2147,3886,7.0,4.5,8.1,1.9,17.4,5.3,29.3,3.2,0.0,3.0,5.7
25009260600,0.634,0.7577,0.6246,0.8239,0.1971,4021,20.2,3.0,14.9,9.2,7.5,3.2,53.3,7.6,0.0,3.0,0.0
25009260700,0.7841,0.8393,0.764,0.6302,0.5386,5405,24.9,10.3,12.6,2.2,11.8,1.8,33.8,5.1,0.0,7.7,1.7
25009260800,0.85,0.8989,0.7087,0.8676,0.7018,5395,28.4,6.1,16.6,5.5,9.6,7.9,62.3,14.7,0.0,10.9,0.7
25009260900,0.7188,0.5637,0.715,0.6933,0.7715,5331,24.1,0.8,8.5,2.0,13.6,3.9,38.7,6.7,0.7,13.4,0.0
25009261000,0.43,0.5725,0.295,0.6452,0.2373,4171,12.9,1.4,9.1,4.8,12.5,1.5,35.2,3.5,0.0,4.8,0.7
25009261101,0.226,0.2825,0.4131,0.08,0.2417,5187,3.3,6.1,2.6,1.2,15.3,0.1,6.7,1.2,0.0,2.7,1.7
25009261102,0.29,0.3892,0.5116,0.6209,0.0672,5323,9.8,3.0,5.4,4.1,10.7,2.7,33.2,21.2,0.0,0.9,0.0
25009262100,0.3691,0.4401,0.3233,0.1043,0.4306,6717,10.7,2.5,5.5,3.0,22.0,0.0,7.7,3.2,9.9,4.9,0.3
25009263100,0.032,0.0766,0.3647,0.2486,0.0176,4521,7.3,3.8,2.1,0.4,23.3,0.2,12.8,0.0,0.0,1.9,0.1
25009264100,0.0709,0.1563,0.3434,0.0506,0.0791,6742,7.6,3.4,5.1,0.4,20.1,0.6,5.7,1.8,0.0,1.9,0.0
25009265101,0.0295,0.0414,0.3478,0.1081,0.0408,4021,4.6,0.9,3.6,1.1,16.8,0.7,7.8,2.0,0.0,2.7,0.1
25009265102,0.1042,0.0433,0.2574,0.2061,0.3032,4434,3.5,1.2,1.7,0.3,19.3,0.1,11.3,13.9,0.0,9.2,0.5
25009266100,0.2618,0.3063,0.2072,0.2167,0.3974,4465,5.9,4.3,1.4,3.6,18.1,0.4,11.6,15.5,0.0,2.4,1.1
25009266200,0.5926,0.494,0.5989,0.1799,0.7363,5367,20.1,3.2,5.0,0.9,14.3,0.7,10.3,14.9,0.0,10.1,3.0
25009266300,0.6277,0.4865,0.5568,0.3042,0.8267,3779,14.3,1.9,6.0,2.5,18.1,0.2,15.0,36.3,0.0,11.1,3.1
25009266400,0.5687,0.7024,0.7345,0.1899,0.2454,3668,12.8,8.4,4.8,2.4,18.6,0.3,10.7,18.4,0.0,3.3,0.0
25009267102,0.6051,0.6353,0.4463,0.3517,0.6472,5384,9.2,8.7,7.5,4.8,16.7,0.6,17.2,0.0,7.7,1.3,1.2
25009267103,0.2505,0.4426,0.1582,0.0169,0.3402,1662,10.7,3.4,5.7,1.7,33.3,0.0,3.3,4.4,1.5,8.3,0.0
25009267104,0.4363,0.3271,0.457,0.2954,0.5957,2136,12.3,3.7,3.2,1.2,25.2,0.3,14.7,27.5,2.7,10.7,0.0
25009268100,0.037,0.0389,0.2611,0.2804,0.0596,2618,6.8,3.4,1.8,0.2,14.3,0.3,14.1,0.0,0.0,2.4,0.2
25009268200,0.5637,0.506,0.8104,0.0312,0.5104,7360,9.2,5.9,2.0,3.9,20.1,2.7,4.3,12.3,0.0,4.5,3.2
25009268300,0.3723,0.4181,0.5323,0.1399,0.2969,4090,14.1,3.8,5.9,0.6,25.8,1.2,8.9,15.9,0.0,7.6,0.5
25009268400,0.2141,0.2932,0.3697,0.148,0.2078,4288,6.8,8.7,1.6,1.3,24.9,0.0,9.2,4.0,0.0,5.7,1.4
25009269100,0.2109,0.0917,0.1751,0.1255,0.6541,6723,9.6,2.2,2.3,1.0,23.8,0.2,8.4,2.3,1.5,0.5,2.6
25009270100,0.091,0.0213,0.6271,0.0531,0.1381,6175,3.0,2.9,2.3,0.0,21.1,0.3,5.8,5.8,0.0,3.2,0.7
25017300100,0.064,0.4218,0.0709,0.0381,0.0665,3187,7.5,5.0,6.5,2.8,20.6,0.0,4.8,0.0,0.4,0.0,0.0
25017301101,0.4099,0.4915,0.4018,0.4216,0.2825,3972,10.5,6.0,5.9,2.1,14.9,1.2,21.0,17.9,0.0,4.6,0.1
25017301102,0.0703,0.4338,0.1318,0.0931,0.027,5098,12.6,5.5,3.8,1.3,16.0,0.0,7.2,5.0,0.0,1.5,0.0
25017310101,0.8519,0.7075,0.8016,0.6377,0.9573,3722,27.4,2.4,7.4,3.3,11.4,7.9,34.7,84.4,0.0,27.4,13.3
25017310102,0.8167,0.8249,0.5524,0.7239,0.855,2721,37.2,1.5,16.4,7.5,9.1,8.9,41.7,85.0,0.0,16.4,0.4
25017310200,0.8192,0.7376,0.897,0.8595,0.6466,6781,19.4,5.8,18.0,1.6,12.2,9.6,60.1,3.2,0.0,10.1,2.4
25017310300,0.8249,0.9046,0.8167,0.807,0.4746,6608,29.5,6.0,18.5,5.1,9.4,4.2,51.4,22.5,0.0,8.2,0.3
25017310400,0.9529,0.9793,0.9178,0.8401,0.7728,3417,45.0,11.4,16.3,7.1,6.5,11.8,56.8,2.5,4.2,20.6,0.0
25017310500,0.7269,0.8851,0.0948,0.7851,0.7677,3755,26.9,7.6,12.6,10.9,4.6,1.5,48.2,1.5,0.6,5.2,4.9
25017310601,0.7728,0.3867,0.963,0.639,0.838,5352,11.7,1.5,12.5,0.0,23.0,5.1,34.8,28.8,0.0,12.1,6.1
25017310602,0.6999,0.7225,0.2969,0.7539,0.7539,6111,16.7,9.5,9.7,3.2,13.4,4.4,44.5,29.9,0.0,5.0,3.4
25017310700,0.8581,0.8274,0.8481,0.8401,0.7665,4881,34.8,1.0,17.8,7.3,15.0,8.1,56.8,10.9,0.0,20.5,8.9
25017311100,0.8487,0.796,0.6893,0.857,0.8927,2550,23.1,4.4,19.6,3.8,5.5,12.5,59.5,38.1,0.0,23.9,1.3
25017311200,0.877,0.9165,0.791,0.9407,0.6704,3024,37.0,3.8,29.4,11.0,11.3,23.5,81.2,7.2,0.0,30.1,0.3
25017311300,0.936,0.9303,0.8977,0.9213,0.8092,4754,38.5,8.6,26.1,3.9,8.6,14.8,74.8,12.4,0.0,14.3,5.8
25017311400,0.7288,0.6196,0.4796,0.8726,0.8412,6780,16.1,3.7,6.3,2.1,8.5,8.4,63.3,49.3,0.0,10.3,1.1
25017311500,0.6554,0.6039,0.6058,0.8682,0.5342,3288,16.8,1.9,20.1,3.2,10.2,14.0,62.8,18.2,0.0,3.4,0.4
25017311600,0.6755,0.7338,0.6629,0.8045,0.3434,6039,17.7,5.5,20.1,3.1,11.2,12.1,51.2,4.0,0.0,7.7,0.1
25017311700,0.7997,0.8481,0.6673,0.9244,0.5669,4871,18.1,7.6,30.1,5.6,12.6,25.1,76.9,13.3,0.0,17.0,0.0
25017311800,0.8067,0.865,0.811,0.9038,0.4375,3520,36.2,4.4,28.8,4.7,5.1,9.7,70.5,0.9,0.0,13.6,0.2
25017311900,0.9347,0.9705,0.7602,0.8707,0.8619,2931,40.2,9.0,24.6,8.2,11.1,18.7,63.2,41.8,0.0,37.1,1.4
25017312000,0.9234,0.9805,0.9184,0.8495,0.5895,3046,37.3,12.9,28.4,6.1,11.3,15.5,58.1,2.2,0.0,20.2,0.3
25017312100,0.8644,0.8713,0.9335,0.8663,0.4997,3446,22.1,8.5,16.1,6.1,7.3,10.7,62.1,41.0,0.0,18.2,0.0
25017312200,0.7119,0.5537,0.8707,0.7645,0.5568,4956,14.6,1.7,14.9,1.8,12.1,12.0,45.4,11.5,1.6,2.7,0.0
25017312300,0.7458,0.7244,0.8594,0.6827,0.4658,5262,17.2,8.7,6.1,5.5,11.5,10.5,38.2,20.2,0.0,0.0,1.6
25017312400,0.9956,0.9843,0.995,0.6746,0.9831,2186,39.3,11.2,29.6,5.6,20.0,12.7,37.8,28.3,0.9,24.2,0.9
25017312501,0.6008,0.5518,0.5706,0.6858,0.5122,4777,14.6,2.7,5.7,6.4,17.0,4.9,38.4,6.9,0.0,9.1,0.2
25017312502,0.3365,0.3559,0.4212,0.5166,0.2191,3874,8.9,3.5,7.4,0.9,21.6,2.3,26.2,18.2,0.0,5.1,0.3
25017313101,0.4608,0.5198,0.4645,0.4403,0.3358,7022,4.3,6.5,6.2,4.6,12.8,1.8,22.1,10.6,3.1,1.5,0.1
25017313102,0.425,0.1337,0.5844,0.376,0.6918,5349,8.4,3.0,4.2,0.5,11.9,1.4,18.2,6.9,2.1,2.4,0.3
25017314101,0.5286,0.5964,0.6397,0.4585,0.2976,7060,8.8,4.9,13.1,2.6,14.1,1.1,22.9,11.6,0.0,5.4,0.0
25017314102,0.4896,0.4852,0.6183,0.4166,0.3471,7518,6.9,4.5,6.2,4.0,23.1,1.8,20.8,15.4,0.0,6.4,0.1
25017314200,0.4878,0.7476,0.1789,0.3629,0.3202,5419,15.7,7.9,9.4,4.1,11.6,0.5,17.6,6.5,0.0,3.0,0.3
25017314301,0.5951,0.4947,0.5995,0.3629,0.6773,8824,11.9,4.1,7.5,1.6,17.5,2.5,17.6,15.6,0.6,5.6,0.3
25017314302,0.0835,0.1249,0.4658,0.188,0.0571,3470,3.8,3.2,5.6,0.9,12.8,2.5,10.6,0.0,0.0,0.0,0.1
25017315100,0.0885,0.135,0.3446,0.2117,0.0917,5954,2.9,2.2,7.0,0.8,15.3,1.5,11.5,0.3,0.0,0.5,0.1
25017315200,0.5499,0.3547,0.3986,0.2224,0.8933,8652,9.5,3.2,6.7,0.5,20.1,0.1,11.8,27.8,3.9,3.4,1.4
25017315401,0.6635,0.6284,0.6328,0.2586,0.7596,4050,10.8,14.1,9.3,1.5,23.7,2.5,13.1,27.8,0.0,8.0,11.9
25017315402,0.0634,0.2373,0.1739,0.1399,0.0609,3297,2.1,7.2,3.5,1.6,18.8,0.5,8.9,5.4,0.0,0.0,0.4
25017315403,0.236,0.2097,0.4187,0.0931,0.3484,1624,1.9,6.3,2.5,2.3,21.4,1.1,7.2,4.0,0.0,2.3,2.6
25017315500,0.0665,0.0835,0.1613,0.2804,0.1858,7512,4.2,3.0,4.2,0.2,19.4,1.2,14.1,1.7,0.0,1.3,0.8
25017316101,0.0979,0.2542,0.1111,0.243,0.15,4704,3.2,6.5,4.8,1.4,14.6,0.5,12.5,0.0,2.0,0.0,0.0
25017316102,0.0891,0.0264,0.3798,0.2586,0.204,6764,4.1,1.2,3.4,0.7,15.7,1.2,13.1,6.0,0.0,4.6,1.3
25017316201,0.1456,0.1507,0.4432,0.1218,0.177,4491,2.1,2.6,4.9,2.2,20.6,0.9,8.3,1.5,0.0,0.4,0.3
25017316202,0.231,0.4357,0.3999,0.5434,0.0414,3579,5.7,4.5,8.3,3.3,15.8,3.1,28.3,0.6,0.0,6.6,0.0
25017316300,0.3836,0.2185,0.2994,0.5984,0.5725,8849,8.7,3.3,4.4,0.6,14.6,2.3,31.6,40.0,0.0,5.7,0.4
25017316400,0.0772,0.0778,0.0992,0.4216,0.2699,6944,4.3,2.0,4.4,1.2,15.5,2.1,21.0,13.0,0.0,0.3,10.2
25017316500,0.7954,0.521,0.7075,0.6577,0.9837,6377,11.9,7.9,7.5,0.4,18.6,2.9,36.6,16.8,2.7,9.6,2.8
25017317101,0.6447,0.6434,0.425,0.4385,0.737,6516,11.7,8.3,4.8,2.8,19.4,1.2,22.0,34.9,5.9,5.4,0.0
25017317102,0.275,0.1532,0.5267,0.4859,0.2775,5065,7.5,2.3,5.0,0.8,12.5,2.7,24.1,13.9,0.0,0.0,0.6
25017317103,0.1777,0.4733,0.2078,0.3304,0.0521,4840,7.5,9.8,4.6,2.7,19.8,0.2,16.1,0.0,0.0,1.0,0.3
25017317201,0.0483,0.0885,0.1588,0.3192,0.0904,2724,5.7,5.5,0.9,0.6,21.6,0.9,15.7,0.0,0.0,0.0,0.3
25017317202,0.0094,0.0075,0.1707,0.2224,0.0251,4210,1.9,1.8,2.2,0.6,15.7,0.0,11.8,3.3,0.0,2.1,0.0
25017317203,0.3867,0.3013,0.3854,0.4622,0.4564,3936,9.9,1.6,4.7,1.9,20.4,2.0,23.0,19.9,0.0,8.2,2.5
25017317301,0.5769,0.2637,0.8487,0.569,0.6058,3239,5.5,2.4,3.8,2.0,19.7,2.5,30.0,21.5,0.0,2.4,2.4
25017317302,0.145,0.2461,0.3923,0.2117,0.1092,5652,6.4,4.9,4.5,1.3,19.5,0.9,11.5,20.3,0.0,3.6,0.0
25017318100,0.0678,0.1864,0.2178,0.5103,0.0345,6609,7.5,5.1,1.1,0.6,17.4,1.0,25.7,0.0,0.0,1.9,0.0
25017318200,0.103,0.0427,0.2599,0.6334,0.1532,4992,4.8,1.1,2.2,1.4,10.5,0.3,34.2,3.4,0.0,1.0,0.2
25017318300,0.2046,0.0741,0.2379,0.5615,0.4288,8432,4.1,4.1,0.8,1.4,11.5,1.1,29.6,7.3,0.2,1.0,0.3
25017318400,0.4036,0.1218,0.5681,0.5915,0.5706,4491,3.8,6.0,3.3,0.2,13.8,2.1,31.2,18.9,0.0,5.1,0.8
25017320102,0.01,0.022,0.1186,0.3916,0.0213,5513,6.3,0.9,1.3,1.0,12.7,0.3,19.2,0.0,0.0,1.6,0.2
25017320105,0.1419,0.0841,0.3239,0.4354,0.2404,2486,4.3,4.6,1.5,0.3,13.3,2.5,21.8,2.5,0.0,3.1,0.7
25017320106,0.1406,0.0552,0.3076,0.3598,0.3258,6603,8.3,2.7,1.4,0.3,15.1,1.0,17.5,13.2,0.0,3.1,0.9
25017320107,0.1877,0.0477,0.2329,0.7514,0.3509,4146,5.7,1.8,1.4,1.4,10.5,0.9,44.3,18.6,0.0,0.6,0.8
25017321100,0.897,0.7119,0.9134,0.5859,0.973,6673,19.7,9.1,3.0,3.2,21.8,4.9,30.9,30.0,10.6,10.7,1.3
25017321200,0.7376,0.6416,0.2775,0.7058,0.9561,8410,21.3,1.0,7.5,4.6,8.3,16.0,40.1,24.7,5.0,5.7,0.5
25017321301,0.8795,0.9768,0.6836,0.7577,0.6974,4329,28.6,9.2,27.1,14.0,11.9,14.7,44.7,30.3,0.0,19.9,1.6
25017321302,0.4702,0.4758,0.1563,0.5322,0.656,3441,8.2,3.4,4.9,8.3,13.7,5.2,27.5,11.7,0.0,12.0,1.0
25017321400,0.6654,0.3861,0.5863,0.6902,0.8939,4451,6.9,2.4,5.0,3.4,15.5,5.4,38.6,34.6,0.0,11.5,4.1
25017321500,0.7696,0.7301,0.6729,0.6858,0.752,6934,17.6,5.9,12.5,2.3,17.4,9.8,38.4,20.1,0.0,6.3,2.5
25017321600,0.5669,0.6441,0.6259,0.7495,0.2185,7153,6.6,7.4,12.8,4.2,13.9,9.2,44.2,13.9,0.0,2.4,0.1
25017322100,0.081,0.1852,0.2354,0.4129,0.0508,4723,0.7,4.6,9.2,0.8,13.3,2.0,20.5,0.0,0.0,0.6,0.0
25017322200,0.4463,0.3729,0.656,0.3354,0.3823,4504,9.5,2.6,7.3,2.0,23.0,3.5,16.3,19.1,0.0,5.7,0.3
25017322300,0.8048,0.7596,0.7313,0.4354,0.8745,6050,20.0,5.6,13.7,2.4,20.9,9.1,21.8,22.6,8.8,5.4,0.7
25017322400,0.2756,0.4168,0.5518,0.2061,0.1017,4670,4.3,4.0,7.9,3.8,17.6,2.7,11.3,17.2,0.0,3.7,0.0
25017323101,0.1318,0.1425,0.3892,0.2305,0.1481,3861,2.7,6.8,0.7,0.5,18.1,0.0,12.2,11.3,0.0,5.0,0.2
25017323102,0.0113,0.0151,0.2536,0.4522,0.0,3250,8.5,0.7,1.8,0.0,15.1,0.0,22.7,0.0,0.0,0.0,0.0
25017324101,0.2448,0.4382,0.2668,0.2886,0.1419,5761,6.9,5.6,6.6,2.9,18.0,0.3,14.5,5.5,0.0,0.4,2.5
25017324102,0.381,0.2724,0.3578,0.2386,0.5951,4323,7.6,5.5,0.4,3.5,15.2,0.0,12.4,6.7,6.3,1.1,0.4
25017325101,0.182,0.4093,0.2982,0.3791,0.0502,4054,4.6,9.1,4.2,2.9,12.1,1.0,18.4,15.1,0.0,0.9,0.0
25017325102,0.7539,0.575,0.6434,0.5859,0.9234,4354,13.6,1.9,15.1,2.9,19.2,2.3,30.9,10.0,1.4,5.7,3.1
25017326101,0.3132,0.334,0.1463,0.2954,0.5273,5222,7.5,5.3,5.0,2.0,11.7,0.6,14.7,3.4,0.0,5.3,3.3
25017326102,0.1852,0.231,0.3628,0.2736,0.1707,6032,9.3,4.5,3.6,0.9,17.8,1.2,13.8,5.2,0.0,2.7,1.9
25017327101,0.1092,0.14,0.5085,0.08,0.0879,4032,3.2,2.6,2.7,3.1,13.9,0.0,6.7,0.0,2.0,0.0,0.0
25017327102,0.2247,0.4124,0.2141,0.2904,0.1664,3807,5.0,6.1,3.5,3.1,14.4,2.1,14.6,3.8,0.0,0.9,0.3
25017327103,0.5738,0.4413,0.5738,0.4329,0.6868,3786,15.2,2.6,4.1,1.6,22.4,2.9,21.7,10.5,4.2,6.7,1.3
25017328100,0.0038,0.0791,0.0885,0.188,0.0025,3359,3.2,5.9,1.9,0.3,14.3,0.4,10.6,0.0,0.0,0.4,0.0
25017330101,0.0063,0.0019,0.2373,0.1455,0.0314,3493,4.7,0.9,0.0,0.0,12.6,1.1,9.1,1.6,0.0,2.0,0.1
25017330102,0.2825,0.2787,0.3848,0.2336,0.3289,5054,2.5,4.3,4.8,1.7,13.9,0.4,12.3,1.0,0.0,5.8,0.6
25017330201,0.2969,0.2034,0.209,0.1555,0.6409,2947,2.2,9.9,3.4,0.0,18.9,1.9,9.4,11.1,5.2,2.1,3.7
25017330202,0.5719,0.5122,0.7062,0.3417,0.4934,4035,4.9,6.6,3.2,3.1,12.6,3.3,16.7,38.3,0.0,4.3,0.4
25017331101,0.1149,0.0935,0.2781,0.3473,0.1833,3203,2.8,6.4,1.7,0.0,16.5,0.9,17.0,13.9,0.0,0.8,0.0
25017331102,0.0552,0.0245,0.2235,0.08,0.248,7005,1.0,3.2,2.3,0.3,17.8,0.6,6.7,8.2,0.0,2.9,3.3
25017331200,0.0402,0.0898,0.2009,0.1337,0.0797,5654,3.0,3.1,5.9,0.4,12.8,0.4,8.7,5.4,0.0,4.2,0.1
25017331300,0.4281,0.6008,0.4884,0.4235,0.1632,7329,18.7,5.8,5.6,2.1,14.1,1.0,21.1,5.2,0.0,10.1,0.2
25017332100,0.0822,0.0584,0.489,0.4079,0.0596,6042,2.0,3.1,4.0,0.6,23.3,1.3,20.1,0.0,0.0,2.0,0.2
25017332201,0.3308,0.4306,0.2938,0.4472,0.2398,2211,5.6,14.5,3.1,0.6,36.9,0.3,22.5,27.7,0.0,4.1,0.3
25017332202,0.3923,0.479,0.15,0.5128,0.4526,6530,14.8,1.6,3.6,4.2,16.3,2.5,25.9,21.6,0.0,5.0,0.1
25017332300,0.3509,0.2706,0.5392,0.4878,0.2894,7019,11.0,2.3,0.7,4.5,17.2,2.2,24.2,15.9,0.0,1.4,0.1
25017332401,0.2743,0.3026,0.2172,0.584,0.2819,2426,6.8,4.5,6.7,1.3,29.6,0.8,30.8,7.8,0.0,3.1,6.7
25017332402,0.7928,0.6711,0.575,0.5603,0.9623,1941,17.1,3.5,4.2,4.6,21.0,3.5,29.5,67.2,0.7,5.9,0.9
25017333100,0.5675,0.3936,0.2718,0.4154,0.9083,7618,7.5,6.7,4.2,1.1,22.7,1.0,20.7,16.6,0.6,10.1,1.4
25017333200,0.4124,0.361,0.2906,0.4104,0.543,5514,9.6,5.0,1.5,1.9,13.3,2.8,20.2,9.5,0.0,10.5,0.5
25017333300,0.6365,0.5003,0.7476,0.3735,0.6579,4019,12.8,3.6,8.5,1.4,14.3,9.6,18.0,15.2,0.0,10.5,0.3
25017333400,0.4545,0.5254,0.398,0.321,0.4036,6444,9.3,11.7,7.4,1.5,14.3,1.1,15.8,25.8,0.0,3.2,0.2
25017333501,0.5556,0.5304,0.4275,0.5428,0.5694,4959,11.6,5.0,5.9,2.1,18.0,1.6,28.2,16.7,1.2,1.6,0.1
25017333502,0.6711,0.6999,0.3258,0.6727,0.7137,3423,17.5,15.2,10.1,1.1,15.6,17.1,37.5,10.5,0.0,5.5,3.6
25017333601,0.3019,0.634,0.0979,0.6508,0.113,1799,14.9,5.5,6.7,2.4,6.1,3.1,35.8,64.4,0.0,0.7,0.0
25017333602,0.5995,0.651,0.3936,0.6871,0.5022,7216,13.7,6.5,8.3,1.5,13.3,3.4,38.5,21.7,0.0,8.2,0.2
25017334100,0.108,0.1117,0.3716,0.2711,0.1199,6854,4.9,3.6,1.0,1.0,17.1,0.3,13.7,24.0,0.0,3.8,0.0
25017334200,0.3107,0.226,0.6698,0.0931,0.3114,4145,7.8,1.6,3.5,1.8,17.5,1.6,7.2,12.5,0.0,7.1,1.0
25017334300,0.076,0.0672,0.2116,0.1824,0.2178,7752,4.4,4.0,3.6,0.0,20.1,1.1,10.4,3.3,0.0,2.5,1.4
25017334400,0.371,0.1632,0.6805,0.4497,0.3729,6664,7.3,1.3,5.5,0.8,24.4,4.0,22.6,18.0,0.0,11.2,0.6
25017335100,0.3754,0.5876,0.3101,0.0506,0.2837,5748,9.6,6.3,4.5,3.7,18.4,0.6,5.7,12.5,0.0,5.9,1.0
25017335200,0.2574,0.0358,0.6736,0.2092,0.4476,6478,6.1,1.3,2.7,0.2,22.9,0.5,11.4,20.2,0.0,2.2,2.8
25017335301,0.3986,0.4288,0.3308,0.3011,0.4438,4378,8.4,2.1,7.0,2.6,15.3,1.4,14.9,7.8,0.0,8.6,1.0
25017335302,0.2015,0.3189,0.381,0.1255,0.1613,5100,7.0,4.7,1.2,3.1,19.4,0.6,8.4,18.9,0.0,2.6,0.3
25017335400,0.3421,0.3327,0.3296,0.321,0.4137,5350,3.5,5.7,7.1,1.6,18.0,1.1,15.8,8.5,0.0,1.7,3.1
25017336100,0.4294,0.344,0.4771,0.4722,0.4614,5289,11.2,2.8,6.7,0.3,22.9,1.4,23.4,28.9,0.0,18.8,0.0
25017336201,0.1212,0.1645,0.3528,0.0706,0.1638,2881,5.6,4.5,5.7,0.0,22.3,0.3,6.4,3.5,3.7,0.0,0.0
25017336202,0.0571,0.0289,0.1827,0.1337,0.258,3268,4.0,2.6,2.6,0.0,22.8,0.0,8.7,5.3,0.0,4.1,4.1
25017336300,0.0948,0.0421,0.4375,0.228,0.1569,6921,4.5,3.7,1.3,0.0,14.5,1.8,12.0,3.0,0.0,5.1,0.9
25017336402,0.7589,0.5374,0.7583,0.6052,0.9121,5433,9.7,7.4,4.7,1.4,20.0,6.0,32.1,33.1,4.7,15.1,2.7
25017336403,0.5625,0.6447,0.204,0.654,0.5712,3242,10.0,3.4,9.6,4.0,20.6,2.4,36.1,67.1,0.0,7.1,0.0
25017336404,0.2787,0.58,0.113,0.6665,0.1023,2443,9.3,1.6,6.4,9.5,12.9,2.2,37.2,26.3,0.0,2.2,0.0
25017337101,0.3352,0.2869,0.3955,0.5103,0.317,2903,7.6,5.2,2.0,2.3,23.2,1.6,25.7,8.4,0.0,8.9,0.0
25017337102,0.1255,0.1557,0.1858,0.2711,0.2335,5668,7.6,3.9,4.8,0.0,15.5,0.4,13.7,26.5,0.0,0.7,1.0
25017337201,0.4689,0.4375,0.7018,0.3123,0.3296,3194,12.1,4.8,4.6,0.7,21.6,5.0,15.3,42.1,0.0,6.8,0.0
25017337202,0.5756,0.3923,0.8726,0.3011,0.4953,5166,4.5,4.0,6.0,2.6,22.7,5.3,14.9,25.9,0.0,6.2,0.5
25017337300,0.2197,0.2586,0.1205,0.4522,0.3873,6061,7.8,0.5,6.1,2.2,17.5,0.9,22.7,28.7,0.0,2.8,0.3
25017338100,0.0232,0.0282,0.3453,0.5415,0.005,3189,2.8,3.5,2.5,0.2,15.3,3.5,28.1,0.0,0.0,1.8,0.0
25017338200,0.7809,0.4369,0.796,0.727,0.9705,4028,7.8,5.4,3.5,4.7,17.3,3.4,42.1,26.2,1.7,5.9,4.8
25017338300,0.538,0.4099,0.6849,0.2867,0.5907,3396,10.8,2.4,2.7,4.2,22.4,1.2,14.4,23.8,0.0,17.8,3.4
25017338400,0.0408,0.0195,0.5374,0.5834,0.0069,6328,3.4,3.4,1.5,0.5,20.8,1.1,30.7,0.3,0.0,0.7,0.0
25017338500,0.0352,0.0596,0.1343,0.3254,0.096,5868,6.4,2.3,3.2,0.0,13.6,0.0,16.0,4.4,0.0,5.9,0.1
25017339101,0.7451,0.5869,0.7489,0.7002,0.8016,3267,20.7,3.8,12.3,0.9,30.4,10.3,39.3,64.9,0.0,30.6,0.3
25017339102,0.0282,0.0383,0.1262,0.0987,0.1299,3464,5.5,1.3,3.0,0.0,25.7,0.7,7.3,0.5,0.0,1.2,6.6
25017339200,0.1695,0.3101,0.1255,0.3517,0.2134,5890,5.4,7.9,3.6,1.9,21.7,0.9,17.2,0.9,0.0,7.7,2.1
25017339300,0.5386,0.2812,0.5154,0.7814,0.6899,3179,16.4,1.8,4.1,1.5,19.1,2.6,47.8,17.8,0.0,10.8,0.7
25017339400,0.4639,0.597,0.0527,0.3916,0.7991,3918,19.3,7.2,5.3,1.4,9.6,2.3,19.2,6.0,0.6,10.0,1.8
25017339500,0.4758,0.6529,0.0571,0.5503,0.651,5565,16.1,3.0,11.2,3.0,11.6,3.4,29.0,6.2,0.0,9.4,27.6
25017339600,0.398,0.6033,0.0552,0.6708,0.4834,5338,12.3,1.9,9.5,17.2,8.5,11.3,37.4,13.1,0.8,12.5,0.0
25017339700,0.5053,0.538,0.7188,0.7395,0.1438,3674,20.1,1.4,15.6,1.3,17.7,9.0,43.3,6.2,0.0,20.3,0.0
25017339802,0.5706,0.4476,0.5838,0.7414,0.5254,5137,21.5,0.0,3.6,4.2,13.7,6.6,43.4,53.7,0.0,2.8,0.2
25017339803,0.4313,0.5989,0.0433,0.7021,0.6328,4022,15.4,7.6,1.8,5.0,7.8,5.1,39.5,97.9,0.0,16.6,0.0
25017339804,0.0741,0.0521,0.4545,0.747,0.0239,2799,3.0,0.5,6.4,0.9,14.4,7.9,44.0,0.5,0.0,4.2,0.0
25017339900,0.2398,0.4878,0.103,0.5234,0.1657,5861,12.0,2.5,2.9,5.9,11.3,2.5,26.6,2.8,0.0,11.1,0.3
25017340000,0.4984,0.5317,0.4972,0.6871,0.3151,2801,14.7,3.7,10.1,1.7,15.2,3.9,38.5,17.7,0.0,6.0,0.0
25017340100,0.4237,0.4727,0.2128,0.6302,0.4193,6833,4.8,10.0,8.4,0.8,17.6,2.3,33.8,8.3,0.0,6.6,2.1
25017341101,0.3704,0.5838,0.1274,0.8301,0.172,4049,13.6,4.0,7.4,6.7,12.6,11.1,54.5,2.1,0.0,8.6,0.1
25017341102,0.7784,0.823,0.2454,0.7058,0.8989,5353,26.2,7.9,9.7,3.6,14.2,9.3,40.1,48.2,0.0,27.2,0.9
25017341200,0.7169,0.8688,0.4608,0.8251,0.3754,7304,13.7,11.7,15.8,9.8,14.3,16.9,53.6,17.0,0.0,7.5,0.0
25017341301,0.7094,0.6874,0.0879,0.9263,0.9391,4012,26.9,1.7,5.2,6.3,10.2,9.1,77.4,86.0,0.0,43.8,0.7
25017341302,0.4457,0.4262,0.0703,0.7308,0.7483,2514,7.0,8.5,13.5,0.0,10.1,9.1,42.4,27.4,0.0,15.4,0.8
25017341400,0.7652,0.7395,0.4306,0.8645,0.8255,6734,18.8,2.5,13.3,6.7,12.1,14.8,61.7,21.3,0.0,11.5,1.1
25017341500,0.7897,0.8236,0.6949,0.9157,0.565,4746,18.7,9.0,10.9,4.5,14.1,12.1,72.5,9.7,0.0,14.8,0.1
25017341600,0.8267,0.6987,0.8211,0.7614,0.8719,6445,20.6,2.4,14.6,4.7,17.8,11.5,45.2,30.2,0.0,27.9,0.8
25017341700,0.747,0.7828,0.624,0.8301,0.548,5632,10.9,8.4,16.5,3.9,14.3,7.7,54.5,12.5,0.0,16.0,0.1
25017341800,0.9699,0.9699,0.8751,0.9063,0.9253,7297,34.4,9.0,24.4,9.7,10.6,16.2,70.9,6.4,0.5,22.1,0.4
25017341901,0.3622,0.4639,0.4175,0.6983,0.1262,1161,19.5,3.1,7.2,1.5,15.8,11.7,39.2,17.5,0.0,5.8,0.0
25017341903,0.6347,0.5631,0.1783,0.772,0.8493,7046,16.0,3.2,4.6,4.2,7.6,5.6,46.2,71.4,1.1,3.7,0.0
25017341904,0.9046,0.8757,0.877,0.8176,0.8223,3170,31.6,15.7,12.8,6.3,15.9,14.2,52.7,11.0,0.8,12.2,0.6
25017342101,0.8719,0.8751,0.8462,0.827,0.7207,5144,29.2,4.8,16.0,7.5,13.1,10.8,54.0,4.2,0.0,15.7,2.3
25017342102,0.7803,0.5882,0.9366,0.8901,0.6083,4827,23.1,1.1,24.1,0.8,15.1,13.0,67.3,16.4,0.0,19.9,0.0
25017342201,0.8475,0.924,0.7458,0.8813,0.5851,5713,21.8,8.9,17.6,22.3,7.5,24.3,65.5,8.3,0.0,35.9,0.1
25017342202,0.8098,0.8343,0.801,0.9076,0.5474,3926,27.9,3.1,17.6,8.0,14.1,22.1,71.1,4.7,0.0,17.9,0.2
25017342301,0.8399,0.9102,0.8738,0.9088,0.4018,3904,19.2,22.1,33.7,6.0,9.1,15.6,71.2,2.9,0.0,11.6,0.0
25017342302,0.6541,0.7018,0.6252,0.8201,0.3591,3829,12.4,1.8,27.5,7.5,14.3,18.9,52.8,1.6,0.0,12.3,0.0
25017342401,0.7847,0.8952,0.3384,0.8707,0.6704,3576,30.1,6.3,16.7,11.8,14.8,13.0,63.2,17.6,0.0,20.2,1.0
25017342402,0.7156,0.6616,0.5945,0.8457,0.6598,4236,53.0,0.0,7.7,2.6,6.2,13.1,57.7,55.8,0.0,9.9,0.0
25017342501,0.9184,0.9674,0.8801,0.8326,0.6855,4774,26.3,11.1,21.7,8.5,13.6,20.7,55.3,23.3,0.0,13.7,0.2
25017342502,0.8449,0.9121,0.4783,0.7177,0.8443,3468,37.5,7.9,9.5,6.0,8.0,8.4,41.1,2.5,7.6,25.9,0.0
25017342600,0.7828,0.7872,0.7433,0.8507,0.5813,5288,10.0,6.9,24.9,3.7,11.1,13.4,58.5,11.0,0.0,26.3,0.0
25017350105,0.3321,0.4796,0.2398,0.4316,0.2291,1252,8.8,4.3,15.2,3.2,18.5,10.5,21.6,0.0,0.0,14.3,0.2
25017350106,0.3377,0.3597,0.032,0.7202,0.732,1864,11.2,2.6,1.8,2.3,2.0,2.4,41.4,97.4,0.0,22.1,0.0
25017350107,0.1525,0.5336,0.0741,0.6371,0.0389,1085,10.8,0.0,14.5,5.8,7.9,13.2,34.6,0.0,0.0,9.5,0.0
25017350108,0.705,0.8223,0.4551,0.6802,0.4871,3905,30.3,4.4,13.4,6.0,8.9,13.5,38.1,18.0,0.0,10.6,0.0
25017350109,0.7884,0.4432,0.6874,0.8314,0.9887,2446,16.6,3.3,17.6,1.1,17.3,25.0,54.9,19.4,3.2,33.2,0.9
25017350201,0.4783,0.4532,0.2266,0.7252,0.5455,3216,12.7,4.5,18.1,0.0,10.9,10.3,41.8,11.0,0.0,11.5,0.1
25017350202,0.467,0.307,0.4193,0.6015,0.6077,4292,8.2,2.4,4.5,3.8,6.7,7.7,31.8,11.7,0.0,7.0,0.7
25017350300,0.3729,0.4444,0.0308,0.6134,0.7627,2868,11.1,0.4,8.0,2.5,4.1,2.1,32.7,28.9,0.0,21.5,0.5
25017350400,0.0301,0.0929,0.0126,0.4997,0.3139,6021,7.4,1.5,3.4,1.3,6.3,0.5,24.9,5.0,0.0,14.8,1.1
25017350500,0.1193,0.2938,0.0339,0.2167,0.4401,1666,6.3,4.0,3.1,3.5,10.2,1.1,11.6,10.8,0.0,19.7,1.6
25017350600,0.1111,0.4137,0.0056,0.589,0.3315,5056,19.7,3.9,2.0,1.9,5.5,0.5,31.0,0.0,0.0,17.4,44.6
25017350701,0.0653,0.1971,0.0138,0.1993,0.5229,2860,16.6,2.4,2.0,0.0,7.2,1.1,11.0,2.9,0.0,25.7,1.0
25017350702,0.8311,0.6635,0.951,0.7689,0.7589,3319,37.6,0.2,20.1,1.9,20.5,4.7,45.8,42.1,0.0,43.6,1.2
25017350800,0.0816,0.1594,0.0358,0.4166,0.3911,1919,8.8,3.2,2.2,0.4,13.0,0.8,20.8,9.1,0.0,13.2,0.0
25017350900,0.0716,0.0822,0.0201,0.5028,0.5775,3736,9.9,1.5,1.6,0.9,6.8,0.9,25.1,21.3,0.0,25.6,0.0
25017351001,0.0584,0.2737,0.0069,0.4834,0.3101,3956,10.8,4.6,0.9,1.1,7.5,0.5,23.9,22.0,0.0,33.7,0.0
25017351002,0.2837,0.1281,0.0691,0.6209,0.7784,2701,12.7,1.6,4.9,0.4,10.5,4.2,33.2,17.1,0.0,18.7,0.5
25017351101,0.5399,0.5367,0.0829,0.3898,0.9033,3426,16.0,4.6,7.6,1.3,14.5,4.0,19.1,31.6,0.0,25.2,4.2
25017351102,0.2059,0.2611,0.0151,0.539,0.7696,2088,8.3,0.8,0.5,2.9,12.5,0.1,27.8,36.3,0.0,16.9,1.0
25017351203,0.1613,0.2731,0.0383,0.4934,0.4733,4222,13.6,2.2,3.2,1.6,6.3,3.1,24.5,10.6,0.0,21.6,0.3
25017351204,0.1846,0.1394,0.0402,0.6202,0.6604,4003,7.8,1.4,5.4,0.4,6.8,4.3,33.1,15.8,0.0,18.8,0.4
25017351300,0.5543,0.5424,0.1438,0.4585,0.8293,4606,17.1,3.1,11.0,2.4,13.7,5.7,22.9,29.6,0.0,26.8,1.6
25017351403,0.8054,0.7031,0.511,0.7139,0.9592,3906,27.1,0.9,18.1,4.7,12.7,14.9,40.7,23.5,1.0,26.1,0.7
25017351404,0.7068,0.7803,0.2662,0.772,0.6949,3633,16.8,6.1,12.7,3.0,9.6,8.4,46.2,10.5,0.0,22.7,0.5
25017351500,0.6616,0.7407,0.3522,0.7595,0.5587,2418,21.7,5.7,14.8,1.8,17.0,12.4,44.9,49.9,0.0,31.3,0.5
25017352101,0.5097,0.4765,0.0226,0.8251,0.9648,3245,19.4,2.2,2.6,2.2,6.3,1.8,53.6,99.6,0.0,44.9,3.1
25017352102,0.5317,0.5449,0.0502,0.6733,0.914,2886,10.7,10.2,9.8,1.4,14.7,0.5,37.6,50.2,0.0,25.1,1.1
25017352200,0.7144,0.747,0.3001,0.7645,0.7608,1759,39.2,5.8,9.5,2.4,17.5,6.3,45.4,53.8,0.0,46.6,0.0
25017352300,0.199,0.081,0.022,0.7789,0.8462,4971,11.9,0.0,2.2,0.2,7.3,0.4,47.2,59.8,0.0,36.0,0.2
25017352400,0.8255,0.8788,0.639,0.9438,0.6629,1896,41.0,7.3,17.8,4.9,7.8,8.6,82.7,17.0,0.0,39.1,0.0
25017352500,0.4112,0.5097,0.0496,0.7295,0.6491,3136,11.5,3.3,6.2,4.6,9.0,1.3,42.3,6.1,0.0,43.0,1.0
25017352600,0.5794,0.5116,0.3766,0.6983,0.6422,3003,15.2,2.1,9.7,2.8,10.7,4.4,39.2,5.7,0.0,34.4,0.4
25017352700,0.6918,0.7257,0.3729,0.8026,0.629,2102,29.4,2.3,12.8,3.3,6.9,6.6,51.0,17.1,0.0,32.9,0.0
25017352800,0.1977,0.2103,0.0804,0.7883,0.3327,1921,8.9,2.6,9.6,0.7,8.1,3.8,48.5,5.2,0.0,41.4,0.0
25017352900,0.4062,0.2367,0.1412,0.5803,0.7872,3248,11.5,4.4,4.2,0.5,19.3,0.6,30.5,23.7,0.0,21.1,0.4
25017353000,0.4432,0.4714,0.076,0.6871,0.6755,3018,21.0,4.7,5.1,0.5,13.4,1.8,38.5,47.0,0.0,41.1,1.7
25017353101,0.7495,0.7288,0.145,0.8382,0.9504,3560,28.3,5.6,9.2,1.9,8.3,4.1,56.5,59.6,0.0,64.1,13.4
25017353102,0.4972,0.5035,0.0213,0.852,0.9441,4807,23.0,3.5,0.4,1.4,0.9,0.9,58.6,94.7,0.0,58.0,85.5
25017353200,0.6416,0.6604,0.0954,0.7495,0.8694,5219,17.9,5.0,3.9,3.6,10.5,1.4,44.2,36.2,0.0,38.4,22.7
25017353300,0.1908,0.1055,0.0578,0.6971,0.6026,4302,11.2,1.7,0.8,1.0,13.9,0.3,39.0,13.1,0.0,23.8,0.8
25017353600,0.2555,0.2969,0.0245,0.6221,0.7382,5167,14.1,4.8,1.8,1.3,10.7,0.1,33.3,30.2,0.0,35.4,31.7
25017353700,0.4859,0.4187,0.0471,0.7539,0.9165,5757,19.8,3.5,2.9,0.5,8.2,1.9,44.5,43.1,0.0,44.4,43.6
25017353800,0.3089,0.15,0.0345,0.7464,0.8788,4138,11.3,1.9,2.0,0.2,12.6,0.4,43.9,72.4,0.0,51.3,2.5
25017353900,0.57,0.5587,0.0195,0.8107,0.9849,5771,38.1,4.5,2.7,0.4,4.1,1.4,51.6,52.1,0.0,62.2,51.0
25017354000,0.4131,0.5643,0.0239,0.5803,0.7884,4715,25.7,2.4,0.0,7.6,13.8,0.2,30.5,71.7,0.0,35.6,22.4
25017354100,0.3252,0.0201,0.0722,0.5322,0.9699,2469,7.5,1.4,2.1,0.0,26.5,0.6,27.5,58.6,0.0,33.1,13.6
25017354200,0.2166,0.0056,0.7043,0.6071,0.2768,3211,5.3,0.9,0.0,1.0,31.9,1.3,32.4,8.1,0.0,8.2,0.9
25017354300,0.4118,0.2448,0.0822,0.6221,0.8606,3439,8.2,3.2,3.5,2.3,17.7,0.4,33.3,23.9,0.0,16.3,3.2
25017354400,0.0471,0.1513,0.0728,0.4553,0.0942,1732,6.5,6.7,1.5,0.9,20.3,0.6,22.8,0.9,0.0,6.0,0.3
25017354500,0.3045,0.2888,0.1212,0.544,0.4953,2296,10.4,1.0,2.4,4.6,18.5,0.0,28.4,40.3,0.0,32.8,0.0
25017354601,0.5135,0.1977,0.1099,0.7146,0.9799,1716,19.0,1.7,0.8,0.0,15.7,2.6,40.8,79.3,0.0,30.9,9.0
25017354602,0.4771,0.4043,0.3785,0.8151,0.4451,4457,11.1,2.2,3.4,5.5,11.6,2.8,52.4,34.4,0.0,21.2,0.0
25017354700,0.1513,0.0465,0.0603,0.6765,0.6208,2914,5.2,3.2,1.3,1.0,17.7,0.6,37.9,13.6,0.0,22.4,0.4
25017354800,0.1544,0.0873,0.0333,0.569,0.7276,2392,10.6,1.8,0.4,0.3,12.2,0.6,30.0,16.6,0.0,19.3,1.2
25017354901,0.2122,0.1061,0.0276,0.8576,0.7734,2991,9.7,1.3,2.0,1.7,2.7,2.9,59.6,97.9,0.0,22.7,0.0
25017354902,0.7546,0.6704,0.7288,0.8351,0.6798,5390,21.9,1.6,11.9,5.2,14.6,8.5,55.7,37.7,0.0,12.4,0.1
25017355000,0.4262,0.258,0.0835,0.6596,0.8657,3314,7.9,5.1,2.4,2.4,12.2,0.9,36.7,35.6,0.0,20.4,1.4
25017356100,0.1243,0.1186,0.2687,0.4934,0.1431,3569,3.5,2.9,3.7,1.4,12.0,1.1,24.5,2.1,0.0,7.7,0.0
25017356300,0.2831,0.3352,0.1149,0.584,0.3867,5458,7.9,4.1,2.8,4.1,10.2,1.3,30.8,17.5,0.0,5.8,0.1
25017356400,0.3446,0.1921,0.7238,0.4316,0.2505,7597,7.9,6.6,1.6,0.6,19.0,2.3,21.6,12.6,0.0,7.5,0.0
25017356500,0.4375,0.172,0.6353,0.5103,0.5625,7292,6.6,4.2,3.1,0.9,18.8,1.4,25.7,14.3,0.0,9.3,0.8
25017356601,0.5311,0.2863,0.3534,0.4903,0.8682,4480,8.8,4.8,4.3,0.5,16.5,1.8,24.4,29.8,1.0,12.7,0.2
25017356602,0.2178,0.1048,0.2913,0.3554,0.4482,4476,8.6,0.2,4.1,1.1,18.2,1.5,17.3,14.2,0.0,8.9,3.7
25017356701,0.4149,0.209,0.1777,0.5659,0.7947,5891,10.7,2.1,2.0,0.5,15.5,0.7,29.8,38.9,1.0,10.7,0.6
25017356703,0.4947,0.3628,0.5191,0.4553,0.5995,3103,13.2,5.7,0.4,0.5,27.7,3.4,22.8,33.2,0.0,22.3,1.8
25017356704,0.2718,0.0565,0.2417,0.6765,0.5832,4040,5.7,0.0,5.0,0.2,12.4,0.3,37.9,24.3,0.0,7.9,0.7
25017357100,0.3584,0.2549,0.4055,0.6034,0.3879,5092,3.8,6.7,2.6,1.3,21.1,1.3,31.9,26.1,0.0,7.4,0.0
25017357200,0.0766,0.0534,0.4871,0.5578,0.0383,3270,3.3,4.7,1.0,0.7,18.8,2.4,29.4,0.0,0.0,5.4,0.1
25017357300,0.086,0.0088,0.3158,0.6059,0.1714,3302,5.7,0.0,1.9,0.5,13.1,1.8,32.2,4.5,0.0,5.6,0.0
25017357400,0.1607,0.3277,0.253,0.5553,0.0578,2403,2.7,7.3,0.3,4.4,14.7,2.7,29.3,1.1,0.0,3.8,0.2
25017357500,0.3013,0.221,0.7232,0.4447,0.1325,2370,7.9,4.0,0.2,2.1,17.5,6.7,22.4,5.8,0.0,5.5,0.0
25017357600,0.2329,0.1017,0.3961,0.5984,0.3195,2824,5.7,1.7,2.0,1.8,9.4,3.4,31.6,6.4,0.0,10.4,1.5
25017357700,0.791,0.6736,0.8412,0.6002,0.8142,3945,10.5,6.0,6.9,4.0,24.0,5.4,31.7,10.0,0.0,14.1,4.9
25017357800,0.2084,0.2072,0.6497,0.4809,0.0634,3791,5.1,6.4,3.4,0.7,17.4,2.1,23.7,0.0,0.0,7.3,0.2
25017358100,0.1481,0.0251,0.3089,0.7601,0.2605,5240,4.0,3.1,2.2,0.4,16.4,2.3,45.0,0.9,0.0,4.3,1.6
25017358300,0.5744,0.0578,0.8901,0.767,0.7602,6003,5.6,2.2,0.9,1.6,20.9,4.5,45.6,29.7,0.0,7.8,1.2
25017358400,0.6146,0.2775,0.8519,0.6802,0.6497,4822,9.7,5.5,3.8,0.2,29.8,3.7,38.1,13.2,0.0,10.1,1.4
25017358500,0.2379,0.0527,0.3183,0.7071,0.4331,5918,4.7,4.7,1.1,0.0,18.5,1.7,40.2,9.0,0.0,1.2,2.0
25017358600,0.3635,0.1155,0.7671,0.6871,0.268,6289,6.6,3.2,2.8,1.3,21.5,4.0,38.5,8.6,0.0,1.1,0.5
25017358700,0.2191,0.0615,0.6554,0.7645,0.1337,5949,1.7,4.0,2.2,1.1,19.7,2.1,45.4,0.9,0.0,1.3,0.3
25017359100,0.5775,0.3986,0.3358,0.5759,0.8481,6679,7.8,5.5,5.2,1.9,18.0,1.0,30.3,29.2,0.0,9.1,4.0
25017359301,-999.0,-999.0,-999.0,-999.0,-999.0,0,-999.0,-999.0,-999.0,-999.0,-999.0,-999.0,-999.0,-999.0,-999.0,-999.0,-999.0
25017359302,-999.0,-999.0,-999.0,-999.0,-999.0,0,-999.0,-999.0,-999.0,-999.0,-999.0,-999.0,-999.0,-999.0,-999.0,-999.0,-999.0
25017359303,0.553,0.3949,0.7928,0.5759,0.4256,7594,8.4,9.5,5.7,0.4,15.1,4.3,30.3,5.4,0.0,3.4,0.8
25017359400,0.5838,0.4363,0.1607,0.807,0.8707,7020,17.9,4.2,6.9,0.2,11.3,2.6,51.4,42.7,0.0,38.1,0.8
25017360300,0.4438,0.2323,0.8713,0.4953,0.2611,6928,9.4,3.3,1.5,1.8,20.4,2.2,24.6,8.6,0.0,6.7,1.0
25017361100,0.334,0.2498,0.5449,0.2036,0.3723,5451,2.8,5.1,2.0,2.6,26.7,0.7,11.2,11.4,0.0,5.8,4.5
25017361200,0.619,0.263,0.7144,0.5534,0.8512,6567,8.2,4.7,6.6,0.0,18.9,2.1,29.2,36.9,0.0,8.0,11.8
25017361300,0.1431,0.0333,0.5662,0.3136,0.2241,6247,3.1,3.0,1.2,1.0,21.9,1.2,15.4,1.5,0.0,1.4,3.4
25017362100,0.0358,0.0226,0.4809,0.3354,0.0207,5209,5.1,3.1,0.0,0.5,21.1,0.9,16.3,1.9,0.0,0.0,0.1
25017363103,0.1751,0.1569,0.2272,0.4834,0.2511,3186,2.0,6.8,1.3,1.0,18.1,0.4,23.9,17.2,0.0,3.3,0.0
25017363104,0.2888,0.1777,0.3415,0.6346,0.344,6323,4.5,4.4,3.6,1.3,17.2,2.5,34.3,5.8,0.0,2.1,0.5
25017363105,0.7715,0.8117,0.732,0.8139,0.5041,4229,23.0,13.0,3.8,4.1,13.5,4.4,52.2,42.6,0.0,2.6,2.7
25017363106,0.6409,0.4633,0.4369,0.8151,0.8048,2986,10.4,3.9,3.6,2.9,12.0,2.3,52.4,52.9,0.0,9.8,0.5
25017363201,0.0308,0.0038,0.2655,0.5971,0.0515,3261,4.8,0.6,1.8,0.4,18.1,0.4,31.5,1.4,0.0,3.1,0.2
25017363202,0.1588,0.0697,0.4513,0.6733,0.1406,3879,3.6,0.7,2.3,2.5,17.0,3.9,37.6,6.0,0.0,2.3,0.1
25017364101,0.3616,0.3497,0.7169,0.3136,0.1651,6177,12.9,4.4,4.4,0.7,15.1,0.5,15.4,15.3,0.0,4.5,0.2
25017364102,0.268,0.2837,0.3653,0.3154,0.2762,4494,6.1,4.3,2.6,1.8,13.5,1.5,15.5,5.5,0.0,4.9,0.5
25017365100,0.0163,0.0728,0.1551,0.3979,0.0088,8049,1.6,5.2,0.6,1.2,12.8,0.8,19.5,0.6,0.0,1.2,0.0
25017365201,0.1136,0.0603,0.3107,0.3991,0.1952,6153,1.3,6.5,1.9,0.0,13.6,0.7,19.6,0.6,0.0,1.6,1.3
25017365202,0.1808,0.0452,0.5982,0.3398,0.2498,4724,5.0,1.9,1.5,1.3,22.9,0.7,16.6,6.8,0.0,4.8,2.0
25017366100,0.3992,0.1174,0.6541,0.4166,0.57,4832,7.5,3.1,3.4,0.4,17.2,2.0,20.8,3.9,0.4,3.9,0.7
25017366201,0.0151,0.0546,0.1481,0.4254,0.0144,3646,4.8,1.0,0.0,2.1,14.9,0.3,21.2,0.0,0.0,3.6,0.0
25017366202,0.1864,0.0653,0.5524,0.5184,0.1789,5343,2.0,4.4,1.7,0.8,23.2,1.4,26.3,5.0,0.0,2.7,0.4
25017367100,0.3453,0.1664,0.6177,0.589,0.3107,4962,10.7,3.6,1.4,0.8,23.8,1.7,31.0,1.3,0.3,0.5,1.4
25017367200,0.167,0.0339,0.2932,0.4472,0.4149,6797,6.3,0.8,2.3,0.1,19.3,0.6,22.5,6.9,0.0,3.7,10.0
25017368101,0.4652,0.2517,0.6485,0.6327,0.4896,5584,14.3,2.5,3.3,0.6,20.6,3.9,34.1,28.6,0.0,10.1,1.7
25017368102,0.4583,0.1613,0.6886,0.669,0.5223,5193,10.1,1.2,7.3,0.5,18.6,7.6,37.3,12.0,0.0,2.9,0.5
25017368200,0.2411,0.2605,0.371,0.4778,0.1908,3892,9.4,3.6,3.6,2.1,22.4,1.9,23.6,2.6,0.0,3.0,0.4
25017368300,0.5512,0.6077,0.1105,0.7995,0.6792,5687,21.4,2.9,11.5,1.8,12.1,7.7,49.9,16.4,0.0,11.5,0.5
25017368400,0.2894,0.3578,0.0314,0.6396,0.6591,7836,8.3,5.9,2.3,1.5,11.6,1.0,34.9,19.8,0.0,3.1,34.2
25017368500,0.7759,0.7351,0.2618,0.8126,0.9422,3052,15.9,2.6,13.2,7.9,17.9,4.1,52.0,43.8,0.4,19.2,0.2
25017368600,0.4325,0.5901,0.096,0.6839,0.4313,6230,15.0,4.4,13.3,1.4,7.1,6.1,38.3,11.1,0.0,5.5,0.1
25017368700,0.5562,0.5499,0.3572,0.8813,0.4551,2471,11.1,0.8,13.5,3.4,9.7,9.5,65.5,6.8,0.0,3.5,0.7
25017368800,0.6139,0.4156,0.4984,0.7189,0.7822,6145,12.7,1.9,9.4,3.7,21.5,7.7,41.2,41.8,0.0,10.7,2.6
25017368901,0.6478,0.3766,0.4162,0.5578,0.9542,6175,14.9,1.6,4.2,1.9,24.7,3.9,29.4,23.1,0.5,4.1,3.6
25017368902,0.8336,0.8286,0.5386,0.8482,0.8826,3582,30.6,4.4,7.4,6.1,10.8,5.0,58.0,37.1,0.0,10.6,2.3
25017369000,0.1764,0.6629,0.0188,0.6902,0.1105,3552,77.5,7.0,6.4,3.3,1.7,1.3,38.6,0.0,0.0,0.0,98.5
25017369100,0.2775,0.1036,0.4865,0.3891,0.4218,5312,6.3,1.5,5.0,0.6,22.6,1.9,19.0,11.8,0.0,5.9,0.3
25017370101,0.3679,0.3697,0.3509,0.4903,0.3384,6474,9.8,7.9,4.8,0.5,15.4,2.3,24.4,18.2,0.0,8.5,0.6
25017370103,0.6039,0.3001,0.4539,0.6783,0.897,3506,10.1,3.0,3.4,1.7,21.5,6.6,38.0,45.2,0.0,23.9,0.8
25017370104,0.3685,0.3258,0.2448,0.5734,0.452,4330,5.9,7.9,6.7,0.0,14.4,7.4,30.2,43.0,0.0,2.7,0.2
25017370201,0.3402,0.3641,0.2844,0.3829,0.366,4278,4.6,10.8,1.2,4.0,21.5,0.7,18.6,8.6,0.0,5.9,0.4
25017370202,0.1299,0.2743,0.1645,0.4622,0.1048,3302,3.7,5.2,2.8,1.3,24.1,2.3,23.0,2.3,0.0,4.3,0.4
25017370301,0.4532,0.489,0.6315,0.5184,0.2053,4374,10.9,1.4,7.5,3.1,15.8,6.0,26.3,13.8,0.0,19.0,0.0
25017370302,0.8286,0.6089,0.9347,0.7876,0.8437,1896,8.5,8.5,14.1,1.9,18.8,10.0,48.3,42.5,0.0,18.1,1.2
25017370401,0.5888,0.3653,0.4852,0.619,0.8041,3527,18.1,2.5,5.4,0.5,19.9,1.0,33.0,44.9,0.0,16.8,0.8
25017370402,0.3829,0.2197,0.1023,0.7789,0.7301,1575,16.7,5.5,0.3,0.4,10.9,1.6,47.2,8.9,0.0,10.5,8.5
25017370403,0.1356,0.145,0.1488,0.5141,0.2486,1919,4.0,2.5,2.0,1.0,9.6,1.5,26.0,31.6,0.0,4.9,0.2
25017373100,0.3057,0.268,0.2555,0.6134,0.3371,5153,6.2,9.5,5.1,0.4,14.9,8.4,32.7,16.0,0.0,7.1,1.0
25017373200,0.5593,0.3716,0.769,0.4978,0.5204,5240,9.1,3.0,5.4,1.8,15.7,4.6,24.8,12.3,0.0,10.4,0.5
25017373300,0.4011,0.1042,0.7884,0.4853,0.4388,3008,11.3,0.6,3.9,0.0,21.1,7.3,24.0,13.0,0.0,7.8,0.6
25017373400,0.0935,0.0967,0.1419,0.3948,0.2254,3520,6.3,3.3,1.0,0.3,21.0,0.5,19.3,10.4,0.0,7.5,0.4
25017373500,0.1651,0.0659,0.3013,0.3873,0.3515,6117,4.7,3.7,0.6,1.4,18.5,1.1,18.9,4.7,0.0,2.0,13.8
25017373600,0.2561,0.1287,0.0772,0.544,0.7156,6122,11.7,3.3,0.4,1.1,9.8,2.2,28.4,7.2,0.0,6.0,54.1
25017373700,0.0326,0.0402,0.435,0.3916,0.0132,3822,2.7,4.5,0.0,0.9,24.5,0.3,19.2,0.0,0.0,1.1,0.1
25017373800,0.3327,0.005,0.5574,0.5403,0.693,6062,4.1,1.2,0.7,1.0,23.0,2.1,27.9,23.1,0.0,4.8,1.6
25017373901,0.059,0.0747,0.3208,0.4497,0.0483,2934,5.7,0.0,1.5,2.4,26.2,1.6,22.6,6.3,0.0,3.4,0.0
25017373902,0.2706,0.1626,0.2819,0.4747,0.435,3641,4.7,2.5,0.5,2.9,32.0,0.8,23.5,44.3,0.0,6.8,1.0
25017374000,0.3208,0.118,0.3076,0.6015,0.5581,4525,10.7,2.5,1.6,0.7,21.8,2.6,31.8,14.7,0.0,6.1,5.8
25017374100,0.4626,0.2272,0.5719,0.6596,0.5562,4976,10.7,2.8,1.1,2.1,16.3,5.9,36.7,22.6,0.0,6.3,1.6
25017374200,0.1638,0.2254,0.4382,0.4472,0.0747,4213,2.9,2.2,4.9,4.7,17.5,3.8,22.5,4.0,0.0,1.7,0.0
25017374300,0.0578,0.0377,0.3132,0.3398,0.1055,3757,2.1,5.2,0.9,0.2,19.1,0.9,16.6,2.1,0.0,3.3,0.6
25017374400,0.4852,0.0395,0.8763,0.6221,0.6397,5599,6.1,2.2,2.2,0.0,23.9,6.0,33.3,22.8,0.0,9.2,2.4
25017374500,0.3647,0.2285,0.4488,0.6134,0.3961,4600,10.4,3.8,3.0,0.6,15.5,1.3,32.7,2.1,0.0,6.2,3.2
25017374600,0.1444,0.091,0.4721,0.4997,0.1255,5360,2.6,3.9,2.8,0.9,13.4,1.7,24.9,0.4,0.5,2.5,0.0
25017374700,0.5336,0.5009,0.4206,0.5615,0.5543,4700,12.3,4.5,6.5,1.6,13.1,3.5,29.6,15.3,0.0,9.9,0.2
25017374800,0.5455,0.3151,0.1927,0.5259,0.936,5104,10.4,3.8,4.3,1.9,18.4,1.1,26.8,21.4,1.5,4.0,29.4
25017382100,0.1739,0.0722,0.5016,0.4035,0.2172,5174,4.3,4.0,1.0,1.2,19.0,1.4,19.8,4.0,0.0,4.5,2.4
25017382200,0.1004,0.1111,0.2693,0.1255,0.2034,5520,4.5,1.5,1.8,2.9,20.2,0.0,8.4,4.0,0.0,2.6,0.5
25017382300,0.162,0.0816,0.4978,0.3123,0.2153,5880,4.1,1.7,1.9,1.8,16.9,1.1,15.3,3.8,0.0,5.8,1.6
25017382400,0.3465,0.2159,0.7307,0.3092,0.2687,5279,11.1,1.9,0.9,1.3,20.6,2.6,15.2,22.9,0.0,4.5,0.0
25017382500,0.3792,0.3453,0.1168,0.4966,0.6403,5349,9.4,6.5,0.5,0.5,11.8,4.5,24.7,31.8,0.0,10.6,0.4
25017382601,0.3164,0.2411,0.0653,0.8107,0.6428,4573,7.3,3.1,6.1,1.0,9.4,4.8,51.6,47.0,0.0,2.8,2.0
25017382602,0.6315,0.1933,0.8933,0.5078,0.8067,4814,8.7,2.5,1.9,0.9,27.3,3.7,25.6,33.7,0.1,14.6,0.1
25017383101,0.9127,0.8694,0.6441,0.8951,0.968,3663,25.2,3.1,31.4,16.4,10.8,41.3,68.4,46.5,0.0,23.5,13.0
25017383102,0.9862,0.99,0.9328,0.9538,0.9291,5379,44.2,18.4,24.3,9.1,5.5,22.5,85.3,38.7,1.0,21.2,0.0
25017383200,0.8625,0.8336,0.8079,0.877,0.7897,6361,21.3,4.1,22.5,11.2,11.1,23.5,64.5,20.8,0.0,11.8,4.2
25017383300,0.8908,0.7112,0.8989,0.7883,0.9454,3503,14.5,2.3,17.3,7.9,17.2,20.1,48.5,34.9,0.0,24.4,8.1
25017383401,0.8293,0.7728,0.737,0.7883,0.8431,2896,15.4,5.7,6.9,6.7,10.4,18.7,48.5,28.1,0.0,6.4,5.3
25017383402,0.575,0.6171,0.5964,0.8364,0.2743,3628,27.2,2.1,19.8,0.8,9.1,18.2,56.0,22.0,0.0,1.6,0.4
25017383501,0.9115,0.9203,0.9077,0.7477,0.7345,4073,31.3,8.9,14.5,5.5,20.7,6.1,44.1,32.9,0.0,16.1,0.6
25017383502,0.6234,0.656,0.4225,0.7395,0.5072,3885,4.0,6.5,10.1,7.3,15.3,11.9,43.3,9.5,0.0,2.7,29.1
25017383600,0.7659,0.6491,0.7784,0.669,0.7847,5959,10.6,5.7,9.8,4.4,27.0,4.1,37.3,29.1,0.0,5.3,6.8
25017383700,0.3553,0.4062,0.2498,0.5203,0.334,5237,9.0,2.1,4.9,3.9,14.7,1.0,26.4,19.5,0.0,4.8,0.2
25017383800,0.1664,0.1864,0.1839,0.544,0.2109,6332,4.3,4.2,2.4,1.9,16.0,0.9,28.4,10.6,0.0,0.9,0.2
25017383902,0.135,0.0829,0.5549,0.5259,0.0816,6043,7.7,2.6,2.2,1.0,21.8,3.7,26.8,1.0,0.0,0.7,0.1
25017383903,0.0954,0.2392,0.1073,0.6902,0.0621,2655,8.5,4.9,3.7,0.3,19.7,0.0,38.6,0.9,0.0,4.8,0.2
25017383904,0.3955,0.2266,0.3566,0.4934,0.6039,5124,8.8,3.9,3.7,0.7,25.7,2.3,24.5,16.6,0.0,11.8,2.0
25017384003,0.5261,0.4011,0.2103,0.6933,0.7853,5583,12.4,0.7,2.1,2.7,18.4,1.7,38.7,70.5,0.0,9.3,0.4
25017384004,0.5292,0.4231,0.5135,0.6952,0.521,1484,5.8,8.3,2.2,6.0,17.8,2.1,38.8,28.2,0.0,0.7,3.8
25017385101,0.1174,0.0496,0.0898,0.7539,0.349,3101,5.7,1.1,3.2,1.2,14.0,5.4,44.5,42.6,0.0,1.6,0.0
25017385102,0.194,0.1676,0.1758,0.4035,0.3647,4840,9.8,2.7,0.9,1.5,14.2,1.4,19.8,11.1,0.0,12.7,1.0
25017385201,0.5166,0.366,0.7508,0.5553,0.4087,2716,7.4,1.7,4.9,6.4,30.5,6.5,29.3,13.1,0.0,4.3,0.9
25017385203,0.1657,0.1789,0.3836,0.5353,0.1136,4636,5.7,7.4,1.7,0.7,20.0,1.8,27.6,1.3,0.0,2.9,1.1
25017385204,0.0942,0.1814,0.2254,0.6746,0.0377,3341,4.0,4.7,4.1,1.4,10.1,5.9,37.8,2.1,0.0,0.0,0.3
25017386100,0.0176,0.1381,0.081,0.3704,0.0163,4404,2.6,6.7,1.2,1.1,15.7,0.0,17.9,1.9,0.0,1.5,0.0
25017387100,0.2819,0.2134,0.199,0.2336,0.5756,4406,7.2,5.1,3.4,0.2,18.5,0.1,12.3,12.3,1.7,4.6,0.7
25017387201,0.1425,0.2944,0.1469,0.3304,0.1607,5931,9.0,4.8,3.4,1.9,17.9,0.3,16.1,9.2,0.0,3.3,0.6
25017387202,0.1124,0.194,0.2461,0.2036,0.1312,4565,2.4,4.3,4.1,2.5,16.5,2.3,11.2,0.7,0.0,3.5,0.0
25017388100,0.3051,0.3798,0.1199,0.5928,0.3679,5462,6.5,5.4,2.6,4.3,12.3,1.6,31.3,27.7,0.0,3.9,0.0
25017388200,0.5474,0.4206,0.366,0.3823,0.8029,7092,7.4,5.3,8.7,1.2,20.4,1.4,18.5,8.8,1.2,3.4,16.0
25017388300,0.951,0.9454,0.6911,0.8438,0.9793,6085,52.3,9.8,34.8,2.9,8.5,8.5,57.3,54.6,0.0,44.8,37.7
25017980000,-999.0,-999.0,-999.0,-999.0,-999.0,0,-999.0,-999.0,-999.0,-999.0,-999.0,-999.0,-999.0,-999.0,-999.0,-999.0,-999.0
25021400100,0.732,0.7137,0.1965,0.727,0.9178,5329,25.3,4.5,5.5,4.2,15.6,3.6,42.1,46.8,0.0,33.6,5.3
25021400201,0.3936,0.1714,0.194,0.5522,0.7809,3283,8.8,4.1,2.7,0.8,19.2,4.1,29.1,62.7,0.0,46.0,0.0
25021400202,0.6183,0.3917,0.4288,0.5928,0.8839,3741,22.8,5.1,0.3,0.2,6.9,3.8,31.3,31.6,0.0,46.6,0.8
25021400300,0.3773,0.2687,0.231,0.6096,0.5317,4508,10.3,4.8,3.2,0.6,12.5,1.7,32.5,17.7,0.0,31.2,1.4
25021400401,0.6026,0.5223,0.4457,0.6515,0.6761,4139,15.1,8.3,7.7,0.8,22.1,2.6,35.9,70.4,0.0,45.7,1.2
25021400402,0.1689,0.0157,0.1795,0.6171,0.5009,2077,6.4,3.2,0.3,0.0,13.4,0.1,32.9,27.0,0.0,17.4,1.0
25021400500,0.1387,0.1318,0.0414,0.4647,0.6095,5216,10.4,2.5,1.9,0.7,12.8,1.1,23.1,40.0,0.0,33.9,1.0
25021400600,0.1086,0.0446,0.0621,0.6633,0.4557,5414,3.3,2.0,0.8,1.7,19.8,0.6,36.9,17.8,0.0,18.8,0.9
25021400700,0.4388,0.3227,0.1883,0.3598,0.7903,3691,13.0,4.4,1.3,1.2,14.2,2.3,17.5,16.1,0.7,30.6,0.0
25021400800,0.371,0.1984,0.0917,0.6221,0.8117,5863,12.6,1.6,1.8,0.9,14.4,2.9,33.3,45.2,0.0,30.4,2.2
25021400900,0.6328,0.4074,0.5411,0.7039,0.8129,3836,24.3,2.4,2.6,0.7,18.2,6.2,39.6,60.5,0.0,32.8,0.1
25021401000,0.4614,0.4601,0.6717,0.6334,0.199,3551,15.5,6.1,3.5,1.4,16.6,2.4,34.2,5.4,0.0,13.7,0.0
25021401100,0.3296,0.0063,0.4137,0.5859,0.7659,4725,4.6,1.0,0.4,1.0,15.9,0.7,30.9,11.3,0.0,9.9,5.1
25021401201,0.457,0.1839,0.6529,0.7283,0.4965,5587,11.6,0.7,1.1,2.7,14.5,4.1,42.2,7.0,0.0,4.0,0.7
25021401202,0.7382,0.4953,0.6522,0.7308,0.9171,1738,8.2,4.8,2.2,3.2,28.5,1.9,42.4,35.4,0.0,17.4,27.3
25021402101,0.1802,0.393,0.1733,0.3629,0.1142,3531,12.2,4.3,0.4,3.3,24.7,1.8,17.6,1.5,0.0,6.2,0.0
25021402102,0.6805,0.5612,0.8537,0.5928,0.516,4398,15.5,4.7,9.0,0.6,12.7,8.2,31.3,7.0,0.0,10.4,0.5
25021402200,0.1488,0.1519,0.2084,0.3092,0.2793,2265,9.4,2.1,5.2,0.5,15.5,1.4,15.2,0.3,0.6,4.2,0.0
25021402300,0.5487,0.4595,0.5775,0.321,0.6315,4602,4.6,5.5,6.6,4.4,21.8,1.7,15.8,1.7,0.7,3.7,3.5
25021402400,0.2216,0.2228,0.3779,0.2186,0.2812,6377,5.6,3.7,4.4,0.2,16.7,1.6,11.7,30.0,0.0,6.7,0.2
25021402500,0.4583,0.3584,0.2888,0.4522,0.6698,3977,9.4,2.0,7.7,1.4,33.4,1.4,22.7,38.9,0.0,14.8,13.7
25021403100,0.0785,0.0352,0.3471,0.1636,0.1996,7422,5.1,3.9,0.8,0.3,13.2,1.9,9.7,7.1,0.0,3.2,0.2
25021403300,0.0647,0.037,0.2511,0.3354,0.1544,4483,3.2,3.9,0.4,0.9,17.1,1.2,16.3,0.8,0.0,3.4,3.1
25021403400,0.4338,0.1915,0.6359,0.3136,0.6139,7076,5.2,8.6,1.7,0.5,20.0,0.4,15.4,14.8,0.0,4.9,5.2
25021403501,0.4683,0.2046,0.6001,0.4778,0.6547,2629,6.4,1.5,2.9,1.4,33.2,0.8,23.6,39.7,0.0,17.4,4.9
25021403502,0.3804,0.3823,0.3245,0.4047,0.4005,4228,2.9,4.8,3.9,3.9,18.2,2.2,19.9,4.4,0.8,3.5,0.5
25021404100,0.2272,0.0257,0.5261,0.569,0.3779,4295,7.7,1.6,2.2,0.4,13.5,2.1,30.0,2.9,0.0,3.8,1.8
25021404201,0.1996,0.0119,0.4557,0.3442,0.4915,3783,3.7,2.2,2.4,0.5,17.5,0.6,16.8,6.8,0.0,6.2,0.8
25021404202,0.2737,0.1751,0.3227,0.5734,0.3591,5470,3.3,5.2,2.0,2.5,13.1,2.7,30.2,9.4,0.0,4.5,36.5
25021404301,0.0126,0.064,0.1689,0.4254,0.0044,5836,3.1,1.2,0.4,3.7,12.8,1.5,21.2,0.0,0.0,1.0,0.0
25021404302,0.4407,0.2662,0.7728,0.6065,0.2888,3655,5.1,8.9,2.4,1.3,18.1,2.1,32.3,7.5,0.0,5.5,2.5
25021404400,0.2668,0.2028,0.1525,0.5353,0.4809,6823,9.4,5.2,1.1,1.3,17.6,1.9,27.6,18.4,0.0,6.0,33.2
25021405100,0.096,0.0948,0.4325,0.4678,0.0552,5886,2.3,9.0,1.7,0.0,19.0,1.0,23.3,0.0,0.0,1.6,0.0
25021406101,0.0929,0.1783,0.1626,0.1118,0.1864,5959,6.7,3.7,2.6,1.2,14.6,0.0,8.0,9.2,0.0,4.1,0.7
25021406102,0.0314,0.2404,0.0747,0.3873,0.0232,6885,7.1,5.4,2.3,1.5,12.2,0.0,18.9,4.4,0.0,1.5,0.0
25021407101,0.2078,0.2354,0.3063,0.2117,0.2881,4566,4.2,1.8,6.2,2.8,18.7,0.8,11.5,0.8,0.0,1.8,0.9
25021407102,0.2542,0.2643,0.5072,0.1505,0.2442,3999,8.2,4.8,0.5,0.8,25.0,1.4,9.3,19.2,0.0,1.4,0.3
25021408102,0.2731,0.1092,0.3289,0.4141,0.5141,4942,8.2,4.2,1.9,0.3,13.4,0.7,20.6,12.0,0.0,7.1,0.9
25021408103,0.0056,0.1293,0.0508,0.2305,0.0188,3398,7.2,2.1,2.7,2.4,11.4,0.0,12.2,0.0,0.0,5.1,0.0
25021408104,0.1469,0.177,0.3873,0.2954,0.1375,4824,9.4,2.5,5.8,0.8,17.3,4.5,14.7,2.8,0.0,2.1,2.2
25021409101,0.1186,0.2555,0.1042,0.3991,0.1739,6016,1.4,6.7,9.0,0.7,13.1,0.9,19.6,0.0,0.0,0.0,27.1
25021409102,0.0201,0.0169,0.1387,0.2517,0.0804,5511,3.3,2.4,2.1,0.3,14.1,0.0,12.9,0.0,0.0,1.4,0.1
25021410100,0.6171,0.3264,0.8588,0.4622,0.6836,6814,12.0,4.6,3.9,0.3,19.6,2.9,23.0,4.2,6.3,3.3,0.5
25021410300,0.4802,0.6805,0.3327,0.2954,0.3158,5155,19.0,11.8,2.0,3.4,15.1,1.5,14.7,23.3,0.0,1.1,0.1
25021410400,0.1707,0.3666,0.1984,0.3585,0.1067,6507,14.3,2.0,2.2,1.9,16.3,1.0,17.4,4.9,0.0,3.1,0.0
25021411101,0.3547,0.2172,0.2925,0.3304,0.6227,4219,4.4,4.6,2.9,1.7,10.3,4.6,16.1,18.8,0.0,9.6,0.5
25021411102,0.0132,0.0094,0.3302,0.0931,0.0289,4599,3.1,1.6,1.5,0.9,18.3,0.0,7.2,1.0,0.0,3.8,0.0
25021411200,0.3151,0.2486,0.5512,0.4422,0.2561,7724,6.6,4.7,6.0,1.0,16.9,3.2,22.3,6.2,0.0,3.9,0.1
25021411301,0.3145,0.2454,0.4928,0.2736,0.3635,5847,5.0,6.2,4.6,0.9,19.2,0.7,13.8,8.9,0.0,4.7,1.8
25021411302,0.5254,0.5788,0.4313,0.3011,0.5217,3928,17.4,6.2,2.1,2.6,14.6,0.5,14.9,7.6,0.0,1.7,4.6
25021412100,0.172,0.1004,0.3321,0.5284,0.2329,7016,7.3,2.7,4.7,0.5,14.7,1.1,27.0,8.1,0.4,2.9,0.0
25021412200,0.2693,0.0684,0.5687,0.2061,0.489,3586,3.8,2.2,2.6,0.9,25.1,0.9,11.3,31.4,0.0,6.5,3.3
25021412300,0.2982,0.1959,0.3685,0.4822,0.3861,5547,9.4,3.2,2.5,1.2,18.0,0.2,23.8,19.4,0.0,2.3,0.1
25021413100,0.6077,0.6817,0.7734,0.4878,0.2536,6016,16.5,5.7,11.3,2.9,21.5,6.2,24.2,12.4,0.0,5.0,0.0
25021413201,0.71,0.6761,0.479,0.2904,0.8713,4413,22.5,3.5,6.4,3.6,28.0,1.1,14.6,29.8,0.0,13.8,5.4
25021413202,0.4488,0.2806,0.3823,0.2586,0.7458,2463,2.9,4.9,5.8,2.4,16.7,0.0,13.1,26.8,5.9,7.4,0.5
25021413300,0.1412,0.0508,0.3754,0.3585,0.285,5538,9.4,2.8,1.1,0.3,18.2,1.9,17.4,12.9,0.0,3.7,0.4
25021413401,0.4884,0.3704,0.1456,0.3698,0.8807,3393,7.0,3.4,3.2,2.6,17.7,0.3,17.8,15.9,0.6,18.0,0.9
25021413402,0.5009,0.3045,0.2034,0.7495,0.818,4805,8.8,2.7,4.1,2.1,10.0,2.9,44.2,36.7,0.0,5.1,2.3
25021413500,0.7502,0.7188,0.8569,0.7577,0.4608,4715,23.6,2.7,12.7,2.6,12.0,14.3,44.7,14.4,0.0,5.8,0.3
25021414100,0.177,0.0559,0.2166,0.6902,0.3566,5724,1.3,4.1,1.4,0.5,19.2,0.0,38.6,8.9,0.0,0.6,1.0
25021414200,0.1293,0.049,0.4526,0.6171,0.1243,7342,0.6,3.3,2.7,1.0,15.5,2.2,32.9,1.8,0.0,1.0,0.3
25021414300,0.2919,0.0458,0.7351,0.4722,0.3308,5407,5.1,2.0,1.5,1.3,19.2,3.7,23.4,11.0,0.0,5.3,0.1
25021415101,0.4156,0.0483,0.7332,0.5203,0.6215,5574,4.8,1.6,1.7,0.7,19.9,1.7,26.4,16.1,0.0,5.0,2.1
25021415103,0.5298,0.5166,0.4099,0.5284,0.5399,4340,7.8,5.7,6.0,3.7,20.0,2.5,27.0,34.1,0.0,0.5,0.5
25021415104,0.2793,0.2053,0.7163,0.3067,0.1544,3742,4.5,2.4,3.3,4.6,19.4,2.5,15.1,9.8,0.0,8.0,0.1
25021415201,0.6497,0.5932,0.7006,0.7608,0.4777,3682,10.6,11.5,5.6,1.9,13.9,4.8,45.1,20.3,0.0,11.8,1.8
25021415202,0.646,0.4507,0.7646,0.5053,0.7094,3083,11.3,16.2,2.1,0.0,24.7,0.9,25.4,22.9,0.0,8.4,2.3
25021415300,0.3471,0.0433,0.317,0.4066,0.8261,3872,3.8,2.3,3.4,0.3,20.0,0.4,20.0,12.4,1.1,7.4,1.2
25021416101,0.1594,0.103,0.2134,0.376,0.3547,5784,5.9,2.4,4.2,0.0,16.3,0.4,18.2,8.8,0.0,3.7,2.3
25021416102,0.2957,0.285,0.0998,0.5553,0.5173,4307,3.8,6.3,3.3,1.8,17.2,1.4,29.3,23.2,0.0,6.5,32.8
25021416200,0.4043,0.4237,0.4269,0.8582,0.1846,6991,12.1,2.3,4.7,1.9,18.6,1.6,59.7,0.0,0.0,12.7,0.2
25021416300,0.3183,0.3346,0.6303,0.5734,0.1042,5204,6.8,5.4,4.0,1.2,15.4,1.7,30.2,10.0,0.0,3.7,0.1
25021416400,0.0797,0.0753,0.1864,0.1774,0.2524,6201,4.7,3.7,4.3,0.2,13.0,0.6,10.2,4.1,0.0,1.1,0.9
25021417100,0.5587,0.5574,0.5223,0.6352,0.4338,6133,10.0,2.8,12.5,2.6,18.8,8.7,34.4,12.2,0.0,9.3,0.1
25021417201,0.7765,0.7213,0.2793,0.8976,0.9316,5023,17.5,4.0,12.4,5.0,16.2,20.0,68.9,45.5,1.2,11.9,0.0
25021417202,0.7056,0.7633,0.3635,0.7989,0.6234,3815,10.9,5.5,16.5,7.5,18.2,15.2,49.8,17.2,0.0,7.9,0.6
25021417300,0.5028,0.2147,0.3591,0.4678,0.8908,3268,9.5,2.7,4.5,0.7,31.7,4.9,23.3,73.4,0.0,11.4,6.2
25021417400,0.1099,0.1199,0.1406,0.4022,0.2367,3150,4.5,1.8,6.1,1.0,17.2,1.0,19.7,5.5,0.0,11.2,0.0
25021417501,0.7043,0.72,0.6296,0.8014,0.4815,5512,14.7,4.8,16.6,4.0,13.4,19.4,50.4,16.2,0.0,6.6,0.0
25021417502,0.8161,0.6516,0.5499,0.8457,0.9787,4653,16.2,2.5,21.0,1.5,12.7,15.4,57.7,31.4,0.3,21.4,0.4
25021417601,0.683,0.7451,0.1243,0.7539,0.8249,5752,12.9,11.0,11.8,2.9,14.8,12.7,44.5,24.6,0.0,16.0,6.7
25021417602,0.7326,0.8041,0.6008,0.7514,0.5035,4801,21.7,7.5,13.5,3.5,16.1,9.6,44.3,36.9,0.0,15.6,0.1
25021417702,0.6692,0.607,0.5028,0.4047,0.8305,2875,14.3,5.0,4.9,5.2,15.0,5.6,19.9,22.6,0.0,6.0,6.3
25021417703,0.9416,0.9404,0.8035,0.7102,0.9366,2304,30.4,15.0,10.7,5.9,36.3,9.0,40.4,69.9,0.0,40.9,9.1
25021417704,0.4664,0.4802,0.0866,0.6071,0.7433,4111,11.6,2.8,6.8,4.0,11.9,5.4,32.4,60.0,0.0,16.7,0.3
25021417801,0.5273,0.3333,0.683,0.4472,0.6108,5425,14.0,5.3,1.9,0.2,25.7,5.8,22.5,8.2,0.7,3.5,0.0
25021417802,0.9266,0.9146,0.9548,0.8332,0.7163,3189,51.8,12.7,25.6,2.3,12.1,15.8,55.4,15.2,0.0,33.0,0.1
25021417901,0.8776,0.8901,0.6761,0.7264,0.8751,7388,19.6,10.9,12.8,4.4,22.7,10.2,42.0,63.0,0.0,17.1,1.0
25021417902,0.7916,0.5474,0.6855,0.7333,0.9724,3762,16.8,2.0,15.1,2.3,14.0,8.1,42.5,11.5,0.2,19.7,1.2
25021418002,0.6748,0.6347,0.3371,0.7951,0.7834,7217,12.8,9.3,6.0,2.3,10.0,6.8,49.2,34.8,0.0,7.5,0.8
25021418003,0.5417,0.4325,0.0659,0.7839,0.9272,2833,17.0,3.8,2.1,1.5,8.0,7.0,48.1,61.3,6.5,8.6,0.0
25021418004,0.7866,0.8519,0.5361,0.8176,0.6478,5037,27.9,8.4,14.6,4.0,16.4,21.2,52.7,22.9,0.0,15.1,0.1
25021418101,0.7075,0.6221,0.6202,0.6652,0.7401,4684,15.5,4.4,4.5,3.1,21.8,3.8,37.1,41.1,0.0,21.2,0.7
25021418102,0.7357,0.8211,0.2486,0.807,0.7288,3400,13.1,12.1,9.9,5.0,11.2,9.5,51.4,25.4,0.0,14.5,0.4
25021418201,0.769,0.8776,0.3679,0.8364,0.6309,6612,27.6,11.3,6.3,5.9,12.4,8.9,56.0,42.4,0.0,11.9,0.1
25021419100,0.2875,0.1701,0.4438,0.5759,0.3038,5927,6.7,3.3,5.6,0.3,14.5,2.4,30.3,14.8,0.0,1.6,0.3
25021419200,0.5003,0.3992,0.3409,0.5128,0.6911,5434,10.1,5.3,6.7,0.5,16.5,4.1,25.9,16.5,0.0,12.0,2.5
25021419300,0.6271,0.5756,0.7665,0.6221,0.403,4168,14.7,2.5,10.2,2.9,12.5,4.4,33.3,17.2,0.0,8.5,0.0
25021419400,0.742,0.5599,0.9736,0.6646,0.4714,3227,11.2,0.7,14.8,4.3,26.4,17.7,37.0,2.0,0.0,23.5,0.4
25021419500,0.2856,0.1262,0.135,0.6802,0.6089,3663,6.0,2.8,5.5,0.8,20.0,3.4,38.1,10.1,0.0,7.1,4.1
25021419601,0.1249,0.1827,0.2643,0.4809,0.1036,1378,13.4,4.2,0.0,0.1,14.7,8.4,23.7,63.8,0.0,0.0,0.0
25021419602,0.4809,0.3961,0.7401,0.4859,0.3132,6073,11.9,7.6,3.3,0.7,17.3,3.4,24.1,3.8,0.7,4.8,0.1
25021419700,0.4765,0.2417,0.4834,0.6221,0.6648,4476,6.6,3.0,4.4,2.1,18.0,4.0,33.3,25.8,0.0,7.5,1.5
25021419800,0.6566,0.6014,0.6566,0.5315,0.6447,4402,10.1,3.3,9.0,3.1,18.4,4.5,27.3,19.7,0.0,8.7,4.5
25021420101,0.737,0.6139,0.7282,0.8551,0.7075,6000,11.5,7.4,10.9,2.2,12.4,5.9,59.3,12.0,0.0,10.9,0.5
25021420102,0.7294,0.8154,0.4149,0.9138,0.5493,3861,17.3,6.7,23.5,2.5,17.3,10.1,72.0,13.6,0.0,8.0,0.2
25021420201,0.7709,0.6573,0.7571,0.8926,0.7244,2834,8.8,3.3,15.5,3.4,23.0,6.4,67.9,15.0,0.0,11.2,3.7
25021420202,0.7878,0.764,0.8324,0.9101,0.5179,7045,18.4,8.7,9.6,2.0,16.3,8.2,71.4,34.2,0.0,9.0,0.2
25021420301,0.8387,0.8374,0.8839,0.9457,0.5298,7507,12.4,8.1,13.6,7.0,15.8,9.4,82.8,7.8,0.0,7.1,0.7
25021420302,0.8763,0.7853,0.7991,0.9101,0.8996,7444,11.6,11.3,13.4,3.8,18.4,8.9,71.4,21.7,1.0,8.7,2.2
25021421100,0.5355,0.3817,0.7558,0.5403,0.4382,5636,20.1,1.3,5.6,0.5,22.4,0.0,27.9,10.1,0.6,6.9,0.1
25021421200,0.5091,0.5047,0.6547,0.5166,0.3239,5702,7.7,6.0,9.4,1.2,19.0,3.5,26.2,0.0,5.0,2.2,0.9
25021422100,0.0917,0.1682,0.2819,0.2092,0.1004,5350,5.4,2.4,4.6,1.0,17.6,1.6,11.4,5.5,0.0,3.1,0.3
25021422201,0.5229,0.5053,0.6158,0.4379,0.4149,1769,8.0,1.3,5.2,3.3,19.1,10.2,21.9,68.1,0.0,1.4,0.4
25021422202,0.6736,0.6522,0.6453,0.4497,0.6453,7263,13.6,5.9,4.7,3.2,20.1,5.7,22.6,32.3,0.0,9.4,0.2
25021422301,0.1858,0.2756,0.221,0.2386,0.2291,3494,7.1,6.0,3.8,1.5,19.0,2.1,12.4,1.5,0.0,6.2,0.1
25021422303,0.6491,0.7464,0.2015,0.4585,0.7445,4781,12.2,7.7,6.2,3.8,16.4,5.7,22.9,49.0,0.0,6.5,2.3
25021422304,0.049,0.2128,0.0647,0.1799,0.1343,2122,8.1,4.3,3.5,1.5,15.1,0.0,10.3,1.8,0.0,5.6,0.7
25021422401,0.9498,0.9077,0.8142,0.4997,0.9931,3248,18.8,12.5,10.5,7.1,24.3,7.0,24.9,44.3,4.0,8.6,3.7
25021422402,0.4049,0.322,0.0665,0.2455,0.9159,3869,7.2,5.2,4.6,1.4,18.5,0.9,12.7,19.3,0.4,6.3,1.9
25021422501,0.4074,0.4463,0.1576,0.5497,0.4991,4492,10.1,2.5,3.5,2.1,10.7,0.9,28.9,30.3,0.0,7.1,0.3
25021422502,0.6792,0.6981,0.5851,0.5803,0.5687,6458,27.8,3.4,11.7,2.7,21.1,2.6,30.5,22.7,0.0,11.9,0.0
25021422600,0.2404,0.1406,0.3804,0.3966,0.361,6918,8.1,3.0,3.3,1.1,16.4,2.0,19.4,0.0,0.6,4.1,0.1
25021422700,0.5782,0.4331,0.8148,0.4285,0.4884,3778,8.9,4.7,8.6,1.5,21.3,2.9,21.4,14.3,0.0,7.4,1.1
25021422800,0.2454,0.3955,0.1306,0.1636,0.3666,3758,6.8,3.7,2.9,3.7,27.0,0.7,9.7,33.0,0.0,1.3,0.6
25021423101,0.2863,0.2436,0.3792,0.1437,0.4269,3679,9.6,3.1,0.5,2.2,20.2,1.3,9.0,3.7,0.0,3.2,0.8
25021423102,0.2511,0.3879,0.1701,0.0531,0.381,4651,4.1,4.5,4.3,3.2,13.2,0.0,5.8,5.8,0.0,7.5,0.9
25021440101,0.7571,0.7207,0.8575,0.3704,0.6616,6710,15.9,7.7,6.0,2.9,24.3,3.3,17.9,18.0,11.5,4.7,0.6
25021440102,0.123,0.3007,0.1557,0.4722,0.0734,3104,4.3,8.1,0.3,0.8,10.4,0.0,23.4,0.5,0.0,5.1,0.3
25021441202,0.0088,0.0132,0.0753,0.1162,0.0954,2951,4.1,2.0,1.3,1.0,12.3,0.4,8.1,0.0,0.0,2.9,2.0
25021441203,0.4871,0.3999,0.6102,0.2904,0.5085,3671,8.0,8.8,2.6,2.0,25.3,0.8,14.6,8.2,0.0,6.9,4.2
25021441204,0.2932,0.275,0.4388,0.0294,0.398,5551,5.4,6.8,5.8,1.0,20.0,0.2,4.1,8.0,0.0,1.6,3.1
25021442101,0.1268,0.1212,0.0873,0.2842,0.4357,5522,5.4,3.9,0.7,2.2,12.7,0.2,14.2,5.2,0.0,2.1,14.2
25021442103,0.0383,0.0854,0.5348,0.2386,0.0038,7229,3.0,6.1,2.5,0.1,12.8,1.4,12.4,0.0,0.0,0.8,0.0
25021442104,0.0998,0.1494,0.1036,0.3598,0.2429,5406,7.6,1.2,3.1,1.6,13.3,1.4,17.5,13.1,0.0,0.0,0.1
25021442105,0.3258,0.3176,0.2059,0.4385,0.4444,2109,6.9,3.4,9.3,0.7,12.9,2.0,22.0,33.6,0.0,2.9,0.7
25021442201,0.2417,0.076,0.2285,0.1031,0.7238,4020,5.8,4.4,0.9,0.5,14.5,0.5,7.6,21.2,0.4,2.9,0.7
25021442203,0.5085,0.376,0.6937,0.1936,0.5844,3816,13.7,4.4,3.0,0.5,21.9,1.0,10.8,20.7,0.0,10.6,1.7
25021442204,0.5022,0.6127,0.5662,0.2773,0.3283,4675,10.4,13.7,3.1,2.7,8.4,1.6,14.0,9.7,0.0,5.6,3.4
25021443103,0.2053,0.5455,0.3352,0.2886,0.0282,4238,7.7,7.1,7.1,4.3,12.7,0.0,14.5,0.0,0.0,2.4,0.2
25021443104,0.0992,0.2329,0.0766,0.0212,0.3233,4604,8.5,7.6,2.1,0.5,14.0,1.2,3.6,0.9,3.2,1.2,0.0
25021443105,0.3892,0.6855,0.3597,0.4285,0.0697,2159,17.8,4.5,2.7,12.7,14.3,14.0,21.4,0.9,0.0,5.3,0.2
25021443106,0.4746,0.2982,0.6416,0.5322,0.4865,6024,1.2,8.5,3.2,0.2,14.7,0.2,27.5,24.1,0.0,1.6,0.2
25021456101,0.2128,0.0785,0.4476,0.6402,0.2599,4021,1.7,1.2,4.4,1.9,17.1,3.4,35.0,5.8,0.0,4.1,4.0
25021456102,0.6296,0.7238,0.5129,0.5634,0.4118,5429,14.7,6.3,12.6,2.8,18.7,5.5,29.7,11.4,0.0,3.8,1.7
25021456200,0.4752,0.3741,0.1632,0.7645,0.6955,3951,5.3,6.0,7.8,1.0,14.5,3.3,45.4,29.2,0.0,7.0,1.2
25021456301,0.7062,0.6786,0.7244,0.6746,0.5179,2249,23.6,5.6,9.6,0.6,19.1,9.6,37.8,13.8,0.0,9.4,0.1
25021456302,0.693,0.7232,0.8443,0.7945,0.2492,5255,32.0,6.0,9.3,0.7,26.3,2.5,49.1,16.5,0.0,11.1,0.1
25021456401,0.6089,0.3459,0.8098,0.6109,0.6347,2476,9.5,2.6,13.7,0.5,16.1,5.0,32.6,1.9,1.2,6.7,0.5
25021456402,0.2712,0.4313,0.6051,0.5603,0.0245,5670,8.2,4.8,8.0,1.7,22.8,4.1,29.5,2.0,0.0,0.3,0.1
25021457100,0.5599,0.3566,0.8406,0.6096,0.4206,4730,7.1,3.4,8.2,1.3,18.9,2.5,32.5,0.5,0.5,2.7,0.1
25021457200,0.1984,0.0866,0.4601,0.5078,0.2517,6119,1.2,5.8,2.4,0.3,16.7,1.6,25.6,6.3,0.0,8.9,0.7
25021980000,-999.0,-999.0,-999.0,-999.0,-999.0,0,-999.0,-999.0,-999.0,-999.0,-999.0,-999.0,-999.0,-999.0,-999.0,-999.0,-999.0
25023500101,0.1375,0.1299,0.3905,0.1081,0.2235,3463,7.5,4.5,1.3,0.5,22.8,0.3,7.8,5.3,0.4,3.7,0.0
25023500103,0.0458,0.2003,0.0847,0.0506,0.1237,2730,6.2,5.2,1.6,0.4,24.4,0.3,5.7,24.7,0.0,4.1,0.0
25023500104,0.0395,0.1689,0.0986,0.0062,0.1174,3923,6.8,2.5,3.6,0.9,22.5,0.0,2.0,4.2,0.0,1.5,0.0
25023501101,0.3779,0.162,0.5443,0.0999,0.6485,3494,7.3,4.7,1.3,0.5,20.4,1.1,7.5,10.5,4.9,7.2,0.7
25023501102,0.204,0.0804,0.2875,0.1824,0.5267,8434,4.6,2.8,3.5,0.5,20.5,1.4,10.4,11.8,0.0,4.6,2.1
25023501201,0.0031,0.0345,0.1651,0.0144,0.0,4326,1.6,4.9,0.4,0.5,15.6,0.2,3.1,0.0,0.0,0.0,0.0
25023501203,0.0075,0.0082,0.1714,0.0212,0.0358,2539,2.4,3.9,1.0,0.0,11.8,0.0,3.6,0.0,0.0,5.1,0.1
25023501204,0.2687,0.0992,0.4758,0.0837,0.5518,5350,5.5,3.5,0.6,0.0,41.3,0.0,6.9,46.5,0.0,11.0,1.9
25023502101,0.1783,0.4488,0.0942,0.3629,0.1444,6356,13.7,4.2,8.1,0.7,8.5,1.6,17.6,12.3,0.0,2.2,0.5
25023502102,0.3126,0.1946,0.6026,0.1799,0.3685,5150,10.1,3.0,4.6,0.4,15.8,0.4,10.3,8.9,4.7,5.5,0.0
25023502200,0.6133,0.4871,0.6598,0.2448,0.7546,6215,13.1,5.4,3.3,1.1,20.4,1.0,12.6,1.9,7.6,6.9,2.6
25023503101,0.1551,0.2222,0.1846,0.0931,0.3208,7268,6.3,7.7,3.0,0.3,14.8,0.4,7.2,2.4,0.5,6.4,0.1
25023503102,0.2768,0.3427,0.4401,0.0931,0.2649,7505,7.6,5.2,3.0,2.4,15.4,1.0,7.2,10.7,0.0,5.3,1.2
25023504101,0.2348,0.0326,0.3967,0.1312,0.6654,5417,5.1,2.2,2.7,0.2,15.7,0.8,8.6,2.9,3.7,2.1,4.1
25023504102,0.054,0.0188,0.4827,0.188,0.0841,5864,5.3,1.6,1.6,0.6,14.3,0.6,10.6,1.8,0.0,1.5,0.2
25023505102,0.0691,0.0734,0.3672,0.1193,0.1243,5468,6.3,4.7,0.3,0.2,19.6,0.0,8.2,3.4,0.0,0.4,0.5
25023505103,0.0025,0.0408,0.0289,0.0668,0.0226,3089,4.8,2.0,0.4,0.6,14.7,0.0,6.3,2.8,0.0,2.4,0.0
25023505104,0.022,0.1356,0.2649,0.03,0.0082,3833,9.3,2.3,0.7,0.4,17.0,0.0,4.2,0.0,0.0,2.7,0.0
25023505201,0.1519,0.1124,0.5047,0.2954,0.1538,2009,8.2,3.5,3.6,0.0,28.0,2.6,14.7,1.8,0.0,1.9,4.7
25023505202,0.3396,0.1764,0.7395,0.2773,0.2944,4670,6.4,1.6,5.6,2.3,28.4,3.4,14.0,11.5,0.0,6.0,1.3
25023506102,0.5606,0.5348,0.5562,0.0881,0.6692,5849,15.7,0.8,5.9,3.2,15.6,0.9,7.1,22.3,0.0,4.5,1.0
25023506103,0.0195,0.1419,0.2003,0.0706,0.0075,2727,24.4,1.1,0.9,0.0,16.6,0.0,6.4,0.0,0.0,2.6,0.0
25023506104,0.0276,0.0144,0.3202,0.2249,0.0471,4082,1.4,1.6,0.8,1.5,20.6,0.0,11.9,0.0,0.0,0.0,1.3
25023506202,0.1055,0.2379,0.2674,0.0162,0.1186,2788,6.6,4.5,1.1,1.7,22.5,0.5,3.2,6.6,0.0,2.3,0.0
25023506203,0.1281,0.5819,0.1475,0.0056,0.0295,5699,7.3,6.2,5.7,4.1,20.0,0.0,1.8,5.5,0.0,1.5,0.0
25023506205,0.0439,0.2298,0.108,0.0187,0.0778,2153,7.2,6.9,0.5,1.3,18.6,0.0,3.4,1.1,0.0,12.8,0.0
25023506206,0.1902,0.4928,0.1877,0.0206,0.123,2484,14.2,5.5,0.7,2.8,21.9,0.0,3.5,5.9,0.0,1.2,1.1
25023507101,0.1933,0.0628,0.3886,0.0668,0.4984,5491,6.5,2.2,0.5,1.3,20.4,0.3,6.3,11.2,0.0,8.5,2.3
25023507103,0.0157,0.108,0.1394,0.0575,0.0264,4214,4.3,5.8,1.2,1.0,22.6,0.0,6.0,0.0,0.0,0.4,0.4
25023507104,0.4105,0.5813,0.602,0.0406,0.1795,6336,9.5,4.7,8.6,3.8,26.8,0.0,5.0,13.1,0.0,4.9,0.3
25023508101,0.0621,0.0471,0.1331,0.1043,0.312,7279,3.4,2.7,3.3,0.0,17.6,0.2,7.7,10.9,0.0,5.2,0.3
25023508102,0.0257,0.1412,0.2988,0.0762,0.0056,4791,5.8,4.4,2.2,0.8,17.3,0.3,6.6,0.0,0.0,2.1,0.0
25023508200,0.0527,0.1343,0.1356,0.0731,0.1368,6260,6.2,2.8,3.1,0.7,15.7,0.0,6.5,5.8,0.0,0.7,1.9
25023509101,0.3358,0.2505,0.3949,0.0575,0.5556,7136,5.2,0.7,3.0,3.0,17.3,0.3,6.0,2.3,0.6,1.3,3.2
25023509102,0.354,0.0986,0.607,0.0406,0.6729,6566,5.8,2.3,2.4,0.9,24.9,1.0,5.0,2.1,9.2,9.5,0.4
25023510100,0.5242,0.8016,0.1959,0.7976,0.1726,4729,15.9,11.4,6.9,9.2,12.7,2.8,49.4,0.7,0.0,4.0,0.1
25023510200,0.6981,0.6842,0.7866,0.8982,0.3528,6864,14.8,2.2,13.7,6.0,14.1,8.1,69.1,6.4,0.0,7.0,0.0
25023510300,0.9253,0.9592,0.9284,0.9507,0.6102,4516,27.4,9.2,19.9,11.0,9.4,22.8,83.9,1.4,0.0,23.0,0.8
25023510400,0.9686,0.9579,0.9479,0.9719,0.823,3782,39.5,8.4,35.0,4.1,8.3,18.7,91.1,9.8,0.0,18.9,2.9
25023510501,0.8393,0.6384,0.9159,0.8851,0.8418,3741,15.5,3.9,16.4,2.4,14.1,11.5,66.1,15.0,0.0,12.2,2.7
25023510503,0.995,0.919,0.9868,0.9138,0.9944,4271,28.8,9.2,14.0,4.1,18.8,7.4,72.0,33.7,2.4,21.2,5.4
25023510504,0.9335,0.818,0.7997,0.93,0.9862,2388,25.5,3.0,14.9,5.9,16.8,15.3,77.9,31.9,0.9,32.7,0.3
25023510505,0.8845,0.8355,0.8625,0.9238,0.8004,4495,25.4,10.8,15.3,2.4,14.7,14.7,76.8,49.6,0.0,25.1,0.2
25023510600,0.4357,0.4319,0.2586,0.7389,0.4105,3450,8.4,7.9,7.6,0.8,20.1,2.9,43.1,0.0,1.0,2.9,4.1
25023510700,0.7746,0.5976,0.8745,0.8401,0.72,6886,13.6,2.5,16.8,1.6,13.8,14.3,56.8,1.4,0.3,10.3,0.1
25023510800,0.9014,0.9259,0.7659,0.9875,0.774,8026,28.3,10.9,22.1,4.0,7.5,14.0,94.8,10.1,0.0,16.8,0.9
25023510900,1.0,0.9994,0.9906,0.9288,0.9981,2462,59.0,23.8,45.9,4.8,19.3,29.8,77.8,60.8,0.6,55.0,10.7
25023511000,0.9065,0.9266,0.9209,0.9463,0.5876,2982,37.7,6.6,27.0,4.4,6.0,9.4,82.9,16.0,0.0,17.8,0.1
25023511100,0.5154,0.4909,0.7225,0.8351,0.1802,5814,10.9,3.0,12.4,1.4,16.2,4.1,55.7,0.0,0.0,5.0,0.3
25023511200,0.9874,0.828,0.9837,0.8869,0.995,5381,23.0,6.1,26.3,2.4,16.9,16.1,66.6,20.2,2.0,22.9,2.2
25023511301,0.8707,0.769,0.9171,0.9319,0.7615,6248,12.4,10.3,17.4,1.6,13.6,7.6,78.2,10.0,0.0,11.2,3.5
25023511302,0.8456,0.8456,0.8701,0.9026,0.5782,3470,25.2,8.9,14.1,5.1,17.6,2.7,69.9,16.1,0.0,6.0,0.6
25023511400,0.8424,0.9435,0.833,0.96,0.376,4619,26.4,7.5,36.1,4.8,6.0,13.2,87.4,1.4,0.0,12.0,0.0
25023511500,0.8362,0.904,0.8318,0.975,0.4394,5136,18.4,13.8,24.6,14.7,7.5,22.2,92.2,3.1,0.0,24.7,0.0
25023511601,0.865,0.8098,0.7546,0.8957,0.8638,3807,13.3,16.8,13.0,3.6,12.7,4.5,68.5,12.8,0.0,26.1,1.7
25023511602,0.8129,0.6303,0.7872,0.852,0.9134,3500,18.6,2.3,16.5,2.7,20.7,4.5,58.6,27.2,0.7,32.5,2.6
25023511701,0.6221,0.6503,0.7633,0.8207,0.2159,5364,5.8,9.8,12.7,4.6,15.8,7.0,52.9,0.0,0.0,1.8,0.5
25023511702,0.5763,0.4809,0.521,0.7908,0.5317,2782,3.4,8.2,11.2,1.8,18.7,2.6,48.6,26.0,0.0,2.4,8.0
25023520100,0.3371,0.4419,0.2549,0.2186,0.3453,7260,7.6,4.9,3.9,3.5,11.4,1.9,11.7,3.5,0.0,3.0,2.3
25023520201,0.2341,0.511,0.2185,0.4778,0.0659,3481,12.1,5.8,8.8,0.4,14.6,1.5,23.6,0.9,0.0,6.4,0.1
25023520202,0.1645,0.4105,0.2122,0.2092,0.0948,6262,14.4,3.8,2.4,2.0,12.9,1.3,11.4,20.8,0.0,2.8,0.0
25023521101,0.4093,0.4589,0.7445,0.2536,0.145,4534,8.8,4.9,7.4,1.0,15.2,2.7,13.0,8.8,0.0,3.0,0.0
25023521102,0.2285,0.5556,0.2699,0.1993,0.0647,3616,10.7,6.9,4.4,1.9,15.7,1.0,11.0,4.6,0.0,3.5,0.1
25023521201,0.4959,0.5229,0.2291,0.2455,0.7043,3112,11.7,2.2,7.6,3.0,11.2,4.0,12.7,22.1,0.0,6.5,1.7
25023521202,0.0508,0.0571,0.091,0.1118,0.2938,3884,3.0,4.4,2.1,0.3,14.7,0.1,8.0,3.6,0.6,1.4,0.4
25023522101,0.1959,0.4551,0.3741,0.1711,0.0546,4874,7.4,5.3,4.8,1.8,13.3,1.0,10.0,0.0,0.0,5.1,0.3
25023522102,0.1507,0.2348,0.3252,0.2623,0.1362,5745,4.1,3.3,7.8,0.3,22.7,0.0,13.2,1.2,0.0,2.6,0.6
25023523100,0.4244,0.6541,0.3974,0.1899,0.2072,3583,12.2,5.5,5.6,10.9,7.3,0.6,10.7,0.0,0.0,8.3,0.1
25023523201,0.2228,0.1795,0.4231,0.1774,0.3189,2972,10.7,0.9,5.0,1.0,16.7,0.9,10.2,5.0,0.0,7.7,3.3
25023523203,0.2994,0.2316,0.3559,0.0837,0.5078,4281,2.7,8.2,3.6,0.4,15.2,0.3,6.9,3.3,2.0,4.9,0.0
25023523204,0.3967,0.4269,0.5204,0.2536,0.3214,3546,6.8,4.9,7.0,1.9,24.0,1.4,13.0,0.8,1.0,3.3,0.0
25023524101,0.2442,0.2241,0.1601,0.0406,0.597,3283,5.6,3.6,2.5,1.5,18.2,0.4,5.0,0.0,0.5,2.2,4.1
25023524102,0.3139,0.5078,0.2957,0.2249,0.1977,4365,11.0,5.2,3.7,3.4,18.5,2.3,11.9,2.1,6.4,2.2,0.0
25023525101,0.4922,0.5807,0.3346,0.3167,0.4859,7075,12.1,3.3,6.1,3.3,14.5,0.0,15.6,22.5,0.0,3.2,0.7
25023525104,0.1343,0.1481,0.1325,0.1081,0.4062,7186,6.0,2.7,1.8,2.8,21.0,0.0,7.8,2.4,0.0,4.3,2.6
25023525204,0.0188,0.0665,0.3045,0.2861,0.0031,4005,1.7,2.6,2.6,1.8,9.6,1.0,14.3,0.0,0.0,0.5,0.0
25023526100,0.2486,0.2976,0.2524,0.1399,0.3672,7728,5.4,1.4,3.7,2.9,17.2,0.0,8.9,0.3,15.2,5.3,0.0
25023530100,0.5882,0.5744,0.5198,0.1961,0.683,4376,11.4,5.2,6.2,3.8,25.6,0.3,10.9,18.9,9.0,8.0,0.0
25023530200,0.7407,0.9014,0.4696,0.376,0.5731,4418,26.5,18.1,5.9,7.6,15.8,6.0,18.2,9.9,0.0,18.0,2.2
25023530300,0.5618,0.7583,0.3057,0.268,0.4275,3852,13.5,5.9,6.3,6.3,20.4,2.1,13.6,27.1,0.0,9.4,0.1
25023530400,0.1306,0.086,0.5694,0.1193,0.1488,5698,2.2,1.8,3.9,1.2,26.9,1.8,8.2,0.0,17.3,0.0,0.1
25023530500,0.7508,0.7401,0.8851,0.3673,0.5242,5745,17.7,5.6,9.1,2.8,26.7,3.4,17.7,13.8,0.0,4.1,8.7
25023530600,0.1438,0.1733,0.0816,0.2249,0.4645,6286,3.0,2.0,7.3,2.2,15.6,0.2,11.9,0.5,0.0,3.3,15.5
25023530700,0.2611,0.2925,0.1682,0.0031,0.5367,6435,7.6,2.8,1.4,3.7,47.8,0.0,1.4,13.2,2.1,4.4,0.4
25023530801,0.1463,0.1877,0.3729,0.0606,0.2003,6705,7.6,2.3,2.7,1.6,26.3,0.0,6.1,0.0,2.8,2.1,0.2
25023530802,0.1205,0.2574,0.1519,0.2804,0.1525,4667,4.5,8.7,3.0,1.0,23.1,0.0,14.1,2.3,0.0,2.6,0.6
25023530902,0.28,0.3315,0.1952,0.1649,0.447,4496,2.2,7.3,5.1,1.3,23.3,0.1,9.8,2.5,2.0,0.7,0.5
25023530903,0.4394,0.3967,0.6447,0.1899,0.3986,5769,9.7,4.1,2.8,1.6,17.6,1.3,10.7,10.4,2.4,1.7,0.0
25023530904,0.0898,0.408,0.2298,0.2167,0.0138,3181,5.1,10.0,1.9,2.4,12.1,0.0,11.6,1.0,0.0,1.5,0.0
25023540101,0.4827,0.4739,0.4947,0.1555,0.5631,4431,13.7,2.6,5.1,1.5,19.6,0.0,9.4,9.0,4.9,3.0,0.1
25023540102,0.285,0.5129,0.3377,0.0575,0.167,2632,7.2,9.0,6.7,2.9,18.2,0.0,6.0,0.0,0.0,2.3,2.2
25023540103,0.0446,0.1105,0.2191,0.0237,0.0935,4562,3.4,4.1,7.4,0.0,12.4,0.9,3.7,0.0,0.0,0.8,0.5
25023541100,0.0502,0.1607,0.1915,0.0094,0.0822,5727,6.6,4.0,3.1,1.4,18.8,0.0,2.7,0.6,0.0,3.2,0.1
25023542101,0.1582,0.484,0.1977,0.1218,0.064,7791,8.5,6.1,4.9,2.8,15.5,1.3,8.3,0.0,0.0,2.4,1.1
25023542102,0.6466,0.5173,0.6478,0.0831,0.8613,2499,12.6,4.3,9.0,2.0,22.6,0.7,6.8,7.5,8.3,6.0,3.9
25023542200,0.533,0.4149,0.5675,0.2536,0.6886,6171,4.0,5.8,5.2,3.0,35.0,0.5,13.0,0.9,10.0,2.4,2.1
25023542301,0.6585,0.7985,0.4997,0.2904,0.5311,3750,21.5,6.5,10.3,3.3,12.8,0.2,14.6,9.9,0.0,10.4,3.1
25023542302,0.6849,0.5148,0.7106,0.0931,0.9002,4057,23.9,1.4,3.0,2.7,14.6,1.2,7.2,26.8,1.9,9.0,1.7
25023543100,0.2567,0.4495,0.4953,0.0144,0.1193,2923,14.7,4.4,7.4,1.4,22.4,0.0,3.1,2.5,0.0,1.5,0.4
25023544100,0.2881,0.4884,0.3007,0.2036,0.1701,5622,12.9,4.2,4.7,1.9,14.8,0.0,11.2,0.0,1.8,2.5,0.1
25023544200,0.4865,0.5863,0.5932,0.1711,0.3277,6019,12.0,3.7,7.3,2.2,28.3,0.4,10.0,0.0,31.7,6.0,0.2
25023545100,0.6729,0.6554,0.72,0.4254,0.5782,7039,17.8,4.6,6.1,2.7,28.8,0.0,21.2,2.4,15.6,3.2,0.4
25023545200,0.7181,0.6296,0.5769,0.3991,0.8845,7134,9.3,6.8,11.1,1.5,18.0,0.3,19.6,5.3,9.8,7.2,0.6
25023545300,0.6284,0.8085,0.7797,0.4235,0.1356,4313,17.6,13.3,6.3,6.4,31.5,0.8,21.1,3.0,0.0,6.4,0.4
25023545400,0.6535,0.5851,0.7414,0.1587,0.7169,4706,10.6,2.8,8.1,3.3,36.7,2.4,9.5,0.9,1.4,5.7,3.8
25023560100,0.0289,0.096,0.2222,0.0881,0.032,6511,3.2,4.0,3.3,1.0,30.3,0.0,7.1,2.5,0.0,1.4,0.1
25023561100,0.4413,0.408,0.705,0.4122,0.2549,5305,9.2,5.4,3.8,1.8,25.8,3.3,20.4,3.3,0.0,4.3,5.4
25023561400,0.6127,0.5016,0.7175,0.3629,0.6259,6164,13.9,9.2,3.3,0.3,26.2,1.0,17.6,26.0,5.4,1.4,0.1
25023980200,0.2869,0.6183,0.0301,0.6933,0.2994,1572,30.6,39.6,24.0,0.0,16.8,1.0,38.7,0.0,0.0,11.1,90.6
25023980300,0.1557,0.6246,0.0082,0.4585,0.2473,2529,90.2,6.4,0.0,0.4,0.0,0.0,22.9,9.3,0.0,0.0,96.8
25025000101,0.0753,0.3371,0.0113,0.5578,0.2731,1734,17.9,5.0,0.3,1.4,5.4,0.5,29.4,10.0,0.0,19.1,0.2
25025000102,0.7797,0.7954,0.5053,0.8145,0.7778,3979,32.3,3.6,15.2,4.7,11.0,8.2,52.3,39.2,0.0,17.9,0.9
25025000201,0.597,0.7916,0.0785,0.6665,0.6221,4375,21.0,4.8,9.9,6.0,9.6,10.0,37.2,2.0,0.0,14.5,1.5
25025000202,0.7602,0.6773,0.349,0.7164,0.9485,3892,28.6,3.0,15.7,2.2,11.4,7.1,41.0,18.9,2.5,12.1,1.0
25025000301,0.4426,0.2894,0.1532,0.6152,0.779,2719,14.0,1.4,7.2,2.0,9.4,2.5,32.8,26.8,0.0,13.4,4.1
25025000302,0.2429,0.3421,0.162,0.6839,0.1959,3231,8.5,3.3,5.7,3.6,12.6,5.4,38.3,13.2,0.0,6.6,0.2
25025000401,0.6478,0.5417,0.5229,0.619,0.7508,4898,26.6,2.9,4.3,3.1,23.4,15.9,33.0,70.3,0.0,44.9,0.0
25025000402,0.5807,0.5738,0.0678,0.6402,0.9127,3795,21.4,4.2,2.5,2.8,12.0,6.4,35.0,24.8,0.0,19.2,5.3
25025000502,0.6102,0.6403,0.0634,0.6271,0.9228,5382,27.1,7.4,0.1,2.2,7.1,2.3,33.4,79.8,0.0,48.7,47.3
25025000503,0.4708,0.6108,0.0352,0.4778,0.8387,2099,18.8,2.9,1.7,10.5,4.5,2.1,23.6,83.9,0.0,45.7,1.8
25025000505,0.7533,0.5832,0.4444,0.7364,0.9548,2117,35.7,7.1,1.1,0.8,20.3,4.2,42.7,73.8,0.0,49.7,3.5
25025000506,0.4633,0.4783,0.0891,0.6515,0.7125,2513,29.0,2.8,1.8,1.4,15.5,9.8,35.9,72.1,0.0,44.2,0.4
25025000601,0.6014,0.4294,0.2436,0.6546,0.8983,4000,12.3,1.9,13.1,1.9,13.3,10.4,36.2,27.4,0.0,16.2,3.6
25025000603,0.9209,0.8632,0.8161,0.9269,0.9215,1650,60.3,4.0,9.2,5.5,14.5,19.9,77.6,79.2,0.0,55.4,0.4
25025000604,0.6861,0.7426,0.1814,0.7851,0.752,2347,42.0,4.4,3.4,3.3,10.7,12.6,48.2,59.6,0.0,46.1,0.0
25025000701,0.6717,0.7734,0.054,0.6171,0.9385,4349,29.1,10.3,1.6,4.8,5.4,5.8,32.9,83.2,0.0,58.0,0.8
25025000703,0.6742,0.7972,0.0521,0.7308,0.9096,1701,41.2,9.6,0.0,4.1,0.9,3.0,42.4,77.4,0.0,70.7,0.5
25025000704,0.6642,0.7564,0.0433,0.7614,0.9416,4192,28.8,4.4,5.0,4.9,5.9,5.3,45.2,73.0,1.6,49.8,0.0
25025000804,0.5976,0.4677,0.2341,0.7633,0.8343,3224,16.0,3.0,0.7,4.1,7.8,2.3,45.3,21.6,0.0,31.6,1.0
25025000805,0.629,0.6955,0.0295,0.8214,0.946,3095,42.8,5.9,7.4,0.2,4.7,5.7,53.0,57.8,0.0,51.6,9.9
25025000806,0.4934,0.6133,0.0044,0.7477,0.9667,2390,32.0,7.8,0.0,1.1,0.0,0.2,44.1,82.2,0.0,64.1,44.8
25025000807,-999.0,-999.0,-999.0,0.7452,-999.0,3079,75.6,10.6,0.0,1.0,0.0,0.5,43.8,-999.0,-999.0,-999.0,100.0
25025010103,0.6397,0.7665,0.01,0.7745,0.9755,3397,34.5,17.7,0.0,2.7,0.2,1.2,46.9,67.6,0.0,59.6,82.2
25025010104,0.6045,0.7715,0.0465,0.7002,0.8154,4791,34.7,7.9,3.9,2.4,7.9,3.6,39.3,62.9,0.0,61.7,45.5
25025010204,0.7527,0.8537,0.0395,0.7133,0.9856,3354,39.9,17.0,6.5,2.8,2.4,3.8,40.6,64.7,0.0,47.8,48.9
25025010205,0.5832,0.5951,0.0282,0.802,0.9586,4036,30.9,3.3,1.2,3.2,6.2,5.4,50.7,96.6,0.0,59.2,3.0
25025010206,0.4915,0.5669,0.0232,0.812,0.8814,2218,35.7,3.6,1.8,1.2,1.2,3.7,51.9,90.3,0.0,53.8,0.9
25025010300,0.5844,0.7219,0.0515,0.6483,0.8236,4769,21.8,8.3,9.1,0.9,0.5,1.6,35.5,73.3,0.0,63.7,91.1
25025010403,0.6215,0.7269,0.1161,0.7839,0.6679,2665,58.4,6.0,1.2,2.5,15.7,7.7,48.1,91.2,0.0,71.1,0.0
25025010404,0.6987,0.8832,0.0182,0.7564,0.9492,4585,49.2,11.7,7.5,2.5,2.1,1.7,44.6,66.0,0.0,70.5,50.3
25025010405,0.8468,0.8606,0.2724,0.8382,0.9711,5921,48.9,21.2,16.4,1.0,6.5,5.3,56.5,77.5,0.0,63.1,70.9
25025010408,0.4306,0.6698,0.027,0.6765,0.6183,1349,33.4,4.9,2.4,2.4,2.4,1.2,37.9,97.8,0.0,63.8,0.0
25025010500,0.7853,0.7489,0.1638,0.8176,0.9812,3330,37.1,8.8,1.6,2.5,12.6,4.0,52.7,64.2,0.0,69.5,17.4
25025010600,0.4193,0.3503,0.0929,0.6402,0.7357,3174,20.0,2.9,2.4,0.1,19.3,0.9,35.0,85.4,0.0,44.0,0.0
25025010701,0.1048,0.0847,0.0063,0.5066,0.7753,2314,8.6,2.7,0.0,1.3,7.6,0.0,25.5,40.5,0.0,46.7,15.0
25025010702,0.2323,0.0295,0.0791,0.4678,0.8569,2084,8.5,1.5,0.5,0.3,22.6,0.4,23.3,45.5,0.0,35.6,6.6
25025010801,0.3346,0.3126,0.0326,0.3916,0.8738,2730,11.4,2.5,0.5,2.3,17.2,0.4,19.2,53.7,0.0,51.1,11.6
25025010802,0.2241,0.1908,0.0264,0.3254,0.8701,3316,8.1,5.5,1.1,0.5,9.5,0.8,16.0,36.9,0.0,41.7,3.7
25025020101,0.0986,0.1193,0.0534,0.1299,0.5461,4041,5.7,3.7,0.1,1.9,24.8,0.0,8.5,25.9,0.0,40.3,0.1
25025020200,0.0546,0.167,0.0257,0.3417,0.3572,3132,14.8,0.6,3.4,0.0,8.2,2.1,16.7,25.2,0.0,71.0,0.0
25025020301,0.5198,0.2178,0.1017,0.7102,0.9824,2356,13.6,2.6,1.4,0.4,16.3,3.2,40.4,95.9,0.0,67.1,3.8
25025020302,0.1073,0.1695,0.0452,0.2736,0.4727,1031,7.5,5.1,1.9,0.0,10.2,0.0,13.8,25.9,0.0,73.6,0.0
25025020304,0.2279,0.2624,0.0207,0.5322,0.7935,1200,15.1,1.9,0.3,3.6,1.8,0.5,27.5,96.3,0.0,43.6,8.1
25025020305,0.6164,0.4821,0.0684,0.6471,0.9881,3950,17.7,5.5,5.7,0.0,9.4,2.5,35.4,96.2,0.0,61.0,9.5
25025030100,0.1538,0.5323,0.0094,0.3598,0.3773,2188,23.3,1.1,6.4,3.3,9.6,0.6,17.5,33.3,0.0,62.4,0.0
25025030200,0.1023,0.1142,0.0144,0.2992,0.7451,1591,11.3,0.7,2.6,1.0,5.4,0.6,14.8,47.1,0.0,49.8,0.0
25025030301,0.1569,0.2693,0.0778,0.2536,0.3748,1478,7.0,9.6,0.0,1.2,46.3,0.0,13.0,95.1,0.0,24.8,0.0
25025030302,0.6152,0.6328,0.0446,0.6221,0.9768,2377,32.2,9.9,3.0,1.7,9.6,2.0,33.3,97.2,0.0,75.3,41.8
25025030400,0.5185,0.5072,0.1067,0.2648,0.8945,3842,13.9,4.8,2.0,3.0,14.5,0.4,13.4,40.5,0.0,54.1,2.8
25025030500,0.3434,0.2994,0.0389,0.2386,0.9209,2235,9.2,3.0,4.2,1.1,12.9,3.0,12.4,58.0,0.0,49.2,1.8
25025040100,0.3245,0.1067,0.2197,0.386,0.7476,2591,11.5,1.7,3.3,0.7,16.8,2.9,18.8,33.6,0.0,21.3,0.2
25025040200,0.752,0.7131,0.7803,0.7995,0.5449,1679,26.8,5.1,13.3,2.6,9.3,3.2,49.9,13.6,0.0,23.1,0.0
25025040300,0.1017,0.0308,0.1287,0.386,0.4049,4803,5.7,1.2,2.9,0.7,9.5,0.5,18.8,13.2,0.0,20.4,0.0
25025040401,0.639,0.2712,0.8562,0.5034,0.7878,2872,13.4,1.5,4.1,1.2,15.6,6.5,25.2,38.4,0.0,25.7,0.4
25025040600,0.2461,0.1538,0.064,0.4197,0.7533,3758,8.4,2.2,0.8,1.8,8.2,2.8,20.9,36.8,0.0,10.9,0.5
25025040801,0.7941,0.6478,0.7972,0.7414,0.8475,4129,23.7,4.7,15.9,0.2,17.8,9.1,43.4,67.3,0.0,25.7,0.8
25025050101,0.9228,0.887,0.8431,0.9063,0.8889,5304,27.3,7.8,36.5,3.7,7.8,28.6,70.9,14.8,0.0,35.7,1.6
25025050200,0.8694,0.9379,0.6924,0.9101,0.7024,5400,28.9,7.9,30.1,7.3,6.6,29.7,71.4,17.8,0.0,39.0,0.0
25025050300,0.8814,0.8663,0.5819,0.8557,0.9284,3515,26.2,5.3,20.3,8.0,12.9,17.1,59.4,71.2,0.0,37.1,0.7
25025050400,0.8531,0.8362,0.5292,0.817,0.9297,2072,27.5,4.3,24.2,12.0,13.6,13.6,52.5,15.2,2.9,51.8,0.0
25025050500,0.6899,0.8726,0.0615,0.8795,0.7188,2134,19.3,7.8,18.6,5.5,2.5,19.4,65.4,37.3,0.0,22.0,0.0
25025050600,0.7596,0.7533,0.5493,0.9101,0.6874,2584,15.6,2.0,28.3,4.1,5.2,33.1,71.4,15.6,0.0,43.1,0.0
25025050700,0.8613,0.9736,0.5901,0.9275,0.624,4906,28.6,11.4,29.5,9.8,5.3,43.5,77.7,0.9,0.0,41.5,0.3
25025050901,0.8964,0.8933,0.7564,0.9219,0.8274,4530,29.8,11.2,29.4,3.8,4.4,29.3,75.7,1.2,2.8,31.3,0.0
25025051000,0.7238,0.801,0.4708,0.8507,0.5374,4971,14.5,4.9,16.3,9.8,10.6,17.5,58.5,6.8,0.0,16.5,0.1
25025051101,0.8092,0.8807,0.4338,0.8663,0.7671,6754,24.7,13.6,17.8,9.1,9.3,15.6,62.1,11.9,0.0,20.3,1.4
25025051200,0.4344,0.4513,0.0697,0.722,0.7031,3164,11.9,3.6,8.2,2.5,6.8,6.7,41.6,30.7,0.0,26.8,0.2
25025060101,0.0615,0.01,0.0628,0.0462,0.6014,3587,4.1,3.7,0.3,0.2,9.0,0.2,5.2,18.5,0.0,17.0,0.4
25025060200,0.0565,0.2668,0.0377,0.0637,0.2668,2282,8.7,5.5,1.6,1.8,10.0,0.9,6.2,0.0,0.0,19.9,0.4
25025060301,0.1632,0.1161,0.0609,0.1118,0.7338,3786,16.6,1.1,1.6,0.9,12.5,0.5,8.0,12.3,0.0,18.3,1.3
25025060400,0.0044,0.0163,0.005,0.0119,0.393,5071,2.5,0.0,2.3,1.4,9.5,0.0,3.0,10.4,0.0,17.4,0.1
25025060501,0.0182,0.0301,0.0075,0.4104,0.3886,4305,4.5,2.3,3.3,0.3,8.9,0.0,20.2,13.2,0.0,15.1,0.0
25025060601,0.2699,0.1255,0.0364,0.7021,0.8537,1830,8.0,0.0,3.2,2.7,9.1,6.9,39.5,40.5,0.0,37.9,0.7
25025060602,0.0866,0.1952,0.0013,0.4066,0.7389,416,16.6,3.6,0.0,0.0,0.0,0.0,20.0,100.0,0.0,50.8,0.0
25025060603,0.0138,0.0113,0.0025,0.3379,0.5794,1241,3.2,1.7,0.0,0.8,4.0,0.0,16.4,96.2,0.0,45.3,0.0
25025060604,0.0609,0.0069,0.0169,0.4385,0.7351,2772,4.9,3.2,0.0,0.3,8.9,1.6,22.0,99.7,0.0,39.1,0.0
25025060700,0.9743,0.9535,0.9812,0.9675,0.8085,1908,53.9,31.3,29.6,2.5,14.3,30.3,90.0,30.1,0.0,69.0,0.2
25025060800,0.1224,0.2116,0.0113,0.3379,0.7012,4328,8.5,4.9,3.7,0.7,5.3,1.0,16.4,8.6,0.0,27.0,0.8
25025061000,0.5505,0.3679,0.5807,0.7358,0.58,2860,39.0,1.4,14.4,0.0,8.4,10.5,42.6,21.6,0.0,41.8,0.0
25025061101,0.9353,0.9542,0.936,0.8838,0.6723,2295,52.6,11.4,17.1,4.1,4.7,18.7,65.6,18.0,0.0,66.9,0.1
25025061201,0.3672,0.7382,0.0132,0.3517,0.5574,1609,23.4,9.0,0.0,13.2,4.1,0.0,17.2,7.4,0.0,21.2,0.2
25025061202,-999.0,-999.0,-999.0,-999.0,-999.0,0,-999.0,-999.0,-999.0,-999.0,-999.0,-999.0,-999.0,-999.0,-999.0,-999.0,-999.0
25025061203,0.3333,0.0923,0.059,0.4447,0.9535,2314,5.8,1.6,5.1,1.3,13.4,2.9,22.4,65.3,0.0,14.9,9.0
25025061204,0.0433,0.0107,0.0163,0.1555,0.7414,918,2.9,0.0,0.0,1.6,8.5,1.3,9.4,98.8,0.0,47.2,0.0
25025070102,0.8412,0.7809,0.6868,0.7883,0.9115,2721,34.8,9.8,18.2,1.2,23.4,12.4,48.5,97.3,0.0,51.2,33.0
25025070103,0.7721,0.7062,0.5022,0.9157,0.8286,782,36.6,6.4,9.6,0.0,3.3,10.1,72.5,82.4,0.0,75.9,0.0
25025070104,0.42,0.2279,0.0477,0.6483,0.9567,2550,23.5,4.8,1.4,0.0,12.2,2.7,35.5,91.5,0.0,45.0,2.9
25025070201,0.7445,0.5549,0.4043,0.7701,0.9636,3242,31.7,3.4,27.5,0.0,17.0,14.0,46.0,90.1,0.0,72.3,52.7
25025070202,0.9259,0.8192,0.3861,0.9257,1.0,4233,39.0,5.7,18.5,2.4,10.7,24.8,77.2,82.1,0.3,73.9,4.3
25025070301,0.2467,0.2492,0.0565,0.5322,0.6334,2659,15.1,3.8,5.1,0.5,9.0,2.1,27.5,17.1,0.0,29.9,0.1
25025070302,0.4513,0.3038,0.2787,0.5465,0.6937,1771,23.1,0.0,5.3,0.0,11.4,7.6,28.6,61.4,0.0,53.9,0.2
25025070402,0.8173,0.7527,0.4852,0.8545,0.9372,3005,35.5,2.8,20.4,2.9,18.4,24.9,59.2,88.5,0.0,52.1,1.6
25025070501,0.2034,0.1638,0.0559,0.4553,0.6767,1977,5.0,0.4,3.8,1.6,11.3,1.3,22.8,17.4,0.0,26.1,0.7
25025070502,0.8864,0.8682,0.7294,0.9151,0.8562,3787,54.3,27.9,32.0,0.3,13.6,33.7,72.3,32.3,0.0,38.7,0.8
25025070600,0.1795,0.0647,0.0483,0.4553,0.7997,2228,4.7,3.4,1.6,1.3,11.6,0.0,22.8,6.0,0.5,23.5,0.5
25025070700,0.7257,0.806,0.2593,0.8045,0.7219,2643,23.8,6.6,6.1,8.9,18.4,5.2,51.2,40.1,0.0,34.2,0.0
25025070801,0.3949,0.6152,0.0854,0.6002,0.3559,1049,36.8,0.0,9.4,1.0,9.7,6.3,31.7,33.4,0.0,41.1,0.0
25025070802,0.7395,0.6083,0.6585,0.6802,0.8406,2306,27.5,2.5,5.6,1.8,19.4,5.0,38.1,28.7,0.0,37.7,3.5
25025070901,0.8136,0.8161,0.7834,0.9413,0.6146,1277,43.1,7.9,10.7,1.3,11.7,12.5,81.4,48.4,0.0,58.7,0.6
25025070902,0.5367,0.57,0.1337,0.6621,0.6993,2079,24.1,5.2,11.2,0.0,10.8,3.9,36.8,19.7,0.0,32.9,1.3
25025071101,0.8901,0.7043,0.4846,0.767,0.9994,3873,26.1,6.5,8.7,1.5,13.8,6.2,45.6,50.8,0.8,37.7,7.5
25025071201,0.9667,0.8625,0.9341,0.8632,0.9749,4248,44.1,10.2,24.3,5.9,18.9,20.0,61.4,84.4,0.0,36.2,13.0
25025080100,0.8738,0.9711,0.4802,0.9194,0.7765,2439,41.8,7.0,24.2,11.2,10.9,13.9,74.1,10.3,0.0,43.6,34.6
25025080300,0.9404,0.9586,0.7031,0.9594,0.909,2059,43.9,21.0,20.8,3.2,2.4,7.8,87.1,21.6,0.0,50.1,1.7
25025080401,0.9912,0.9937,0.9611,0.9781,0.919,2905,53.8,11.4,24.3,6.8,16.7,12.0,92.9,58.2,0.0,47.1,2.0
25025080500,0.9492,0.9448,0.9121,0.9669,0.7954,3698,37.2,15.8,17.8,5.1,11.0,13.1,89.9,29.0,0.0,51.3,0.1
25025080601,0.8782,0.9837,0.4049,0.8963,0.8167,3572,62.5,21.6,33.7,3.3,7.4,8.3,68.6,62.4,0.0,63.6,53.9
25025080801,0.9761,0.9692,0.7696,0.9313,0.9874,4133,61.3,16.1,36.4,4.7,4.4,8.1,78.1,61.7,0.0,58.7,33.1
25025080900,0.565,0.6868,0.0421,0.7021,0.8374,3384,43.5,3.1,3.3,4.1,12.6,0.7,39.5,50.0,0.0,45.3,0.7
25025081001,0.8858,0.8638,0.7514,0.8857,0.8506,4816,52.5,2.3,18.3,7.4,14.4,19.4,66.3,45.3,0.0,64.7,0.9
25025081101,0.6842,0.5242,0.0973,0.7851,0.9893,1376,21.7,3.0,9.5,0.0,19.4,4.0,48.2,86.5,0.0,62.3,15.3
25025081102,0.7966,0.6893,0.3126,0.8289,0.9843,2835,34.3,10.9,10.6,0.0,13.7,4.8,54.3,46.3,0.0,49.1,9.4
25025081200,0.9422,0.8845,0.8952,0.96,0.8832,4097,55.1,16.6,28.0,1.1,7.1,16.7,87.4,55.6,0.0,42.3,0.3
25025081301,0.9962,0.9372,1.0,0.9625,0.9391,2694,59.6,10.3,35.2,2.8,20.6,23.6,87.6,54.3,0.0,50.0,2.7
25025081302,0.9768,0.9667,0.9454,0.9688,0.877,2362,60.5,5.4,32.7,8.8,18.7,28.5,90.2,57.8,0.0,58.5,5.4
25025081400,0.6773,0.8349,0.1092,0.8745,0.6303,3424,38.6,11.5,10.8,1.8,10.1,1.8,63.6,15.0,0.0,33.2,0.9
25025081500,0.9674,0.9831,0.7451,0.9532,0.9554,2718,39.4,13.5,25.1,5.5,14.0,3.6,84.8,6.6,1.4,32.0,2.2
25025081700,0.9454,0.9787,0.8895,0.9813,0.7144,3862,41.7,12.7,17.7,6.3,17.3,8.8,93.7,11.4,0.0,49.4,1.3
25025081800,0.904,0.951,0.9429,0.985,0.4413,3117,27.0,9.9,23.1,5.9,15.9,7.1,94.6,18.0,0.0,31.9,0.4
25025081900,0.8041,0.8048,0.6755,0.9763,0.6861,3142,28.8,8.0,15.3,1.8,15.0,8.6,92.6,14.6,0.0,25.2,1.3
25025082000,0.7219,0.7589,0.8449,0.985,0.2272,3476,35.0,3.0,20.3,2.1,11.6,8.2,94.6,4.6,0.0,34.9,0.1
25025082100,0.9366,0.8468,0.9598,0.9663,0.8186,5980,37.2,10.5,15.7,1.2,15.3,12.4,89.1,27.1,0.0,54.3,0.4
25025090100,0.9705,0.9642,0.9768,0.9806,0.779,5345,42.9,11.3,16.4,4.9,13.4,9.8,93.6,13.8,0.0,32.1,0.5
25025090200,0.9586,0.8644,0.9228,0.995,0.9448,2943,33.9,8.2,23.2,2.7,8.3,13.7,97.5,43.4,0.0,38.8,1.6
25025090300,0.9636,0.9849,0.9648,0.97,0.6999,3535,49.7,8.6,28.1,8.8,7.6,26.1,90.8,5.0,0.0,32.4,0.5
25025090400,0.9372,0.9316,0.9259,0.9919,0.7313,3711,28.7,12.8,14.7,4.8,10.5,8.1,96.0,7.9,0.0,43.0,0.8
25025090600,0.9033,0.8701,0.8581,0.9706,0.806,2408,24.3,4.6,24.2,4.3,14.0,21.9,90.9,2.3,0.0,35.0,3.4
25025090700,0.7131,0.7928,0.4878,0.6221,0.6014,4111,29.7,4.4,9.0,4.5,14.8,9.0,33.3,15.3,0.0,30.3,0.8
25025090901,0.8029,0.7759,0.462,0.9207,0.8795,3087,51.1,3.5,13.5,1.8,8.9,3.3,74.4,76.2,0.0,39.6,0.6
25025091001,0.7213,0.8299,0.393,0.7745,0.5549,3064,24.4,5.6,11.5,4.8,13.4,10.1,46.9,32.0,0.0,32.8,0.7
25025091100,0.6428,0.6993,0.1569,0.782,0.7175,4367,18.0,4.4,9.3,3.8,13.0,7.4,47.9,12.8,0.0,23.3,0.4
25025091200,0.8682,0.7684,0.8399,0.8901,0.8688,2976,36.9,3.2,13.4,3.2,13.9,9.1,67.3,10.7,0.0,29.4,6.0
25025091300,0.9856,0.9856,0.8876,0.9781,0.9648,2469,46.1,10.4,27.8,6.0,10.7,12.0,92.9,9.7,1.6,40.3,0.4
25025091400,0.9787,0.9234,0.9554,0.9794,0.9347,3052,37.6,9.4,14.3,4.3,12.2,9.8,93.4,27.7,0.0,35.3,9.0
25025091500,0.8751,0.9391,0.7125,0.9357,0.6805,3412,39.5,13.1,15.2,5.1,12.7,12.0,79.4,15.7,0.0,30.2,0.1
25025091600,0.9793,0.9058,0.8908,0.9557,0.9906,2497,33.3,8.0,36.0,2.8,14.4,17.5,86.1,12.4,0.5,23.6,2.3
25025091700,0.9692,0.9052,0.9517,0.9938,0.9027,3292,35.1,8.6,29.6,2.7,13.4,12.8,96.9,0.0,1.3,21.6,1.0
25025091800,0.9523,0.8895,0.8154,0.98,0.9661,3721,40.6,5.7,20.4,4.9,11.9,9.5,93.5,3.5,1.1,25.9,1.7
25025091900,0.9171,0.9278,0.8983,0.9894,0.6893,4662,42.9,5.6,19.4,6.7,6.5,19.5,95.1,3.8,0.0,23.8,0.6
25025092000,0.9441,0.936,0.8814,0.9731,0.8311,5751,29.3,7.8,19.1,9.2,9.6,15.9,91.8,9.9,0.0,31.2,1.5
25025092101,0.9002,0.941,0.9033,0.9182,0.5436,6462,31.8,8.6,33.9,4.2,19.0,19.5,73.7,14.9,0.0,21.6,3.4
25025092200,0.7087,0.553,0.7859,0.8988,0.5982,3500,14.0,4.8,15.0,1.3,16.3,17.9,69.3,4.9,0.0,29.1,0.7
25025092300,0.8826,0.8475,0.9297,0.9888,0.5932,3857,26.2,7.0,25.1,2.9,9.8,14.6,94.9,3.7,0.0,33.2,0.7
25025092400,0.9058,0.9755,0.924,1.0,0.4112,6136,31.0,11.5,22.1,9.1,11.1,8.5,99.9,17.1,0.0,33.7,0.3
25025100100,0.9623,0.9648,0.9466,0.9963,0.7746,6716,39.9,13.3,15.9,4.8,9.7,9.4,97.9,4.8,0.0,39.2,1.9
25025100200,0.9906,0.9686,0.9674,0.9988,0.9479,3567,42.7,18.3,21.0,5.6,13.1,10.9,98.9,0.9,0.7,29.3,1.5
25025100300,0.9473,0.8242,0.9969,0.9944,0.7702,3931,18.8,10.4,13.7,2.9,19.6,10.0,97.1,2.4,0.6,13.0,0.7
25025100400,0.9215,0.8977,0.892,0.9463,0.7966,5228,27.2,9.4,18.4,6.1,15.3,6.2,82.9,11.4,0.0,32.4,2.4
25025100500,0.8989,0.8801,0.8085,0.95,0.8173,7627,32.1,7.5,16.3,3.8,10.7,13.8,83.7,18.2,0.0,32.2,0.3
25025100601,0.6321,0.71,0.4689,0.8894,0.3409,6521,19.8,8.8,11.0,1.5,10.6,5.9,67.2,8.6,0.0,2.8,0.1
25025100603,0.5279,0.4846,0.3114,0.4279,0.7112,2129,8.9,4.5,5.2,6.2,7.8,3.0,21.3,14.0,0.0,7.6,1.6
25025100700,0.0804,0.1306,0.194,0.1824,0.1594,4541,5.8,2.5,6.9,0.9,15.2,2.0,10.4,10.6,0.0,7.8,0.1
25025100800,0.666,0.6045,0.8186,0.7689,0.4055,5961,16.7,5.3,6.9,0.9,21.2,5.1,45.8,23.7,0.0,22.4,0.0
25025100900,0.6949,0.5235,0.6234,0.9288,0.7131,4440,11.1,5.0,10.2,2.5,15.9,4.5,77.8,21.1,0.0,18.6,0.3
25025101001,0.8958,0.8983,0.9291,0.9994,0.5417,6346,28.2,10.5,10.8,7.5,13.9,10.8,99.3,18.8,0.0,20.2,0.0
25025101002,0.9824,0.8782,0.9893,0.9906,0.9529,6256,33.2,15.0,14.1,1.8,16.5,7.4,95.5,32.7,0.0,33.8,2.9
25025101101,0.8757,0.8707,0.9372,0.9894,0.4947,4045,18.9,8.0,15.4,4.1,14.8,9.7,95.1,1.9,0.0,20.4,0.3
25025101102,0.9598,0.9171,0.9655,0.9975,0.8198,5167,39.4,17.7,18.3,2.8,12.2,15.8,98.5,14.1,0.0,36.5,1.4
25025110104,0.9485,0.963,0.9253,0.925,0.7276,1966,42.2,6.9,24.9,8.2,11.2,12.3,77.1,30.2,0.0,31.2,0.0
25025110105,0.3214,0.2423,0.0176,0.6983,0.9184,2677,10.9,3.5,3.1,1.2,7.6,0.2,39.2,20.6,3.7,17.6,0.0
25025110106,0.7006,0.619,0.5731,0.5465,0.8023,1707,13.2,2.5,5.9,3.8,31.0,3.2,28.6,18.7,0.0,18.5,0.7
25025110201,0.9077,0.8387,0.9196,0.9432,0.7803,2432,25.2,12.5,16.8,2.1,13.0,11.1,82.6,37.9,0.0,29.5,0.2
25025110301,0.6811,0.5066,0.8198,0.8395,0.5468,2621,8.9,3.3,13.0,3.0,17.6,7.4,56.7,6.8,0.0,10.3,1.3
25025110401,0.7665,0.7866,0.865,0.8782,0.354,3712,20.3,6.2,13.8,3.1,12.4,11.4,65.0,0.5,0.0,17.6,0.1
25025110403,0.5148,0.4024,0.5217,0.7683,0.4721,4868,11.2,4.6,5.8,1.9,14.0,2.5,45.7,2.9,0.5,6.8,0.1
25025110501,0.0728,0.1237,0.275,0.3735,0.0678,3230,7.3,1.5,2.6,1.0,11.5,1.9,18.0,0.0,0.0,2.8,0.2
25025110502,0.5857,0.6051,0.4777,0.7202,0.4507,4019,9.9,3.7,13.0,5.0,13.3,10.4,41.4,15.4,0.0,14.9,0.1
25025110601,0.4965,0.1965,0.6127,0.3442,0.7866,3009,4.4,5.5,4.2,0.3,38.7,1.6,16.8,25.2,0.0,19.3,5.9
25025110607,0.1168,0.0609,0.14,0.4747,0.3415,5271,5.9,1.8,2.2,1.2,16.3,4.5,23.5,6.4,0.0,6.5,5.8
25025120103,0.0069,0.0013,0.0584,0.3898,0.1412,1682,2.7,0.7,0.8,0.0,20.5,0.8,19.1,2.9,0.0,6.0,0.0
25025120104,0.0841,0.1601,0.0427,0.5959,0.3082,2341,7.2,2.5,2.4,2.2,11.5,0.9,31.4,10.7,0.0,12.3,0.5
25025120105,0.3666,0.2963,0.4495,0.4647,0.3653,2471,12.4,4.9,2.1,1.8,26.7,0.8,23.1,6.7,0.0,6.1,16.8
25025120201,0.4451,0.4193,0.0716,0.807,0.7181,4459,20.3,1.7,5.5,0.9,6.4,5.9,51.4,26.7,0.0,23.1,0.2
25025120301,0.5945,0.4614,0.258,0.8295,0.7916,4929,16.1,2.5,7.7,1.4,10.5,6.7,54.4,17.4,0.0,27.0,4.2
25025120400,0.2724,0.1243,0.0797,0.5234,0.7571,6598,7.5,4.6,3.0,0.0,12.2,0.4,26.6,21.9,0.0,22.2,2.2
25025120500,0.6993,0.6397,0.7219,0.782,0.5424,2688,26.1,2.9,16.9,2.1,14.4,5.7,47.9,10.2,0.0,36.2,0.0
25025120600,0.0414,0.0232,0.0546,0.6109,0.2756,2732,2.8,0.4,3.8,0.5,8.7,2.2,32.6,0.0,0.0,23.0,0.1
25025120700,0.6158,0.2599,0.6773,0.7146,0.8299,2107,13.8,1.8,5.5,1.0,16.7,3.9,40.8,45.3,0.0,19.6,2.6
25025130101,0.2976,0.2291,0.5556,0.4859,0.2097,6060,4.8,3.1,1.4,3.8,15.7,2.5,24.1,15.5,0.0,5.6,0.3
25025130200,0.253,0.2781,0.322,0.4422,0.2423,4429,6.9,4.2,3.1,2.2,18.2,0.8,22.3,5.9,0.0,4.9,2.1
25025130300,0.2172,0.1739,0.172,0.3785,0.4363,4347,5.2,8.0,0.7,0.8,18.8,0.4,18.3,4.8,1.1,4.3,0.5
25025130402,0.5907,0.354,0.6516,0.6315,0.6987,5266,12.9,3.5,3.9,2.7,22.1,4.9,34.0,18.2,8.8,10.2,0.0
25025130404,0.715,0.6058,0.4595,0.6652,0.8858,3108,8.5,5.1,10.2,2.8,19.0,1.3,37.1,38.2,0.0,14.8,3.5
25025130406,0.9391,0.8669,0.9021,0.9394,0.8901,5824,29.2,6.2,13.6,3.8,12.0,8.1,80.7,27.4,0.0,26.3,1.0
25025140102,0.651,0.4394,0.5581,0.8688,0.7721,5457,10.6,6.1,4.5,1.4,12.7,4.1,62.9,7.0,0.1,6.5,0.1
25025140105,0.7646,0.7847,0.9818,0.8782,0.1318,3592,20.3,5.7,15.0,4.0,18.9,12.4,65.0,0.0,0.0,18.4,0.3
25025140106,0.8839,0.8261,0.9831,0.9344,0.533,2202,38.0,11.7,21.1,0.6,16.3,17.6,78.8,23.6,0.0,22.6,0.0
25025140107,0.8406,0.7307,0.9824,0.9013,0.511,3065,17.6,3.4,14.4,11.0,19.2,15.3,69.5,3.3,0.0,18.8,0.7
25025140201,0.5072,0.4626,0.4118,0.8264,0.4262,2668,8.2,3.2,9.7,3.1,13.0,11.6,53.8,20.6,0.0,8.3,0.3
25025140202,0.6798,0.6447,0.634,0.8651,0.5097,6192,14.7,5.1,9.6,4.4,15.8,5.8,61.9,11.2,0.0,4.1,3.2
25025140300,0.8983,0.8732,0.8556,0.9675,0.7772,7857,22.0,15.1,9.6,4.3,17.4,7.6,90.0,13.1,0.0,23.5,0.7
25025140400,0.8305,0.8148,0.8123,0.9756,0.6529,9131,19.2,4.7,20.7,4.0,19.5,7.4,92.3,26.5,0.0,19.1,0.0
25025160102,0.9247,0.6497,0.9196,0.9725,0.9912,3543,34.0,0.9,31.8,0.8,9.5,37.4,91.3,25.8,0.7,28.2,0.5
25025160103,0.9611,0.9724,0.7677,0.9575,0.9473,4845,31.5,16.1,42.2,5.7,10.7,40.8,87.0,21.2,0.0,32.6,3.7
25025160200,0.9435,0.9975,0.7552,0.9731,0.801,4545,36.0,17.2,42.9,7.5,4.2,46.0,91.8,20.5,0.0,32.3,0.2
25025160300,0.9096,0.8443,0.8964,0.6665,0.8851,2083,31.6,5.0,16.7,3.6,31.4,13.6,37.2,58.4,0.0,31.8,3.5
25025160400,0.8675,0.9272,0.6265,0.9132,0.7633,3281,37.7,6.6,29.9,10.7,8.4,29.8,71.9,51.9,0.0,42.4,0.0
25025160501,0.8945,0.9127,0.8544,0.955,0.6748,6283,23.9,6.7,37.0,5.4,12.7,25.8,85.8,15.5,0.0,28.4,0.2
25025160502,0.9931,0.9498,0.9153,0.9425,0.9956,5464,45.4,7.1,33.0,5.6,9.2,27.0,81.8,37.3,1.2,28.1,1.3
25025160601,0.9027,0.8562,0.5913,0.9275,0.9642,4709,19.1,11.4,23.1,2.8,10.0,20.6,77.7,55.8,0.0,18.4,8.8
25025160602,0.8933,0.8858,0.8632,0.9076,0.7269,5137,28.7,6.9,29.4,3.1,6.3,17.4,71.1,15.2,0.0,15.9,0.4
25025170101,0.882,0.8035,0.8719,0.797,0.8625,3690,10.9,8.4,19.8,4.0,19.6,10.9,49.3,19.6,0.0,25.4,0.8
25025170102,0.6598,0.7834,0.5355,0.8688,0.3057,5384,10.5,11.8,21.4,3.5,12.0,14.8,62.9,0.8,0.0,8.8,0.0
25025170200,0.9178,0.9153,0.9623,0.6402,0.7106,5137,30.8,7.8,17.6,4.1,19.7,15.6,35.0,1.5,0.0,23.2,2.2
25025170301,0.6177,0.6949,0.5179,0.7514,0.3497,6744,13.6,3.6,14.6,7.4,11.4,11.0,44.3,8.5,0.0,5.3,0.3
25025170302,0.7401,0.6252,0.3829,0.7739,0.9278,4046,20.0,0.0,7.5,10.2,6.6,14.2,46.6,78.9,0.0,15.8,2.1
25025170400,0.8895,0.8814,0.9309,0.7239,0.666,5184,20.5,15.6,21.2,3.3,20.3,12.7,41.7,20.5,0.0,14.4,0.1
25025170502,0.823,0.9253,0.8437,0.6465,0.4677,3497,31.3,10.8,14.5,4.2,29.8,9.5,35.3,50.9,0.0,23.3,0.0
25025170503,0.6924,0.6227,0.6114,0.7333,0.6623,1528,23.6,1.6,16.7,1.7,23.6,4.6,42.5,50.6,0.0,17.2,0.0
25025170504,0.5581,0.6177,0.086,0.8151,0.725,3127,5.8,8.6,14.9,2.1,8.5,11.4,52.4,73.1,0.0,16.1,0.0
25025170601,0.6962,0.5694,0.7439,0.8426,0.5807,6347,17.0,2.1,16.0,2.0,12.4,13.4,57.0,8.4,0.0,9.0,0.3
25025170701,0.8443,0.666,0.5367,0.8738,0.9937,2387,12.3,2.7,23.8,2.4,12.3,23.0,63.5,45.0,7.2,13.1,0.5
25025170702,0.9083,0.9661,0.7759,0.9525,0.7119,7350,29.2,9.0,23.1,10.4,9.0,35.0,84.7,11.7,0.0,26.1,0.2
25025170800,0.8883,0.8399,0.747,0.8345,0.9109,6156,22.9,9.3,13.7,2.9,15.2,21.1,55.5,13.5,3.7,26.5,0.1
25025180101,0.7483,0.6271,0.7778,0.7164,0.742,5489,12.2,8.7,4.1,1.8,18.0,3.9,41.0,41.4,0.0,11.0,0.4
25025180200,0.7112,0.7696,0.7822,0.5522,0.4024,4548,18.1,6.7,4.3,4.5,24.3,3.5,29.1,19.8,0.0,19.3,0.4
25025180301,0.248,0.2875,0.5091,0.0762,0.2266,2888,10.3,2.5,1.9,2.4,23.4,0.0,6.6,2.4,0.0,11.0,0.8
25025180400,0.2599,0.4068,0.1871,0.5803,0.1682,2075,6.6,3.5,3.5,4.0,13.0,1.2,30.5,20.9,0.0,7.8,0.0
25025180500,0.3566,0.2618,0.3421,0.4647,0.4739,4031,9.6,2.0,2.5,1.7,19.4,2.0,23.1,10.9,0.0,9.7,1.6
25025980101,-999.0,-999.0,-999.0,0.9188,-999.0,356,81.0,62.6,44.0,12.6,4.2,12.6,73.9,-999.0,-999.0,-999.0,100.0
25025980300,-999.0,-999.0,-999.0,0.6359,-999.0,287,90.9,28.8,24.2,0.0,7.7,8.4,34.5,-999.0,-999.0,-999.0,100.0
25025980700,-999.0,-999.0,-999.0,0.0,-999.0,1,100.0,-999.0,0.0,0.0,100.0,0.0,0.0,-999.0,-999.0,-999.0,100.0
25025980900,0.0628,0.2153,0.0157,0.569,0.3264,30,16.7,0.0,16.7,0.0,16.7,0.0,30.0,19.2,0.0,80.8,0.0
25025981000,0.0,0.0,0.0,0.0,0.0,30,0.0,0.0,0.0,0.0,0.0,0.0,0.0,0.0,0.0,0.0,0.0
25025981100,0.2586,0.0703,0.0458,0.8501,0.833,91,0.0,0.0,23.8,0.0,0.0,0.0,58.2,100.0,0.0,100.0,95.6
25025981201,-999.0,-999.0,-999.0,-999.0,-999.0,0,-999.0,-999.0,-999.0,-999.0,-999.0,-999.0,-999.0,-999.0,-999.0,-999.0,-999.0
25025981202,-999.0,-999.0,-999.0,0.6596,-999.0,109,-999.0,0.0,0.0,-999.0,0.0,0.0,36.7,-999.0,-999.0,-999.0,100.0
25025981300,0.0006,0.0,0.0,0.6977,0.0898,23,0.0,0.0,0.0,0.0,0.0,0.0,39.1,46.4,0.0,0.0,0.0
25025981501,-999.0,-999.0,-999.0,-999.0,-999.0,0,-999.0,-999.0,-999.0,-999.0,-999.0,-999.0,-999.0,-999.0,-999.0,-999.0,-999.0
25025981502,-999.0,-999.0,-999.0,-999.0,-999.0,0,-999.0,-999.0,-999.0,-999.0,-999.0,-999.0,-999.0,-999.0,-999.0,-999.0,-999.0
25025981600,-999.0,-999.0,-999.0,-999.0,-999.0,0,-999.0,-999.0,-999.0,-999.0,-999.0,-999.0,-999.0,-999.0,-999.0,-999.0,-999.0
25025981700,-999.0,-999.0,-999.0,-999.0,-999.0,0,-999.0,-999.0,-999.0,-999.0,-999.0,-999.0,-999.0,-999.0,-999.0,-999.0,-999.0
25025981800,0.4024,0.0709,0.7137,0.9325,0.3936,46,0.0,0.0,0.0,0.0,43.5,0.0,78.3,46.4,0.0,46.4,0.0
25025981900,-999.0,-999.0,-999.0,-999.0,-999.0,0,-999.0,-999.0,-999.0,-999.0,-999.0,-999.0,-999.0,-999.0,-999.0,-999.0,-999.0
